path,sensor,subject_id_raw,subject_uid,class_name,label,eye_side,filename
C:\Users\sahar\OneDrive\Desktop\EXPLAINABLE_IRIS_PAD\Data\Raw\IIITD_Contact_Lens_Iris_DB\Cogent Scanner\10\Colored\20120913145948_L.bmp,Cogent,10,Cogent_10,Colored,1,NA,20120913145948_L.bmp
C:\Users\sahar\OneDrive\Desktop\EXPLAINABLE_IRIS_PAD\Data\Raw\IIITD_Contact_Lens_Iris_DB\Cogent Scanner\10\Colored\20120913145948_R.bmp,Cogent,10,Cogent_10,Colored,1,NA,20120913145948_R.bmp
C:\Users\sahar\OneDrive\Desktop\EXPLAINABLE_IRIS_PAD\Data\Raw\IIITD_Contact_Lens_Iris_DB\Cogent Scanner\10\Colored\20120913145953_L.bmp,Cogent,10,Cogent_10,Colored,1,NA,20120913145953_L.bmp
C:\Users\sahar\OneDrive\Desktop\EXPLAINABLE_IRIS_PAD\Data\Raw\IIITD_Contact_Lens_Iris_DB\Cogent Scanner\10\Colored\20120913145953_R.bmp,Cogent,10,Cogent_10,Colored,1,NA,20120913145953_R.bmp
C:\Users\sahar\OneDrive\Desktop\EXPLAINABLE_IRIS_PAD\Data\Raw\IIITD_Contact_Lens_Iris_DB\Cogent Scanner\10\Colored\20120913150001_L.bmp,Cogent,10,Cogent_10,Colored,1,NA,20120913150001_L.bmp
C:\Users\sahar\OneDrive\Desktop\EXPLAINABLE_IRIS_PAD\Data\Raw\IIITD_Contact_Lens_Iris_DB\Cogent Scanner\10\Colored\20120913150001_R.bmp,Cogent,10,Cogent_10,Colored,1,NA,20120913150001_R.bmp
C:\Users\sahar\OneDrive\Desktop\EXPLAINABLE_IRIS_PAD\Data\Raw\IIITD_Contact_Lens_Iris_DB\Cogent Scanner\10\Colored\20120913150005_L.bmp,Cogent,10,Cogent_10,Colored,1,NA,20120913150005_L.bmp
C:\Users\sahar\OneDrive\Desktop\EXPLAINABLE_IRIS_PAD\Data\Raw\IIITD_Contact_Lens_Iris_DB\Cogent Scanner\10\Colored\20120913150005_R.bmp,Cogent,10,Cogent_10,Colored,1,NA,20120913150005_R.bmp
C:\Users\sahar\OneDrive\Desktop\EXPLAINABLE_IRIS_PAD\Data\Raw\IIITD_Contact_Lens_Iris_DB\Cogent Scanner\10\Colored\20120913150009_L.bmp,Cogent,10,Cogent_10,Colored,1,NA,20120913150009_L.bmp
C:\Users\sahar\OneDrive\Desktop\EXPLAINABLE_IRIS_PAD\Data\Raw\IIITD_Contact_Lens_Iris_DB\Cogent Scanner\10\Colored\20120913150009_R.bmp,Cogent,10,Cogent_10,Colored,1,NA,20120913150009_R.bmp
C:\Users\sahar\OneDrive\Desktop\EXPLAINABLE_IRIS_PAD\Data\Raw\IIITD_Contact_Lens_Iris_DB\Cogent Scanner\10\Normal\20120913121523_L.bmp,Cogent,10,Cogent_10,Normal,0,NA,20120913121523_L.bmp
C:\Users\sahar\OneDrive\Desktop\EXPLAINABLE_IRIS_PAD\Data\Raw\IIITD_Contact_Lens_Iris_DB\Cogent Scanner\10\Normal\20120913121523_R.bmp,Cogent,10,Cogent_10,Normal,0,NA,20120913121523_R.bmp
C:\Users\sahar\OneDrive\Desktop\EXPLAINABLE_IRIS_PAD\Data\Raw\IIITD_Contact_Lens_Iris_DB\Cogent Scanner\10\Normal\20120913121526_L.bmp,Cogent,10,Cogent_10,Normal,0,NA,20120913121526_L.bmp
C:\Users\sahar\OneDrive\Desktop\EXPLAINABLE_IRIS_PAD\Data\Raw\IIITD_Contact_Lens_Iris_DB\Cogent Scanner\10\Normal\20120913121526_R.bmp,Cogent,10,Cogent_10,Normal,0,NA,20120913121526_R.bmp
C:\Users\sahar\OneDrive\Desktop\EXPLAINABLE_IRIS_PAD\Data\Raw\IIITD_Contact_Lens_Iris_DB\Cogent Scanner\10\Normal\20120913121528_L.bmp,Cogent,10,Cogent_10,Normal,0,NA,20120913121528_L.bmp
C:\Users\sahar\OneDrive\Desktop\EXPLAINABLE_IRIS_PAD\Data\Raw\IIITD_Contact_Lens_Iris_DB\Cogent Scanner\10\Normal\20120913121528_R.bmp,Cogent,10,Cogent_10,Normal,0,NA,20120913121528_R.bmp
C:\Users\sahar\OneDrive\Desktop\EXPLAINABLE_IRIS_PAD\Data\Raw\IIITD_Contact_Lens_Iris_DB\Cogent Scanner\10\Normal\20120913121534_L.bmp,Cogent,10,Cogent_10,Normal,0,NA,20120913121534_L.bmp
C:\Users\sahar\OneDrive\Desktop\EXPLAINABLE_IRIS_PAD\Data\Raw\IIITD_Contact_Lens_Iris_DB\Cogent Scanner\10\Normal\20120913121534_R.bmp,Cogent,10,Cogent_10,Normal,0,NA,20120913121534_R.bmp
C:\Users\sahar\OneDrive\Desktop\EXPLAINABLE_IRIS_PAD\Data\Raw\IIITD_Contact_Lens_Iris_DB\Cogent Scanner\10\Normal\20120913121539_L.bmp,Cogent,10,Cogent_10,Normal,0,NA,20120913121539_L.bmp
C:\Users\sahar\OneDrive\Desktop\EXPLAINABLE_IRIS_PAD\Data\Raw\IIITD_Contact_Lens_Iris_DB\Cogent Scanner\10\Normal\20120913121539_R.bmp,Cogent,10,Cogent_10,Normal,0,NA,20120913121539_R.bmp
C:\Users\sahar\OneDrive\Desktop\EXPLAINABLE_IRIS_PAD\Data\Raw\IIITD_Contact_Lens_Iris_DB\Cogent Scanner\10\Normal\20120913121541_L.bmp,Cogent,10,Cogent_10,Normal,0,NA,20120913121541_L.bmp
C:\Users\sahar\OneDrive\Desktop\EXPLAINABLE_IRIS_PAD\Data\Raw\IIITD_Contact_Lens_Iris_DB\Cogent Scanner\10\Normal\20120913121541_R.bmp,Cogent,10,Cogent_10,Normal,0,NA,20120913121541_R.bmp
C:\Users\sahar\OneDrive\Desktop\EXPLAINABLE_IRIS_PAD\Data\Raw\IIITD_Contact_Lens_Iris_DB\Cogent Scanner\10\Normal\20120913121544_L.bmp,Cogent,10,Cogent_10,Normal,0,NA,20120913121544_L.bmp
C:\Users\sahar\OneDrive\Desktop\EXPLAINABLE_IRIS_PAD\Data\Raw\IIITD_Contact_Lens_Iris_DB\Cogent Scanner\10\Normal\20120913121544_R.bmp,Cogent,10,Cogent_10,Normal,0,NA,20120913121544_R.bmp
C:\Users\sahar\OneDrive\Desktop\EXPLAINABLE_IRIS_PAD\Data\Raw\IIITD_Contact_Lens_Iris_DB\Cogent Scanner\100\Colored\20120910161836_L.bmp,Cogent,100,Cogent_100,Colored,1,NA,20120910161836_L.bmp
C:\Users\sahar\OneDrive\Desktop\EXPLAINABLE_IRIS_PAD\Data\Raw\IIITD_Contact_Lens_Iris_DB\Cogent Scanner\100\Colored\20120910161836_R.bmp,Cogent,100,Cogent_100,Colored,1,NA,20120910161836_R.bmp
C:\Users\sahar\OneDrive\Desktop\EXPLAINABLE_IRIS_PAD\Data\Raw\IIITD_Contact_Lens_Iris_DB\Cogent Scanner\100\Colored\20120910161846_L.bmp,Cogent,100,Cogent_100,Colored,1,NA,20120910161846_L.bmp
C:\Users\sahar\OneDrive\Desktop\EXPLAINABLE_IRIS_PAD\Data\Raw\IIITD_Contact_Lens_Iris_DB\Cogent Scanner\100\Colored\20120910161846_R.bmp,Cogent,100,Cogent_100,Colored,1,NA,20120910161846_R.bmp
C:\Users\sahar\OneDrive\Desktop\EXPLAINABLE_IRIS_PAD\Data\Raw\IIITD_Contact_Lens_Iris_DB\Cogent Scanner\100\Colored\20120910161850_L.bmp,Cogent,100,Cogent_100,Colored,1,NA,20120910161850_L.bmp
C:\Users\sahar\OneDrive\Desktop\EXPLAINABLE_IRIS_PAD\Data\Raw\IIITD_Contact_Lens_Iris_DB\Cogent Scanner\100\Colored\20120910161850_R.bmp,Cogent,100,Cogent_100,Colored,1,NA,20120910161850_R.bmp
C:\Users\sahar\OneDrive\Desktop\EXPLAINABLE_IRIS_PAD\Data\Raw\IIITD_Contact_Lens_Iris_DB\Cogent Scanner\100\Colored\20120910161857_L.bmp,Cogent,100,Cogent_100,Colored,1,NA,20120910161857_L.bmp
C:\Users\sahar\OneDrive\Desktop\EXPLAINABLE_IRIS_PAD\Data\Raw\IIITD_Contact_Lens_Iris_DB\Cogent Scanner\100\Colored\20120910161857_R.bmp,Cogent,100,Cogent_100,Colored,1,NA,20120910161857_R.bmp
C:\Users\sahar\OneDrive\Desktop\EXPLAINABLE_IRIS_PAD\Data\Raw\IIITD_Contact_Lens_Iris_DB\Cogent Scanner\100\Colored\20120910161902_L.bmp,Cogent,100,Cogent_100,Colored,1,NA,20120910161902_L.bmp
C:\Users\sahar\OneDrive\Desktop\EXPLAINABLE_IRIS_PAD\Data\Raw\IIITD_Contact_Lens_Iris_DB\Cogent Scanner\100\Colored\20120910161902_R.bmp,Cogent,100,Cogent_100,Colored,1,NA,20120910161902_R.bmp
C:\Users\sahar\OneDrive\Desktop\EXPLAINABLE_IRIS_PAD\Data\Raw\IIITD_Contact_Lens_Iris_DB\Cogent Scanner\100\Normal\20120910162852_L.bmp,Cogent,100,Cogent_100,Normal,0,NA,20120910162852_L.bmp
C:\Users\sahar\OneDrive\Desktop\EXPLAINABLE_IRIS_PAD\Data\Raw\IIITD_Contact_Lens_Iris_DB\Cogent Scanner\100\Normal\20120910162852_R.bmp,Cogent,100,Cogent_100,Normal,0,NA,20120910162852_R.bmp
C:\Users\sahar\OneDrive\Desktop\EXPLAINABLE_IRIS_PAD\Data\Raw\IIITD_Contact_Lens_Iris_DB\Cogent Scanner\100\Normal\20120910162855_L.bmp,Cogent,100,Cogent_100,Normal,0,NA,20120910162855_L.bmp
C:\Users\sahar\OneDrive\Desktop\EXPLAINABLE_IRIS_PAD\Data\Raw\IIITD_Contact_Lens_Iris_DB\Cogent Scanner\100\Normal\20120910162855_R.bmp,Cogent,100,Cogent_100,Normal,0,NA,20120910162855_R.bmp
C:\Users\sahar\OneDrive\Desktop\EXPLAINABLE_IRIS_PAD\Data\Raw\IIITD_Contact_Lens_Iris_DB\Cogent Scanner\100\Normal\20120910162901_L.bmp,Cogent,100,Cogent_100,Normal,0,NA,20120910162901_L.bmp
C:\Users\sahar\OneDrive\Desktop\EXPLAINABLE_IRIS_PAD\Data\Raw\IIITD_Contact_Lens_Iris_DB\Cogent Scanner\100\Normal\20120910162902_R.bmp,Cogent,100,Cogent_100,Normal,0,NA,20120910162902_R.bmp
C:\Users\sahar\OneDrive\Desktop\EXPLAINABLE_IRIS_PAD\Data\Raw\IIITD_Contact_Lens_Iris_DB\Cogent Scanner\100\Normal\20120910162906_L.bmp,Cogent,100,Cogent_100,Normal,0,NA,20120910162906_L.bmp
C:\Users\sahar\OneDrive\Desktop\EXPLAINABLE_IRIS_PAD\Data\Raw\IIITD_Contact_Lens_Iris_DB\Cogent Scanner\100\Normal\20120910162906_R.bmp,Cogent,100,Cogent_100,Normal,0,NA,20120910162906_R.bmp
C:\Users\sahar\OneDrive\Desktop\EXPLAINABLE_IRIS_PAD\Data\Raw\IIITD_Contact_Lens_Iris_DB\Cogent Scanner\100\Normal\20120910162910_L.bmp,Cogent,100,Cogent_100,Normal,0,NA,20120910162910_L.bmp
C:\Users\sahar\OneDrive\Desktop\EXPLAINABLE_IRIS_PAD\Data\Raw\IIITD_Contact_Lens_Iris_DB\Cogent Scanner\100\Normal\20120910162910_R.bmp,Cogent,100,Cogent_100,Normal,0,NA,20120910162910_R.bmp
C:\Users\sahar\OneDrive\Desktop\EXPLAINABLE_IRIS_PAD\Data\Raw\IIITD_Contact_Lens_Iris_DB\Cogent Scanner\101\Colored\20120914144357_L.bmp,Cogent,101,Cogent_101,Colored,1,NA,20120914144357_L.bmp
C:\Users\sahar\OneDrive\Desktop\EXPLAINABLE_IRIS_PAD\Data\Raw\IIITD_Contact_Lens_Iris_DB\Cogent Scanner\101\Colored\20120914144357_R.bmp,Cogent,101,Cogent_101,Colored,1,NA,20120914144357_R.bmp
C:\Users\sahar\OneDrive\Desktop\EXPLAINABLE_IRIS_PAD\Data\Raw\IIITD_Contact_Lens_Iris_DB\Cogent Scanner\101\Colored\20120914144403_L.bmp,Cogent,101,Cogent_101,Colored,1,NA,20120914144403_L.bmp
C:\Users\sahar\OneDrive\Desktop\EXPLAINABLE_IRIS_PAD\Data\Raw\IIITD_Contact_Lens_Iris_DB\Cogent Scanner\101\Colored\20120914144403_R.bmp,Cogent,101,Cogent_101,Colored,1,NA,20120914144403_R.bmp
C:\Users\sahar\OneDrive\Desktop\EXPLAINABLE_IRIS_PAD\Data\Raw\IIITD_Contact_Lens_Iris_DB\Cogent Scanner\101\Colored\20120914144407_L.bmp,Cogent,101,Cogent_101,Colored,1,NA,20120914144407_L.bmp
C:\Users\sahar\OneDrive\Desktop\EXPLAINABLE_IRIS_PAD\Data\Raw\IIITD_Contact_Lens_Iris_DB\Cogent Scanner\101\Colored\20120914144407_R.bmp,Cogent,101,Cogent_101,Colored,1,NA,20120914144407_R.bmp
C:\Users\sahar\OneDrive\Desktop\EXPLAINABLE_IRIS_PAD\Data\Raw\IIITD_Contact_Lens_Iris_DB\Cogent Scanner\101\Colored\20120914144410_L.bmp,Cogent,101,Cogent_101,Colored,1,NA,20120914144410_L.bmp
C:\Users\sahar\OneDrive\Desktop\EXPLAINABLE_IRIS_PAD\Data\Raw\IIITD_Contact_Lens_Iris_DB\Cogent Scanner\101\Colored\20120914144410_R.bmp,Cogent,101,Cogent_101,Colored,1,NA,20120914144410_R.bmp
C:\Users\sahar\OneDrive\Desktop\EXPLAINABLE_IRIS_PAD\Data\Raw\IIITD_Contact_Lens_Iris_DB\Cogent Scanner\101\Colored\20120914144414_L.bmp,Cogent,101,Cogent_101,Colored,1,NA,20120914144414_L.bmp
C:\Users\sahar\OneDrive\Desktop\EXPLAINABLE_IRIS_PAD\Data\Raw\IIITD_Contact_Lens_Iris_DB\Cogent Scanner\101\Colored\20120914144414_R.bmp,Cogent,101,Cogent_101,Colored,1,NA,20120914144414_R.bmp
C:\Users\sahar\OneDrive\Desktop\EXPLAINABLE_IRIS_PAD\Data\Raw\IIITD_Contact_Lens_Iris_DB\Cogent Scanner\101\Colored\20120914144418_L.bmp,Cogent,101,Cogent_101,Colored,1,NA,20120914144418_L.bmp
C:\Users\sahar\OneDrive\Desktop\EXPLAINABLE_IRIS_PAD\Data\Raw\IIITD_Contact_Lens_Iris_DB\Cogent Scanner\101\Colored\20120914144418_R.bmp,Cogent,101,Cogent_101,Colored,1,NA,20120914144418_R.bmp
C:\Users\sahar\OneDrive\Desktop\EXPLAINABLE_IRIS_PAD\Data\Raw\IIITD_Contact_Lens_Iris_DB\Cogent Scanner\101\Normal\20120914135346_L.bmp,Cogent,101,Cogent_101,Normal,0,NA,20120914135346_L.bmp
C:\Users\sahar\OneDrive\Desktop\EXPLAINABLE_IRIS_PAD\Data\Raw\IIITD_Contact_Lens_Iris_DB\Cogent Scanner\101\Normal\20120914135346_R.bmp,Cogent,101,Cogent_101,Normal,0,NA,20120914135346_R.bmp
C:\Users\sahar\OneDrive\Desktop\EXPLAINABLE_IRIS_PAD\Data\Raw\IIITD_Contact_Lens_Iris_DB\Cogent Scanner\101\Normal\20120914135359_L.bmp,Cogent,101,Cogent_101,Normal,0,NA,20120914135359_L.bmp
C:\Users\sahar\OneDrive\Desktop\EXPLAINABLE_IRIS_PAD\Data\Raw\IIITD_Contact_Lens_Iris_DB\Cogent Scanner\101\Normal\20120914135359_R.bmp,Cogent,101,Cogent_101,Normal,0,NA,20120914135359_R.bmp
C:\Users\sahar\OneDrive\Desktop\EXPLAINABLE_IRIS_PAD\Data\Raw\IIITD_Contact_Lens_Iris_DB\Cogent Scanner\101\Normal\20120914135403_L.bmp,Cogent,101,Cogent_101,Normal,0,NA,20120914135403_L.bmp
C:\Users\sahar\OneDrive\Desktop\EXPLAINABLE_IRIS_PAD\Data\Raw\IIITD_Contact_Lens_Iris_DB\Cogent Scanner\101\Normal\20120914135403_R.bmp,Cogent,101,Cogent_101,Normal,0,NA,20120914135403_R.bmp
C:\Users\sahar\OneDrive\Desktop\EXPLAINABLE_IRIS_PAD\Data\Raw\IIITD_Contact_Lens_Iris_DB\Cogent Scanner\101\Normal\20120914135406_L.bmp,Cogent,101,Cogent_101,Normal,0,NA,20120914135406_L.bmp
C:\Users\sahar\OneDrive\Desktop\EXPLAINABLE_IRIS_PAD\Data\Raw\IIITD_Contact_Lens_Iris_DB\Cogent Scanner\101\Normal\20120914135406_R.bmp,Cogent,101,Cogent_101,Normal,0,NA,20120914135406_R.bmp
C:\Users\sahar\OneDrive\Desktop\EXPLAINABLE_IRIS_PAD\Data\Raw\IIITD_Contact_Lens_Iris_DB\Cogent Scanner\101\Normal\20120914135409_L.bmp,Cogent,101,Cogent_101,Normal,0,NA,20120914135409_L.bmp
C:\Users\sahar\OneDrive\Desktop\EXPLAINABLE_IRIS_PAD\Data\Raw\IIITD_Contact_Lens_Iris_DB\Cogent Scanner\101\Normal\20120914135409_R.bmp,Cogent,101,Cogent_101,Normal,0,NA,20120914135409_R.bmp
C:\Users\sahar\OneDrive\Desktop\EXPLAINABLE_IRIS_PAD\Data\Raw\IIITD_Contact_Lens_Iris_DB\Cogent Scanner\12\Colored\20120914163338_L.bmp,Cogent,12,Cogent_12,Colored,1,NA,20120914163338_L.bmp
C:\Users\sahar\OneDrive\Desktop\EXPLAINABLE_IRIS_PAD\Data\Raw\IIITD_Contact_Lens_Iris_DB\Cogent Scanner\12\Colored\20120914163338_R.bmp,Cogent,12,Cogent_12,Colored,1,NA,20120914163338_R.bmp
C:\Users\sahar\OneDrive\Desktop\EXPLAINABLE_IRIS_PAD\Data\Raw\IIITD_Contact_Lens_Iris_DB\Cogent Scanner\12\Colored\20120914163342_L.bmp,Cogent,12,Cogent_12,Colored,1,NA,20120914163342_L.bmp
C:\Users\sahar\OneDrive\Desktop\EXPLAINABLE_IRIS_PAD\Data\Raw\IIITD_Contact_Lens_Iris_DB\Cogent Scanner\12\Colored\20120914163342_R.bmp,Cogent,12,Cogent_12,Colored,1,NA,20120914163342_R.bmp
C:\Users\sahar\OneDrive\Desktop\EXPLAINABLE_IRIS_PAD\Data\Raw\IIITD_Contact_Lens_Iris_DB\Cogent Scanner\12\Colored\20120914163346_L.bmp,Cogent,12,Cogent_12,Colored,1,NA,20120914163346_L.bmp
C:\Users\sahar\OneDrive\Desktop\EXPLAINABLE_IRIS_PAD\Data\Raw\IIITD_Contact_Lens_Iris_DB\Cogent Scanner\12\Colored\20120914163346_R.bmp,Cogent,12,Cogent_12,Colored,1,NA,20120914163346_R.bmp
C:\Users\sahar\OneDrive\Desktop\EXPLAINABLE_IRIS_PAD\Data\Raw\IIITD_Contact_Lens_Iris_DB\Cogent Scanner\12\Colored\20120914163349_L.bmp,Cogent,12,Cogent_12,Colored,1,NA,20120914163349_L.bmp
C:\Users\sahar\OneDrive\Desktop\EXPLAINABLE_IRIS_PAD\Data\Raw\IIITD_Contact_Lens_Iris_DB\Cogent Scanner\12\Colored\20120914163349_R.bmp,Cogent,12,Cogent_12,Colored,1,NA,20120914163349_R.bmp
C:\Users\sahar\OneDrive\Desktop\EXPLAINABLE_IRIS_PAD\Data\Raw\IIITD_Contact_Lens_Iris_DB\Cogent Scanner\12\Colored\20120914163354_L.bmp,Cogent,12,Cogent_12,Colored,1,NA,20120914163354_L.bmp
C:\Users\sahar\OneDrive\Desktop\EXPLAINABLE_IRIS_PAD\Data\Raw\IIITD_Contact_Lens_Iris_DB\Cogent Scanner\12\Colored\20120914163354_R.bmp,Cogent,12,Cogent_12,Colored,1,NA,20120914163354_R.bmp
C:\Users\sahar\OneDrive\Desktop\EXPLAINABLE_IRIS_PAD\Data\Raw\IIITD_Contact_Lens_Iris_DB\Cogent Scanner\12\Colored\20120914163359_L.bmp,Cogent,12,Cogent_12,Colored,1,NA,20120914163359_L.bmp
C:\Users\sahar\OneDrive\Desktop\EXPLAINABLE_IRIS_PAD\Data\Raw\IIITD_Contact_Lens_Iris_DB\Cogent Scanner\12\Colored\20120914163359_R.bmp,Cogent,12,Cogent_12,Colored,1,NA,20120914163359_R.bmp
C:\Users\sahar\OneDrive\Desktop\EXPLAINABLE_IRIS_PAD\Data\Raw\IIITD_Contact_Lens_Iris_DB\Cogent Scanner\12\Normal\20120914153751_L.bmp,Cogent,12,Cogent_12,Normal,0,NA,20120914153751_L.bmp
C:\Users\sahar\OneDrive\Desktop\EXPLAINABLE_IRIS_PAD\Data\Raw\IIITD_Contact_Lens_Iris_DB\Cogent Scanner\12\Normal\20120914153751_R.bmp,Cogent,12,Cogent_12,Normal,0,NA,20120914153751_R.bmp
C:\Users\sahar\OneDrive\Desktop\EXPLAINABLE_IRIS_PAD\Data\Raw\IIITD_Contact_Lens_Iris_DB\Cogent Scanner\12\Normal\20120914153759_L.bmp,Cogent,12,Cogent_12,Normal,0,NA,20120914153759_L.bmp
C:\Users\sahar\OneDrive\Desktop\EXPLAINABLE_IRIS_PAD\Data\Raw\IIITD_Contact_Lens_Iris_DB\Cogent Scanner\12\Normal\20120914153759_R.bmp,Cogent,12,Cogent_12,Normal,0,NA,20120914153759_R.bmp
C:\Users\sahar\OneDrive\Desktop\EXPLAINABLE_IRIS_PAD\Data\Raw\IIITD_Contact_Lens_Iris_DB\Cogent Scanner\12\Normal\20120914153802_L.bmp,Cogent,12,Cogent_12,Normal,0,NA,20120914153802_L.bmp
C:\Users\sahar\OneDrive\Desktop\EXPLAINABLE_IRIS_PAD\Data\Raw\IIITD_Contact_Lens_Iris_DB\Cogent Scanner\12\Normal\20120914153802_R.bmp,Cogent,12,Cogent_12,Normal,0,NA,20120914153802_R.bmp
C:\Users\sahar\OneDrive\Desktop\EXPLAINABLE_IRIS_PAD\Data\Raw\IIITD_Contact_Lens_Iris_DB\Cogent Scanner\12\Normal\20120914153804_L.bmp,Cogent,12,Cogent_12,Normal,0,NA,20120914153804_L.bmp
C:\Users\sahar\OneDrive\Desktop\EXPLAINABLE_IRIS_PAD\Data\Raw\IIITD_Contact_Lens_Iris_DB\Cogent Scanner\12\Normal\20120914153804_R.bmp,Cogent,12,Cogent_12,Normal,0,NA,20120914153804_R.bmp
C:\Users\sahar\OneDrive\Desktop\EXPLAINABLE_IRIS_PAD\Data\Raw\IIITD_Contact_Lens_Iris_DB\Cogent Scanner\13\Colored\20120913114708_L.bmp,Cogent,13,Cogent_13,Colored,1,NA,20120913114708_L.bmp
C:\Users\sahar\OneDrive\Desktop\EXPLAINABLE_IRIS_PAD\Data\Raw\IIITD_Contact_Lens_Iris_DB\Cogent Scanner\13\Colored\20120913114708_R.bmp,Cogent,13,Cogent_13,Colored,1,NA,20120913114708_R.bmp
C:\Users\sahar\OneDrive\Desktop\EXPLAINABLE_IRIS_PAD\Data\Raw\IIITD_Contact_Lens_Iris_DB\Cogent Scanner\13\Colored\20120913114711_L.bmp,Cogent,13,Cogent_13,Colored,1,NA,20120913114711_L.bmp
C:\Users\sahar\OneDrive\Desktop\EXPLAINABLE_IRIS_PAD\Data\Raw\IIITD_Contact_Lens_Iris_DB\Cogent Scanner\13\Colored\20120913114711_R.bmp,Cogent,13,Cogent_13,Colored,1,NA,20120913114711_R.bmp
C:\Users\sahar\OneDrive\Desktop\EXPLAINABLE_IRIS_PAD\Data\Raw\IIITD_Contact_Lens_Iris_DB\Cogent Scanner\13\Colored\20120913114714_L.bmp,Cogent,13,Cogent_13,Colored,1,NA,20120913114714_L.bmp
C:\Users\sahar\OneDrive\Desktop\EXPLAINABLE_IRIS_PAD\Data\Raw\IIITD_Contact_Lens_Iris_DB\Cogent Scanner\13\Colored\20120913114714_R.bmp,Cogent,13,Cogent_13,Colored,1,NA,20120913114714_R.bmp
C:\Users\sahar\OneDrive\Desktop\EXPLAINABLE_IRIS_PAD\Data\Raw\IIITD_Contact_Lens_Iris_DB\Cogent Scanner\13\Colored\20120913114717_L.bmp,Cogent,13,Cogent_13,Colored,1,NA,20120913114717_L.bmp
C:\Users\sahar\OneDrive\Desktop\EXPLAINABLE_IRIS_PAD\Data\Raw\IIITD_Contact_Lens_Iris_DB\Cogent Scanner\13\Colored\20120913114717_R.bmp,Cogent,13,Cogent_13,Colored,1,NA,20120913114717_R.bmp
C:\Users\sahar\OneDrive\Desktop\EXPLAINABLE_IRIS_PAD\Data\Raw\IIITD_Contact_Lens_Iris_DB\Cogent Scanner\13\Colored\20120913114720_L.bmp,Cogent,13,Cogent_13,Colored,1,NA,20120913114720_L.bmp
C:\Users\sahar\OneDrive\Desktop\EXPLAINABLE_IRIS_PAD\Data\Raw\IIITD_Contact_Lens_Iris_DB\Cogent Scanner\13\Colored\20120913114720_R.bmp,Cogent,13,Cogent_13,Colored,1,NA,20120913114720_R.bmp
C:\Users\sahar\OneDrive\Desktop\EXPLAINABLE_IRIS_PAD\Data\Raw\IIITD_Contact_Lens_Iris_DB\Cogent Scanner\13\Colored\20120913114722_L.bmp,Cogent,13,Cogent_13,Colored,1,NA,20120913114722_L.bmp
C:\Users\sahar\OneDrive\Desktop\EXPLAINABLE_IRIS_PAD\Data\Raw\IIITD_Contact_Lens_Iris_DB\Cogent Scanner\13\Colored\20120913114722_R.bmp,Cogent,13,Cogent_13,Colored,1,NA,20120913114722_R.bmp
C:\Users\sahar\OneDrive\Desktop\EXPLAINABLE_IRIS_PAD\Data\Raw\IIITD_Contact_Lens_Iris_DB\Cogent Scanner\13\Normal\20120913113200_L.bmp,Cogent,13,Cogent_13,Normal,0,NA,20120913113200_L.bmp
C:\Users\sahar\OneDrive\Desktop\EXPLAINABLE_IRIS_PAD\Data\Raw\IIITD_Contact_Lens_Iris_DB\Cogent Scanner\13\Normal\20120913113200_R.bmp,Cogent,13,Cogent_13,Normal,0,NA,20120913113200_R.bmp
C:\Users\sahar\OneDrive\Desktop\EXPLAINABLE_IRIS_PAD\Data\Raw\IIITD_Contact_Lens_Iris_DB\Cogent Scanner\13\Normal\20120913113204_L.bmp,Cogent,13,Cogent_13,Normal,0,NA,20120913113204_L.bmp
C:\Users\sahar\OneDrive\Desktop\EXPLAINABLE_IRIS_PAD\Data\Raw\IIITD_Contact_Lens_Iris_DB\Cogent Scanner\13\Normal\20120913113204_R.bmp,Cogent,13,Cogent_13,Normal,0,NA,20120913113204_R.bmp
C:\Users\sahar\OneDrive\Desktop\EXPLAINABLE_IRIS_PAD\Data\Raw\IIITD_Contact_Lens_Iris_DB\Cogent Scanner\13\Normal\20120913113208_L.bmp,Cogent,13,Cogent_13,Normal,0,NA,20120913113208_L.bmp
C:\Users\sahar\OneDrive\Desktop\EXPLAINABLE_IRIS_PAD\Data\Raw\IIITD_Contact_Lens_Iris_DB\Cogent Scanner\13\Normal\20120913113208_R.bmp,Cogent,13,Cogent_13,Normal,0,NA,20120913113208_R.bmp
C:\Users\sahar\OneDrive\Desktop\EXPLAINABLE_IRIS_PAD\Data\Raw\IIITD_Contact_Lens_Iris_DB\Cogent Scanner\13\Normal\20120913113212_L.bmp,Cogent,13,Cogent_13,Normal,0,NA,20120913113212_L.bmp
C:\Users\sahar\OneDrive\Desktop\EXPLAINABLE_IRIS_PAD\Data\Raw\IIITD_Contact_Lens_Iris_DB\Cogent Scanner\13\Normal\20120913113212_R.bmp,Cogent,13,Cogent_13,Normal,0,NA,20120913113212_R.bmp
C:\Users\sahar\OneDrive\Desktop\EXPLAINABLE_IRIS_PAD\Data\Raw\IIITD_Contact_Lens_Iris_DB\Cogent Scanner\13\Normal\20120913113216_L.bmp,Cogent,13,Cogent_13,Normal,0,NA,20120913113216_L.bmp
C:\Users\sahar\OneDrive\Desktop\EXPLAINABLE_IRIS_PAD\Data\Raw\IIITD_Contact_Lens_Iris_DB\Cogent Scanner\13\Normal\20120913113216_R.bmp,Cogent,13,Cogent_13,Normal,0,NA,20120913113216_R.bmp
C:\Users\sahar\OneDrive\Desktop\EXPLAINABLE_IRIS_PAD\Data\Raw\IIITD_Contact_Lens_Iris_DB\Cogent Scanner\13\Normal\20120913113220_L.bmp,Cogent,13,Cogent_13,Normal,0,NA,20120913113220_L.bmp
C:\Users\sahar\OneDrive\Desktop\EXPLAINABLE_IRIS_PAD\Data\Raw\IIITD_Contact_Lens_Iris_DB\Cogent Scanner\13\Normal\20120913113220_R.bmp,Cogent,13,Cogent_13,Normal,0,NA,20120913113220_R.bmp
C:\Users\sahar\OneDrive\Desktop\EXPLAINABLE_IRIS_PAD\Data\Raw\IIITD_Contact_Lens_Iris_DB\Cogent Scanner\14\Colored\20120913153431_L.bmp,Cogent,14,Cogent_14,Colored,1,NA,20120913153431_L.bmp
C:\Users\sahar\OneDrive\Desktop\EXPLAINABLE_IRIS_PAD\Data\Raw\IIITD_Contact_Lens_Iris_DB\Cogent Scanner\14\Colored\20120913153431_R.bmp,Cogent,14,Cogent_14,Colored,1,NA,20120913153431_R.bmp
C:\Users\sahar\OneDrive\Desktop\EXPLAINABLE_IRIS_PAD\Data\Raw\IIITD_Contact_Lens_Iris_DB\Cogent Scanner\14\Colored\20120913153436_L.bmp,Cogent,14,Cogent_14,Colored,1,NA,20120913153436_L.bmp
C:\Users\sahar\OneDrive\Desktop\EXPLAINABLE_IRIS_PAD\Data\Raw\IIITD_Contact_Lens_Iris_DB\Cogent Scanner\14\Colored\20120913153436_R.bmp,Cogent,14,Cogent_14,Colored,1,NA,20120913153436_R.bmp
C:\Users\sahar\OneDrive\Desktop\EXPLAINABLE_IRIS_PAD\Data\Raw\IIITD_Contact_Lens_Iris_DB\Cogent Scanner\14\Colored\20120913153440_L.bmp,Cogent,14,Cogent_14,Colored,1,NA,20120913153440_L.bmp
C:\Users\sahar\OneDrive\Desktop\EXPLAINABLE_IRIS_PAD\Data\Raw\IIITD_Contact_Lens_Iris_DB\Cogent Scanner\14\Colored\20120913153440_R.bmp,Cogent,14,Cogent_14,Colored,1,NA,20120913153440_R.bmp
C:\Users\sahar\OneDrive\Desktop\EXPLAINABLE_IRIS_PAD\Data\Raw\IIITD_Contact_Lens_Iris_DB\Cogent Scanner\14\Colored\20120913153444_L.bmp,Cogent,14,Cogent_14,Colored,1,NA,20120913153444_L.bmp
C:\Users\sahar\OneDrive\Desktop\EXPLAINABLE_IRIS_PAD\Data\Raw\IIITD_Contact_Lens_Iris_DB\Cogent Scanner\14\Colored\20120913153444_R.bmp,Cogent,14,Cogent_14,Colored,1,NA,20120913153444_R.bmp
C:\Users\sahar\OneDrive\Desktop\EXPLAINABLE_IRIS_PAD\Data\Raw\IIITD_Contact_Lens_Iris_DB\Cogent Scanner\14\Colored\20120913153447_L.bmp,Cogent,14,Cogent_14,Colored,1,NA,20120913153447_L.bmp
C:\Users\sahar\OneDrive\Desktop\EXPLAINABLE_IRIS_PAD\Data\Raw\IIITD_Contact_Lens_Iris_DB\Cogent Scanner\14\Colored\20120913153447_R.bmp,Cogent,14,Cogent_14,Colored,1,NA,20120913153447_R.bmp
C:\Users\sahar\OneDrive\Desktop\EXPLAINABLE_IRIS_PAD\Data\Raw\IIITD_Contact_Lens_Iris_DB\Cogent Scanner\14\Colored\20120913153455_L.bmp,Cogent,14,Cogent_14,Colored,1,NA,20120913153455_L.bmp
C:\Users\sahar\OneDrive\Desktop\EXPLAINABLE_IRIS_PAD\Data\Raw\IIITD_Contact_Lens_Iris_DB\Cogent Scanner\14\Colored\20120913153455_R.bmp,Cogent,14,Cogent_14,Colored,1,NA,20120913153455_R.bmp
C:\Users\sahar\OneDrive\Desktop\EXPLAINABLE_IRIS_PAD\Data\Raw\IIITD_Contact_Lens_Iris_DB\Cogent Scanner\14\Colored\20120913153502_L.bmp,Cogent,14,Cogent_14,Colored,1,NA,20120913153502_L.bmp
C:\Users\sahar\OneDrive\Desktop\EXPLAINABLE_IRIS_PAD\Data\Raw\IIITD_Contact_Lens_Iris_DB\Cogent Scanner\14\Colored\20120913153502_R.bmp,Cogent,14,Cogent_14,Colored,1,NA,20120913153502_R.bmp
C:\Users\sahar\OneDrive\Desktop\EXPLAINABLE_IRIS_PAD\Data\Raw\IIITD_Contact_Lens_Iris_DB\Cogent Scanner\14\Normal\20120913123511_L.bmp,Cogent,14,Cogent_14,Normal,0,NA,20120913123511_L.bmp
C:\Users\sahar\OneDrive\Desktop\EXPLAINABLE_IRIS_PAD\Data\Raw\IIITD_Contact_Lens_Iris_DB\Cogent Scanner\14\Normal\20120913123511_R.bmp,Cogent,14,Cogent_14,Normal,0,NA,20120913123511_R.bmp
C:\Users\sahar\OneDrive\Desktop\EXPLAINABLE_IRIS_PAD\Data\Raw\IIITD_Contact_Lens_Iris_DB\Cogent Scanner\14\Normal\20120913123514_L.bmp,Cogent,14,Cogent_14,Normal,0,NA,20120913123514_L.bmp
C:\Users\sahar\OneDrive\Desktop\EXPLAINABLE_IRIS_PAD\Data\Raw\IIITD_Contact_Lens_Iris_DB\Cogent Scanner\14\Normal\20120913123514_R.bmp,Cogent,14,Cogent_14,Normal,0,NA,20120913123514_R.bmp
C:\Users\sahar\OneDrive\Desktop\EXPLAINABLE_IRIS_PAD\Data\Raw\IIITD_Contact_Lens_Iris_DB\Cogent Scanner\14\Normal\20120913123518_L.bmp,Cogent,14,Cogent_14,Normal,0,NA,20120913123518_L.bmp
C:\Users\sahar\OneDrive\Desktop\EXPLAINABLE_IRIS_PAD\Data\Raw\IIITD_Contact_Lens_Iris_DB\Cogent Scanner\14\Normal\20120913123518_R.bmp,Cogent,14,Cogent_14,Normal,0,NA,20120913123518_R.bmp
C:\Users\sahar\OneDrive\Desktop\EXPLAINABLE_IRIS_PAD\Data\Raw\IIITD_Contact_Lens_Iris_DB\Cogent Scanner\14\Normal\20120913123520_L.bmp,Cogent,14,Cogent_14,Normal,0,NA,20120913123520_L.bmp
C:\Users\sahar\OneDrive\Desktop\EXPLAINABLE_IRIS_PAD\Data\Raw\IIITD_Contact_Lens_Iris_DB\Cogent Scanner\14\Normal\20120913123520_R.bmp,Cogent,14,Cogent_14,Normal,0,NA,20120913123520_R.bmp
C:\Users\sahar\OneDrive\Desktop\EXPLAINABLE_IRIS_PAD\Data\Raw\IIITD_Contact_Lens_Iris_DB\Cogent Scanner\14\Normal\20120913123525_L.bmp,Cogent,14,Cogent_14,Normal,0,NA,20120913123525_L.bmp
C:\Users\sahar\OneDrive\Desktop\EXPLAINABLE_IRIS_PAD\Data\Raw\IIITD_Contact_Lens_Iris_DB\Cogent Scanner\14\Normal\20120913123525_R.bmp,Cogent,14,Cogent_14,Normal,0,NA,20120913123525_R.bmp
C:\Users\sahar\OneDrive\Desktop\EXPLAINABLE_IRIS_PAD\Data\Raw\IIITD_Contact_Lens_Iris_DB\Cogent Scanner\14\Normal\20120913123530_L.bmp,Cogent,14,Cogent_14,Normal,0,NA,20120913123530_L.bmp
C:\Users\sahar\OneDrive\Desktop\EXPLAINABLE_IRIS_PAD\Data\Raw\IIITD_Contact_Lens_Iris_DB\Cogent Scanner\14\Normal\20120913123530_R.bmp,Cogent,14,Cogent_14,Normal,0,NA,20120913123530_R.bmp
C:\Users\sahar\OneDrive\Desktop\EXPLAINABLE_IRIS_PAD\Data\Raw\IIITD_Contact_Lens_Iris_DB\Cogent Scanner\15\Colored\20120913150053_L.bmp,Cogent,15,Cogent_15,Colored,1,NA,20120913150053_L.bmp
C:\Users\sahar\OneDrive\Desktop\EXPLAINABLE_IRIS_PAD\Data\Raw\IIITD_Contact_Lens_Iris_DB\Cogent Scanner\15\Colored\20120913150053_R.bmp,Cogent,15,Cogent_15,Colored,1,NA,20120913150053_R.bmp
C:\Users\sahar\OneDrive\Desktop\EXPLAINABLE_IRIS_PAD\Data\Raw\IIITD_Contact_Lens_Iris_DB\Cogent Scanner\15\Colored\20120913150056_L.bmp,Cogent,15,Cogent_15,Colored,1,NA,20120913150056_L.bmp
C:\Users\sahar\OneDrive\Desktop\EXPLAINABLE_IRIS_PAD\Data\Raw\IIITD_Contact_Lens_Iris_DB\Cogent Scanner\15\Colored\20120913150056_R.bmp,Cogent,15,Cogent_15,Colored,1,NA,20120913150056_R.bmp
C:\Users\sahar\OneDrive\Desktop\EXPLAINABLE_IRIS_PAD\Data\Raw\IIITD_Contact_Lens_Iris_DB\Cogent Scanner\15\Colored\20120913150100_L.bmp,Cogent,15,Cogent_15,Colored,1,NA,20120913150100_L.bmp
C:\Users\sahar\OneDrive\Desktop\EXPLAINABLE_IRIS_PAD\Data\Raw\IIITD_Contact_Lens_Iris_DB\Cogent Scanner\15\Colored\20120913150100_R.bmp,Cogent,15,Cogent_15,Colored,1,NA,20120913150100_R.bmp
C:\Users\sahar\OneDrive\Desktop\EXPLAINABLE_IRIS_PAD\Data\Raw\IIITD_Contact_Lens_Iris_DB\Cogent Scanner\15\Colored\20120913150104_L.bmp,Cogent,15,Cogent_15,Colored,1,NA,20120913150104_L.bmp
C:\Users\sahar\OneDrive\Desktop\EXPLAINABLE_IRIS_PAD\Data\Raw\IIITD_Contact_Lens_Iris_DB\Cogent Scanner\15\Colored\20120913150104_R.bmp,Cogent,15,Cogent_15,Colored,1,NA,20120913150104_R.bmp
C:\Users\sahar\OneDrive\Desktop\EXPLAINABLE_IRIS_PAD\Data\Raw\IIITD_Contact_Lens_Iris_DB\Cogent Scanner\15\Colored\20120913150108_L.bmp,Cogent,15,Cogent_15,Colored,1,NA,20120913150108_L.bmp
C:\Users\sahar\OneDrive\Desktop\EXPLAINABLE_IRIS_PAD\Data\Raw\IIITD_Contact_Lens_Iris_DB\Cogent Scanner\15\Colored\20120913150108_R.bmp,Cogent,15,Cogent_15,Colored,1,NA,20120913150108_R.bmp
C:\Users\sahar\OneDrive\Desktop\EXPLAINABLE_IRIS_PAD\Data\Raw\IIITD_Contact_Lens_Iris_DB\Cogent Scanner\15\Normal\20120913122611_L.bmp,Cogent,15,Cogent_15,Normal,0,NA,20120913122611_L.bmp
C:\Users\sahar\OneDrive\Desktop\EXPLAINABLE_IRIS_PAD\Data\Raw\IIITD_Contact_Lens_Iris_DB\Cogent Scanner\15\Normal\20120913122611_R.bmp,Cogent,15,Cogent_15,Normal,0,NA,20120913122611_R.bmp
C:\Users\sahar\OneDrive\Desktop\EXPLAINABLE_IRIS_PAD\Data\Raw\IIITD_Contact_Lens_Iris_DB\Cogent Scanner\15\Normal\20120913122615_L.bmp,Cogent,15,Cogent_15,Normal,0,NA,20120913122615_L.bmp
C:\Users\sahar\OneDrive\Desktop\EXPLAINABLE_IRIS_PAD\Data\Raw\IIITD_Contact_Lens_Iris_DB\Cogent Scanner\15\Normal\20120913122615_R.bmp,Cogent,15,Cogent_15,Normal,0,NA,20120913122615_R.bmp
C:\Users\sahar\OneDrive\Desktop\EXPLAINABLE_IRIS_PAD\Data\Raw\IIITD_Contact_Lens_Iris_DB\Cogent Scanner\15\Normal\20120913122618_L.bmp,Cogent,15,Cogent_15,Normal,0,NA,20120913122618_L.bmp
C:\Users\sahar\OneDrive\Desktop\EXPLAINABLE_IRIS_PAD\Data\Raw\IIITD_Contact_Lens_Iris_DB\Cogent Scanner\15\Normal\20120913122618_R.bmp,Cogent,15,Cogent_15,Normal,0,NA,20120913122618_R.bmp
C:\Users\sahar\OneDrive\Desktop\EXPLAINABLE_IRIS_PAD\Data\Raw\IIITD_Contact_Lens_Iris_DB\Cogent Scanner\15\Normal\20120913122620_L.bmp,Cogent,15,Cogent_15,Normal,0,NA,20120913122620_L.bmp
C:\Users\sahar\OneDrive\Desktop\EXPLAINABLE_IRIS_PAD\Data\Raw\IIITD_Contact_Lens_Iris_DB\Cogent Scanner\15\Normal\20120913122620_R.bmp,Cogent,15,Cogent_15,Normal,0,NA,20120913122620_R.bmp
C:\Users\sahar\OneDrive\Desktop\EXPLAINABLE_IRIS_PAD\Data\Raw\IIITD_Contact_Lens_Iris_DB\Cogent Scanner\15\Normal\20120913122622_L.bmp,Cogent,15,Cogent_15,Normal,0,NA,20120913122622_L.bmp
C:\Users\sahar\OneDrive\Desktop\EXPLAINABLE_IRIS_PAD\Data\Raw\IIITD_Contact_Lens_Iris_DB\Cogent Scanner\15\Normal\20120913122622_R.bmp,Cogent,15,Cogent_15,Normal,0,NA,20120913122622_R.bmp
C:\Users\sahar\OneDrive\Desktop\EXPLAINABLE_IRIS_PAD\Data\Raw\IIITD_Contact_Lens_Iris_DB\Cogent Scanner\15\Normal\20120913122630_L.bmp,Cogent,15,Cogent_15,Normal,0,NA,20120913122630_L.bmp
C:\Users\sahar\OneDrive\Desktop\EXPLAINABLE_IRIS_PAD\Data\Raw\IIITD_Contact_Lens_Iris_DB\Cogent Scanner\15\Normal\20120913122630_R.bmp,Cogent,15,Cogent_15,Normal,0,NA,20120913122630_R.bmp
C:\Users\sahar\OneDrive\Desktop\EXPLAINABLE_IRIS_PAD\Data\Raw\IIITD_Contact_Lens_Iris_DB\Cogent Scanner\15\Normal\20120913122636_L.bmp,Cogent,15,Cogent_15,Normal,0,NA,20120913122636_L.bmp
C:\Users\sahar\OneDrive\Desktop\EXPLAINABLE_IRIS_PAD\Data\Raw\IIITD_Contact_Lens_Iris_DB\Cogent Scanner\15\Normal\20120913122636_R.bmp,Cogent,15,Cogent_15,Normal,0,NA,20120913122636_R.bmp
C:\Users\sahar\OneDrive\Desktop\EXPLAINABLE_IRIS_PAD\Data\Raw\IIITD_Contact_Lens_Iris_DB\Cogent Scanner\15\Normal\20120913122639_L.bmp,Cogent,15,Cogent_15,Normal,0,NA,20120913122639_L.bmp
C:\Users\sahar\OneDrive\Desktop\EXPLAINABLE_IRIS_PAD\Data\Raw\IIITD_Contact_Lens_Iris_DB\Cogent Scanner\15\Normal\20120913122639_R.bmp,Cogent,15,Cogent_15,Normal,0,NA,20120913122639_R.bmp
C:\Users\sahar\OneDrive\Desktop\EXPLAINABLE_IRIS_PAD\Data\Raw\IIITD_Contact_Lens_Iris_DB\Cogent Scanner\16\Colored\20120919160959_L.bmp,Cogent,16,Cogent_16,Colored,1,NA,20120919160959_L.bmp
C:\Users\sahar\OneDrive\Desktop\EXPLAINABLE_IRIS_PAD\Data\Raw\IIITD_Contact_Lens_Iris_DB\Cogent Scanner\16\Colored\20120919160959_R.bmp,Cogent,16,Cogent_16,Colored,1,NA,20120919160959_R.bmp
C:\Users\sahar\OneDrive\Desktop\EXPLAINABLE_IRIS_PAD\Data\Raw\IIITD_Contact_Lens_Iris_DB\Cogent Scanner\16\Colored\20120919161010_L.bmp,Cogent,16,Cogent_16,Colored,1,NA,20120919161010_L.bmp
C:\Users\sahar\OneDrive\Desktop\EXPLAINABLE_IRIS_PAD\Data\Raw\IIITD_Contact_Lens_Iris_DB\Cogent Scanner\16\Colored\20120919161010_R.bmp,Cogent,16,Cogent_16,Colored,1,NA,20120919161010_R.bmp
C:\Users\sahar\OneDrive\Desktop\EXPLAINABLE_IRIS_PAD\Data\Raw\IIITD_Contact_Lens_Iris_DB\Cogent Scanner\16\Colored\20120919161018_L.bmp,Cogent,16,Cogent_16,Colored,1,NA,20120919161018_L.bmp
C:\Users\sahar\OneDrive\Desktop\EXPLAINABLE_IRIS_PAD\Data\Raw\IIITD_Contact_Lens_Iris_DB\Cogent Scanner\16\Colored\20120919161018_R.bmp,Cogent,16,Cogent_16,Colored,1,NA,20120919161018_R.bmp
C:\Users\sahar\OneDrive\Desktop\EXPLAINABLE_IRIS_PAD\Data\Raw\IIITD_Contact_Lens_Iris_DB\Cogent Scanner\16\Colored\20120919161028_L.bmp,Cogent,16,Cogent_16,Colored,1,NA,20120919161028_L.bmp
C:\Users\sahar\OneDrive\Desktop\EXPLAINABLE_IRIS_PAD\Data\Raw\IIITD_Contact_Lens_Iris_DB\Cogent Scanner\16\Colored\20120919161028_R.bmp,Cogent,16,Cogent_16,Colored,1,NA,20120919161028_R.bmp
C:\Users\sahar\OneDrive\Desktop\EXPLAINABLE_IRIS_PAD\Data\Raw\IIITD_Contact_Lens_Iris_DB\Cogent Scanner\16\Normal\20120919153452_L.bmp,Cogent,16,Cogent_16,Normal,0,NA,20120919153452_L.bmp
C:\Users\sahar\OneDrive\Desktop\EXPLAINABLE_IRIS_PAD\Data\Raw\IIITD_Contact_Lens_Iris_DB\Cogent Scanner\16\Normal\20120919153452_R.bmp,Cogent,16,Cogent_16,Normal,0,NA,20120919153452_R.bmp
C:\Users\sahar\OneDrive\Desktop\EXPLAINABLE_IRIS_PAD\Data\Raw\IIITD_Contact_Lens_Iris_DB\Cogent Scanner\16\Normal\20120919153506_L.bmp,Cogent,16,Cogent_16,Normal,0,NA,20120919153506_L.bmp
C:\Users\sahar\OneDrive\Desktop\EXPLAINABLE_IRIS_PAD\Data\Raw\IIITD_Contact_Lens_Iris_DB\Cogent Scanner\16\Normal\20120919153506_R.bmp,Cogent,16,Cogent_16,Normal,0,NA,20120919153506_R.bmp
C:\Users\sahar\OneDrive\Desktop\EXPLAINABLE_IRIS_PAD\Data\Raw\IIITD_Contact_Lens_Iris_DB\Cogent Scanner\16\Normal\20120919153509_L.bmp,Cogent,16,Cogent_16,Normal,0,NA,20120919153509_L.bmp
C:\Users\sahar\OneDrive\Desktop\EXPLAINABLE_IRIS_PAD\Data\Raw\IIITD_Contact_Lens_Iris_DB\Cogent Scanner\16\Normal\20120919153509_R.bmp,Cogent,16,Cogent_16,Normal,0,NA,20120919153509_R.bmp
C:\Users\sahar\OneDrive\Desktop\EXPLAINABLE_IRIS_PAD\Data\Raw\IIITD_Contact_Lens_Iris_DB\Cogent Scanner\16\Normal\20120919153515_L.bmp,Cogent,16,Cogent_16,Normal,0,NA,20120919153515_L.bmp
C:\Users\sahar\OneDrive\Desktop\EXPLAINABLE_IRIS_PAD\Data\Raw\IIITD_Contact_Lens_Iris_DB\Cogent Scanner\16\Normal\20120919153515_R.bmp,Cogent,16,Cogent_16,Normal,0,NA,20120919153515_R.bmp
C:\Users\sahar\OneDrive\Desktop\EXPLAINABLE_IRIS_PAD\Data\Raw\IIITD_Contact_Lens_Iris_DB\Cogent Scanner\16\Normal\20120919153520_L.bmp,Cogent,16,Cogent_16,Normal,0,NA,20120919153520_L.bmp
C:\Users\sahar\OneDrive\Desktop\EXPLAINABLE_IRIS_PAD\Data\Raw\IIITD_Contact_Lens_Iris_DB\Cogent Scanner\16\Normal\20120919153520_R.bmp,Cogent,16,Cogent_16,Normal,0,NA,20120919153520_R.bmp
C:\Users\sahar\OneDrive\Desktop\EXPLAINABLE_IRIS_PAD\Data\Raw\IIITD_Contact_Lens_Iris_DB\Cogent Scanner\18\Colored\20120919150418_L.bmp,Cogent,18,Cogent_18,Colored,1,NA,20120919150418_L.bmp
C:\Users\sahar\OneDrive\Desktop\EXPLAINABLE_IRIS_PAD\Data\Raw\IIITD_Contact_Lens_Iris_DB\Cogent Scanner\18\Colored\20120919150418_R.bmp,Cogent,18,Cogent_18,Colored,1,NA,20120919150418_R.bmp
C:\Users\sahar\OneDrive\Desktop\EXPLAINABLE_IRIS_PAD\Data\Raw\IIITD_Contact_Lens_Iris_DB\Cogent Scanner\18\Colored\20120919150420_L.bmp,Cogent,18,Cogent_18,Colored,1,NA,20120919150420_L.bmp
C:\Users\sahar\OneDrive\Desktop\EXPLAINABLE_IRIS_PAD\Data\Raw\IIITD_Contact_Lens_Iris_DB\Cogent Scanner\18\Colored\20120919150420_R.bmp,Cogent,18,Cogent_18,Colored,1,NA,20120919150420_R.bmp
C:\Users\sahar\OneDrive\Desktop\EXPLAINABLE_IRIS_PAD\Data\Raw\IIITD_Contact_Lens_Iris_DB\Cogent Scanner\18\Colored\20120919150423_L.bmp,Cogent,18,Cogent_18,Colored,1,NA,20120919150423_L.bmp
C:\Users\sahar\OneDrive\Desktop\EXPLAINABLE_IRIS_PAD\Data\Raw\IIITD_Contact_Lens_Iris_DB\Cogent Scanner\18\Colored\20120919150423_R.bmp,Cogent,18,Cogent_18,Colored,1,NA,20120919150423_R.bmp
C:\Users\sahar\OneDrive\Desktop\EXPLAINABLE_IRIS_PAD\Data\Raw\IIITD_Contact_Lens_Iris_DB\Cogent Scanner\18\Colored\20120919150426_L.bmp,Cogent,18,Cogent_18,Colored,1,NA,20120919150426_L.bmp
C:\Users\sahar\OneDrive\Desktop\EXPLAINABLE_IRIS_PAD\Data\Raw\IIITD_Contact_Lens_Iris_DB\Cogent Scanner\18\Colored\20120919150426_R.bmp,Cogent,18,Cogent_18,Colored,1,NA,20120919150426_R.bmp
C:\Users\sahar\OneDrive\Desktop\EXPLAINABLE_IRIS_PAD\Data\Raw\IIITD_Contact_Lens_Iris_DB\Cogent Scanner\18\Colored\20120919150434_L.bmp,Cogent,18,Cogent_18,Colored,1,NA,20120919150434_L.bmp
C:\Users\sahar\OneDrive\Desktop\EXPLAINABLE_IRIS_PAD\Data\Raw\IIITD_Contact_Lens_Iris_DB\Cogent Scanner\18\Colored\20120919150434_R.bmp,Cogent,18,Cogent_18,Colored,1,NA,20120919150434_R.bmp
C:\Users\sahar\OneDrive\Desktop\EXPLAINABLE_IRIS_PAD\Data\Raw\IIITD_Contact_Lens_Iris_DB\Cogent Scanner\18\Colored\20120919150437_L.bmp,Cogent,18,Cogent_18,Colored,1,NA,20120919150437_L.bmp
C:\Users\sahar\OneDrive\Desktop\EXPLAINABLE_IRIS_PAD\Data\Raw\IIITD_Contact_Lens_Iris_DB\Cogent Scanner\18\Colored\20120919150437_R.bmp,Cogent,18,Cogent_18,Colored,1,NA,20120919150437_R.bmp
C:\Users\sahar\OneDrive\Desktop\EXPLAINABLE_IRIS_PAD\Data\Raw\IIITD_Contact_Lens_Iris_DB\Cogent Scanner\18\Colored\20120919150440_L.bmp,Cogent,18,Cogent_18,Colored,1,NA,20120919150440_L.bmp
C:\Users\sahar\OneDrive\Desktop\EXPLAINABLE_IRIS_PAD\Data\Raw\IIITD_Contact_Lens_Iris_DB\Cogent Scanner\18\Colored\20120919150440_R.bmp,Cogent,18,Cogent_18,Colored,1,NA,20120919150440_R.bmp
C:\Users\sahar\OneDrive\Desktop\EXPLAINABLE_IRIS_PAD\Data\Raw\IIITD_Contact_Lens_Iris_DB\Cogent Scanner\18\Colored\20120919150443_L.bmp,Cogent,18,Cogent_18,Colored,1,NA,20120919150443_L.bmp
C:\Users\sahar\OneDrive\Desktop\EXPLAINABLE_IRIS_PAD\Data\Raw\IIITD_Contact_Lens_Iris_DB\Cogent Scanner\18\Colored\20120919150443_R.bmp,Cogent,18,Cogent_18,Colored,1,NA,20120919150443_R.bmp
C:\Users\sahar\OneDrive\Desktop\EXPLAINABLE_IRIS_PAD\Data\Raw\IIITD_Contact_Lens_Iris_DB\Cogent Scanner\18\Normal\20120919145006_L.bmp,Cogent,18,Cogent_18,Normal,0,NA,20120919145006_L.bmp
C:\Users\sahar\OneDrive\Desktop\EXPLAINABLE_IRIS_PAD\Data\Raw\IIITD_Contact_Lens_Iris_DB\Cogent Scanner\18\Normal\20120919145006_R.bmp,Cogent,18,Cogent_18,Normal,0,NA,20120919145006_R.bmp
C:\Users\sahar\OneDrive\Desktop\EXPLAINABLE_IRIS_PAD\Data\Raw\IIITD_Contact_Lens_Iris_DB\Cogent Scanner\18\Normal\20120919145009_L.bmp,Cogent,18,Cogent_18,Normal,0,NA,20120919145009_L.bmp
C:\Users\sahar\OneDrive\Desktop\EXPLAINABLE_IRIS_PAD\Data\Raw\IIITD_Contact_Lens_Iris_DB\Cogent Scanner\18\Normal\20120919145009_R.bmp,Cogent,18,Cogent_18,Normal,0,NA,20120919145009_R.bmp
C:\Users\sahar\OneDrive\Desktop\EXPLAINABLE_IRIS_PAD\Data\Raw\IIITD_Contact_Lens_Iris_DB\Cogent Scanner\18\Normal\20120919145013_L.bmp,Cogent,18,Cogent_18,Normal,0,NA,20120919145013_L.bmp
C:\Users\sahar\OneDrive\Desktop\EXPLAINABLE_IRIS_PAD\Data\Raw\IIITD_Contact_Lens_Iris_DB\Cogent Scanner\18\Normal\20120919145013_R.bmp,Cogent,18,Cogent_18,Normal,0,NA,20120919145013_R.bmp
C:\Users\sahar\OneDrive\Desktop\EXPLAINABLE_IRIS_PAD\Data\Raw\IIITD_Contact_Lens_Iris_DB\Cogent Scanner\18\Normal\20120919145016_L.bmp,Cogent,18,Cogent_18,Normal,0,NA,20120919145016_L.bmp
C:\Users\sahar\OneDrive\Desktop\EXPLAINABLE_IRIS_PAD\Data\Raw\IIITD_Contact_Lens_Iris_DB\Cogent Scanner\18\Normal\20120919145016_R.bmp,Cogent,18,Cogent_18,Normal,0,NA,20120919145016_R.bmp
C:\Users\sahar\OneDrive\Desktop\EXPLAINABLE_IRIS_PAD\Data\Raw\IIITD_Contact_Lens_Iris_DB\Cogent Scanner\18\Normal\20120919145019_L.bmp,Cogent,18,Cogent_18,Normal,0,NA,20120919145019_L.bmp
C:\Users\sahar\OneDrive\Desktop\EXPLAINABLE_IRIS_PAD\Data\Raw\IIITD_Contact_Lens_Iris_DB\Cogent Scanner\18\Normal\20120919145019_R.bmp,Cogent,18,Cogent_18,Normal,0,NA,20120919145019_R.bmp
C:\Users\sahar\OneDrive\Desktop\EXPLAINABLE_IRIS_PAD\Data\Raw\IIITD_Contact_Lens_Iris_DB\Cogent Scanner\18\Normal\20120919145023_L.bmp,Cogent,18,Cogent_18,Normal,0,NA,20120919145023_L.bmp
C:\Users\sahar\OneDrive\Desktop\EXPLAINABLE_IRIS_PAD\Data\Raw\IIITD_Contact_Lens_Iris_DB\Cogent Scanner\18\Normal\20120919145023_R.bmp,Cogent,18,Cogent_18,Normal,0,NA,20120919145023_R.bmp
C:\Users\sahar\OneDrive\Desktop\EXPLAINABLE_IRIS_PAD\Data\Raw\IIITD_Contact_Lens_Iris_DB\Cogent Scanner\18\Normal\20120919145027_L.bmp,Cogent,18,Cogent_18,Normal,0,NA,20120919145027_L.bmp
C:\Users\sahar\OneDrive\Desktop\EXPLAINABLE_IRIS_PAD\Data\Raw\IIITD_Contact_Lens_Iris_DB\Cogent Scanner\18\Normal\20120919145027_R.bmp,Cogent,18,Cogent_18,Normal,0,NA,20120919145027_R.bmp
C:\Users\sahar\OneDrive\Desktop\EXPLAINABLE_IRIS_PAD\Data\Raw\IIITD_Contact_Lens_Iris_DB\Cogent Scanner\19\Colored\20120920165809_L.bmp,Cogent,19,Cogent_19,Colored,1,NA,20120920165809_L.bmp
C:\Users\sahar\OneDrive\Desktop\EXPLAINABLE_IRIS_PAD\Data\Raw\IIITD_Contact_Lens_Iris_DB\Cogent Scanner\19\Colored\20120920165809_R.bmp,Cogent,19,Cogent_19,Colored,1,NA,20120920165809_R.bmp
C:\Users\sahar\OneDrive\Desktop\EXPLAINABLE_IRIS_PAD\Data\Raw\IIITD_Contact_Lens_Iris_DB\Cogent Scanner\19\Colored\20120920170213_L.bmp,Cogent,19,Cogent_19,Colored,1,NA,20120920170213_L.bmp
C:\Users\sahar\OneDrive\Desktop\EXPLAINABLE_IRIS_PAD\Data\Raw\IIITD_Contact_Lens_Iris_DB\Cogent Scanner\19\Colored\20120920170213_R.bmp,Cogent,19,Cogent_19,Colored,1,NA,20120920170213_R.bmp
C:\Users\sahar\OneDrive\Desktop\EXPLAINABLE_IRIS_PAD\Data\Raw\IIITD_Contact_Lens_Iris_DB\Cogent Scanner\19\Colored\20120920170217_L.bmp,Cogent,19,Cogent_19,Colored,1,NA,20120920170217_L.bmp
C:\Users\sahar\OneDrive\Desktop\EXPLAINABLE_IRIS_PAD\Data\Raw\IIITD_Contact_Lens_Iris_DB\Cogent Scanner\19\Colored\20120920170217_R.bmp,Cogent,19,Cogent_19,Colored,1,NA,20120920170217_R.bmp
C:\Users\sahar\OneDrive\Desktop\EXPLAINABLE_IRIS_PAD\Data\Raw\IIITD_Contact_Lens_Iris_DB\Cogent Scanner\19\Colored\20120920170221_L.bmp,Cogent,19,Cogent_19,Colored,1,NA,20120920170221_L.bmp
C:\Users\sahar\OneDrive\Desktop\EXPLAINABLE_IRIS_PAD\Data\Raw\IIITD_Contact_Lens_Iris_DB\Cogent Scanner\19\Colored\20120920170221_R.bmp,Cogent,19,Cogent_19,Colored,1,NA,20120920170221_R.bmp
C:\Users\sahar\OneDrive\Desktop\EXPLAINABLE_IRIS_PAD\Data\Raw\IIITD_Contact_Lens_Iris_DB\Cogent Scanner\19\Colored\20120920170225_L.bmp,Cogent,19,Cogent_19,Colored,1,NA,20120920170225_L.bmp
C:\Users\sahar\OneDrive\Desktop\EXPLAINABLE_IRIS_PAD\Data\Raw\IIITD_Contact_Lens_Iris_DB\Cogent Scanner\19\Colored\20120920170225_R.bmp,Cogent,19,Cogent_19,Colored,1,NA,20120920170225_R.bmp
C:\Users\sahar\OneDrive\Desktop\EXPLAINABLE_IRIS_PAD\Data\Raw\IIITD_Contact_Lens_Iris_DB\Cogent Scanner\19\Colored\20120920170229_L.bmp,Cogent,19,Cogent_19,Colored,1,NA,20120920170229_L.bmp
C:\Users\sahar\OneDrive\Desktop\EXPLAINABLE_IRIS_PAD\Data\Raw\IIITD_Contact_Lens_Iris_DB\Cogent Scanner\19\Colored\20120920170229_R.bmp,Cogent,19,Cogent_19,Colored,1,NA,20120920170229_R.bmp
C:\Users\sahar\OneDrive\Desktop\EXPLAINABLE_IRIS_PAD\Data\Raw\IIITD_Contact_Lens_Iris_DB\Cogent Scanner\19\Normal\20120920134437_L.bmp,Cogent,19,Cogent_19,Normal,0,NA,20120920134437_L.bmp
C:\Users\sahar\OneDrive\Desktop\EXPLAINABLE_IRIS_PAD\Data\Raw\IIITD_Contact_Lens_Iris_DB\Cogent Scanner\19\Normal\20120920134438_R.bmp,Cogent,19,Cogent_19,Normal,0,NA,20120920134438_R.bmp
C:\Users\sahar\OneDrive\Desktop\EXPLAINABLE_IRIS_PAD\Data\Raw\IIITD_Contact_Lens_Iris_DB\Cogent Scanner\19\Normal\20120920134440_L.bmp,Cogent,19,Cogent_19,Normal,0,NA,20120920134440_L.bmp
C:\Users\sahar\OneDrive\Desktop\EXPLAINABLE_IRIS_PAD\Data\Raw\IIITD_Contact_Lens_Iris_DB\Cogent Scanner\19\Normal\20120920134440_R.bmp,Cogent,19,Cogent_19,Normal,0,NA,20120920134440_R.bmp
C:\Users\sahar\OneDrive\Desktop\EXPLAINABLE_IRIS_PAD\Data\Raw\IIITD_Contact_Lens_Iris_DB\Cogent Scanner\19\Normal\20120920134443_L.bmp,Cogent,19,Cogent_19,Normal,0,NA,20120920134443_L.bmp
C:\Users\sahar\OneDrive\Desktop\EXPLAINABLE_IRIS_PAD\Data\Raw\IIITD_Contact_Lens_Iris_DB\Cogent Scanner\19\Normal\20120920134443_R.bmp,Cogent,19,Cogent_19,Normal,0,NA,20120920134443_R.bmp
C:\Users\sahar\OneDrive\Desktop\EXPLAINABLE_IRIS_PAD\Data\Raw\IIITD_Contact_Lens_Iris_DB\Cogent Scanner\19\Normal\20120920134446_L.bmp,Cogent,19,Cogent_19,Normal,0,NA,20120920134446_L.bmp
C:\Users\sahar\OneDrive\Desktop\EXPLAINABLE_IRIS_PAD\Data\Raw\IIITD_Contact_Lens_Iris_DB\Cogent Scanner\19\Normal\20120920134446_R.bmp,Cogent,19,Cogent_19,Normal,0,NA,20120920134446_R.bmp
C:\Users\sahar\OneDrive\Desktop\EXPLAINABLE_IRIS_PAD\Data\Raw\IIITD_Contact_Lens_Iris_DB\Cogent Scanner\19\Normal\20120920134449_L.bmp,Cogent,19,Cogent_19,Normal,0,NA,20120920134449_L.bmp
C:\Users\sahar\OneDrive\Desktop\EXPLAINABLE_IRIS_PAD\Data\Raw\IIITD_Contact_Lens_Iris_DB\Cogent Scanner\19\Normal\20120920134449_R.bmp,Cogent,19,Cogent_19,Normal,0,NA,20120920134449_R.bmp
C:\Users\sahar\OneDrive\Desktop\EXPLAINABLE_IRIS_PAD\Data\Raw\IIITD_Contact_Lens_Iris_DB\Cogent Scanner\2\Colored\20120910165446_R.bmp,Cogent,2,Cogent_2,Colored,1,NA,20120910165446_R.bmp
C:\Users\sahar\OneDrive\Desktop\EXPLAINABLE_IRIS_PAD\Data\Raw\IIITD_Contact_Lens_Iris_DB\Cogent Scanner\2\Colored\20120910165451_R.bmp,Cogent,2,Cogent_2,Colored,1,NA,20120910165451_R.bmp
C:\Users\sahar\OneDrive\Desktop\EXPLAINABLE_IRIS_PAD\Data\Raw\IIITD_Contact_Lens_Iris_DB\Cogent Scanner\2\Colored\20120910165454_R.bmp,Cogent,2,Cogent_2,Colored,1,NA,20120910165454_R.bmp
C:\Users\sahar\OneDrive\Desktop\EXPLAINABLE_IRIS_PAD\Data\Raw\IIITD_Contact_Lens_Iris_DB\Cogent Scanner\2\Colored\20120910165506_R.bmp,Cogent,2,Cogent_2,Colored,1,NA,20120910165506_R.bmp
C:\Users\sahar\OneDrive\Desktop\EXPLAINABLE_IRIS_PAD\Data\Raw\IIITD_Contact_Lens_Iris_DB\Cogent Scanner\2\Colored\20120910165518_R.bmp,Cogent,2,Cogent_2,Colored,1,NA,20120910165518_R.bmp
C:\Users\sahar\OneDrive\Desktop\EXPLAINABLE_IRIS_PAD\Data\Raw\IIITD_Contact_Lens_Iris_DB\Cogent Scanner\2\Colored\20120910170912_L.bmp,Cogent,2,Cogent_2,Colored,1,NA,20120910170912_L.bmp
C:\Users\sahar\OneDrive\Desktop\EXPLAINABLE_IRIS_PAD\Data\Raw\IIITD_Contact_Lens_Iris_DB\Cogent Scanner\2\Colored\20120910170959_L.bmp,Cogent,2,Cogent_2,Colored,1,NA,20120910170959_L.bmp
C:\Users\sahar\OneDrive\Desktop\EXPLAINABLE_IRIS_PAD\Data\Raw\IIITD_Contact_Lens_Iris_DB\Cogent Scanner\2\Colored\20120910171003_L.bmp,Cogent,2,Cogent_2,Colored,1,NA,20120910171003_L.bmp
C:\Users\sahar\OneDrive\Desktop\EXPLAINABLE_IRIS_PAD\Data\Raw\IIITD_Contact_Lens_Iris_DB\Cogent Scanner\2\Colored\20120910171007_L.bmp,Cogent,2,Cogent_2,Colored,1,NA,20120910171007_L.bmp
C:\Users\sahar\OneDrive\Desktop\EXPLAINABLE_IRIS_PAD\Data\Raw\IIITD_Contact_Lens_Iris_DB\Cogent Scanner\2\Colored\20120910171011_L.bmp,Cogent,2,Cogent_2,Colored,1,NA,20120910171011_L.bmp
C:\Users\sahar\OneDrive\Desktop\EXPLAINABLE_IRIS_PAD\Data\Raw\IIITD_Contact_Lens_Iris_DB\Cogent Scanner\2\Normal\20120910171755_L.bmp,Cogent,2,Cogent_2,Normal,0,NA,20120910171755_L.bmp
C:\Users\sahar\OneDrive\Desktop\EXPLAINABLE_IRIS_PAD\Data\Raw\IIITD_Contact_Lens_Iris_DB\Cogent Scanner\2\Normal\20120910171755_R.bmp,Cogent,2,Cogent_2,Normal,0,NA,20120910171755_R.bmp
C:\Users\sahar\OneDrive\Desktop\EXPLAINABLE_IRIS_PAD\Data\Raw\IIITD_Contact_Lens_Iris_DB\Cogent Scanner\2\Normal\20120910171803_L.bmp,Cogent,2,Cogent_2,Normal,0,NA,20120910171803_L.bmp
C:\Users\sahar\OneDrive\Desktop\EXPLAINABLE_IRIS_PAD\Data\Raw\IIITD_Contact_Lens_Iris_DB\Cogent Scanner\2\Normal\20120910171803_R.bmp,Cogent,2,Cogent_2,Normal,0,NA,20120910171803_R.bmp
C:\Users\sahar\OneDrive\Desktop\EXPLAINABLE_IRIS_PAD\Data\Raw\IIITD_Contact_Lens_Iris_DB\Cogent Scanner\2\Normal\20120910171807_L.bmp,Cogent,2,Cogent_2,Normal,0,NA,20120910171807_L.bmp
C:\Users\sahar\OneDrive\Desktop\EXPLAINABLE_IRIS_PAD\Data\Raw\IIITD_Contact_Lens_Iris_DB\Cogent Scanner\2\Normal\20120910171807_R.bmp,Cogent,2,Cogent_2,Normal,0,NA,20120910171807_R.bmp
C:\Users\sahar\OneDrive\Desktop\EXPLAINABLE_IRIS_PAD\Data\Raw\IIITD_Contact_Lens_Iris_DB\Cogent Scanner\2\Normal\20120910171811_L.bmp,Cogent,2,Cogent_2,Normal,0,NA,20120910171811_L.bmp
C:\Users\sahar\OneDrive\Desktop\EXPLAINABLE_IRIS_PAD\Data\Raw\IIITD_Contact_Lens_Iris_DB\Cogent Scanner\2\Normal\20120910171811_R.bmp,Cogent,2,Cogent_2,Normal,0,NA,20120910171811_R.bmp
C:\Users\sahar\OneDrive\Desktop\EXPLAINABLE_IRIS_PAD\Data\Raw\IIITD_Contact_Lens_Iris_DB\Cogent Scanner\2\Normal\20120910171814_L.bmp,Cogent,2,Cogent_2,Normal,0,NA,20120910171814_L.bmp
C:\Users\sahar\OneDrive\Desktop\EXPLAINABLE_IRIS_PAD\Data\Raw\IIITD_Contact_Lens_Iris_DB\Cogent Scanner\2\Normal\20120910171814_R.bmp,Cogent,2,Cogent_2,Normal,0,NA,20120910171814_R.bmp
C:\Users\sahar\OneDrive\Desktop\EXPLAINABLE_IRIS_PAD\Data\Raw\IIITD_Contact_Lens_Iris_DB\Cogent Scanner\20\Colored\20120913164849_L.bmp,Cogent,20,Cogent_20,Colored,1,NA,20120913164849_L.bmp
C:\Users\sahar\OneDrive\Desktop\EXPLAINABLE_IRIS_PAD\Data\Raw\IIITD_Contact_Lens_Iris_DB\Cogent Scanner\20\Colored\20120913164849_R.bmp,Cogent,20,Cogent_20,Colored,1,NA,20120913164849_R.bmp
C:\Users\sahar\OneDrive\Desktop\EXPLAINABLE_IRIS_PAD\Data\Raw\IIITD_Contact_Lens_Iris_DB\Cogent Scanner\20\Colored\20120913164856_L.bmp,Cogent,20,Cogent_20,Colored,1,NA,20120913164856_L.bmp
C:\Users\sahar\OneDrive\Desktop\EXPLAINABLE_IRIS_PAD\Data\Raw\IIITD_Contact_Lens_Iris_DB\Cogent Scanner\20\Colored\20120913164856_R.bmp,Cogent,20,Cogent_20,Colored,1,NA,20120913164856_R.bmp
C:\Users\sahar\OneDrive\Desktop\EXPLAINABLE_IRIS_PAD\Data\Raw\IIITD_Contact_Lens_Iris_DB\Cogent Scanner\20\Colored\20120913164903_L.bmp,Cogent,20,Cogent_20,Colored,1,NA,20120913164903_L.bmp
C:\Users\sahar\OneDrive\Desktop\EXPLAINABLE_IRIS_PAD\Data\Raw\IIITD_Contact_Lens_Iris_DB\Cogent Scanner\20\Colored\20120913164903_R.bmp,Cogent,20,Cogent_20,Colored,1,NA,20120913164903_R.bmp
C:\Users\sahar\OneDrive\Desktop\EXPLAINABLE_IRIS_PAD\Data\Raw\IIITD_Contact_Lens_Iris_DB\Cogent Scanner\20\Colored\20120913164905_L.bmp,Cogent,20,Cogent_20,Colored,1,NA,20120913164905_L.bmp
C:\Users\sahar\OneDrive\Desktop\EXPLAINABLE_IRIS_PAD\Data\Raw\IIITD_Contact_Lens_Iris_DB\Cogent Scanner\20\Colored\20120913164905_R.bmp,Cogent,20,Cogent_20,Colored,1,NA,20120913164905_R.bmp
C:\Users\sahar\OneDrive\Desktop\EXPLAINABLE_IRIS_PAD\Data\Raw\IIITD_Contact_Lens_Iris_DB\Cogent Scanner\20\Colored\20120913164908_L.bmp,Cogent,20,Cogent_20,Colored,1,NA,20120913164908_L.bmp
C:\Users\sahar\OneDrive\Desktop\EXPLAINABLE_IRIS_PAD\Data\Raw\IIITD_Contact_Lens_Iris_DB\Cogent Scanner\20\Colored\20120913164908_R.bmp,Cogent,20,Cogent_20,Colored,1,NA,20120913164908_R.bmp
C:\Users\sahar\OneDrive\Desktop\EXPLAINABLE_IRIS_PAD\Data\Raw\IIITD_Contact_Lens_Iris_DB\Cogent Scanner\20\Colored\20120913164911_L.bmp,Cogent,20,Cogent_20,Colored,1,NA,20120913164911_L.bmp
C:\Users\sahar\OneDrive\Desktop\EXPLAINABLE_IRIS_PAD\Data\Raw\IIITD_Contact_Lens_Iris_DB\Cogent Scanner\20\Colored\20120913164911_R.bmp,Cogent,20,Cogent_20,Colored,1,NA,20120913164911_R.bmp
C:\Users\sahar\OneDrive\Desktop\EXPLAINABLE_IRIS_PAD\Data\Raw\IIITD_Contact_Lens_Iris_DB\Cogent Scanner\20\Normal\20120912151259_L.bmp,Cogent,20,Cogent_20,Normal,0,NA,20120912151259_L.bmp
C:\Users\sahar\OneDrive\Desktop\EXPLAINABLE_IRIS_PAD\Data\Raw\IIITD_Contact_Lens_Iris_DB\Cogent Scanner\20\Normal\20120912151259_R.bmp,Cogent,20,Cogent_20,Normal,0,NA,20120912151259_R.bmp
C:\Users\sahar\OneDrive\Desktop\EXPLAINABLE_IRIS_PAD\Data\Raw\IIITD_Contact_Lens_Iris_DB\Cogent Scanner\20\Normal\20120912151302_L.bmp,Cogent,20,Cogent_20,Normal,0,NA,20120912151302_L.bmp
C:\Users\sahar\OneDrive\Desktop\EXPLAINABLE_IRIS_PAD\Data\Raw\IIITD_Contact_Lens_Iris_DB\Cogent Scanner\20\Normal\20120912151302_R.bmp,Cogent,20,Cogent_20,Normal,0,NA,20120912151302_R.bmp
C:\Users\sahar\OneDrive\Desktop\EXPLAINABLE_IRIS_PAD\Data\Raw\IIITD_Contact_Lens_Iris_DB\Cogent Scanner\20\Normal\20120912151306_L.bmp,Cogent,20,Cogent_20,Normal,0,NA,20120912151306_L.bmp
C:\Users\sahar\OneDrive\Desktop\EXPLAINABLE_IRIS_PAD\Data\Raw\IIITD_Contact_Lens_Iris_DB\Cogent Scanner\20\Normal\20120912151306_R.bmp,Cogent,20,Cogent_20,Normal,0,NA,20120912151306_R.bmp
C:\Users\sahar\OneDrive\Desktop\EXPLAINABLE_IRIS_PAD\Data\Raw\IIITD_Contact_Lens_Iris_DB\Cogent Scanner\20\Normal\20120912151310_L.bmp,Cogent,20,Cogent_20,Normal,0,NA,20120912151310_L.bmp
C:\Users\sahar\OneDrive\Desktop\EXPLAINABLE_IRIS_PAD\Data\Raw\IIITD_Contact_Lens_Iris_DB\Cogent Scanner\20\Normal\20120912151310_R.bmp,Cogent,20,Cogent_20,Normal,0,NA,20120912151310_R.bmp
C:\Users\sahar\OneDrive\Desktop\EXPLAINABLE_IRIS_PAD\Data\Raw\IIITD_Contact_Lens_Iris_DB\Cogent Scanner\20\Normal\20120912151313_L.bmp,Cogent,20,Cogent_20,Normal,0,NA,20120912151313_L.bmp
C:\Users\sahar\OneDrive\Desktop\EXPLAINABLE_IRIS_PAD\Data\Raw\IIITD_Contact_Lens_Iris_DB\Cogent Scanner\20\Normal\20120912151313_R.bmp,Cogent,20,Cogent_20,Normal,0,NA,20120912151313_R.bmp
C:\Users\sahar\OneDrive\Desktop\EXPLAINABLE_IRIS_PAD\Data\Raw\IIITD_Contact_Lens_Iris_DB\Cogent Scanner\20\Normal\20120912151317_L.bmp,Cogent,20,Cogent_20,Normal,0,NA,20120912151317_L.bmp
C:\Users\sahar\OneDrive\Desktop\EXPLAINABLE_IRIS_PAD\Data\Raw\IIITD_Contact_Lens_Iris_DB\Cogent Scanner\20\Normal\20120912151317_R.bmp,Cogent,20,Cogent_20,Normal,0,NA,20120912151317_R.bmp
C:\Users\sahar\OneDrive\Desktop\EXPLAINABLE_IRIS_PAD\Data\Raw\IIITD_Contact_Lens_Iris_DB\Cogent Scanner\21\Colored\20120919174402_L.bmp,Cogent,21,Cogent_21,Colored,1,NA,20120919174402_L.bmp
C:\Users\sahar\OneDrive\Desktop\EXPLAINABLE_IRIS_PAD\Data\Raw\IIITD_Contact_Lens_Iris_DB\Cogent Scanner\21\Colored\20120919174402_R.bmp,Cogent,21,Cogent_21,Colored,1,NA,20120919174402_R.bmp
C:\Users\sahar\OneDrive\Desktop\EXPLAINABLE_IRIS_PAD\Data\Raw\IIITD_Contact_Lens_Iris_DB\Cogent Scanner\21\Colored\20120919174405_L.bmp,Cogent,21,Cogent_21,Colored,1,NA,20120919174405_L.bmp
C:\Users\sahar\OneDrive\Desktop\EXPLAINABLE_IRIS_PAD\Data\Raw\IIITD_Contact_Lens_Iris_DB\Cogent Scanner\21\Colored\20120919174405_R.bmp,Cogent,21,Cogent_21,Colored,1,NA,20120919174405_R.bmp
C:\Users\sahar\OneDrive\Desktop\EXPLAINABLE_IRIS_PAD\Data\Raw\IIITD_Contact_Lens_Iris_DB\Cogent Scanner\21\Colored\20120919174408_L.bmp,Cogent,21,Cogent_21,Colored,1,NA,20120919174408_L.bmp
C:\Users\sahar\OneDrive\Desktop\EXPLAINABLE_IRIS_PAD\Data\Raw\IIITD_Contact_Lens_Iris_DB\Cogent Scanner\21\Colored\20120919174408_R.bmp,Cogent,21,Cogent_21,Colored,1,NA,20120919174408_R.bmp
C:\Users\sahar\OneDrive\Desktop\EXPLAINABLE_IRIS_PAD\Data\Raw\IIITD_Contact_Lens_Iris_DB\Cogent Scanner\21\Colored\20120919174411_L.bmp,Cogent,21,Cogent_21,Colored,1,NA,20120919174411_L.bmp
C:\Users\sahar\OneDrive\Desktop\EXPLAINABLE_IRIS_PAD\Data\Raw\IIITD_Contact_Lens_Iris_DB\Cogent Scanner\21\Colored\20120919174411_R.bmp,Cogent,21,Cogent_21,Colored,1,NA,20120919174411_R.bmp
C:\Users\sahar\OneDrive\Desktop\EXPLAINABLE_IRIS_PAD\Data\Raw\IIITD_Contact_Lens_Iris_DB\Cogent Scanner\21\Colored\20120919174413_L.bmp,Cogent,21,Cogent_21,Colored,1,NA,20120919174413_L.bmp
C:\Users\sahar\OneDrive\Desktop\EXPLAINABLE_IRIS_PAD\Data\Raw\IIITD_Contact_Lens_Iris_DB\Cogent Scanner\21\Colored\20120919174413_R.bmp,Cogent,21,Cogent_21,Colored,1,NA,20120919174413_R.bmp
C:\Users\sahar\OneDrive\Desktop\EXPLAINABLE_IRIS_PAD\Data\Raw\IIITD_Contact_Lens_Iris_DB\Cogent Scanner\21\Colored\20120919174418_L.bmp,Cogent,21,Cogent_21,Colored,1,NA,20120919174418_L.bmp
C:\Users\sahar\OneDrive\Desktop\EXPLAINABLE_IRIS_PAD\Data\Raw\IIITD_Contact_Lens_Iris_DB\Cogent Scanner\21\Colored\20120919174418_R.bmp,Cogent,21,Cogent_21,Colored,1,NA,20120919174418_R.bmp
C:\Users\sahar\OneDrive\Desktop\EXPLAINABLE_IRIS_PAD\Data\Raw\IIITD_Contact_Lens_Iris_DB\Cogent Scanner\21\Normal\20120919173015_L.bmp,Cogent,21,Cogent_21,Normal,0,NA,20120919173015_L.bmp
C:\Users\sahar\OneDrive\Desktop\EXPLAINABLE_IRIS_PAD\Data\Raw\IIITD_Contact_Lens_Iris_DB\Cogent Scanner\21\Normal\20120919173015_R.bmp,Cogent,21,Cogent_21,Normal,0,NA,20120919173015_R.bmp
C:\Users\sahar\OneDrive\Desktop\EXPLAINABLE_IRIS_PAD\Data\Raw\IIITD_Contact_Lens_Iris_DB\Cogent Scanner\21\Normal\20120919173019_L.bmp,Cogent,21,Cogent_21,Normal,0,NA,20120919173019_L.bmp
C:\Users\sahar\OneDrive\Desktop\EXPLAINABLE_IRIS_PAD\Data\Raw\IIITD_Contact_Lens_Iris_DB\Cogent Scanner\21\Normal\20120919173019_R.bmp,Cogent,21,Cogent_21,Normal,0,NA,20120919173019_R.bmp
C:\Users\sahar\OneDrive\Desktop\EXPLAINABLE_IRIS_PAD\Data\Raw\IIITD_Contact_Lens_Iris_DB\Cogent Scanner\21\Normal\20120919173022_L.bmp,Cogent,21,Cogent_21,Normal,0,NA,20120919173022_L.bmp
C:\Users\sahar\OneDrive\Desktop\EXPLAINABLE_IRIS_PAD\Data\Raw\IIITD_Contact_Lens_Iris_DB\Cogent Scanner\21\Normal\20120919173022_R.bmp,Cogent,21,Cogent_21,Normal,0,NA,20120919173022_R.bmp
C:\Users\sahar\OneDrive\Desktop\EXPLAINABLE_IRIS_PAD\Data\Raw\IIITD_Contact_Lens_Iris_DB\Cogent Scanner\21\Normal\20120919173025_L.bmp,Cogent,21,Cogent_21,Normal,0,NA,20120919173025_L.bmp
C:\Users\sahar\OneDrive\Desktop\EXPLAINABLE_IRIS_PAD\Data\Raw\IIITD_Contact_Lens_Iris_DB\Cogent Scanner\21\Normal\20120919173025_R.bmp,Cogent,21,Cogent_21,Normal,0,NA,20120919173025_R.bmp
C:\Users\sahar\OneDrive\Desktop\EXPLAINABLE_IRIS_PAD\Data\Raw\IIITD_Contact_Lens_Iris_DB\Cogent Scanner\21\Normal\20120919173028_L.bmp,Cogent,21,Cogent_21,Normal,0,NA,20120919173028_L.bmp
C:\Users\sahar\OneDrive\Desktop\EXPLAINABLE_IRIS_PAD\Data\Raw\IIITD_Contact_Lens_Iris_DB\Cogent Scanner\21\Normal\20120919173028_R.bmp,Cogent,21,Cogent_21,Normal,0,NA,20120919173028_R.bmp
C:\Users\sahar\OneDrive\Desktop\EXPLAINABLE_IRIS_PAD\Data\Raw\IIITD_Contact_Lens_Iris_DB\Cogent Scanner\22\Colored\20120912144837_L.bmp,Cogent,22,Cogent_22,Colored,1,NA,20120912144837_L.bmp
C:\Users\sahar\OneDrive\Desktop\EXPLAINABLE_IRIS_PAD\Data\Raw\IIITD_Contact_Lens_Iris_DB\Cogent Scanner\22\Colored\20120912144837_R.bmp,Cogent,22,Cogent_22,Colored,1,NA,20120912144837_R.bmp
C:\Users\sahar\OneDrive\Desktop\EXPLAINABLE_IRIS_PAD\Data\Raw\IIITD_Contact_Lens_Iris_DB\Cogent Scanner\22\Colored\20120912144842_L.bmp,Cogent,22,Cogent_22,Colored,1,NA,20120912144842_L.bmp
C:\Users\sahar\OneDrive\Desktop\EXPLAINABLE_IRIS_PAD\Data\Raw\IIITD_Contact_Lens_Iris_DB\Cogent Scanner\22\Colored\20120912144842_R.bmp,Cogent,22,Cogent_22,Colored,1,NA,20120912144842_R.bmp
C:\Users\sahar\OneDrive\Desktop\EXPLAINABLE_IRIS_PAD\Data\Raw\IIITD_Contact_Lens_Iris_DB\Cogent Scanner\22\Colored\20120912144846_L.bmp,Cogent,22,Cogent_22,Colored,1,NA,20120912144846_L.bmp
C:\Users\sahar\OneDrive\Desktop\EXPLAINABLE_IRIS_PAD\Data\Raw\IIITD_Contact_Lens_Iris_DB\Cogent Scanner\22\Colored\20120912144846_R.bmp,Cogent,22,Cogent_22,Colored,1,NA,20120912144846_R.bmp
C:\Users\sahar\OneDrive\Desktop\EXPLAINABLE_IRIS_PAD\Data\Raw\IIITD_Contact_Lens_Iris_DB\Cogent Scanner\22\Colored\20120912144850_L.bmp,Cogent,22,Cogent_22,Colored,1,NA,20120912144850_L.bmp
C:\Users\sahar\OneDrive\Desktop\EXPLAINABLE_IRIS_PAD\Data\Raw\IIITD_Contact_Lens_Iris_DB\Cogent Scanner\22\Colored\20120912144850_R.bmp,Cogent,22,Cogent_22,Colored,1,NA,20120912144850_R.bmp
C:\Users\sahar\OneDrive\Desktop\EXPLAINABLE_IRIS_PAD\Data\Raw\IIITD_Contact_Lens_Iris_DB\Cogent Scanner\22\Colored\20120912144854_L.bmp,Cogent,22,Cogent_22,Colored,1,NA,20120912144854_L.bmp
C:\Users\sahar\OneDrive\Desktop\EXPLAINABLE_IRIS_PAD\Data\Raw\IIITD_Contact_Lens_Iris_DB\Cogent Scanner\22\Colored\20120912144854_R.bmp,Cogent,22,Cogent_22,Colored,1,NA,20120912144854_R.bmp
C:\Users\sahar\OneDrive\Desktop\EXPLAINABLE_IRIS_PAD\Data\Raw\IIITD_Contact_Lens_Iris_DB\Cogent Scanner\22\Normal\20120912141503_L.bmp,Cogent,22,Cogent_22,Normal,0,NA,20120912141503_L.bmp
C:\Users\sahar\OneDrive\Desktop\EXPLAINABLE_IRIS_PAD\Data\Raw\IIITD_Contact_Lens_Iris_DB\Cogent Scanner\22\Normal\20120912141503_R.bmp,Cogent,22,Cogent_22,Normal,0,NA,20120912141503_R.bmp
C:\Users\sahar\OneDrive\Desktop\EXPLAINABLE_IRIS_PAD\Data\Raw\IIITD_Contact_Lens_Iris_DB\Cogent Scanner\22\Normal\20120912141510_L.bmp,Cogent,22,Cogent_22,Normal,0,NA,20120912141510_L.bmp
C:\Users\sahar\OneDrive\Desktop\EXPLAINABLE_IRIS_PAD\Data\Raw\IIITD_Contact_Lens_Iris_DB\Cogent Scanner\22\Normal\20120912141510_R.bmp,Cogent,22,Cogent_22,Normal,0,NA,20120912141510_R.bmp
C:\Users\sahar\OneDrive\Desktop\EXPLAINABLE_IRIS_PAD\Data\Raw\IIITD_Contact_Lens_Iris_DB\Cogent Scanner\22\Normal\20120912141513_L.bmp,Cogent,22,Cogent_22,Normal,0,NA,20120912141513_L.bmp
C:\Users\sahar\OneDrive\Desktop\EXPLAINABLE_IRIS_PAD\Data\Raw\IIITD_Contact_Lens_Iris_DB\Cogent Scanner\22\Normal\20120912141513_R.bmp,Cogent,22,Cogent_22,Normal,0,NA,20120912141513_R.bmp
C:\Users\sahar\OneDrive\Desktop\EXPLAINABLE_IRIS_PAD\Data\Raw\IIITD_Contact_Lens_Iris_DB\Cogent Scanner\22\Normal\20120912141516_L.bmp,Cogent,22,Cogent_22,Normal,0,NA,20120912141516_L.bmp
C:\Users\sahar\OneDrive\Desktop\EXPLAINABLE_IRIS_PAD\Data\Raw\IIITD_Contact_Lens_Iris_DB\Cogent Scanner\22\Normal\20120912141516_R.bmp,Cogent,22,Cogent_22,Normal,0,NA,20120912141516_R.bmp
C:\Users\sahar\OneDrive\Desktop\EXPLAINABLE_IRIS_PAD\Data\Raw\IIITD_Contact_Lens_Iris_DB\Cogent Scanner\22\Normal\20120912141519_L.bmp,Cogent,22,Cogent_22,Normal,0,NA,20120912141519_L.bmp
C:\Users\sahar\OneDrive\Desktop\EXPLAINABLE_IRIS_PAD\Data\Raw\IIITD_Contact_Lens_Iris_DB\Cogent Scanner\22\Normal\20120912141519_R.bmp,Cogent,22,Cogent_22,Normal,0,NA,20120912141519_R.bmp
C:\Users\sahar\OneDrive\Desktop\EXPLAINABLE_IRIS_PAD\Data\Raw\IIITD_Contact_Lens_Iris_DB\Cogent Scanner\22\Normal\20120912141521_L.bmp,Cogent,22,Cogent_22,Normal,0,NA,20120912141521_L.bmp
C:\Users\sahar\OneDrive\Desktop\EXPLAINABLE_IRIS_PAD\Data\Raw\IIITD_Contact_Lens_Iris_DB\Cogent Scanner\22\Normal\20120912141521_R.bmp,Cogent,22,Cogent_22,Normal,0,NA,20120912141521_R.bmp
C:\Users\sahar\OneDrive\Desktop\EXPLAINABLE_IRIS_PAD\Data\Raw\IIITD_Contact_Lens_Iris_DB\Cogent Scanner\23\Colored\20120919151535_L.bmp,Cogent,23,Cogent_23,Colored,1,NA,20120919151535_L.bmp
C:\Users\sahar\OneDrive\Desktop\EXPLAINABLE_IRIS_PAD\Data\Raw\IIITD_Contact_Lens_Iris_DB\Cogent Scanner\23\Colored\20120919151535_R.bmp,Cogent,23,Cogent_23,Colored,1,NA,20120919151535_R.bmp
C:\Users\sahar\OneDrive\Desktop\EXPLAINABLE_IRIS_PAD\Data\Raw\IIITD_Contact_Lens_Iris_DB\Cogent Scanner\23\Colored\20120919151539_L.bmp,Cogent,23,Cogent_23,Colored,1,NA,20120919151539_L.bmp
C:\Users\sahar\OneDrive\Desktop\EXPLAINABLE_IRIS_PAD\Data\Raw\IIITD_Contact_Lens_Iris_DB\Cogent Scanner\23\Colored\20120919151539_R.bmp,Cogent,23,Cogent_23,Colored,1,NA,20120919151539_R.bmp
C:\Users\sahar\OneDrive\Desktop\EXPLAINABLE_IRIS_PAD\Data\Raw\IIITD_Contact_Lens_Iris_DB\Cogent Scanner\23\Colored\20120919151542_L.bmp,Cogent,23,Cogent_23,Colored,1,NA,20120919151542_L.bmp
C:\Users\sahar\OneDrive\Desktop\EXPLAINABLE_IRIS_PAD\Data\Raw\IIITD_Contact_Lens_Iris_DB\Cogent Scanner\23\Colored\20120919151542_R.bmp,Cogent,23,Cogent_23,Colored,1,NA,20120919151542_R.bmp
C:\Users\sahar\OneDrive\Desktop\EXPLAINABLE_IRIS_PAD\Data\Raw\IIITD_Contact_Lens_Iris_DB\Cogent Scanner\23\Colored\20120919151546_L.bmp,Cogent,23,Cogent_23,Colored,1,NA,20120919151546_L.bmp
C:\Users\sahar\OneDrive\Desktop\EXPLAINABLE_IRIS_PAD\Data\Raw\IIITD_Contact_Lens_Iris_DB\Cogent Scanner\23\Colored\20120919151546_R.bmp,Cogent,23,Cogent_23,Colored,1,NA,20120919151546_R.bmp
C:\Users\sahar\OneDrive\Desktop\EXPLAINABLE_IRIS_PAD\Data\Raw\IIITD_Contact_Lens_Iris_DB\Cogent Scanner\23\Colored\20120919151549_L.bmp,Cogent,23,Cogent_23,Colored,1,NA,20120919151549_L.bmp
C:\Users\sahar\OneDrive\Desktop\EXPLAINABLE_IRIS_PAD\Data\Raw\IIITD_Contact_Lens_Iris_DB\Cogent Scanner\23\Colored\20120919151549_R.bmp,Cogent,23,Cogent_23,Colored,1,NA,20120919151549_R.bmp
C:\Users\sahar\OneDrive\Desktop\EXPLAINABLE_IRIS_PAD\Data\Raw\IIITD_Contact_Lens_Iris_DB\Cogent Scanner\23\Colored\20120919151553_L.bmp,Cogent,23,Cogent_23,Colored,1,NA,20120919151553_L.bmp
C:\Users\sahar\OneDrive\Desktop\EXPLAINABLE_IRIS_PAD\Data\Raw\IIITD_Contact_Lens_Iris_DB\Cogent Scanner\23\Colored\20120919151553_R.bmp,Cogent,23,Cogent_23,Colored,1,NA,20120919151553_R.bmp
C:\Users\sahar\OneDrive\Desktop\EXPLAINABLE_IRIS_PAD\Data\Raw\IIITD_Contact_Lens_Iris_DB\Cogent Scanner\23\Normal\20120919144921_L.bmp,Cogent,23,Cogent_23,Normal,0,NA,20120919144921_L.bmp
C:\Users\sahar\OneDrive\Desktop\EXPLAINABLE_IRIS_PAD\Data\Raw\IIITD_Contact_Lens_Iris_DB\Cogent Scanner\23\Normal\20120919144921_R.bmp,Cogent,23,Cogent_23,Normal,0,NA,20120919144921_R.bmp
C:\Users\sahar\OneDrive\Desktop\EXPLAINABLE_IRIS_PAD\Data\Raw\IIITD_Contact_Lens_Iris_DB\Cogent Scanner\23\Normal\20120919144925_L.bmp,Cogent,23,Cogent_23,Normal,0,NA,20120919144925_L.bmp
C:\Users\sahar\OneDrive\Desktop\EXPLAINABLE_IRIS_PAD\Data\Raw\IIITD_Contact_Lens_Iris_DB\Cogent Scanner\23\Normal\20120919144925_R.bmp,Cogent,23,Cogent_23,Normal,0,NA,20120919144925_R.bmp
C:\Users\sahar\OneDrive\Desktop\EXPLAINABLE_IRIS_PAD\Data\Raw\IIITD_Contact_Lens_Iris_DB\Cogent Scanner\23\Normal\20120919144928_L.bmp,Cogent,23,Cogent_23,Normal,0,NA,20120919144928_L.bmp
C:\Users\sahar\OneDrive\Desktop\EXPLAINABLE_IRIS_PAD\Data\Raw\IIITD_Contact_Lens_Iris_DB\Cogent Scanner\23\Normal\20120919144928_R.bmp,Cogent,23,Cogent_23,Normal,0,NA,20120919144928_R.bmp
C:\Users\sahar\OneDrive\Desktop\EXPLAINABLE_IRIS_PAD\Data\Raw\IIITD_Contact_Lens_Iris_DB\Cogent Scanner\23\Normal\20120919144930_L.bmp,Cogent,23,Cogent_23,Normal,0,NA,20120919144930_L.bmp
C:\Users\sahar\OneDrive\Desktop\EXPLAINABLE_IRIS_PAD\Data\Raw\IIITD_Contact_Lens_Iris_DB\Cogent Scanner\23\Normal\20120919144930_R.bmp,Cogent,23,Cogent_23,Normal,0,NA,20120919144930_R.bmp
C:\Users\sahar\OneDrive\Desktop\EXPLAINABLE_IRIS_PAD\Data\Raw\IIITD_Contact_Lens_Iris_DB\Cogent Scanner\23\Normal\20120919144934_L.bmp,Cogent,23,Cogent_23,Normal,0,NA,20120919144934_L.bmp
C:\Users\sahar\OneDrive\Desktop\EXPLAINABLE_IRIS_PAD\Data\Raw\IIITD_Contact_Lens_Iris_DB\Cogent Scanner\23\Normal\20120919144934_R.bmp,Cogent,23,Cogent_23,Normal,0,NA,20120919144934_R.bmp
C:\Users\sahar\OneDrive\Desktop\EXPLAINABLE_IRIS_PAD\Data\Raw\IIITD_Contact_Lens_Iris_DB\Cogent Scanner\23\Normal\20120919144937_L.bmp,Cogent,23,Cogent_23,Normal,0,NA,20120919144937_L.bmp
C:\Users\sahar\OneDrive\Desktop\EXPLAINABLE_IRIS_PAD\Data\Raw\IIITD_Contact_Lens_Iris_DB\Cogent Scanner\23\Normal\20120919144937_R.bmp,Cogent,23,Cogent_23,Normal,0,NA,20120919144937_R.bmp
C:\Users\sahar\OneDrive\Desktop\EXPLAINABLE_IRIS_PAD\Data\Raw\IIITD_Contact_Lens_Iris_DB\Cogent Scanner\25\Colored\20120919183827_L.bmp,Cogent,25,Cogent_25,Colored,1,NA,20120919183827_L.bmp
C:\Users\sahar\OneDrive\Desktop\EXPLAINABLE_IRIS_PAD\Data\Raw\IIITD_Contact_Lens_Iris_DB\Cogent Scanner\25\Colored\20120919183827_R.bmp,Cogent,25,Cogent_25,Colored,1,NA,20120919183827_R.bmp
C:\Users\sahar\OneDrive\Desktop\EXPLAINABLE_IRIS_PAD\Data\Raw\IIITD_Contact_Lens_Iris_DB\Cogent Scanner\25\Colored\20120919183831_L.bmp,Cogent,25,Cogent_25,Colored,1,NA,20120919183831_L.bmp
C:\Users\sahar\OneDrive\Desktop\EXPLAINABLE_IRIS_PAD\Data\Raw\IIITD_Contact_Lens_Iris_DB\Cogent Scanner\25\Colored\20120919183831_R.bmp,Cogent,25,Cogent_25,Colored,1,NA,20120919183831_R.bmp
C:\Users\sahar\OneDrive\Desktop\EXPLAINABLE_IRIS_PAD\Data\Raw\IIITD_Contact_Lens_Iris_DB\Cogent Scanner\25\Colored\20120919183835_L.bmp,Cogent,25,Cogent_25,Colored,1,NA,20120919183835_L.bmp
C:\Users\sahar\OneDrive\Desktop\EXPLAINABLE_IRIS_PAD\Data\Raw\IIITD_Contact_Lens_Iris_DB\Cogent Scanner\25\Colored\20120919183835_R.bmp,Cogent,25,Cogent_25,Colored,1,NA,20120919183835_R.bmp
C:\Users\sahar\OneDrive\Desktop\EXPLAINABLE_IRIS_PAD\Data\Raw\IIITD_Contact_Lens_Iris_DB\Cogent Scanner\25\Colored\20120919183842_L.bmp,Cogent,25,Cogent_25,Colored,1,NA,20120919183842_L.bmp
C:\Users\sahar\OneDrive\Desktop\EXPLAINABLE_IRIS_PAD\Data\Raw\IIITD_Contact_Lens_Iris_DB\Cogent Scanner\25\Colored\20120919183842_R.bmp,Cogent,25,Cogent_25,Colored,1,NA,20120919183842_R.bmp
C:\Users\sahar\OneDrive\Desktop\EXPLAINABLE_IRIS_PAD\Data\Raw\IIITD_Contact_Lens_Iris_DB\Cogent Scanner\25\Colored\20120919183846_L.bmp,Cogent,25,Cogent_25,Colored,1,NA,20120919183846_L.bmp
C:\Users\sahar\OneDrive\Desktop\EXPLAINABLE_IRIS_PAD\Data\Raw\IIITD_Contact_Lens_Iris_DB\Cogent Scanner\25\Colored\20120919183846_R.bmp,Cogent,25,Cogent_25,Colored,1,NA,20120919183846_R.bmp
C:\Users\sahar\OneDrive\Desktop\EXPLAINABLE_IRIS_PAD\Data\Raw\IIITD_Contact_Lens_Iris_DB\Cogent Scanner\25\Colored\20120919183849_L.bmp,Cogent,25,Cogent_25,Colored,1,NA,20120919183849_L.bmp
C:\Users\sahar\OneDrive\Desktop\EXPLAINABLE_IRIS_PAD\Data\Raw\IIITD_Contact_Lens_Iris_DB\Cogent Scanner\25\Colored\20120919183849_R.bmp,Cogent,25,Cogent_25,Colored,1,NA,20120919183849_R.bmp
C:\Users\sahar\OneDrive\Desktop\EXPLAINABLE_IRIS_PAD\Data\Raw\IIITD_Contact_Lens_Iris_DB\Cogent Scanner\25\Normal\20120920132657_L.bmp,Cogent,25,Cogent_25,Normal,0,NA,20120920132657_L.bmp
C:\Users\sahar\OneDrive\Desktop\EXPLAINABLE_IRIS_PAD\Data\Raw\IIITD_Contact_Lens_Iris_DB\Cogent Scanner\25\Normal\20120920132657_R.bmp,Cogent,25,Cogent_25,Normal,0,NA,20120920132657_R.bmp
C:\Users\sahar\OneDrive\Desktop\EXPLAINABLE_IRIS_PAD\Data\Raw\IIITD_Contact_Lens_Iris_DB\Cogent Scanner\25\Normal\20120920132702_L.bmp,Cogent,25,Cogent_25,Normal,0,NA,20120920132702_L.bmp
C:\Users\sahar\OneDrive\Desktop\EXPLAINABLE_IRIS_PAD\Data\Raw\IIITD_Contact_Lens_Iris_DB\Cogent Scanner\25\Normal\20120920132702_R.bmp,Cogent,25,Cogent_25,Normal,0,NA,20120920132702_R.bmp
C:\Users\sahar\OneDrive\Desktop\EXPLAINABLE_IRIS_PAD\Data\Raw\IIITD_Contact_Lens_Iris_DB\Cogent Scanner\25\Normal\20120920132707_L.bmp,Cogent,25,Cogent_25,Normal,0,NA,20120920132707_L.bmp
C:\Users\sahar\OneDrive\Desktop\EXPLAINABLE_IRIS_PAD\Data\Raw\IIITD_Contact_Lens_Iris_DB\Cogent Scanner\25\Normal\20120920132707_R.bmp,Cogent,25,Cogent_25,Normal,0,NA,20120920132707_R.bmp
C:\Users\sahar\OneDrive\Desktop\EXPLAINABLE_IRIS_PAD\Data\Raw\IIITD_Contact_Lens_Iris_DB\Cogent Scanner\25\Normal\20120920132711_L.bmp,Cogent,25,Cogent_25,Normal,0,NA,20120920132711_L.bmp
C:\Users\sahar\OneDrive\Desktop\EXPLAINABLE_IRIS_PAD\Data\Raw\IIITD_Contact_Lens_Iris_DB\Cogent Scanner\25\Normal\20120920132711_R.bmp,Cogent,25,Cogent_25,Normal,0,NA,20120920132711_R.bmp
C:\Users\sahar\OneDrive\Desktop\EXPLAINABLE_IRIS_PAD\Data\Raw\IIITD_Contact_Lens_Iris_DB\Cogent Scanner\25\Normal\20120920132715_L.bmp,Cogent,25,Cogent_25,Normal,0,NA,20120920132715_L.bmp
C:\Users\sahar\OneDrive\Desktop\EXPLAINABLE_IRIS_PAD\Data\Raw\IIITD_Contact_Lens_Iris_DB\Cogent Scanner\25\Normal\20120920132715_R.bmp,Cogent,25,Cogent_25,Normal,0,NA,20120920132715_R.bmp
C:\Users\sahar\OneDrive\Desktop\EXPLAINABLE_IRIS_PAD\Data\Raw\IIITD_Contact_Lens_Iris_DB\Cogent Scanner\26\Colored\20120919171143_L.bmp,Cogent,26,Cogent_26,Colored,1,NA,20120919171143_L.bmp
C:\Users\sahar\OneDrive\Desktop\EXPLAINABLE_IRIS_PAD\Data\Raw\IIITD_Contact_Lens_Iris_DB\Cogent Scanner\26\Colored\20120919171143_R.bmp,Cogent,26,Cogent_26,Colored,1,NA,20120919171143_R.bmp
C:\Users\sahar\OneDrive\Desktop\EXPLAINABLE_IRIS_PAD\Data\Raw\IIITD_Contact_Lens_Iris_DB\Cogent Scanner\26\Colored\20120919171147_L.bmp,Cogent,26,Cogent_26,Colored,1,NA,20120919171147_L.bmp
C:\Users\sahar\OneDrive\Desktop\EXPLAINABLE_IRIS_PAD\Data\Raw\IIITD_Contact_Lens_Iris_DB\Cogent Scanner\26\Colored\20120919171147_R.bmp,Cogent,26,Cogent_26,Colored,1,NA,20120919171147_R.bmp
C:\Users\sahar\OneDrive\Desktop\EXPLAINABLE_IRIS_PAD\Data\Raw\IIITD_Contact_Lens_Iris_DB\Cogent Scanner\26\Colored\20120919171151_L.bmp,Cogent,26,Cogent_26,Colored,1,NA,20120919171151_L.bmp
C:\Users\sahar\OneDrive\Desktop\EXPLAINABLE_IRIS_PAD\Data\Raw\IIITD_Contact_Lens_Iris_DB\Cogent Scanner\26\Colored\20120919171151_R.bmp,Cogent,26,Cogent_26,Colored,1,NA,20120919171151_R.bmp
C:\Users\sahar\OneDrive\Desktop\EXPLAINABLE_IRIS_PAD\Data\Raw\IIITD_Contact_Lens_Iris_DB\Cogent Scanner\26\Colored\20120919171154_L.bmp,Cogent,26,Cogent_26,Colored,1,NA,20120919171154_L.bmp
C:\Users\sahar\OneDrive\Desktop\EXPLAINABLE_IRIS_PAD\Data\Raw\IIITD_Contact_Lens_Iris_DB\Cogent Scanner\26\Colored\20120919171154_R.bmp,Cogent,26,Cogent_26,Colored,1,NA,20120919171154_R.bmp
C:\Users\sahar\OneDrive\Desktop\EXPLAINABLE_IRIS_PAD\Data\Raw\IIITD_Contact_Lens_Iris_DB\Cogent Scanner\26\Colored\20120919171157_L.bmp,Cogent,26,Cogent_26,Colored,1,NA,20120919171157_L.bmp
C:\Users\sahar\OneDrive\Desktop\EXPLAINABLE_IRIS_PAD\Data\Raw\IIITD_Contact_Lens_Iris_DB\Cogent Scanner\26\Colored\20120919171157_R.bmp,Cogent,26,Cogent_26,Colored,1,NA,20120919171157_R.bmp
C:\Users\sahar\OneDrive\Desktop\EXPLAINABLE_IRIS_PAD\Data\Raw\IIITD_Contact_Lens_Iris_DB\Cogent Scanner\26\Colored\20120919171159_L.bmp,Cogent,26,Cogent_26,Colored,1,NA,20120919171159_L.bmp
C:\Users\sahar\OneDrive\Desktop\EXPLAINABLE_IRIS_PAD\Data\Raw\IIITD_Contact_Lens_Iris_DB\Cogent Scanner\26\Colored\20120919171159_R.bmp,Cogent,26,Cogent_26,Colored,1,NA,20120919171159_R.bmp
C:\Users\sahar\OneDrive\Desktop\EXPLAINABLE_IRIS_PAD\Data\Raw\IIITD_Contact_Lens_Iris_DB\Cogent Scanner\26\Normal\20120919164013_L.bmp,Cogent,26,Cogent_26,Normal,0,NA,20120919164013_L.bmp
C:\Users\sahar\OneDrive\Desktop\EXPLAINABLE_IRIS_PAD\Data\Raw\IIITD_Contact_Lens_Iris_DB\Cogent Scanner\26\Normal\20120919164013_R.bmp,Cogent,26,Cogent_26,Normal,0,NA,20120919164013_R.bmp
C:\Users\sahar\OneDrive\Desktop\EXPLAINABLE_IRIS_PAD\Data\Raw\IIITD_Contact_Lens_Iris_DB\Cogent Scanner\26\Normal\20120919164015_L.bmp,Cogent,26,Cogent_26,Normal,0,NA,20120919164015_L.bmp
C:\Users\sahar\OneDrive\Desktop\EXPLAINABLE_IRIS_PAD\Data\Raw\IIITD_Contact_Lens_Iris_DB\Cogent Scanner\26\Normal\20120919164015_R.bmp,Cogent,26,Cogent_26,Normal,0,NA,20120919164015_R.bmp
C:\Users\sahar\OneDrive\Desktop\EXPLAINABLE_IRIS_PAD\Data\Raw\IIITD_Contact_Lens_Iris_DB\Cogent Scanner\26\Normal\20120919164018_L.bmp,Cogent,26,Cogent_26,Normal,0,NA,20120919164018_L.bmp
C:\Users\sahar\OneDrive\Desktop\EXPLAINABLE_IRIS_PAD\Data\Raw\IIITD_Contact_Lens_Iris_DB\Cogent Scanner\26\Normal\20120919164018_R.bmp,Cogent,26,Cogent_26,Normal,0,NA,20120919164018_R.bmp
C:\Users\sahar\OneDrive\Desktop\EXPLAINABLE_IRIS_PAD\Data\Raw\IIITD_Contact_Lens_Iris_DB\Cogent Scanner\26\Normal\20120919164020_L.bmp,Cogent,26,Cogent_26,Normal,0,NA,20120919164020_L.bmp
C:\Users\sahar\OneDrive\Desktop\EXPLAINABLE_IRIS_PAD\Data\Raw\IIITD_Contact_Lens_Iris_DB\Cogent Scanner\26\Normal\20120919164020_R.bmp,Cogent,26,Cogent_26,Normal,0,NA,20120919164020_R.bmp
C:\Users\sahar\OneDrive\Desktop\EXPLAINABLE_IRIS_PAD\Data\Raw\IIITD_Contact_Lens_Iris_DB\Cogent Scanner\26\Normal\20120919164023_L.bmp,Cogent,26,Cogent_26,Normal,0,NA,20120919164023_L.bmp
C:\Users\sahar\OneDrive\Desktop\EXPLAINABLE_IRIS_PAD\Data\Raw\IIITD_Contact_Lens_Iris_DB\Cogent Scanner\26\Normal\20120919164023_R.bmp,Cogent,26,Cogent_26,Normal,0,NA,20120919164023_R.bmp
C:\Users\sahar\OneDrive\Desktop\EXPLAINABLE_IRIS_PAD\Data\Raw\IIITD_Contact_Lens_Iris_DB\Cogent Scanner\26\Normal\20120919164027_L.bmp,Cogent,26,Cogent_26,Normal,0,NA,20120919164027_L.bmp
C:\Users\sahar\OneDrive\Desktop\EXPLAINABLE_IRIS_PAD\Data\Raw\IIITD_Contact_Lens_Iris_DB\Cogent Scanner\26\Normal\20120919164027_R.bmp,Cogent,26,Cogent_26,Normal,0,NA,20120919164027_R.bmp
C:\Users\sahar\OneDrive\Desktop\EXPLAINABLE_IRIS_PAD\Data\Raw\IIITD_Contact_Lens_Iris_DB\Cogent Scanner\26\Normal\20120919164031_L.bmp,Cogent,26,Cogent_26,Normal,0,NA,20120919164031_L.bmp
C:\Users\sahar\OneDrive\Desktop\EXPLAINABLE_IRIS_PAD\Data\Raw\IIITD_Contact_Lens_Iris_DB\Cogent Scanner\26\Normal\20120919164031_R.bmp,Cogent,26,Cogent_26,Normal,0,NA,20120919164031_R.bmp
C:\Users\sahar\OneDrive\Desktop\EXPLAINABLE_IRIS_PAD\Data\Raw\IIITD_Contact_Lens_Iris_DB\Cogent Scanner\27\Colored\20120913165005_L.bmp,Cogent,27,Cogent_27,Colored,1,NA,20120913165005_L.bmp
C:\Users\sahar\OneDrive\Desktop\EXPLAINABLE_IRIS_PAD\Data\Raw\IIITD_Contact_Lens_Iris_DB\Cogent Scanner\27\Colored\20120913165005_R.bmp,Cogent,27,Cogent_27,Colored,1,NA,20120913165005_R.bmp
C:\Users\sahar\OneDrive\Desktop\EXPLAINABLE_IRIS_PAD\Data\Raw\IIITD_Contact_Lens_Iris_DB\Cogent Scanner\27\Colored\20120913165012_L.bmp,Cogent,27,Cogent_27,Colored,1,NA,20120913165012_L.bmp
C:\Users\sahar\OneDrive\Desktop\EXPLAINABLE_IRIS_PAD\Data\Raw\IIITD_Contact_Lens_Iris_DB\Cogent Scanner\27\Colored\20120913165012_R.bmp,Cogent,27,Cogent_27,Colored,1,NA,20120913165012_R.bmp
C:\Users\sahar\OneDrive\Desktop\EXPLAINABLE_IRIS_PAD\Data\Raw\IIITD_Contact_Lens_Iris_DB\Cogent Scanner\27\Colored\20120913165015_L.bmp,Cogent,27,Cogent_27,Colored,1,NA,20120913165015_L.bmp
C:\Users\sahar\OneDrive\Desktop\EXPLAINABLE_IRIS_PAD\Data\Raw\IIITD_Contact_Lens_Iris_DB\Cogent Scanner\27\Colored\20120913165015_R.bmp,Cogent,27,Cogent_27,Colored,1,NA,20120913165015_R.bmp
C:\Users\sahar\OneDrive\Desktop\EXPLAINABLE_IRIS_PAD\Data\Raw\IIITD_Contact_Lens_Iris_DB\Cogent Scanner\27\Colored\20120913165017_L.bmp,Cogent,27,Cogent_27,Colored,1,NA,20120913165017_L.bmp
C:\Users\sahar\OneDrive\Desktop\EXPLAINABLE_IRIS_PAD\Data\Raw\IIITD_Contact_Lens_Iris_DB\Cogent Scanner\27\Colored\20120913165017_R.bmp,Cogent,27,Cogent_27,Colored,1,NA,20120913165017_R.bmp
C:\Users\sahar\OneDrive\Desktop\EXPLAINABLE_IRIS_PAD\Data\Raw\IIITD_Contact_Lens_Iris_DB\Cogent Scanner\27\Colored\20120913165020_L.bmp,Cogent,27,Cogent_27,Colored,1,NA,20120913165020_L.bmp
C:\Users\sahar\OneDrive\Desktop\EXPLAINABLE_IRIS_PAD\Data\Raw\IIITD_Contact_Lens_Iris_DB\Cogent Scanner\27\Colored\20120913165020_R.bmp,Cogent,27,Cogent_27,Colored,1,NA,20120913165020_R.bmp
C:\Users\sahar\OneDrive\Desktop\EXPLAINABLE_IRIS_PAD\Data\Raw\IIITD_Contact_Lens_Iris_DB\Cogent Scanner\27\Colored\20120913165025_L.bmp,Cogent,27,Cogent_27,Colored,1,NA,20120913165025_L.bmp
C:\Users\sahar\OneDrive\Desktop\EXPLAINABLE_IRIS_PAD\Data\Raw\IIITD_Contact_Lens_Iris_DB\Cogent Scanner\27\Colored\20120913165025_R.bmp,Cogent,27,Cogent_27,Colored,1,NA,20120913165025_R.bmp
C:\Users\sahar\OneDrive\Desktop\EXPLAINABLE_IRIS_PAD\Data\Raw\IIITD_Contact_Lens_Iris_DB\Cogent Scanner\27\Normal\20120913154043_L.bmp,Cogent,27,Cogent_27,Normal,0,NA,20120913154043_L.bmp
C:\Users\sahar\OneDrive\Desktop\EXPLAINABLE_IRIS_PAD\Data\Raw\IIITD_Contact_Lens_Iris_DB\Cogent Scanner\27\Normal\20120913154043_R.bmp,Cogent,27,Cogent_27,Normal,0,NA,20120913154043_R.bmp
C:\Users\sahar\OneDrive\Desktop\EXPLAINABLE_IRIS_PAD\Data\Raw\IIITD_Contact_Lens_Iris_DB\Cogent Scanner\27\Normal\20120913154053_L.bmp,Cogent,27,Cogent_27,Normal,0,NA,20120913154053_L.bmp
C:\Users\sahar\OneDrive\Desktop\EXPLAINABLE_IRIS_PAD\Data\Raw\IIITD_Contact_Lens_Iris_DB\Cogent Scanner\27\Normal\20120913154053_R.bmp,Cogent,27,Cogent_27,Normal,0,NA,20120913154053_R.bmp
C:\Users\sahar\OneDrive\Desktop\EXPLAINABLE_IRIS_PAD\Data\Raw\IIITD_Contact_Lens_Iris_DB\Cogent Scanner\27\Normal\20120913154100_L.bmp,Cogent,27,Cogent_27,Normal,0,NA,20120913154100_L.bmp
C:\Users\sahar\OneDrive\Desktop\EXPLAINABLE_IRIS_PAD\Data\Raw\IIITD_Contact_Lens_Iris_DB\Cogent Scanner\27\Normal\20120913154100_R.bmp,Cogent,27,Cogent_27,Normal,0,NA,20120913154100_R.bmp
C:\Users\sahar\OneDrive\Desktop\EXPLAINABLE_IRIS_PAD\Data\Raw\IIITD_Contact_Lens_Iris_DB\Cogent Scanner\27\Normal\20120913154103_L.bmp,Cogent,27,Cogent_27,Normal,0,NA,20120913154103_L.bmp
C:\Users\sahar\OneDrive\Desktop\EXPLAINABLE_IRIS_PAD\Data\Raw\IIITD_Contact_Lens_Iris_DB\Cogent Scanner\27\Normal\20120913154103_R.bmp,Cogent,27,Cogent_27,Normal,0,NA,20120913154103_R.bmp
C:\Users\sahar\OneDrive\Desktop\EXPLAINABLE_IRIS_PAD\Data\Raw\IIITD_Contact_Lens_Iris_DB\Cogent Scanner\27\Normal\20120913154107_L.bmp,Cogent,27,Cogent_27,Normal,0,NA,20120913154107_L.bmp
C:\Users\sahar\OneDrive\Desktop\EXPLAINABLE_IRIS_PAD\Data\Raw\IIITD_Contact_Lens_Iris_DB\Cogent Scanner\27\Normal\20120913154107_R.bmp,Cogent,27,Cogent_27,Normal,0,NA,20120913154107_R.bmp
C:\Users\sahar\OneDrive\Desktop\EXPLAINABLE_IRIS_PAD\Data\Raw\IIITD_Contact_Lens_Iris_DB\Cogent Scanner\29\Colored\20120914141803_L.bmp,Cogent,29,Cogent_29,Colored,1,NA,20120914141803_L.bmp
C:\Users\sahar\OneDrive\Desktop\EXPLAINABLE_IRIS_PAD\Data\Raw\IIITD_Contact_Lens_Iris_DB\Cogent Scanner\29\Colored\20120914141803_R.bmp,Cogent,29,Cogent_29,Colored,1,NA,20120914141803_R.bmp
C:\Users\sahar\OneDrive\Desktop\EXPLAINABLE_IRIS_PAD\Data\Raw\IIITD_Contact_Lens_Iris_DB\Cogent Scanner\29\Colored\20120914141806_L.bmp,Cogent,29,Cogent_29,Colored,1,NA,20120914141806_L.bmp
C:\Users\sahar\OneDrive\Desktop\EXPLAINABLE_IRIS_PAD\Data\Raw\IIITD_Contact_Lens_Iris_DB\Cogent Scanner\29\Colored\20120914141806_R.bmp,Cogent,29,Cogent_29,Colored,1,NA,20120914141806_R.bmp
C:\Users\sahar\OneDrive\Desktop\EXPLAINABLE_IRIS_PAD\Data\Raw\IIITD_Contact_Lens_Iris_DB\Cogent Scanner\29\Colored\20120914141811_L.bmp,Cogent,29,Cogent_29,Colored,1,NA,20120914141811_L.bmp
C:\Users\sahar\OneDrive\Desktop\EXPLAINABLE_IRIS_PAD\Data\Raw\IIITD_Contact_Lens_Iris_DB\Cogent Scanner\29\Colored\20120914141811_R.bmp,Cogent,29,Cogent_29,Colored,1,NA,20120914141811_R.bmp
C:\Users\sahar\OneDrive\Desktop\EXPLAINABLE_IRIS_PAD\Data\Raw\IIITD_Contact_Lens_Iris_DB\Cogent Scanner\29\Colored\20120914141817_L.bmp,Cogent,29,Cogent_29,Colored,1,NA,20120914141817_L.bmp
C:\Users\sahar\OneDrive\Desktop\EXPLAINABLE_IRIS_PAD\Data\Raw\IIITD_Contact_Lens_Iris_DB\Cogent Scanner\29\Colored\20120914141817_R.bmp,Cogent,29,Cogent_29,Colored,1,NA,20120914141817_R.bmp
C:\Users\sahar\OneDrive\Desktop\EXPLAINABLE_IRIS_PAD\Data\Raw\IIITD_Contact_Lens_Iris_DB\Cogent Scanner\29\Colored\20120914141820_L.bmp,Cogent,29,Cogent_29,Colored,1,NA,20120914141820_L.bmp
C:\Users\sahar\OneDrive\Desktop\EXPLAINABLE_IRIS_PAD\Data\Raw\IIITD_Contact_Lens_Iris_DB\Cogent Scanner\29\Colored\20120914141820_R.bmp,Cogent,29,Cogent_29,Colored,1,NA,20120914141820_R.bmp
C:\Users\sahar\OneDrive\Desktop\EXPLAINABLE_IRIS_PAD\Data\Raw\IIITD_Contact_Lens_Iris_DB\Cogent Scanner\29\Colored\20120914141824_L.bmp,Cogent,29,Cogent_29,Colored,1,NA,20120914141824_L.bmp
C:\Users\sahar\OneDrive\Desktop\EXPLAINABLE_IRIS_PAD\Data\Raw\IIITD_Contact_Lens_Iris_DB\Cogent Scanner\29\Colored\20120914141824_R.bmp,Cogent,29,Cogent_29,Colored,1,NA,20120914141824_R.bmp
C:\Users\sahar\OneDrive\Desktop\EXPLAINABLE_IRIS_PAD\Data\Raw\IIITD_Contact_Lens_Iris_DB\Cogent Scanner\29\Normal\20120912130757_L.bmp,Cogent,29,Cogent_29,Normal,0,NA,20120912130757_L.bmp
C:\Users\sahar\OneDrive\Desktop\EXPLAINABLE_IRIS_PAD\Data\Raw\IIITD_Contact_Lens_Iris_DB\Cogent Scanner\29\Normal\20120912130757_R.bmp,Cogent,29,Cogent_29,Normal,0,NA,20120912130757_R.bmp
C:\Users\sahar\OneDrive\Desktop\EXPLAINABLE_IRIS_PAD\Data\Raw\IIITD_Contact_Lens_Iris_DB\Cogent Scanner\29\Normal\20120912130801_L.bmp,Cogent,29,Cogent_29,Normal,0,NA,20120912130801_L.bmp
C:\Users\sahar\OneDrive\Desktop\EXPLAINABLE_IRIS_PAD\Data\Raw\IIITD_Contact_Lens_Iris_DB\Cogent Scanner\29\Normal\20120912130801_R.bmp,Cogent,29,Cogent_29,Normal,0,NA,20120912130801_R.bmp
C:\Users\sahar\OneDrive\Desktop\EXPLAINABLE_IRIS_PAD\Data\Raw\IIITD_Contact_Lens_Iris_DB\Cogent Scanner\29\Normal\20120912130807_L.bmp,Cogent,29,Cogent_29,Normal,0,NA,20120912130807_L.bmp
C:\Users\sahar\OneDrive\Desktop\EXPLAINABLE_IRIS_PAD\Data\Raw\IIITD_Contact_Lens_Iris_DB\Cogent Scanner\29\Normal\20120912130807_R.bmp,Cogent,29,Cogent_29,Normal,0,NA,20120912130807_R.bmp
C:\Users\sahar\OneDrive\Desktop\EXPLAINABLE_IRIS_PAD\Data\Raw\IIITD_Contact_Lens_Iris_DB\Cogent Scanner\29\Normal\20120912130814_L.bmp,Cogent,29,Cogent_29,Normal,0,NA,20120912130814_L.bmp
C:\Users\sahar\OneDrive\Desktop\EXPLAINABLE_IRIS_PAD\Data\Raw\IIITD_Contact_Lens_Iris_DB\Cogent Scanner\29\Normal\20120912130814_R.bmp,Cogent,29,Cogent_29,Normal,0,NA,20120912130814_R.bmp
C:\Users\sahar\OneDrive\Desktop\EXPLAINABLE_IRIS_PAD\Data\Raw\IIITD_Contact_Lens_Iris_DB\Cogent Scanner\29\Normal\20120912130822_L.bmp,Cogent,29,Cogent_29,Normal,0,NA,20120912130822_L.bmp
C:\Users\sahar\OneDrive\Desktop\EXPLAINABLE_IRIS_PAD\Data\Raw\IIITD_Contact_Lens_Iris_DB\Cogent Scanner\29\Normal\20120912130822_R.bmp,Cogent,29,Cogent_29,Normal,0,NA,20120912130822_R.bmp
C:\Users\sahar\OneDrive\Desktop\EXPLAINABLE_IRIS_PAD\Data\Raw\IIITD_Contact_Lens_Iris_DB\Cogent Scanner\3\Colored\20120913162039_L.bmp,Cogent,3,Cogent_3,Colored,1,NA,20120913162039_L.bmp
C:\Users\sahar\OneDrive\Desktop\EXPLAINABLE_IRIS_PAD\Data\Raw\IIITD_Contact_Lens_Iris_DB\Cogent Scanner\3\Colored\20120913162039_R.bmp,Cogent,3,Cogent_3,Colored,1,NA,20120913162039_R.bmp
C:\Users\sahar\OneDrive\Desktop\EXPLAINABLE_IRIS_PAD\Data\Raw\IIITD_Contact_Lens_Iris_DB\Cogent Scanner\3\Colored\20120913162044_L.bmp,Cogent,3,Cogent_3,Colored,1,NA,20120913162044_L.bmp
C:\Users\sahar\OneDrive\Desktop\EXPLAINABLE_IRIS_PAD\Data\Raw\IIITD_Contact_Lens_Iris_DB\Cogent Scanner\3\Colored\20120913162044_R.bmp,Cogent,3,Cogent_3,Colored,1,NA,20120913162044_R.bmp
C:\Users\sahar\OneDrive\Desktop\EXPLAINABLE_IRIS_PAD\Data\Raw\IIITD_Contact_Lens_Iris_DB\Cogent Scanner\3\Colored\20120913162049_L.bmp,Cogent,3,Cogent_3,Colored,1,NA,20120913162049_L.bmp
C:\Users\sahar\OneDrive\Desktop\EXPLAINABLE_IRIS_PAD\Data\Raw\IIITD_Contact_Lens_Iris_DB\Cogent Scanner\3\Colored\20120913162049_R.bmp,Cogent,3,Cogent_3,Colored,1,NA,20120913162049_R.bmp
C:\Users\sahar\OneDrive\Desktop\EXPLAINABLE_IRIS_PAD\Data\Raw\IIITD_Contact_Lens_Iris_DB\Cogent Scanner\3\Colored\20120913162057_L.bmp,Cogent,3,Cogent_3,Colored,1,NA,20120913162057_L.bmp
C:\Users\sahar\OneDrive\Desktop\EXPLAINABLE_IRIS_PAD\Data\Raw\IIITD_Contact_Lens_Iris_DB\Cogent Scanner\3\Colored\20120913162057_R.bmp,Cogent,3,Cogent_3,Colored,1,NA,20120913162057_R.bmp
C:\Users\sahar\OneDrive\Desktop\EXPLAINABLE_IRIS_PAD\Data\Raw\IIITD_Contact_Lens_Iris_DB\Cogent Scanner\3\Colored\20120913162104_L.bmp,Cogent,3,Cogent_3,Colored,1,NA,20120913162104_L.bmp
C:\Users\sahar\OneDrive\Desktop\EXPLAINABLE_IRIS_PAD\Data\Raw\IIITD_Contact_Lens_Iris_DB\Cogent Scanner\3\Colored\20120913162104_R.bmp,Cogent,3,Cogent_3,Colored,1,NA,20120913162104_R.bmp
C:\Users\sahar\OneDrive\Desktop\EXPLAINABLE_IRIS_PAD\Data\Raw\IIITD_Contact_Lens_Iris_DB\Cogent Scanner\3\Colored\20120913162109_L.bmp,Cogent,3,Cogent_3,Colored,1,NA,20120913162109_L.bmp
C:\Users\sahar\OneDrive\Desktop\EXPLAINABLE_IRIS_PAD\Data\Raw\IIITD_Contact_Lens_Iris_DB\Cogent Scanner\3\Colored\20120913162109_R.bmp,Cogent,3,Cogent_3,Colored,1,NA,20120913162109_R.bmp
C:\Users\sahar\OneDrive\Desktop\EXPLAINABLE_IRIS_PAD\Data\Raw\IIITD_Contact_Lens_Iris_DB\Cogent Scanner\3\Normal\20120914144720_L.bmp,Cogent,3,Cogent_3,Normal,0,NA,20120914144720_L.bmp
C:\Users\sahar\OneDrive\Desktop\EXPLAINABLE_IRIS_PAD\Data\Raw\IIITD_Contact_Lens_Iris_DB\Cogent Scanner\3\Normal\20120914144720_R.bmp,Cogent,3,Cogent_3,Normal,0,NA,20120914144720_R.bmp
C:\Users\sahar\OneDrive\Desktop\EXPLAINABLE_IRIS_PAD\Data\Raw\IIITD_Contact_Lens_Iris_DB\Cogent Scanner\3\Normal\20120914144725_L.bmp,Cogent,3,Cogent_3,Normal,0,NA,20120914144725_L.bmp
C:\Users\sahar\OneDrive\Desktop\EXPLAINABLE_IRIS_PAD\Data\Raw\IIITD_Contact_Lens_Iris_DB\Cogent Scanner\3\Normal\20120914144725_R.bmp,Cogent,3,Cogent_3,Normal,0,NA,20120914144725_R.bmp
C:\Users\sahar\OneDrive\Desktop\EXPLAINABLE_IRIS_PAD\Data\Raw\IIITD_Contact_Lens_Iris_DB\Cogent Scanner\3\Normal\20120914144728_L.bmp,Cogent,3,Cogent_3,Normal,0,NA,20120914144728_L.bmp
C:\Users\sahar\OneDrive\Desktop\EXPLAINABLE_IRIS_PAD\Data\Raw\IIITD_Contact_Lens_Iris_DB\Cogent Scanner\3\Normal\20120914144728_R.bmp,Cogent,3,Cogent_3,Normal,0,NA,20120914144728_R.bmp
C:\Users\sahar\OneDrive\Desktop\EXPLAINABLE_IRIS_PAD\Data\Raw\IIITD_Contact_Lens_Iris_DB\Cogent Scanner\3\Normal\20120914144731_L.bmp,Cogent,3,Cogent_3,Normal,0,NA,20120914144731_L.bmp
C:\Users\sahar\OneDrive\Desktop\EXPLAINABLE_IRIS_PAD\Data\Raw\IIITD_Contact_Lens_Iris_DB\Cogent Scanner\3\Normal\20120914144731_R.bmp,Cogent,3,Cogent_3,Normal,0,NA,20120914144731_R.bmp
C:\Users\sahar\OneDrive\Desktop\EXPLAINABLE_IRIS_PAD\Data\Raw\IIITD_Contact_Lens_Iris_DB\Cogent Scanner\3\Normal\20120914144740_L.bmp,Cogent,3,Cogent_3,Normal,0,NA,20120914144740_L.bmp
C:\Users\sahar\OneDrive\Desktop\EXPLAINABLE_IRIS_PAD\Data\Raw\IIITD_Contact_Lens_Iris_DB\Cogent Scanner\3\Normal\20120914144740_R.bmp,Cogent,3,Cogent_3,Normal,0,NA,20120914144740_R.bmp
C:\Users\sahar\OneDrive\Desktop\EXPLAINABLE_IRIS_PAD\Data\Raw\IIITD_Contact_Lens_Iris_DB\Cogent Scanner\3\Normal\20120914144749_L.bmp,Cogent,3,Cogent_3,Normal,0,NA,20120914144749_L.bmp
C:\Users\sahar\OneDrive\Desktop\EXPLAINABLE_IRIS_PAD\Data\Raw\IIITD_Contact_Lens_Iris_DB\Cogent Scanner\3\Normal\20120914144749_R.bmp,Cogent,3,Cogent_3,Normal,0,NA,20120914144749_R.bmp
C:\Users\sahar\OneDrive\Desktop\EXPLAINABLE_IRIS_PAD\Data\Raw\IIITD_Contact_Lens_Iris_DB\Cogent Scanner\30\Colored\20120913153011_L.bmp,Cogent,30,Cogent_30,Colored,1,NA,20120913153011_L.bmp
C:\Users\sahar\OneDrive\Desktop\EXPLAINABLE_IRIS_PAD\Data\Raw\IIITD_Contact_Lens_Iris_DB\Cogent Scanner\30\Colored\20120913153011_R.bmp,Cogent,30,Cogent_30,Colored,1,NA,20120913153011_R.bmp
C:\Users\sahar\OneDrive\Desktop\EXPLAINABLE_IRIS_PAD\Data\Raw\IIITD_Contact_Lens_Iris_DB\Cogent Scanner\30\Colored\20120913153014_L.bmp,Cogent,30,Cogent_30,Colored,1,NA,20120913153014_L.bmp
C:\Users\sahar\OneDrive\Desktop\EXPLAINABLE_IRIS_PAD\Data\Raw\IIITD_Contact_Lens_Iris_DB\Cogent Scanner\30\Colored\20120913153014_R.bmp,Cogent,30,Cogent_30,Colored,1,NA,20120913153014_R.bmp
C:\Users\sahar\OneDrive\Desktop\EXPLAINABLE_IRIS_PAD\Data\Raw\IIITD_Contact_Lens_Iris_DB\Cogent Scanner\30\Colored\20120913153017_L.bmp,Cogent,30,Cogent_30,Colored,1,NA,20120913153017_L.bmp
C:\Users\sahar\OneDrive\Desktop\EXPLAINABLE_IRIS_PAD\Data\Raw\IIITD_Contact_Lens_Iris_DB\Cogent Scanner\30\Colored\20120913153017_R.bmp,Cogent,30,Cogent_30,Colored,1,NA,20120913153017_R.bmp
C:\Users\sahar\OneDrive\Desktop\EXPLAINABLE_IRIS_PAD\Data\Raw\IIITD_Contact_Lens_Iris_DB\Cogent Scanner\30\Colored\20120913153029_L.bmp,Cogent,30,Cogent_30,Colored,1,NA,20120913153029_L.bmp
C:\Users\sahar\OneDrive\Desktop\EXPLAINABLE_IRIS_PAD\Data\Raw\IIITD_Contact_Lens_Iris_DB\Cogent Scanner\30\Colored\20120913153029_R.bmp,Cogent,30,Cogent_30,Colored,1,NA,20120913153029_R.bmp
C:\Users\sahar\OneDrive\Desktop\EXPLAINABLE_IRIS_PAD\Data\Raw\IIITD_Contact_Lens_Iris_DB\Cogent Scanner\30\Colored\20120913153031_L.bmp,Cogent,30,Cogent_30,Colored,1,NA,20120913153031_L.bmp
C:\Users\sahar\OneDrive\Desktop\EXPLAINABLE_IRIS_PAD\Data\Raw\IIITD_Contact_Lens_Iris_DB\Cogent Scanner\30\Colored\20120913153031_R.bmp,Cogent,30,Cogent_30,Colored,1,NA,20120913153031_R.bmp
C:\Users\sahar\OneDrive\Desktop\EXPLAINABLE_IRIS_PAD\Data\Raw\IIITD_Contact_Lens_Iris_DB\Cogent Scanner\30\Colored\20120913153034_L.bmp,Cogent,30,Cogent_30,Colored,1,NA,20120913153034_L.bmp
C:\Users\sahar\OneDrive\Desktop\EXPLAINABLE_IRIS_PAD\Data\Raw\IIITD_Contact_Lens_Iris_DB\Cogent Scanner\30\Colored\20120913153034_R.bmp,Cogent,30,Cogent_30,Colored,1,NA,20120913153034_R.bmp
C:\Users\sahar\OneDrive\Desktop\EXPLAINABLE_IRIS_PAD\Data\Raw\IIITD_Contact_Lens_Iris_DB\Cogent Scanner\30\Normal\20120913143523_L.bmp,Cogent,30,Cogent_30,Normal,0,NA,20120913143523_L.bmp
C:\Users\sahar\OneDrive\Desktop\EXPLAINABLE_IRIS_PAD\Data\Raw\IIITD_Contact_Lens_Iris_DB\Cogent Scanner\30\Normal\20120913143523_R.bmp,Cogent,30,Cogent_30,Normal,0,NA,20120913143523_R.bmp
C:\Users\sahar\OneDrive\Desktop\EXPLAINABLE_IRIS_PAD\Data\Raw\IIITD_Contact_Lens_Iris_DB\Cogent Scanner\30\Normal\20120913143528_L.bmp,Cogent,30,Cogent_30,Normal,0,NA,20120913143528_L.bmp
C:\Users\sahar\OneDrive\Desktop\EXPLAINABLE_IRIS_PAD\Data\Raw\IIITD_Contact_Lens_Iris_DB\Cogent Scanner\30\Normal\20120913143528_R.bmp,Cogent,30,Cogent_30,Normal,0,NA,20120913143528_R.bmp
C:\Users\sahar\OneDrive\Desktop\EXPLAINABLE_IRIS_PAD\Data\Raw\IIITD_Contact_Lens_Iris_DB\Cogent Scanner\30\Normal\20120913143531_L.bmp,Cogent,30,Cogent_30,Normal,0,NA,20120913143531_L.bmp
C:\Users\sahar\OneDrive\Desktop\EXPLAINABLE_IRIS_PAD\Data\Raw\IIITD_Contact_Lens_Iris_DB\Cogent Scanner\30\Normal\20120913143531_R.bmp,Cogent,30,Cogent_30,Normal,0,NA,20120913143531_R.bmp
C:\Users\sahar\OneDrive\Desktop\EXPLAINABLE_IRIS_PAD\Data\Raw\IIITD_Contact_Lens_Iris_DB\Cogent Scanner\30\Normal\20120913143539_L.bmp,Cogent,30,Cogent_30,Normal,0,NA,20120913143539_L.bmp
C:\Users\sahar\OneDrive\Desktop\EXPLAINABLE_IRIS_PAD\Data\Raw\IIITD_Contact_Lens_Iris_DB\Cogent Scanner\30\Normal\20120913143539_R.bmp,Cogent,30,Cogent_30,Normal,0,NA,20120913143539_R.bmp
C:\Users\sahar\OneDrive\Desktop\EXPLAINABLE_IRIS_PAD\Data\Raw\IIITD_Contact_Lens_Iris_DB\Cogent Scanner\30\Normal\20120913143544_L.bmp,Cogent,30,Cogent_30,Normal,0,NA,20120913143544_L.bmp
C:\Users\sahar\OneDrive\Desktop\EXPLAINABLE_IRIS_PAD\Data\Raw\IIITD_Contact_Lens_Iris_DB\Cogent Scanner\30\Normal\20120913143544_R.bmp,Cogent,30,Cogent_30,Normal,0,NA,20120913143544_R.bmp
C:\Users\sahar\OneDrive\Desktop\EXPLAINABLE_IRIS_PAD\Data\Raw\IIITD_Contact_Lens_Iris_DB\Cogent Scanner\30\Normal\20120913143549_L.bmp,Cogent,30,Cogent_30,Normal,0,NA,20120913143549_L.bmp
C:\Users\sahar\OneDrive\Desktop\EXPLAINABLE_IRIS_PAD\Data\Raw\IIITD_Contact_Lens_Iris_DB\Cogent Scanner\30\Normal\20120913143549_R.bmp,Cogent,30,Cogent_30,Normal,0,NA,20120913143549_R.bmp
C:\Users\sahar\OneDrive\Desktop\EXPLAINABLE_IRIS_PAD\Data\Raw\IIITD_Contact_Lens_Iris_DB\Cogent Scanner\31\Colored\20120912123709_L.bmp,Cogent,31,Cogent_31,Colored,1,NA,20120912123709_L.bmp
C:\Users\sahar\OneDrive\Desktop\EXPLAINABLE_IRIS_PAD\Data\Raw\IIITD_Contact_Lens_Iris_DB\Cogent Scanner\31\Colored\20120912123709_R.bmp,Cogent,31,Cogent_31,Colored,1,NA,20120912123709_R.bmp
C:\Users\sahar\OneDrive\Desktop\EXPLAINABLE_IRIS_PAD\Data\Raw\IIITD_Contact_Lens_Iris_DB\Cogent Scanner\31\Colored\20120912123713_L.bmp,Cogent,31,Cogent_31,Colored,1,NA,20120912123713_L.bmp
C:\Users\sahar\OneDrive\Desktop\EXPLAINABLE_IRIS_PAD\Data\Raw\IIITD_Contact_Lens_Iris_DB\Cogent Scanner\31\Colored\20120912123713_R.bmp,Cogent,31,Cogent_31,Colored,1,NA,20120912123713_R.bmp
C:\Users\sahar\OneDrive\Desktop\EXPLAINABLE_IRIS_PAD\Data\Raw\IIITD_Contact_Lens_Iris_DB\Cogent Scanner\31\Colored\20120912123719_L.bmp,Cogent,31,Cogent_31,Colored,1,NA,20120912123719_L.bmp
C:\Users\sahar\OneDrive\Desktop\EXPLAINABLE_IRIS_PAD\Data\Raw\IIITD_Contact_Lens_Iris_DB\Cogent Scanner\31\Colored\20120912123719_R.bmp,Cogent,31,Cogent_31,Colored,1,NA,20120912123719_R.bmp
C:\Users\sahar\OneDrive\Desktop\EXPLAINABLE_IRIS_PAD\Data\Raw\IIITD_Contact_Lens_Iris_DB\Cogent Scanner\31\Colored\20120912123731_L.bmp,Cogent,31,Cogent_31,Colored,1,NA,20120912123731_L.bmp
C:\Users\sahar\OneDrive\Desktop\EXPLAINABLE_IRIS_PAD\Data\Raw\IIITD_Contact_Lens_Iris_DB\Cogent Scanner\31\Colored\20120912123731_R.bmp,Cogent,31,Cogent_31,Colored,1,NA,20120912123731_R.bmp
C:\Users\sahar\OneDrive\Desktop\EXPLAINABLE_IRIS_PAD\Data\Raw\IIITD_Contact_Lens_Iris_DB\Cogent Scanner\31\Colored\20120912123737_L.bmp,Cogent,31,Cogent_31,Colored,1,NA,20120912123737_L.bmp
C:\Users\sahar\OneDrive\Desktop\EXPLAINABLE_IRIS_PAD\Data\Raw\IIITD_Contact_Lens_Iris_DB\Cogent Scanner\31\Colored\20120912123737_R.bmp,Cogent,31,Cogent_31,Colored,1,NA,20120912123737_R.bmp
C:\Users\sahar\OneDrive\Desktop\EXPLAINABLE_IRIS_PAD\Data\Raw\IIITD_Contact_Lens_Iris_DB\Cogent Scanner\31\Normal\20120912122205_L.bmp,Cogent,31,Cogent_31,Normal,0,NA,20120912122205_L.bmp
C:\Users\sahar\OneDrive\Desktop\EXPLAINABLE_IRIS_PAD\Data\Raw\IIITD_Contact_Lens_Iris_DB\Cogent Scanner\31\Normal\20120912122206_R.bmp,Cogent,31,Cogent_31,Normal,0,NA,20120912122206_R.bmp
C:\Users\sahar\OneDrive\Desktop\EXPLAINABLE_IRIS_PAD\Data\Raw\IIITD_Contact_Lens_Iris_DB\Cogent Scanner\31\Normal\20120912122213_L.bmp,Cogent,31,Cogent_31,Normal,0,NA,20120912122213_L.bmp
C:\Users\sahar\OneDrive\Desktop\EXPLAINABLE_IRIS_PAD\Data\Raw\IIITD_Contact_Lens_Iris_DB\Cogent Scanner\31\Normal\20120912122213_R.bmp,Cogent,31,Cogent_31,Normal,0,NA,20120912122213_R.bmp
C:\Users\sahar\OneDrive\Desktop\EXPLAINABLE_IRIS_PAD\Data\Raw\IIITD_Contact_Lens_Iris_DB\Cogent Scanner\31\Normal\20120912122220_L.bmp,Cogent,31,Cogent_31,Normal,0,NA,20120912122220_L.bmp
C:\Users\sahar\OneDrive\Desktop\EXPLAINABLE_IRIS_PAD\Data\Raw\IIITD_Contact_Lens_Iris_DB\Cogent Scanner\31\Normal\20120912122220_R.bmp,Cogent,31,Cogent_31,Normal,0,NA,20120912122220_R.bmp
C:\Users\sahar\OneDrive\Desktop\EXPLAINABLE_IRIS_PAD\Data\Raw\IIITD_Contact_Lens_Iris_DB\Cogent Scanner\31\Normal\20120912122223_L.bmp,Cogent,31,Cogent_31,Normal,0,NA,20120912122223_L.bmp
C:\Users\sahar\OneDrive\Desktop\EXPLAINABLE_IRIS_PAD\Data\Raw\IIITD_Contact_Lens_Iris_DB\Cogent Scanner\31\Normal\20120912122223_R.bmp,Cogent,31,Cogent_31,Normal,0,NA,20120912122223_R.bmp
C:\Users\sahar\OneDrive\Desktop\EXPLAINABLE_IRIS_PAD\Data\Raw\IIITD_Contact_Lens_Iris_DB\Cogent Scanner\31\Normal\20120912122231_L.bmp,Cogent,31,Cogent_31,Normal,0,NA,20120912122231_L.bmp
C:\Users\sahar\OneDrive\Desktop\EXPLAINABLE_IRIS_PAD\Data\Raw\IIITD_Contact_Lens_Iris_DB\Cogent Scanner\31\Normal\20120912122231_R.bmp,Cogent,31,Cogent_31,Normal,0,NA,20120912122231_R.bmp
C:\Users\sahar\OneDrive\Desktop\EXPLAINABLE_IRIS_PAD\Data\Raw\IIITD_Contact_Lens_Iris_DB\Cogent Scanner\32\Colored\20120920143751_L.bmp,Cogent,32,Cogent_32,Colored,1,NA,20120920143751_L.bmp
C:\Users\sahar\OneDrive\Desktop\EXPLAINABLE_IRIS_PAD\Data\Raw\IIITD_Contact_Lens_Iris_DB\Cogent Scanner\32\Colored\20120920143751_R.bmp,Cogent,32,Cogent_32,Colored,1,NA,20120920143751_R.bmp
C:\Users\sahar\OneDrive\Desktop\EXPLAINABLE_IRIS_PAD\Data\Raw\IIITD_Contact_Lens_Iris_DB\Cogent Scanner\32\Colored\20120920143754_L.bmp,Cogent,32,Cogent_32,Colored,1,NA,20120920143754_L.bmp
C:\Users\sahar\OneDrive\Desktop\EXPLAINABLE_IRIS_PAD\Data\Raw\IIITD_Contact_Lens_Iris_DB\Cogent Scanner\32\Colored\20120920143754_R.bmp,Cogent,32,Cogent_32,Colored,1,NA,20120920143754_R.bmp
C:\Users\sahar\OneDrive\Desktop\EXPLAINABLE_IRIS_PAD\Data\Raw\IIITD_Contact_Lens_Iris_DB\Cogent Scanner\32\Colored\20120920143758_L.bmp,Cogent,32,Cogent_32,Colored,1,NA,20120920143758_L.bmp
C:\Users\sahar\OneDrive\Desktop\EXPLAINABLE_IRIS_PAD\Data\Raw\IIITD_Contact_Lens_Iris_DB\Cogent Scanner\32\Colored\20120920143758_R.bmp,Cogent,32,Cogent_32,Colored,1,NA,20120920143758_R.bmp
C:\Users\sahar\OneDrive\Desktop\EXPLAINABLE_IRIS_PAD\Data\Raw\IIITD_Contact_Lens_Iris_DB\Cogent Scanner\32\Colored\20120920143801_L.bmp,Cogent,32,Cogent_32,Colored,1,NA,20120920143801_L.bmp
C:\Users\sahar\OneDrive\Desktop\EXPLAINABLE_IRIS_PAD\Data\Raw\IIITD_Contact_Lens_Iris_DB\Cogent Scanner\32\Colored\20120920143801_R.bmp,Cogent,32,Cogent_32,Colored,1,NA,20120920143801_R.bmp
C:\Users\sahar\OneDrive\Desktop\EXPLAINABLE_IRIS_PAD\Data\Raw\IIITD_Contact_Lens_Iris_DB\Cogent Scanner\32\Colored\20120920143805_L.bmp,Cogent,32,Cogent_32,Colored,1,NA,20120920143805_L.bmp
C:\Users\sahar\OneDrive\Desktop\EXPLAINABLE_IRIS_PAD\Data\Raw\IIITD_Contact_Lens_Iris_DB\Cogent Scanner\32\Colored\20120920143805_R.bmp,Cogent,32,Cogent_32,Colored,1,NA,20120920143805_R.bmp
C:\Users\sahar\OneDrive\Desktop\EXPLAINABLE_IRIS_PAD\Data\Raw\IIITD_Contact_Lens_Iris_DB\Cogent Scanner\32\Colored\20120920143808_L.bmp,Cogent,32,Cogent_32,Colored,1,NA,20120920143808_L.bmp
C:\Users\sahar\OneDrive\Desktop\EXPLAINABLE_IRIS_PAD\Data\Raw\IIITD_Contact_Lens_Iris_DB\Cogent Scanner\32\Colored\20120920143808_R.bmp,Cogent,32,Cogent_32,Colored,1,NA,20120920143808_R.bmp
C:\Users\sahar\OneDrive\Desktop\EXPLAINABLE_IRIS_PAD\Data\Raw\IIITD_Contact_Lens_Iris_DB\Cogent Scanner\32\Normal\20120912150551_L.bmp,Cogent,32,Cogent_32,Normal,0,NA,20120912150551_L.bmp
C:\Users\sahar\OneDrive\Desktop\EXPLAINABLE_IRIS_PAD\Data\Raw\IIITD_Contact_Lens_Iris_DB\Cogent Scanner\32\Normal\20120912150551_R.bmp,Cogent,32,Cogent_32,Normal,0,NA,20120912150551_R.bmp
C:\Users\sahar\OneDrive\Desktop\EXPLAINABLE_IRIS_PAD\Data\Raw\IIITD_Contact_Lens_Iris_DB\Cogent Scanner\32\Normal\20120912150600_L.bmp,Cogent,32,Cogent_32,Normal,0,NA,20120912150600_L.bmp
C:\Users\sahar\OneDrive\Desktop\EXPLAINABLE_IRIS_PAD\Data\Raw\IIITD_Contact_Lens_Iris_DB\Cogent Scanner\32\Normal\20120912150600_R.bmp,Cogent,32,Cogent_32,Normal,0,NA,20120912150600_R.bmp
C:\Users\sahar\OneDrive\Desktop\EXPLAINABLE_IRIS_PAD\Data\Raw\IIITD_Contact_Lens_Iris_DB\Cogent Scanner\32\Normal\20120912150604_L.bmp,Cogent,32,Cogent_32,Normal,0,NA,20120912150604_L.bmp
C:\Users\sahar\OneDrive\Desktop\EXPLAINABLE_IRIS_PAD\Data\Raw\IIITD_Contact_Lens_Iris_DB\Cogent Scanner\32\Normal\20120912150604_R.bmp,Cogent,32,Cogent_32,Normal,0,NA,20120912150604_R.bmp
C:\Users\sahar\OneDrive\Desktop\EXPLAINABLE_IRIS_PAD\Data\Raw\IIITD_Contact_Lens_Iris_DB\Cogent Scanner\32\Normal\20120912150607_L.bmp,Cogent,32,Cogent_32,Normal,0,NA,20120912150607_L.bmp
C:\Users\sahar\OneDrive\Desktop\EXPLAINABLE_IRIS_PAD\Data\Raw\IIITD_Contact_Lens_Iris_DB\Cogent Scanner\32\Normal\20120912150607_R.bmp,Cogent,32,Cogent_32,Normal,0,NA,20120912150607_R.bmp
C:\Users\sahar\OneDrive\Desktop\EXPLAINABLE_IRIS_PAD\Data\Raw\IIITD_Contact_Lens_Iris_DB\Cogent Scanner\32\Normal\20120912150610_L.bmp,Cogent,32,Cogent_32,Normal,0,NA,20120912150610_L.bmp
C:\Users\sahar\OneDrive\Desktop\EXPLAINABLE_IRIS_PAD\Data\Raw\IIITD_Contact_Lens_Iris_DB\Cogent Scanner\32\Normal\20120912150610_R.bmp,Cogent,32,Cogent_32,Normal,0,NA,20120912150610_R.bmp
C:\Users\sahar\OneDrive\Desktop\EXPLAINABLE_IRIS_PAD\Data\Raw\IIITD_Contact_Lens_Iris_DB\Cogent Scanner\32\Normal\20120912150614_L.bmp,Cogent,32,Cogent_32,Normal,0,NA,20120912150614_L.bmp
C:\Users\sahar\OneDrive\Desktop\EXPLAINABLE_IRIS_PAD\Data\Raw\IIITD_Contact_Lens_Iris_DB\Cogent Scanner\32\Normal\20120912150614_R.bmp,Cogent,32,Cogent_32,Normal,0,NA,20120912150614_R.bmp
C:\Users\sahar\OneDrive\Desktop\EXPLAINABLE_IRIS_PAD\Data\Raw\IIITD_Contact_Lens_Iris_DB\Cogent Scanner\33\Colored\20120912160157_L.bmp,Cogent,33,Cogent_33,Colored,1,NA,20120912160157_L.bmp
C:\Users\sahar\OneDrive\Desktop\EXPLAINABLE_IRIS_PAD\Data\Raw\IIITD_Contact_Lens_Iris_DB\Cogent Scanner\33\Colored\20120912160157_R.bmp,Cogent,33,Cogent_33,Colored,1,NA,20120912160157_R.bmp
C:\Users\sahar\OneDrive\Desktop\EXPLAINABLE_IRIS_PAD\Data\Raw\IIITD_Contact_Lens_Iris_DB\Cogent Scanner\33\Colored\20120912160201_L.bmp,Cogent,33,Cogent_33,Colored,1,NA,20120912160201_L.bmp
C:\Users\sahar\OneDrive\Desktop\EXPLAINABLE_IRIS_PAD\Data\Raw\IIITD_Contact_Lens_Iris_DB\Cogent Scanner\33\Colored\20120912160201_R.bmp,Cogent,33,Cogent_33,Colored,1,NA,20120912160201_R.bmp
C:\Users\sahar\OneDrive\Desktop\EXPLAINABLE_IRIS_PAD\Data\Raw\IIITD_Contact_Lens_Iris_DB\Cogent Scanner\33\Colored\20120912160205_L.bmp,Cogent,33,Cogent_33,Colored,1,NA,20120912160205_L.bmp
C:\Users\sahar\OneDrive\Desktop\EXPLAINABLE_IRIS_PAD\Data\Raw\IIITD_Contact_Lens_Iris_DB\Cogent Scanner\33\Colored\20120912160205_R.bmp,Cogent,33,Cogent_33,Colored,1,NA,20120912160205_R.bmp
C:\Users\sahar\OneDrive\Desktop\EXPLAINABLE_IRIS_PAD\Data\Raw\IIITD_Contact_Lens_Iris_DB\Cogent Scanner\33\Colored\20120912160210_L.bmp,Cogent,33,Cogent_33,Colored,1,NA,20120912160210_L.bmp
C:\Users\sahar\OneDrive\Desktop\EXPLAINABLE_IRIS_PAD\Data\Raw\IIITD_Contact_Lens_Iris_DB\Cogent Scanner\33\Colored\20120912160210_R.bmp,Cogent,33,Cogent_33,Colored,1,NA,20120912160210_R.bmp
C:\Users\sahar\OneDrive\Desktop\EXPLAINABLE_IRIS_PAD\Data\Raw\IIITD_Contact_Lens_Iris_DB\Cogent Scanner\33\Colored\20120912160214_L.bmp,Cogent,33,Cogent_33,Colored,1,NA,20120912160214_L.bmp
C:\Users\sahar\OneDrive\Desktop\EXPLAINABLE_IRIS_PAD\Data\Raw\IIITD_Contact_Lens_Iris_DB\Cogent Scanner\33\Colored\20120912160214_R.bmp,Cogent,33,Cogent_33,Colored,1,NA,20120912160214_R.bmp
C:\Users\sahar\OneDrive\Desktop\EXPLAINABLE_IRIS_PAD\Data\Raw\IIITD_Contact_Lens_Iris_DB\Cogent Scanner\33\Normal\20120912150055_L.bmp,Cogent,33,Cogent_33,Normal,0,NA,20120912150055_L.bmp
C:\Users\sahar\OneDrive\Desktop\EXPLAINABLE_IRIS_PAD\Data\Raw\IIITD_Contact_Lens_Iris_DB\Cogent Scanner\33\Normal\20120912150055_R.bmp,Cogent,33,Cogent_33,Normal,0,NA,20120912150055_R.bmp
C:\Users\sahar\OneDrive\Desktop\EXPLAINABLE_IRIS_PAD\Data\Raw\IIITD_Contact_Lens_Iris_DB\Cogent Scanner\33\Normal\20120912150058_L.bmp,Cogent,33,Cogent_33,Normal,0,NA,20120912150058_L.bmp
C:\Users\sahar\OneDrive\Desktop\EXPLAINABLE_IRIS_PAD\Data\Raw\IIITD_Contact_Lens_Iris_DB\Cogent Scanner\33\Normal\20120912150058_R.bmp,Cogent,33,Cogent_33,Normal,0,NA,20120912150058_R.bmp
C:\Users\sahar\OneDrive\Desktop\EXPLAINABLE_IRIS_PAD\Data\Raw\IIITD_Contact_Lens_Iris_DB\Cogent Scanner\33\Normal\20120912150102_L.bmp,Cogent,33,Cogent_33,Normal,0,NA,20120912150102_L.bmp
C:\Users\sahar\OneDrive\Desktop\EXPLAINABLE_IRIS_PAD\Data\Raw\IIITD_Contact_Lens_Iris_DB\Cogent Scanner\33\Normal\20120912150102_R.bmp,Cogent,33,Cogent_33,Normal,0,NA,20120912150102_R.bmp
C:\Users\sahar\OneDrive\Desktop\EXPLAINABLE_IRIS_PAD\Data\Raw\IIITD_Contact_Lens_Iris_DB\Cogent Scanner\33\Normal\20120912150105_L.bmp,Cogent,33,Cogent_33,Normal,0,NA,20120912150105_L.bmp
C:\Users\sahar\OneDrive\Desktop\EXPLAINABLE_IRIS_PAD\Data\Raw\IIITD_Contact_Lens_Iris_DB\Cogent Scanner\33\Normal\20120912150105_R.bmp,Cogent,33,Cogent_33,Normal,0,NA,20120912150105_R.bmp
C:\Users\sahar\OneDrive\Desktop\EXPLAINABLE_IRIS_PAD\Data\Raw\IIITD_Contact_Lens_Iris_DB\Cogent Scanner\33\Normal\20120912150109_L.bmp,Cogent,33,Cogent_33,Normal,0,NA,20120912150109_L.bmp
C:\Users\sahar\OneDrive\Desktop\EXPLAINABLE_IRIS_PAD\Data\Raw\IIITD_Contact_Lens_Iris_DB\Cogent Scanner\33\Normal\20120912150109_R.bmp,Cogent,33,Cogent_33,Normal,0,NA,20120912150109_R.bmp
C:\Users\sahar\OneDrive\Desktop\EXPLAINABLE_IRIS_PAD\Data\Raw\IIITD_Contact_Lens_Iris_DB\Cogent Scanner\33\Normal\20120912150113_L.bmp,Cogent,33,Cogent_33,Normal,0,NA,20120912150113_L.bmp
C:\Users\sahar\OneDrive\Desktop\EXPLAINABLE_IRIS_PAD\Data\Raw\IIITD_Contact_Lens_Iris_DB\Cogent Scanner\33\Normal\20120912150113_R.bmp,Cogent,33,Cogent_33,Normal,0,NA,20120912150113_R.bmp
C:\Users\sahar\OneDrive\Desktop\EXPLAINABLE_IRIS_PAD\Data\Raw\IIITD_Contact_Lens_Iris_DB\Cogent Scanner\34\Colored\20120920184318_L.bmp,Cogent,34,Cogent_34,Colored,1,NA,20120920184318_L.bmp
C:\Users\sahar\OneDrive\Desktop\EXPLAINABLE_IRIS_PAD\Data\Raw\IIITD_Contact_Lens_Iris_DB\Cogent Scanner\34\Colored\20120920184318_R.bmp,Cogent,34,Cogent_34,Colored,1,NA,20120920184318_R.bmp
C:\Users\sahar\OneDrive\Desktop\EXPLAINABLE_IRIS_PAD\Data\Raw\IIITD_Contact_Lens_Iris_DB\Cogent Scanner\34\Colored\20120920184321_L.bmp,Cogent,34,Cogent_34,Colored,1,NA,20120920184321_L.bmp
C:\Users\sahar\OneDrive\Desktop\EXPLAINABLE_IRIS_PAD\Data\Raw\IIITD_Contact_Lens_Iris_DB\Cogent Scanner\34\Colored\20120920184321_R.bmp,Cogent,34,Cogent_34,Colored,1,NA,20120920184321_R.bmp
C:\Users\sahar\OneDrive\Desktop\EXPLAINABLE_IRIS_PAD\Data\Raw\IIITD_Contact_Lens_Iris_DB\Cogent Scanner\34\Colored\20120920184323_L.bmp,Cogent,34,Cogent_34,Colored,1,NA,20120920184323_L.bmp
C:\Users\sahar\OneDrive\Desktop\EXPLAINABLE_IRIS_PAD\Data\Raw\IIITD_Contact_Lens_Iris_DB\Cogent Scanner\34\Colored\20120920184323_R.bmp,Cogent,34,Cogent_34,Colored,1,NA,20120920184323_R.bmp
C:\Users\sahar\OneDrive\Desktop\EXPLAINABLE_IRIS_PAD\Data\Raw\IIITD_Contact_Lens_Iris_DB\Cogent Scanner\34\Colored\20120920184327_L.bmp,Cogent,34,Cogent_34,Colored,1,NA,20120920184327_L.bmp
C:\Users\sahar\OneDrive\Desktop\EXPLAINABLE_IRIS_PAD\Data\Raw\IIITD_Contact_Lens_Iris_DB\Cogent Scanner\34\Colored\20120920184327_R.bmp,Cogent,34,Cogent_34,Colored,1,NA,20120920184327_R.bmp
C:\Users\sahar\OneDrive\Desktop\EXPLAINABLE_IRIS_PAD\Data\Raw\IIITD_Contact_Lens_Iris_DB\Cogent Scanner\34\Colored\20120920184329_L.bmp,Cogent,34,Cogent_34,Colored,1,NA,20120920184329_L.bmp
C:\Users\sahar\OneDrive\Desktop\EXPLAINABLE_IRIS_PAD\Data\Raw\IIITD_Contact_Lens_Iris_DB\Cogent Scanner\34\Colored\20120920184329_R.bmp,Cogent,34,Cogent_34,Colored,1,NA,20120920184329_R.bmp
C:\Users\sahar\OneDrive\Desktop\EXPLAINABLE_IRIS_PAD\Data\Raw\IIITD_Contact_Lens_Iris_DB\Cogent Scanner\34\Colored\20120920184333_L.bmp,Cogent,34,Cogent_34,Colored,1,NA,20120920184333_L.bmp
C:\Users\sahar\OneDrive\Desktop\EXPLAINABLE_IRIS_PAD\Data\Raw\IIITD_Contact_Lens_Iris_DB\Cogent Scanner\34\Colored\20120920184333_R.bmp,Cogent,34,Cogent_34,Colored,1,NA,20120920184333_R.bmp
C:\Users\sahar\OneDrive\Desktop\EXPLAINABLE_IRIS_PAD\Data\Raw\IIITD_Contact_Lens_Iris_DB\Cogent Scanner\34\Normal\20120920152449_L.bmp,Cogent,34,Cogent_34,Normal,0,NA,20120920152449_L.bmp
C:\Users\sahar\OneDrive\Desktop\EXPLAINABLE_IRIS_PAD\Data\Raw\IIITD_Contact_Lens_Iris_DB\Cogent Scanner\34\Normal\20120920152449_R.bmp,Cogent,34,Cogent_34,Normal,0,NA,20120920152449_R.bmp
C:\Users\sahar\OneDrive\Desktop\EXPLAINABLE_IRIS_PAD\Data\Raw\IIITD_Contact_Lens_Iris_DB\Cogent Scanner\34\Normal\20120920152453_L.bmp,Cogent,34,Cogent_34,Normal,0,NA,20120920152453_L.bmp
C:\Users\sahar\OneDrive\Desktop\EXPLAINABLE_IRIS_PAD\Data\Raw\IIITD_Contact_Lens_Iris_DB\Cogent Scanner\34\Normal\20120920152453_R.bmp,Cogent,34,Cogent_34,Normal,0,NA,20120920152453_R.bmp
C:\Users\sahar\OneDrive\Desktop\EXPLAINABLE_IRIS_PAD\Data\Raw\IIITD_Contact_Lens_Iris_DB\Cogent Scanner\34\Normal\20120920152456_L.bmp,Cogent,34,Cogent_34,Normal,0,NA,20120920152456_L.bmp
C:\Users\sahar\OneDrive\Desktop\EXPLAINABLE_IRIS_PAD\Data\Raw\IIITD_Contact_Lens_Iris_DB\Cogent Scanner\34\Normal\20120920152456_R.bmp,Cogent,34,Cogent_34,Normal,0,NA,20120920152456_R.bmp
C:\Users\sahar\OneDrive\Desktop\EXPLAINABLE_IRIS_PAD\Data\Raw\IIITD_Contact_Lens_Iris_DB\Cogent Scanner\34\Normal\20120920152459_L.bmp,Cogent,34,Cogent_34,Normal,0,NA,20120920152459_L.bmp
C:\Users\sahar\OneDrive\Desktop\EXPLAINABLE_IRIS_PAD\Data\Raw\IIITD_Contact_Lens_Iris_DB\Cogent Scanner\34\Normal\20120920152459_R.bmp,Cogent,34,Cogent_34,Normal,0,NA,20120920152459_R.bmp
C:\Users\sahar\OneDrive\Desktop\EXPLAINABLE_IRIS_PAD\Data\Raw\IIITD_Contact_Lens_Iris_DB\Cogent Scanner\34\Normal\20120920152502_L.bmp,Cogent,34,Cogent_34,Normal,0,NA,20120920152502_L.bmp
C:\Users\sahar\OneDrive\Desktop\EXPLAINABLE_IRIS_PAD\Data\Raw\IIITD_Contact_Lens_Iris_DB\Cogent Scanner\34\Normal\20120920152502_R.bmp,Cogent,34,Cogent_34,Normal,0,NA,20120920152502_R.bmp
C:\Users\sahar\OneDrive\Desktop\EXPLAINABLE_IRIS_PAD\Data\Raw\IIITD_Contact_Lens_Iris_DB\Cogent Scanner\36\Colored\20120919165135_L.bmp,Cogent,36,Cogent_36,Colored,1,NA,20120919165135_L.bmp
C:\Users\sahar\OneDrive\Desktop\EXPLAINABLE_IRIS_PAD\Data\Raw\IIITD_Contact_Lens_Iris_DB\Cogent Scanner\36\Colored\20120919165135_R.bmp,Cogent,36,Cogent_36,Colored,1,NA,20120919165135_R.bmp
C:\Users\sahar\OneDrive\Desktop\EXPLAINABLE_IRIS_PAD\Data\Raw\IIITD_Contact_Lens_Iris_DB\Cogent Scanner\36\Colored\20120919165138_L.bmp,Cogent,36,Cogent_36,Colored,1,NA,20120919165138_L.bmp
C:\Users\sahar\OneDrive\Desktop\EXPLAINABLE_IRIS_PAD\Data\Raw\IIITD_Contact_Lens_Iris_DB\Cogent Scanner\36\Colored\20120919165138_R.bmp,Cogent,36,Cogent_36,Colored,1,NA,20120919165138_R.bmp
C:\Users\sahar\OneDrive\Desktop\EXPLAINABLE_IRIS_PAD\Data\Raw\IIITD_Contact_Lens_Iris_DB\Cogent Scanner\36\Colored\20120919165142_L.bmp,Cogent,36,Cogent_36,Colored,1,NA,20120919165142_L.bmp
C:\Users\sahar\OneDrive\Desktop\EXPLAINABLE_IRIS_PAD\Data\Raw\IIITD_Contact_Lens_Iris_DB\Cogent Scanner\36\Colored\20120919165142_R.bmp,Cogent,36,Cogent_36,Colored,1,NA,20120919165142_R.bmp
C:\Users\sahar\OneDrive\Desktop\EXPLAINABLE_IRIS_PAD\Data\Raw\IIITD_Contact_Lens_Iris_DB\Cogent Scanner\36\Colored\20120919165145_L.bmp,Cogent,36,Cogent_36,Colored,1,NA,20120919165145_L.bmp
C:\Users\sahar\OneDrive\Desktop\EXPLAINABLE_IRIS_PAD\Data\Raw\IIITD_Contact_Lens_Iris_DB\Cogent Scanner\36\Colored\20120919165145_R.bmp,Cogent,36,Cogent_36,Colored,1,NA,20120919165145_R.bmp
C:\Users\sahar\OneDrive\Desktop\EXPLAINABLE_IRIS_PAD\Data\Raw\IIITD_Contact_Lens_Iris_DB\Cogent Scanner\36\Colored\20120919165151_L.bmp,Cogent,36,Cogent_36,Colored,1,NA,20120919165151_L.bmp
C:\Users\sahar\OneDrive\Desktop\EXPLAINABLE_IRIS_PAD\Data\Raw\IIITD_Contact_Lens_Iris_DB\Cogent Scanner\36\Colored\20120919165151_R.bmp,Cogent,36,Cogent_36,Colored,1,NA,20120919165151_R.bmp
C:\Users\sahar\OneDrive\Desktop\EXPLAINABLE_IRIS_PAD\Data\Raw\IIITD_Contact_Lens_Iris_DB\Cogent Scanner\36\Colored\20120919165155_L.bmp,Cogent,36,Cogent_36,Colored,1,NA,20120919165155_L.bmp
C:\Users\sahar\OneDrive\Desktop\EXPLAINABLE_IRIS_PAD\Data\Raw\IIITD_Contact_Lens_Iris_DB\Cogent Scanner\36\Colored\20120919165155_R.bmp,Cogent,36,Cogent_36,Colored,1,NA,20120919165155_R.bmp
C:\Users\sahar\OneDrive\Desktop\EXPLAINABLE_IRIS_PAD\Data\Raw\IIITD_Contact_Lens_Iris_DB\Cogent Scanner\36\Normal\20120912115940_L.bmp,Cogent,36,Cogent_36,Normal,0,NA,20120912115940_L.bmp
C:\Users\sahar\OneDrive\Desktop\EXPLAINABLE_IRIS_PAD\Data\Raw\IIITD_Contact_Lens_Iris_DB\Cogent Scanner\36\Normal\20120912115940_R.bmp,Cogent,36,Cogent_36,Normal,0,NA,20120912115940_R.bmp
C:\Users\sahar\OneDrive\Desktop\EXPLAINABLE_IRIS_PAD\Data\Raw\IIITD_Contact_Lens_Iris_DB\Cogent Scanner\36\Normal\20120912115943_L.bmp,Cogent,36,Cogent_36,Normal,0,NA,20120912115943_L.bmp
C:\Users\sahar\OneDrive\Desktop\EXPLAINABLE_IRIS_PAD\Data\Raw\IIITD_Contact_Lens_Iris_DB\Cogent Scanner\36\Normal\20120912115943_R.bmp,Cogent,36,Cogent_36,Normal,0,NA,20120912115943_R.bmp
C:\Users\sahar\OneDrive\Desktop\EXPLAINABLE_IRIS_PAD\Data\Raw\IIITD_Contact_Lens_Iris_DB\Cogent Scanner\36\Normal\20120912115946_L.bmp,Cogent,36,Cogent_36,Normal,0,NA,20120912115946_L.bmp
C:\Users\sahar\OneDrive\Desktop\EXPLAINABLE_IRIS_PAD\Data\Raw\IIITD_Contact_Lens_Iris_DB\Cogent Scanner\36\Normal\20120912115946_R.bmp,Cogent,36,Cogent_36,Normal,0,NA,20120912115946_R.bmp
C:\Users\sahar\OneDrive\Desktop\EXPLAINABLE_IRIS_PAD\Data\Raw\IIITD_Contact_Lens_Iris_DB\Cogent Scanner\36\Normal\20120912115949_L.bmp,Cogent,36,Cogent_36,Normal,0,NA,20120912115949_L.bmp
C:\Users\sahar\OneDrive\Desktop\EXPLAINABLE_IRIS_PAD\Data\Raw\IIITD_Contact_Lens_Iris_DB\Cogent Scanner\36\Normal\20120912115949_R.bmp,Cogent,36,Cogent_36,Normal,0,NA,20120912115949_R.bmp
C:\Users\sahar\OneDrive\Desktop\EXPLAINABLE_IRIS_PAD\Data\Raw\IIITD_Contact_Lens_Iris_DB\Cogent Scanner\36\Normal\20120912115952_L.bmp,Cogent,36,Cogent_36,Normal,0,NA,20120912115952_L.bmp
C:\Users\sahar\OneDrive\Desktop\EXPLAINABLE_IRIS_PAD\Data\Raw\IIITD_Contact_Lens_Iris_DB\Cogent Scanner\36\Normal\20120912115952_R.bmp,Cogent,36,Cogent_36,Normal,0,NA,20120912115952_R.bmp
C:\Users\sahar\OneDrive\Desktop\EXPLAINABLE_IRIS_PAD\Data\Raw\IIITD_Contact_Lens_Iris_DB\Cogent Scanner\37\Colored\20120912164241_L.bmp,Cogent,37,Cogent_37,Colored,1,NA,20120912164241_L.bmp
C:\Users\sahar\OneDrive\Desktop\EXPLAINABLE_IRIS_PAD\Data\Raw\IIITD_Contact_Lens_Iris_DB\Cogent Scanner\37\Colored\20120912164241_R.bmp,Cogent,37,Cogent_37,Colored,1,NA,20120912164241_R.bmp
C:\Users\sahar\OneDrive\Desktop\EXPLAINABLE_IRIS_PAD\Data\Raw\IIITD_Contact_Lens_Iris_DB\Cogent Scanner\37\Colored\20120912164245_L.bmp,Cogent,37,Cogent_37,Colored,1,NA,20120912164245_L.bmp
C:\Users\sahar\OneDrive\Desktop\EXPLAINABLE_IRIS_PAD\Data\Raw\IIITD_Contact_Lens_Iris_DB\Cogent Scanner\37\Colored\20120912164245_R.bmp,Cogent,37,Cogent_37,Colored,1,NA,20120912164245_R.bmp
C:\Users\sahar\OneDrive\Desktop\EXPLAINABLE_IRIS_PAD\Data\Raw\IIITD_Contact_Lens_Iris_DB\Cogent Scanner\37\Colored\20120912164248_L.bmp,Cogent,37,Cogent_37,Colored,1,NA,20120912164248_L.bmp
C:\Users\sahar\OneDrive\Desktop\EXPLAINABLE_IRIS_PAD\Data\Raw\IIITD_Contact_Lens_Iris_DB\Cogent Scanner\37\Colored\20120912164248_R.bmp,Cogent,37,Cogent_37,Colored,1,NA,20120912164248_R.bmp
C:\Users\sahar\OneDrive\Desktop\EXPLAINABLE_IRIS_PAD\Data\Raw\IIITD_Contact_Lens_Iris_DB\Cogent Scanner\37\Colored\20120912164252_L.bmp,Cogent,37,Cogent_37,Colored,1,NA,20120912164252_L.bmp
C:\Users\sahar\OneDrive\Desktop\EXPLAINABLE_IRIS_PAD\Data\Raw\IIITD_Contact_Lens_Iris_DB\Cogent Scanner\37\Colored\20120912164252_R.bmp,Cogent,37,Cogent_37,Colored,1,NA,20120912164252_R.bmp
C:\Users\sahar\OneDrive\Desktop\EXPLAINABLE_IRIS_PAD\Data\Raw\IIITD_Contact_Lens_Iris_DB\Cogent Scanner\37\Colored\20120912164254_L.bmp,Cogent,37,Cogent_37,Colored,1,NA,20120912164254_L.bmp
C:\Users\sahar\OneDrive\Desktop\EXPLAINABLE_IRIS_PAD\Data\Raw\IIITD_Contact_Lens_Iris_DB\Cogent Scanner\37\Colored\20120912164254_R.bmp,Cogent,37,Cogent_37,Colored,1,NA,20120912164254_R.bmp
C:\Users\sahar\OneDrive\Desktop\EXPLAINABLE_IRIS_PAD\Data\Raw\IIITD_Contact_Lens_Iris_DB\Cogent Scanner\37\Normal\20120912152919_L.bmp,Cogent,37,Cogent_37,Normal,0,NA,20120912152919_L.bmp
C:\Users\sahar\OneDrive\Desktop\EXPLAINABLE_IRIS_PAD\Data\Raw\IIITD_Contact_Lens_Iris_DB\Cogent Scanner\37\Normal\20120912152919_R.bmp,Cogent,37,Cogent_37,Normal,0,NA,20120912152919_R.bmp
C:\Users\sahar\OneDrive\Desktop\EXPLAINABLE_IRIS_PAD\Data\Raw\IIITD_Contact_Lens_Iris_DB\Cogent Scanner\37\Normal\20120912152923_L.bmp,Cogent,37,Cogent_37,Normal,0,NA,20120912152923_L.bmp
C:\Users\sahar\OneDrive\Desktop\EXPLAINABLE_IRIS_PAD\Data\Raw\IIITD_Contact_Lens_Iris_DB\Cogent Scanner\37\Normal\20120912152923_R.bmp,Cogent,37,Cogent_37,Normal,0,NA,20120912152923_R.bmp
C:\Users\sahar\OneDrive\Desktop\EXPLAINABLE_IRIS_PAD\Data\Raw\IIITD_Contact_Lens_Iris_DB\Cogent Scanner\37\Normal\20120912152929_L.bmp,Cogent,37,Cogent_37,Normal,0,NA,20120912152929_L.bmp
C:\Users\sahar\OneDrive\Desktop\EXPLAINABLE_IRIS_PAD\Data\Raw\IIITD_Contact_Lens_Iris_DB\Cogent Scanner\37\Normal\20120912152929_R.bmp,Cogent,37,Cogent_37,Normal,0,NA,20120912152929_R.bmp
C:\Users\sahar\OneDrive\Desktop\EXPLAINABLE_IRIS_PAD\Data\Raw\IIITD_Contact_Lens_Iris_DB\Cogent Scanner\37\Normal\20120912152932_L.bmp,Cogent,37,Cogent_37,Normal,0,NA,20120912152932_L.bmp
C:\Users\sahar\OneDrive\Desktop\EXPLAINABLE_IRIS_PAD\Data\Raw\IIITD_Contact_Lens_Iris_DB\Cogent Scanner\37\Normal\20120912152932_R.bmp,Cogent,37,Cogent_37,Normal,0,NA,20120912152932_R.bmp
C:\Users\sahar\OneDrive\Desktop\EXPLAINABLE_IRIS_PAD\Data\Raw\IIITD_Contact_Lens_Iris_DB\Cogent Scanner\37\Normal\20120912152935_L.bmp,Cogent,37,Cogent_37,Normal,0,NA,20120912152935_L.bmp
C:\Users\sahar\OneDrive\Desktop\EXPLAINABLE_IRIS_PAD\Data\Raw\IIITD_Contact_Lens_Iris_DB\Cogent Scanner\37\Normal\20120912152935_R.bmp,Cogent,37,Cogent_37,Normal,0,NA,20120912152935_R.bmp
C:\Users\sahar\OneDrive\Desktop\EXPLAINABLE_IRIS_PAD\Data\Raw\IIITD_Contact_Lens_Iris_DB\Cogent Scanner\39\Colored\20120913154500_L.bmp,Cogent,39,Cogent_39,Colored,1,NA,20120913154500_L.bmp
C:\Users\sahar\OneDrive\Desktop\EXPLAINABLE_IRIS_PAD\Data\Raw\IIITD_Contact_Lens_Iris_DB\Cogent Scanner\39\Colored\20120913154500_R.bmp,Cogent,39,Cogent_39,Colored,1,NA,20120913154500_R.bmp
C:\Users\sahar\OneDrive\Desktop\EXPLAINABLE_IRIS_PAD\Data\Raw\IIITD_Contact_Lens_Iris_DB\Cogent Scanner\39\Colored\20120913154503_L.bmp,Cogent,39,Cogent_39,Colored,1,NA,20120913154503_L.bmp
C:\Users\sahar\OneDrive\Desktop\EXPLAINABLE_IRIS_PAD\Data\Raw\IIITD_Contact_Lens_Iris_DB\Cogent Scanner\39\Colored\20120913154503_R.bmp,Cogent,39,Cogent_39,Colored,1,NA,20120913154503_R.bmp
C:\Users\sahar\OneDrive\Desktop\EXPLAINABLE_IRIS_PAD\Data\Raw\IIITD_Contact_Lens_Iris_DB\Cogent Scanner\39\Colored\20120913154506_L.bmp,Cogent,39,Cogent_39,Colored,1,NA,20120913154506_L.bmp
C:\Users\sahar\OneDrive\Desktop\EXPLAINABLE_IRIS_PAD\Data\Raw\IIITD_Contact_Lens_Iris_DB\Cogent Scanner\39\Colored\20120913154506_R.bmp,Cogent,39,Cogent_39,Colored,1,NA,20120913154506_R.bmp
C:\Users\sahar\OneDrive\Desktop\EXPLAINABLE_IRIS_PAD\Data\Raw\IIITD_Contact_Lens_Iris_DB\Cogent Scanner\39\Colored\20120913154512_L.bmp,Cogent,39,Cogent_39,Colored,1,NA,20120913154512_L.bmp
C:\Users\sahar\OneDrive\Desktop\EXPLAINABLE_IRIS_PAD\Data\Raw\IIITD_Contact_Lens_Iris_DB\Cogent Scanner\39\Colored\20120913154512_R.bmp,Cogent,39,Cogent_39,Colored,1,NA,20120913154512_R.bmp
C:\Users\sahar\OneDrive\Desktop\EXPLAINABLE_IRIS_PAD\Data\Raw\IIITD_Contact_Lens_Iris_DB\Cogent Scanner\39\Colored\20120913154516_L.bmp,Cogent,39,Cogent_39,Colored,1,NA,20120913154516_L.bmp
C:\Users\sahar\OneDrive\Desktop\EXPLAINABLE_IRIS_PAD\Data\Raw\IIITD_Contact_Lens_Iris_DB\Cogent Scanner\39\Colored\20120913154516_R.bmp,Cogent,39,Cogent_39,Colored,1,NA,20120913154516_R.bmp
C:\Users\sahar\OneDrive\Desktop\EXPLAINABLE_IRIS_PAD\Data\Raw\IIITD_Contact_Lens_Iris_DB\Cogent Scanner\39\Colored\20120913154519_L.bmp,Cogent,39,Cogent_39,Colored,1,NA,20120913154519_L.bmp
C:\Users\sahar\OneDrive\Desktop\EXPLAINABLE_IRIS_PAD\Data\Raw\IIITD_Contact_Lens_Iris_DB\Cogent Scanner\39\Colored\20120913154519_R.bmp,Cogent,39,Cogent_39,Colored,1,NA,20120913154519_R.bmp
C:\Users\sahar\OneDrive\Desktop\EXPLAINABLE_IRIS_PAD\Data\Raw\IIITD_Contact_Lens_Iris_DB\Cogent Scanner\39\Normal\20120913143135_L.bmp,Cogent,39,Cogent_39,Normal,0,NA,20120913143135_L.bmp
C:\Users\sahar\OneDrive\Desktop\EXPLAINABLE_IRIS_PAD\Data\Raw\IIITD_Contact_Lens_Iris_DB\Cogent Scanner\39\Normal\20120913143135_R.bmp,Cogent,39,Cogent_39,Normal,0,NA,20120913143135_R.bmp
C:\Users\sahar\OneDrive\Desktop\EXPLAINABLE_IRIS_PAD\Data\Raw\IIITD_Contact_Lens_Iris_DB\Cogent Scanner\39\Normal\20120913143140_L.bmp,Cogent,39,Cogent_39,Normal,0,NA,20120913143140_L.bmp
C:\Users\sahar\OneDrive\Desktop\EXPLAINABLE_IRIS_PAD\Data\Raw\IIITD_Contact_Lens_Iris_DB\Cogent Scanner\39\Normal\20120913143140_R.bmp,Cogent,39,Cogent_39,Normal,0,NA,20120913143140_R.bmp
C:\Users\sahar\OneDrive\Desktop\EXPLAINABLE_IRIS_PAD\Data\Raw\IIITD_Contact_Lens_Iris_DB\Cogent Scanner\39\Normal\20120913143143_L.bmp,Cogent,39,Cogent_39,Normal,0,NA,20120913143143_L.bmp
C:\Users\sahar\OneDrive\Desktop\EXPLAINABLE_IRIS_PAD\Data\Raw\IIITD_Contact_Lens_Iris_DB\Cogent Scanner\39\Normal\20120913143143_R.bmp,Cogent,39,Cogent_39,Normal,0,NA,20120913143143_R.bmp
C:\Users\sahar\OneDrive\Desktop\EXPLAINABLE_IRIS_PAD\Data\Raw\IIITD_Contact_Lens_Iris_DB\Cogent Scanner\39\Normal\20120913143146_L.bmp,Cogent,39,Cogent_39,Normal,0,NA,20120913143146_L.bmp
C:\Users\sahar\OneDrive\Desktop\EXPLAINABLE_IRIS_PAD\Data\Raw\IIITD_Contact_Lens_Iris_DB\Cogent Scanner\39\Normal\20120913143146_R.bmp,Cogent,39,Cogent_39,Normal,0,NA,20120913143146_R.bmp
C:\Users\sahar\OneDrive\Desktop\EXPLAINABLE_IRIS_PAD\Data\Raw\IIITD_Contact_Lens_Iris_DB\Cogent Scanner\39\Normal\20120913143152_L.bmp,Cogent,39,Cogent_39,Normal,0,NA,20120913143152_L.bmp
C:\Users\sahar\OneDrive\Desktop\EXPLAINABLE_IRIS_PAD\Data\Raw\IIITD_Contact_Lens_Iris_DB\Cogent Scanner\39\Normal\20120913143152_R.bmp,Cogent,39,Cogent_39,Normal,0,NA,20120913143152_R.bmp
C:\Users\sahar\OneDrive\Desktop\EXPLAINABLE_IRIS_PAD\Data\Raw\IIITD_Contact_Lens_Iris_DB\Cogent Scanner\4\Colored\20120919141748_L.bmp,Cogent,4,Cogent_4,Colored,1,NA,20120919141748_L.bmp
C:\Users\sahar\OneDrive\Desktop\EXPLAINABLE_IRIS_PAD\Data\Raw\IIITD_Contact_Lens_Iris_DB\Cogent Scanner\4\Colored\20120919141748_R.bmp,Cogent,4,Cogent_4,Colored,1,NA,20120919141748_R.bmp
C:\Users\sahar\OneDrive\Desktop\EXPLAINABLE_IRIS_PAD\Data\Raw\IIITD_Contact_Lens_Iris_DB\Cogent Scanner\4\Colored\20120919141755_L.bmp,Cogent,4,Cogent_4,Colored,1,NA,20120919141755_L.bmp
C:\Users\sahar\OneDrive\Desktop\EXPLAINABLE_IRIS_PAD\Data\Raw\IIITD_Contact_Lens_Iris_DB\Cogent Scanner\4\Colored\20120919141755_R.bmp,Cogent,4,Cogent_4,Colored,1,NA,20120919141755_R.bmp
C:\Users\sahar\OneDrive\Desktop\EXPLAINABLE_IRIS_PAD\Data\Raw\IIITD_Contact_Lens_Iris_DB\Cogent Scanner\4\Colored\20120919141758_L.bmp,Cogent,4,Cogent_4,Colored,1,NA,20120919141758_L.bmp
C:\Users\sahar\OneDrive\Desktop\EXPLAINABLE_IRIS_PAD\Data\Raw\IIITD_Contact_Lens_Iris_DB\Cogent Scanner\4\Colored\20120919141758_R.bmp,Cogent,4,Cogent_4,Colored,1,NA,20120919141758_R.bmp
C:\Users\sahar\OneDrive\Desktop\EXPLAINABLE_IRIS_PAD\Data\Raw\IIITD_Contact_Lens_Iris_DB\Cogent Scanner\4\Colored\20120919141804_R.bmp,Cogent,4,Cogent_4,Colored,1,NA,20120919141804_R.bmp
C:\Users\sahar\OneDrive\Desktop\EXPLAINABLE_IRIS_PAD\Data\Raw\IIITD_Contact_Lens_Iris_DB\Cogent Scanner\4\Colored\20120919141815_L.bmp,Cogent,4,Cogent_4,Colored,1,NA,20120919141815_L.bmp
C:\Users\sahar\OneDrive\Desktop\EXPLAINABLE_IRIS_PAD\Data\Raw\IIITD_Contact_Lens_Iris_DB\Cogent Scanner\4\Colored\20120919141815_R.bmp,Cogent,4,Cogent_4,Colored,1,NA,20120919141815_R.bmp
C:\Users\sahar\OneDrive\Desktop\EXPLAINABLE_IRIS_PAD\Data\Raw\IIITD_Contact_Lens_Iris_DB\Cogent Scanner\4\Colored\20120919141819_L.bmp,Cogent,4,Cogent_4,Colored,1,NA,20120919141819_L.bmp
C:\Users\sahar\OneDrive\Desktop\EXPLAINABLE_IRIS_PAD\Data\Raw\IIITD_Contact_Lens_Iris_DB\Cogent Scanner\4\Colored\20120919141819_R.bmp,Cogent,4,Cogent_4,Colored,1,NA,20120919141819_R.bmp
C:\Users\sahar\OneDrive\Desktop\EXPLAINABLE_IRIS_PAD\Data\Raw\IIITD_Contact_Lens_Iris_DB\Cogent Scanner\4\Colored\20120919141821_L.bmp,Cogent,4,Cogent_4,Colored,1,NA,20120919141821_L.bmp
C:\Users\sahar\OneDrive\Desktop\EXPLAINABLE_IRIS_PAD\Data\Raw\IIITD_Contact_Lens_Iris_DB\Cogent Scanner\4\Colored\20120919141821_R.bmp,Cogent,4,Cogent_4,Colored,1,NA,20120919141821_R.bmp
C:\Users\sahar\OneDrive\Desktop\EXPLAINABLE_IRIS_PAD\Data\Raw\IIITD_Contact_Lens_Iris_DB\Cogent Scanner\4\Normal\20120919131157_L.bmp,Cogent,4,Cogent_4,Normal,0,NA,20120919131157_L.bmp
C:\Users\sahar\OneDrive\Desktop\EXPLAINABLE_IRIS_PAD\Data\Raw\IIITD_Contact_Lens_Iris_DB\Cogent Scanner\4\Normal\20120919131157_R.bmp,Cogent,4,Cogent_4,Normal,0,NA,20120919131157_R.bmp
C:\Users\sahar\OneDrive\Desktop\EXPLAINABLE_IRIS_PAD\Data\Raw\IIITD_Contact_Lens_Iris_DB\Cogent Scanner\4\Normal\20120919131200_L.bmp,Cogent,4,Cogent_4,Normal,0,NA,20120919131200_L.bmp
C:\Users\sahar\OneDrive\Desktop\EXPLAINABLE_IRIS_PAD\Data\Raw\IIITD_Contact_Lens_Iris_DB\Cogent Scanner\4\Normal\20120919131200_R.bmp,Cogent,4,Cogent_4,Normal,0,NA,20120919131200_R.bmp
C:\Users\sahar\OneDrive\Desktop\EXPLAINABLE_IRIS_PAD\Data\Raw\IIITD_Contact_Lens_Iris_DB\Cogent Scanner\4\Normal\20120919131204_L.bmp,Cogent,4,Cogent_4,Normal,0,NA,20120919131204_L.bmp
C:\Users\sahar\OneDrive\Desktop\EXPLAINABLE_IRIS_PAD\Data\Raw\IIITD_Contact_Lens_Iris_DB\Cogent Scanner\4\Normal\20120919131204_R.bmp,Cogent,4,Cogent_4,Normal,0,NA,20120919131204_R.bmp
C:\Users\sahar\OneDrive\Desktop\EXPLAINABLE_IRIS_PAD\Data\Raw\IIITD_Contact_Lens_Iris_DB\Cogent Scanner\4\Normal\20120919131207_L.bmp,Cogent,4,Cogent_4,Normal,0,NA,20120919131207_L.bmp
C:\Users\sahar\OneDrive\Desktop\EXPLAINABLE_IRIS_PAD\Data\Raw\IIITD_Contact_Lens_Iris_DB\Cogent Scanner\4\Normal\20120919131207_R.bmp,Cogent,4,Cogent_4,Normal,0,NA,20120919131207_R.bmp
C:\Users\sahar\OneDrive\Desktop\EXPLAINABLE_IRIS_PAD\Data\Raw\IIITD_Contact_Lens_Iris_DB\Cogent Scanner\4\Normal\20120919131211_L.bmp,Cogent,4,Cogent_4,Normal,0,NA,20120919131211_L.bmp
C:\Users\sahar\OneDrive\Desktop\EXPLAINABLE_IRIS_PAD\Data\Raw\IIITD_Contact_Lens_Iris_DB\Cogent Scanner\4\Normal\20120919131211_R.bmp,Cogent,4,Cogent_4,Normal,0,NA,20120919131211_R.bmp
C:\Users\sahar\OneDrive\Desktop\EXPLAINABLE_IRIS_PAD\Data\Raw\IIITD_Contact_Lens_Iris_DB\Cogent Scanner\40\Colored\20120911165040_L.bmp,Cogent,40,Cogent_40,Colored,1,NA,20120911165040_L.bmp
C:\Users\sahar\OneDrive\Desktop\EXPLAINABLE_IRIS_PAD\Data\Raw\IIITD_Contact_Lens_Iris_DB\Cogent Scanner\40\Colored\20120911165040_R.bmp,Cogent,40,Cogent_40,Colored,1,NA,20120911165040_R.bmp
C:\Users\sahar\OneDrive\Desktop\EXPLAINABLE_IRIS_PAD\Data\Raw\IIITD_Contact_Lens_Iris_DB\Cogent Scanner\40\Colored\20120911165047_L.bmp,Cogent,40,Cogent_40,Colored,1,NA,20120911165047_L.bmp
C:\Users\sahar\OneDrive\Desktop\EXPLAINABLE_IRIS_PAD\Data\Raw\IIITD_Contact_Lens_Iris_DB\Cogent Scanner\40\Colored\20120911165047_R.bmp,Cogent,40,Cogent_40,Colored,1,NA,20120911165047_R.bmp
C:\Users\sahar\OneDrive\Desktop\EXPLAINABLE_IRIS_PAD\Data\Raw\IIITD_Contact_Lens_Iris_DB\Cogent Scanner\40\Colored\20120911165058_L.bmp,Cogent,40,Cogent_40,Colored,1,NA,20120911165058_L.bmp
C:\Users\sahar\OneDrive\Desktop\EXPLAINABLE_IRIS_PAD\Data\Raw\IIITD_Contact_Lens_Iris_DB\Cogent Scanner\40\Colored\20120911165058_R.bmp,Cogent,40,Cogent_40,Colored,1,NA,20120911165058_R.bmp
C:\Users\sahar\OneDrive\Desktop\EXPLAINABLE_IRIS_PAD\Data\Raw\IIITD_Contact_Lens_Iris_DB\Cogent Scanner\40\Colored\20120911165137_L.bmp,Cogent,40,Cogent_40,Colored,1,NA,20120911165137_L.bmp
C:\Users\sahar\OneDrive\Desktop\EXPLAINABLE_IRIS_PAD\Data\Raw\IIITD_Contact_Lens_Iris_DB\Cogent Scanner\40\Colored\20120911165137_R.bmp,Cogent,40,Cogent_40,Colored,1,NA,20120911165137_R.bmp
C:\Users\sahar\OneDrive\Desktop\EXPLAINABLE_IRIS_PAD\Data\Raw\IIITD_Contact_Lens_Iris_DB\Cogent Scanner\40\Colored\20120911165145_L.bmp,Cogent,40,Cogent_40,Colored,1,NA,20120911165145_L.bmp
C:\Users\sahar\OneDrive\Desktop\EXPLAINABLE_IRIS_PAD\Data\Raw\IIITD_Contact_Lens_Iris_DB\Cogent Scanner\40\Colored\20120911165145_R.bmp,Cogent,40,Cogent_40,Colored,1,NA,20120911165145_R.bmp
C:\Users\sahar\OneDrive\Desktop\EXPLAINABLE_IRIS_PAD\Data\Raw\IIITD_Contact_Lens_Iris_DB\Cogent Scanner\40\Normal\20120912135628_L.bmp,Cogent,40,Cogent_40,Normal,0,NA,20120912135628_L.bmp
C:\Users\sahar\OneDrive\Desktop\EXPLAINABLE_IRIS_PAD\Data\Raw\IIITD_Contact_Lens_Iris_DB\Cogent Scanner\40\Normal\20120912135628_R.bmp,Cogent,40,Cogent_40,Normal,0,NA,20120912135628_R.bmp
C:\Users\sahar\OneDrive\Desktop\EXPLAINABLE_IRIS_PAD\Data\Raw\IIITD_Contact_Lens_Iris_DB\Cogent Scanner\40\Normal\20120912135631_L.bmp,Cogent,40,Cogent_40,Normal,0,NA,20120912135631_L.bmp
C:\Users\sahar\OneDrive\Desktop\EXPLAINABLE_IRIS_PAD\Data\Raw\IIITD_Contact_Lens_Iris_DB\Cogent Scanner\40\Normal\20120912135631_R.bmp,Cogent,40,Cogent_40,Normal,0,NA,20120912135631_R.bmp
C:\Users\sahar\OneDrive\Desktop\EXPLAINABLE_IRIS_PAD\Data\Raw\IIITD_Contact_Lens_Iris_DB\Cogent Scanner\40\Normal\20120912135635_L.bmp,Cogent,40,Cogent_40,Normal,0,NA,20120912135635_L.bmp
C:\Users\sahar\OneDrive\Desktop\EXPLAINABLE_IRIS_PAD\Data\Raw\IIITD_Contact_Lens_Iris_DB\Cogent Scanner\40\Normal\20120912135635_R.bmp,Cogent,40,Cogent_40,Normal,0,NA,20120912135635_R.bmp
C:\Users\sahar\OneDrive\Desktop\EXPLAINABLE_IRIS_PAD\Data\Raw\IIITD_Contact_Lens_Iris_DB\Cogent Scanner\40\Normal\20120912135641_L.bmp,Cogent,40,Cogent_40,Normal,0,NA,20120912135641_L.bmp
C:\Users\sahar\OneDrive\Desktop\EXPLAINABLE_IRIS_PAD\Data\Raw\IIITD_Contact_Lens_Iris_DB\Cogent Scanner\40\Normal\20120912135641_R.bmp,Cogent,40,Cogent_40,Normal,0,NA,20120912135641_R.bmp
C:\Users\sahar\OneDrive\Desktop\EXPLAINABLE_IRIS_PAD\Data\Raw\IIITD_Contact_Lens_Iris_DB\Cogent Scanner\40\Normal\20120912135653_L.bmp,Cogent,40,Cogent_40,Normal,0,NA,20120912135653_L.bmp
C:\Users\sahar\OneDrive\Desktop\EXPLAINABLE_IRIS_PAD\Data\Raw\IIITD_Contact_Lens_Iris_DB\Cogent Scanner\40\Normal\20120912135653_R.bmp,Cogent,40,Cogent_40,Normal,0,NA,20120912135653_R.bmp
C:\Users\sahar\OneDrive\Desktop\EXPLAINABLE_IRIS_PAD\Data\Raw\IIITD_Contact_Lens_Iris_DB\Cogent Scanner\40\Normal\20120912135657_L.bmp,Cogent,40,Cogent_40,Normal,0,NA,20120912135657_L.bmp
C:\Users\sahar\OneDrive\Desktop\EXPLAINABLE_IRIS_PAD\Data\Raw\IIITD_Contact_Lens_Iris_DB\Cogent Scanner\40\Normal\20120912135657_R.bmp,Cogent,40,Cogent_40,Normal,0,NA,20120912135657_R.bmp
C:\Users\sahar\OneDrive\Desktop\EXPLAINABLE_IRIS_PAD\Data\Raw\IIITD_Contact_Lens_Iris_DB\Cogent Scanner\41\Colored\20120913122413_L.bmp,Cogent,41,Cogent_41,Colored,1,NA,20120913122413_L.bmp
C:\Users\sahar\OneDrive\Desktop\EXPLAINABLE_IRIS_PAD\Data\Raw\IIITD_Contact_Lens_Iris_DB\Cogent Scanner\41\Colored\20120913122413_R.bmp,Cogent,41,Cogent_41,Colored,1,NA,20120913122413_R.bmp
C:\Users\sahar\OneDrive\Desktop\EXPLAINABLE_IRIS_PAD\Data\Raw\IIITD_Contact_Lens_Iris_DB\Cogent Scanner\41\Colored\20120913122416_L.bmp,Cogent,41,Cogent_41,Colored,1,NA,20120913122416_L.bmp
C:\Users\sahar\OneDrive\Desktop\EXPLAINABLE_IRIS_PAD\Data\Raw\IIITD_Contact_Lens_Iris_DB\Cogent Scanner\41\Colored\20120913122416_R.bmp,Cogent,41,Cogent_41,Colored,1,NA,20120913122416_R.bmp
C:\Users\sahar\OneDrive\Desktop\EXPLAINABLE_IRIS_PAD\Data\Raw\IIITD_Contact_Lens_Iris_DB\Cogent Scanner\41\Colored\20120913122419_L.bmp,Cogent,41,Cogent_41,Colored,1,NA,20120913122419_L.bmp
C:\Users\sahar\OneDrive\Desktop\EXPLAINABLE_IRIS_PAD\Data\Raw\IIITD_Contact_Lens_Iris_DB\Cogent Scanner\41\Colored\20120913122419_R.bmp,Cogent,41,Cogent_41,Colored,1,NA,20120913122419_R.bmp
C:\Users\sahar\OneDrive\Desktop\EXPLAINABLE_IRIS_PAD\Data\Raw\IIITD_Contact_Lens_Iris_DB\Cogent Scanner\41\Colored\20120913122426_L.bmp,Cogent,41,Cogent_41,Colored,1,NA,20120913122426_L.bmp
C:\Users\sahar\OneDrive\Desktop\EXPLAINABLE_IRIS_PAD\Data\Raw\IIITD_Contact_Lens_Iris_DB\Cogent Scanner\41\Colored\20120913122426_R.bmp,Cogent,41,Cogent_41,Colored,1,NA,20120913122426_R.bmp
C:\Users\sahar\OneDrive\Desktop\EXPLAINABLE_IRIS_PAD\Data\Raw\IIITD_Contact_Lens_Iris_DB\Cogent Scanner\41\Colored\20120913122439_L.bmp,Cogent,41,Cogent_41,Colored,1,NA,20120913122439_L.bmp
C:\Users\sahar\OneDrive\Desktop\EXPLAINABLE_IRIS_PAD\Data\Raw\IIITD_Contact_Lens_Iris_DB\Cogent Scanner\41\Colored\20120913122439_R.bmp,Cogent,41,Cogent_41,Colored,1,NA,20120913122439_R.bmp
C:\Users\sahar\OneDrive\Desktop\EXPLAINABLE_IRIS_PAD\Data\Raw\IIITD_Contact_Lens_Iris_DB\Cogent Scanner\41\Colored\20120913122450_L.bmp,Cogent,41,Cogent_41,Colored,1,NA,20120913122450_L.bmp
C:\Users\sahar\OneDrive\Desktop\EXPLAINABLE_IRIS_PAD\Data\Raw\IIITD_Contact_Lens_Iris_DB\Cogent Scanner\41\Colored\20120913122450_R.bmp,Cogent,41,Cogent_41,Colored,1,NA,20120913122450_R.bmp
C:\Users\sahar\OneDrive\Desktop\EXPLAINABLE_IRIS_PAD\Data\Raw\IIITD_Contact_Lens_Iris_DB\Cogent Scanner\41\Colored\20120913122454_L.bmp,Cogent,41,Cogent_41,Colored,1,NA,20120913122454_L.bmp
C:\Users\sahar\OneDrive\Desktop\EXPLAINABLE_IRIS_PAD\Data\Raw\IIITD_Contact_Lens_Iris_DB\Cogent Scanner\41\Colored\20120913122454_R.bmp,Cogent,41,Cogent_41,Colored,1,NA,20120913122454_R.bmp
C:\Users\sahar\OneDrive\Desktop\EXPLAINABLE_IRIS_PAD\Data\Raw\IIITD_Contact_Lens_Iris_DB\Cogent Scanner\41\Colored\20120913122457_L.bmp,Cogent,41,Cogent_41,Colored,1,NA,20120913122457_L.bmp
C:\Users\sahar\OneDrive\Desktop\EXPLAINABLE_IRIS_PAD\Data\Raw\IIITD_Contact_Lens_Iris_DB\Cogent Scanner\41\Colored\20120913122457_R.bmp,Cogent,41,Cogent_41,Colored,1,NA,20120913122457_R.bmp
C:\Users\sahar\OneDrive\Desktop\EXPLAINABLE_IRIS_PAD\Data\Raw\IIITD_Contact_Lens_Iris_DB\Cogent Scanner\41\Normal\20120913113720_L.bmp,Cogent,41,Cogent_41,Normal,0,NA,20120913113720_L.bmp
C:\Users\sahar\OneDrive\Desktop\EXPLAINABLE_IRIS_PAD\Data\Raw\IIITD_Contact_Lens_Iris_DB\Cogent Scanner\41\Normal\20120913113720_R.bmp,Cogent,41,Cogent_41,Normal,0,NA,20120913113720_R.bmp
C:\Users\sahar\OneDrive\Desktop\EXPLAINABLE_IRIS_PAD\Data\Raw\IIITD_Contact_Lens_Iris_DB\Cogent Scanner\41\Normal\20120913113723_L.bmp,Cogent,41,Cogent_41,Normal,0,NA,20120913113723_L.bmp
C:\Users\sahar\OneDrive\Desktop\EXPLAINABLE_IRIS_PAD\Data\Raw\IIITD_Contact_Lens_Iris_DB\Cogent Scanner\41\Normal\20120913113723_R.bmp,Cogent,41,Cogent_41,Normal,0,NA,20120913113723_R.bmp
C:\Users\sahar\OneDrive\Desktop\EXPLAINABLE_IRIS_PAD\Data\Raw\IIITD_Contact_Lens_Iris_DB\Cogent Scanner\41\Normal\20120913113832_L.bmp,Cogent,41,Cogent_41,Normal,0,NA,20120913113832_L.bmp
C:\Users\sahar\OneDrive\Desktop\EXPLAINABLE_IRIS_PAD\Data\Raw\IIITD_Contact_Lens_Iris_DB\Cogent Scanner\41\Normal\20120913113832_R.bmp,Cogent,41,Cogent_41,Normal,0,NA,20120913113832_R.bmp
C:\Users\sahar\OneDrive\Desktop\EXPLAINABLE_IRIS_PAD\Data\Raw\IIITD_Contact_Lens_Iris_DB\Cogent Scanner\41\Normal\20120913113836_L.bmp,Cogent,41,Cogent_41,Normal,0,NA,20120913113836_L.bmp
C:\Users\sahar\OneDrive\Desktop\EXPLAINABLE_IRIS_PAD\Data\Raw\IIITD_Contact_Lens_Iris_DB\Cogent Scanner\41\Normal\20120913113836_R.bmp,Cogent,41,Cogent_41,Normal,0,NA,20120913113836_R.bmp
C:\Users\sahar\OneDrive\Desktop\EXPLAINABLE_IRIS_PAD\Data\Raw\IIITD_Contact_Lens_Iris_DB\Cogent Scanner\41\Normal\20120913113841_L.bmp,Cogent,41,Cogent_41,Normal,0,NA,20120913113841_L.bmp
C:\Users\sahar\OneDrive\Desktop\EXPLAINABLE_IRIS_PAD\Data\Raw\IIITD_Contact_Lens_Iris_DB\Cogent Scanner\41\Normal\20120913113841_R.bmp,Cogent,41,Cogent_41,Normal,0,NA,20120913113841_R.bmp
C:\Users\sahar\OneDrive\Desktop\EXPLAINABLE_IRIS_PAD\Data\Raw\IIITD_Contact_Lens_Iris_DB\Cogent Scanner\41\Normal\20120913113845_L.bmp,Cogent,41,Cogent_41,Normal,0,NA,20120913113845_L.bmp
C:\Users\sahar\OneDrive\Desktop\EXPLAINABLE_IRIS_PAD\Data\Raw\IIITD_Contact_Lens_Iris_DB\Cogent Scanner\41\Normal\20120913113845_R.bmp,Cogent,41,Cogent_41,Normal,0,NA,20120913113845_R.bmp
C:\Users\sahar\OneDrive\Desktop\EXPLAINABLE_IRIS_PAD\Data\Raw\IIITD_Contact_Lens_Iris_DB\Cogent Scanner\41\Normal\20120913113849_L.bmp,Cogent,41,Cogent_41,Normal,0,NA,20120913113849_L.bmp
C:\Users\sahar\OneDrive\Desktop\EXPLAINABLE_IRIS_PAD\Data\Raw\IIITD_Contact_Lens_Iris_DB\Cogent Scanner\41\Normal\20120913113849_R.bmp,Cogent,41,Cogent_41,Normal,0,NA,20120913113849_R.bmp
C:\Users\sahar\OneDrive\Desktop\EXPLAINABLE_IRIS_PAD\Data\Raw\IIITD_Contact_Lens_Iris_DB\Cogent Scanner\41\Normal\20120913113855_L.bmp,Cogent,41,Cogent_41,Normal,0,NA,20120913113855_L.bmp
C:\Users\sahar\OneDrive\Desktop\EXPLAINABLE_IRIS_PAD\Data\Raw\IIITD_Contact_Lens_Iris_DB\Cogent Scanner\41\Normal\20120913113855_R.bmp,Cogent,41,Cogent_41,Normal,0,NA,20120913113855_R.bmp
C:\Users\sahar\OneDrive\Desktop\EXPLAINABLE_IRIS_PAD\Data\Raw\IIITD_Contact_Lens_Iris_DB\Cogent Scanner\42\Colored\20120911151439_L.bmp,Cogent,42,Cogent_42,Colored,1,NA,20120911151439_L.bmp
C:\Users\sahar\OneDrive\Desktop\EXPLAINABLE_IRIS_PAD\Data\Raw\IIITD_Contact_Lens_Iris_DB\Cogent Scanner\42\Colored\20120911151439_R.bmp,Cogent,42,Cogent_42,Colored,1,NA,20120911151439_R.bmp
C:\Users\sahar\OneDrive\Desktop\EXPLAINABLE_IRIS_PAD\Data\Raw\IIITD_Contact_Lens_Iris_DB\Cogent Scanner\42\Colored\20120911151509_L.bmp,Cogent,42,Cogent_42,Colored,1,NA,20120911151509_L.bmp
C:\Users\sahar\OneDrive\Desktop\EXPLAINABLE_IRIS_PAD\Data\Raw\IIITD_Contact_Lens_Iris_DB\Cogent Scanner\42\Colored\20120911151509_R.bmp,Cogent,42,Cogent_42,Colored,1,NA,20120911151509_R.bmp
C:\Users\sahar\OneDrive\Desktop\EXPLAINABLE_IRIS_PAD\Data\Raw\IIITD_Contact_Lens_Iris_DB\Cogent Scanner\42\Colored\20120911151514_L.bmp,Cogent,42,Cogent_42,Colored,1,NA,20120911151514_L.bmp
C:\Users\sahar\OneDrive\Desktop\EXPLAINABLE_IRIS_PAD\Data\Raw\IIITD_Contact_Lens_Iris_DB\Cogent Scanner\42\Colored\20120911151514_R.bmp,Cogent,42,Cogent_42,Colored,1,NA,20120911151514_R.bmp
C:\Users\sahar\OneDrive\Desktop\EXPLAINABLE_IRIS_PAD\Data\Raw\IIITD_Contact_Lens_Iris_DB\Cogent Scanner\42\Colored\20120911151521_L.bmp,Cogent,42,Cogent_42,Colored,1,NA,20120911151521_L.bmp
C:\Users\sahar\OneDrive\Desktop\EXPLAINABLE_IRIS_PAD\Data\Raw\IIITD_Contact_Lens_Iris_DB\Cogent Scanner\42\Colored\20120911151521_R.bmp,Cogent,42,Cogent_42,Colored,1,NA,20120911151521_R.bmp
C:\Users\sahar\OneDrive\Desktop\EXPLAINABLE_IRIS_PAD\Data\Raw\IIITD_Contact_Lens_Iris_DB\Cogent Scanner\42\Colored\20120911151533_L.bmp,Cogent,42,Cogent_42,Colored,1,NA,20120911151533_L.bmp
C:\Users\sahar\OneDrive\Desktop\EXPLAINABLE_IRIS_PAD\Data\Raw\IIITD_Contact_Lens_Iris_DB\Cogent Scanner\42\Colored\20120911151533_R.bmp,Cogent,42,Cogent_42,Colored,1,NA,20120911151533_R.bmp
C:\Users\sahar\OneDrive\Desktop\EXPLAINABLE_IRIS_PAD\Data\Raw\IIITD_Contact_Lens_Iris_DB\Cogent Scanner\42\Normal\20120911160244_L.bmp,Cogent,42,Cogent_42,Normal,0,NA,20120911160244_L.bmp
C:\Users\sahar\OneDrive\Desktop\EXPLAINABLE_IRIS_PAD\Data\Raw\IIITD_Contact_Lens_Iris_DB\Cogent Scanner\42\Normal\20120911160244_R.bmp,Cogent,42,Cogent_42,Normal,0,NA,20120911160244_R.bmp
C:\Users\sahar\OneDrive\Desktop\EXPLAINABLE_IRIS_PAD\Data\Raw\IIITD_Contact_Lens_Iris_DB\Cogent Scanner\42\Normal\20120911160250_L.bmp,Cogent,42,Cogent_42,Normal,0,NA,20120911160250_L.bmp
C:\Users\sahar\OneDrive\Desktop\EXPLAINABLE_IRIS_PAD\Data\Raw\IIITD_Contact_Lens_Iris_DB\Cogent Scanner\42\Normal\20120911160250_R.bmp,Cogent,42,Cogent_42,Normal,0,NA,20120911160250_R.bmp
C:\Users\sahar\OneDrive\Desktop\EXPLAINABLE_IRIS_PAD\Data\Raw\IIITD_Contact_Lens_Iris_DB\Cogent Scanner\42\Normal\20120911160254_L.bmp,Cogent,42,Cogent_42,Normal,0,NA,20120911160254_L.bmp
C:\Users\sahar\OneDrive\Desktop\EXPLAINABLE_IRIS_PAD\Data\Raw\IIITD_Contact_Lens_Iris_DB\Cogent Scanner\42\Normal\20120911160254_R.bmp,Cogent,42,Cogent_42,Normal,0,NA,20120911160254_R.bmp
C:\Users\sahar\OneDrive\Desktop\EXPLAINABLE_IRIS_PAD\Data\Raw\IIITD_Contact_Lens_Iris_DB\Cogent Scanner\42\Normal\20120911160307_L.bmp,Cogent,42,Cogent_42,Normal,0,NA,20120911160307_L.bmp
C:\Users\sahar\OneDrive\Desktop\EXPLAINABLE_IRIS_PAD\Data\Raw\IIITD_Contact_Lens_Iris_DB\Cogent Scanner\42\Normal\20120911160307_R.bmp,Cogent,42,Cogent_42,Normal,0,NA,20120911160307_R.bmp
C:\Users\sahar\OneDrive\Desktop\EXPLAINABLE_IRIS_PAD\Data\Raw\IIITD_Contact_Lens_Iris_DB\Cogent Scanner\42\Normal\20120911160314_L.bmp,Cogent,42,Cogent_42,Normal,0,NA,20120911160314_L.bmp
C:\Users\sahar\OneDrive\Desktop\EXPLAINABLE_IRIS_PAD\Data\Raw\IIITD_Contact_Lens_Iris_DB\Cogent Scanner\42\Normal\20120911160314_R.bmp,Cogent,42,Cogent_42,Normal,0,NA,20120911160314_R.bmp
C:\Users\sahar\OneDrive\Desktop\EXPLAINABLE_IRIS_PAD\Data\Raw\IIITD_Contact_Lens_Iris_DB\Cogent Scanner\44\Colored\20120919165529_L.bmp,Cogent,44,Cogent_44,Colored,1,NA,20120919165529_L.bmp
C:\Users\sahar\OneDrive\Desktop\EXPLAINABLE_IRIS_PAD\Data\Raw\IIITD_Contact_Lens_Iris_DB\Cogent Scanner\44\Colored\20120919165529_R.bmp,Cogent,44,Cogent_44,Colored,1,NA,20120919165529_R.bmp
C:\Users\sahar\OneDrive\Desktop\EXPLAINABLE_IRIS_PAD\Data\Raw\IIITD_Contact_Lens_Iris_DB\Cogent Scanner\44\Colored\20120919165532_L.bmp,Cogent,44,Cogent_44,Colored,1,NA,20120919165532_L.bmp
C:\Users\sahar\OneDrive\Desktop\EXPLAINABLE_IRIS_PAD\Data\Raw\IIITD_Contact_Lens_Iris_DB\Cogent Scanner\44\Colored\20120919165532_R.bmp,Cogent,44,Cogent_44,Colored,1,NA,20120919165532_R.bmp
C:\Users\sahar\OneDrive\Desktop\EXPLAINABLE_IRIS_PAD\Data\Raw\IIITD_Contact_Lens_Iris_DB\Cogent Scanner\44\Colored\20120919165535_L.bmp,Cogent,44,Cogent_44,Colored,1,NA,20120919165535_L.bmp
C:\Users\sahar\OneDrive\Desktop\EXPLAINABLE_IRIS_PAD\Data\Raw\IIITD_Contact_Lens_Iris_DB\Cogent Scanner\44\Colored\20120919165535_R.bmp,Cogent,44,Cogent_44,Colored,1,NA,20120919165535_R.bmp
C:\Users\sahar\OneDrive\Desktop\EXPLAINABLE_IRIS_PAD\Data\Raw\IIITD_Contact_Lens_Iris_DB\Cogent Scanner\44\Colored\20120919165539_L.bmp,Cogent,44,Cogent_44,Colored,1,NA,20120919165539_L.bmp
C:\Users\sahar\OneDrive\Desktop\EXPLAINABLE_IRIS_PAD\Data\Raw\IIITD_Contact_Lens_Iris_DB\Cogent Scanner\44\Colored\20120919165539_R.bmp,Cogent,44,Cogent_44,Colored,1,NA,20120919165539_R.bmp
C:\Users\sahar\OneDrive\Desktop\EXPLAINABLE_IRIS_PAD\Data\Raw\IIITD_Contact_Lens_Iris_DB\Cogent Scanner\44\Colored\20120919165543_L.bmp,Cogent,44,Cogent_44,Colored,1,NA,20120919165543_L.bmp
C:\Users\sahar\OneDrive\Desktop\EXPLAINABLE_IRIS_PAD\Data\Raw\IIITD_Contact_Lens_Iris_DB\Cogent Scanner\44\Colored\20120919165543_R.bmp,Cogent,44,Cogent_44,Colored,1,NA,20120919165543_R.bmp
C:\Users\sahar\OneDrive\Desktop\EXPLAINABLE_IRIS_PAD\Data\Raw\IIITD_Contact_Lens_Iris_DB\Cogent Scanner\44\Colored\20120919165546_L.bmp,Cogent,44,Cogent_44,Colored,1,NA,20120919165546_L.bmp
C:\Users\sahar\OneDrive\Desktop\EXPLAINABLE_IRIS_PAD\Data\Raw\IIITD_Contact_Lens_Iris_DB\Cogent Scanner\44\Colored\20120919165547_R.bmp,Cogent,44,Cogent_44,Colored,1,NA,20120919165547_R.bmp
C:\Users\sahar\OneDrive\Desktop\EXPLAINABLE_IRIS_PAD\Data\Raw\IIITD_Contact_Lens_Iris_DB\Cogent Scanner\44\Normal\20120919164600_L.bmp,Cogent,44,Cogent_44,Normal,0,NA,20120919164600_L.bmp
C:\Users\sahar\OneDrive\Desktop\EXPLAINABLE_IRIS_PAD\Data\Raw\IIITD_Contact_Lens_Iris_DB\Cogent Scanner\44\Normal\20120919164600_R.bmp,Cogent,44,Cogent_44,Normal,0,NA,20120919164600_R.bmp
C:\Users\sahar\OneDrive\Desktop\EXPLAINABLE_IRIS_PAD\Data\Raw\IIITD_Contact_Lens_Iris_DB\Cogent Scanner\44\Normal\20120919164606_L.bmp,Cogent,44,Cogent_44,Normal,0,NA,20120919164606_L.bmp
C:\Users\sahar\OneDrive\Desktop\EXPLAINABLE_IRIS_PAD\Data\Raw\IIITD_Contact_Lens_Iris_DB\Cogent Scanner\44\Normal\20120919164606_R.bmp,Cogent,44,Cogent_44,Normal,0,NA,20120919164606_R.bmp
C:\Users\sahar\OneDrive\Desktop\EXPLAINABLE_IRIS_PAD\Data\Raw\IIITD_Contact_Lens_Iris_DB\Cogent Scanner\44\Normal\20120919164610_L.bmp,Cogent,44,Cogent_44,Normal,0,NA,20120919164610_L.bmp
C:\Users\sahar\OneDrive\Desktop\EXPLAINABLE_IRIS_PAD\Data\Raw\IIITD_Contact_Lens_Iris_DB\Cogent Scanner\44\Normal\20120919164610_R.bmp,Cogent,44,Cogent_44,Normal,0,NA,20120919164610_R.bmp
C:\Users\sahar\OneDrive\Desktop\EXPLAINABLE_IRIS_PAD\Data\Raw\IIITD_Contact_Lens_Iris_DB\Cogent Scanner\44\Normal\20120919164613_L.bmp,Cogent,44,Cogent_44,Normal,0,NA,20120919164613_L.bmp
C:\Users\sahar\OneDrive\Desktop\EXPLAINABLE_IRIS_PAD\Data\Raw\IIITD_Contact_Lens_Iris_DB\Cogent Scanner\44\Normal\20120919164613_R.bmp,Cogent,44,Cogent_44,Normal,0,NA,20120919164613_R.bmp
C:\Users\sahar\OneDrive\Desktop\EXPLAINABLE_IRIS_PAD\Data\Raw\IIITD_Contact_Lens_Iris_DB\Cogent Scanner\44\Normal\20120919164615_L.bmp,Cogent,44,Cogent_44,Normal,0,NA,20120919164615_L.bmp
C:\Users\sahar\OneDrive\Desktop\EXPLAINABLE_IRIS_PAD\Data\Raw\IIITD_Contact_Lens_Iris_DB\Cogent Scanner\44\Normal\20120919164615_R.bmp,Cogent,44,Cogent_44,Normal,0,NA,20120919164615_R.bmp
C:\Users\sahar\OneDrive\Desktop\EXPLAINABLE_IRIS_PAD\Data\Raw\IIITD_Contact_Lens_Iris_DB\Cogent Scanner\44\Normal\20120919164618_L.bmp,Cogent,44,Cogent_44,Normal,0,NA,20120919164618_L.bmp
C:\Users\sahar\OneDrive\Desktop\EXPLAINABLE_IRIS_PAD\Data\Raw\IIITD_Contact_Lens_Iris_DB\Cogent Scanner\44\Normal\20120919164618_R.bmp,Cogent,44,Cogent_44,Normal,0,NA,20120919164618_R.bmp
C:\Users\sahar\OneDrive\Desktop\EXPLAINABLE_IRIS_PAD\Data\Raw\IIITD_Contact_Lens_Iris_DB\Cogent Scanner\45\Colored\20120913144002_L.bmp,Cogent,45,Cogent_45,Colored,1,NA,20120913144002_L.bmp
C:\Users\sahar\OneDrive\Desktop\EXPLAINABLE_IRIS_PAD\Data\Raw\IIITD_Contact_Lens_Iris_DB\Cogent Scanner\45\Colored\20120913144002_R.bmp,Cogent,45,Cogent_45,Colored,1,NA,20120913144002_R.bmp
C:\Users\sahar\OneDrive\Desktop\EXPLAINABLE_IRIS_PAD\Data\Raw\IIITD_Contact_Lens_Iris_DB\Cogent Scanner\45\Colored\20120913144005_L.bmp,Cogent,45,Cogent_45,Colored,1,NA,20120913144005_L.bmp
C:\Users\sahar\OneDrive\Desktop\EXPLAINABLE_IRIS_PAD\Data\Raw\IIITD_Contact_Lens_Iris_DB\Cogent Scanner\45\Colored\20120913144005_R.bmp,Cogent,45,Cogent_45,Colored,1,NA,20120913144005_R.bmp
C:\Users\sahar\OneDrive\Desktop\EXPLAINABLE_IRIS_PAD\Data\Raw\IIITD_Contact_Lens_Iris_DB\Cogent Scanner\45\Colored\20120913144008_L.bmp,Cogent,45,Cogent_45,Colored,1,NA,20120913144008_L.bmp
C:\Users\sahar\OneDrive\Desktop\EXPLAINABLE_IRIS_PAD\Data\Raw\IIITD_Contact_Lens_Iris_DB\Cogent Scanner\45\Colored\20120913144008_R.bmp,Cogent,45,Cogent_45,Colored,1,NA,20120913144008_R.bmp
C:\Users\sahar\OneDrive\Desktop\EXPLAINABLE_IRIS_PAD\Data\Raw\IIITD_Contact_Lens_Iris_DB\Cogent Scanner\45\Colored\20120913144013_L.bmp,Cogent,45,Cogent_45,Colored,1,NA,20120913144013_L.bmp
C:\Users\sahar\OneDrive\Desktop\EXPLAINABLE_IRIS_PAD\Data\Raw\IIITD_Contact_Lens_Iris_DB\Cogent Scanner\45\Colored\20120913144013_R.bmp,Cogent,45,Cogent_45,Colored,1,NA,20120913144013_R.bmp
C:\Users\sahar\OneDrive\Desktop\EXPLAINABLE_IRIS_PAD\Data\Raw\IIITD_Contact_Lens_Iris_DB\Cogent Scanner\45\Colored\20120913144018_L.bmp,Cogent,45,Cogent_45,Colored,1,NA,20120913144018_L.bmp
C:\Users\sahar\OneDrive\Desktop\EXPLAINABLE_IRIS_PAD\Data\Raw\IIITD_Contact_Lens_Iris_DB\Cogent Scanner\45\Colored\20120913144018_R.bmp,Cogent,45,Cogent_45,Colored,1,NA,20120913144018_R.bmp
C:\Users\sahar\OneDrive\Desktop\EXPLAINABLE_IRIS_PAD\Data\Raw\IIITD_Contact_Lens_Iris_DB\Cogent Scanner\45\Normal\20120913121615_L.bmp,Cogent,45,Cogent_45,Normal,0,NA,20120913121615_L.bmp
C:\Users\sahar\OneDrive\Desktop\EXPLAINABLE_IRIS_PAD\Data\Raw\IIITD_Contact_Lens_Iris_DB\Cogent Scanner\45\Normal\20120913121615_R.bmp,Cogent,45,Cogent_45,Normal,0,NA,20120913121615_R.bmp
C:\Users\sahar\OneDrive\Desktop\EXPLAINABLE_IRIS_PAD\Data\Raw\IIITD_Contact_Lens_Iris_DB\Cogent Scanner\45\Normal\20120913121619_L.bmp,Cogent,45,Cogent_45,Normal,0,NA,20120913121619_L.bmp
C:\Users\sahar\OneDrive\Desktop\EXPLAINABLE_IRIS_PAD\Data\Raw\IIITD_Contact_Lens_Iris_DB\Cogent Scanner\45\Normal\20120913121619_R.bmp,Cogent,45,Cogent_45,Normal,0,NA,20120913121619_R.bmp
C:\Users\sahar\OneDrive\Desktop\EXPLAINABLE_IRIS_PAD\Data\Raw\IIITD_Contact_Lens_Iris_DB\Cogent Scanner\45\Normal\20120913121622_L.bmp,Cogent,45,Cogent_45,Normal,0,NA,20120913121622_L.bmp
C:\Users\sahar\OneDrive\Desktop\EXPLAINABLE_IRIS_PAD\Data\Raw\IIITD_Contact_Lens_Iris_DB\Cogent Scanner\45\Normal\20120913121622_R.bmp,Cogent,45,Cogent_45,Normal,0,NA,20120913121622_R.bmp
C:\Users\sahar\OneDrive\Desktop\EXPLAINABLE_IRIS_PAD\Data\Raw\IIITD_Contact_Lens_Iris_DB\Cogent Scanner\45\Normal\20120913121625_L.bmp,Cogent,45,Cogent_45,Normal,0,NA,20120913121625_L.bmp
C:\Users\sahar\OneDrive\Desktop\EXPLAINABLE_IRIS_PAD\Data\Raw\IIITD_Contact_Lens_Iris_DB\Cogent Scanner\45\Normal\20120913121625_R.bmp,Cogent,45,Cogent_45,Normal,0,NA,20120913121625_R.bmp
C:\Users\sahar\OneDrive\Desktop\EXPLAINABLE_IRIS_PAD\Data\Raw\IIITD_Contact_Lens_Iris_DB\Cogent Scanner\45\Normal\20120913121628_L.bmp,Cogent,45,Cogent_45,Normal,0,NA,20120913121628_L.bmp
C:\Users\sahar\OneDrive\Desktop\EXPLAINABLE_IRIS_PAD\Data\Raw\IIITD_Contact_Lens_Iris_DB\Cogent Scanner\45\Normal\20120913121628_R.bmp,Cogent,45,Cogent_45,Normal,0,NA,20120913121628_R.bmp
C:\Users\sahar\OneDrive\Desktop\EXPLAINABLE_IRIS_PAD\Data\Raw\IIITD_Contact_Lens_Iris_DB\Cogent Scanner\45\Normal\20120913121631_L.bmp,Cogent,45,Cogent_45,Normal,0,NA,20120913121631_L.bmp
C:\Users\sahar\OneDrive\Desktop\EXPLAINABLE_IRIS_PAD\Data\Raw\IIITD_Contact_Lens_Iris_DB\Cogent Scanner\45\Normal\20120913121631_R.bmp,Cogent,45,Cogent_45,Normal,0,NA,20120913121631_R.bmp
C:\Users\sahar\OneDrive\Desktop\EXPLAINABLE_IRIS_PAD\Data\Raw\IIITD_Contact_Lens_Iris_DB\Cogent Scanner\45\Normal\20120913121638_L.bmp,Cogent,45,Cogent_45,Normal,0,NA,20120913121638_L.bmp
C:\Users\sahar\OneDrive\Desktop\EXPLAINABLE_IRIS_PAD\Data\Raw\IIITD_Contact_Lens_Iris_DB\Cogent Scanner\45\Normal\20120913121638_R.bmp,Cogent,45,Cogent_45,Normal,0,NA,20120913121638_R.bmp
C:\Users\sahar\OneDrive\Desktop\EXPLAINABLE_IRIS_PAD\Data\Raw\IIITD_Contact_Lens_Iris_DB\Cogent Scanner\46\Colored\20120919140649_L.bmp,Cogent,46,Cogent_46,Colored,1,NA,20120919140649_L.bmp
C:\Users\sahar\OneDrive\Desktop\EXPLAINABLE_IRIS_PAD\Data\Raw\IIITD_Contact_Lens_Iris_DB\Cogent Scanner\46\Colored\20120919140649_R.bmp,Cogent,46,Cogent_46,Colored,1,NA,20120919140649_R.bmp
C:\Users\sahar\OneDrive\Desktop\EXPLAINABLE_IRIS_PAD\Data\Raw\IIITD_Contact_Lens_Iris_DB\Cogent Scanner\46\Colored\20120919140653_L.bmp,Cogent,46,Cogent_46,Colored,1,NA,20120919140653_L.bmp
C:\Users\sahar\OneDrive\Desktop\EXPLAINABLE_IRIS_PAD\Data\Raw\IIITD_Contact_Lens_Iris_DB\Cogent Scanner\46\Colored\20120919140653_R.bmp,Cogent,46,Cogent_46,Colored,1,NA,20120919140653_R.bmp
C:\Users\sahar\OneDrive\Desktop\EXPLAINABLE_IRIS_PAD\Data\Raw\IIITD_Contact_Lens_Iris_DB\Cogent Scanner\46\Colored\20120919140657_L.bmp,Cogent,46,Cogent_46,Colored,1,NA,20120919140657_L.bmp
C:\Users\sahar\OneDrive\Desktop\EXPLAINABLE_IRIS_PAD\Data\Raw\IIITD_Contact_Lens_Iris_DB\Cogent Scanner\46\Colored\20120919140657_R.bmp,Cogent,46,Cogent_46,Colored,1,NA,20120919140657_R.bmp
C:\Users\sahar\OneDrive\Desktop\EXPLAINABLE_IRIS_PAD\Data\Raw\IIITD_Contact_Lens_Iris_DB\Cogent Scanner\46\Colored\20120919140702_L.bmp,Cogent,46,Cogent_46,Colored,1,NA,20120919140702_L.bmp
C:\Users\sahar\OneDrive\Desktop\EXPLAINABLE_IRIS_PAD\Data\Raw\IIITD_Contact_Lens_Iris_DB\Cogent Scanner\46\Colored\20120919140708_R.bmp,Cogent,46,Cogent_46,Colored,1,NA,20120919140708_R.bmp
C:\Users\sahar\OneDrive\Desktop\EXPLAINABLE_IRIS_PAD\Data\Raw\IIITD_Contact_Lens_Iris_DB\Cogent Scanner\46\Colored\20120919140715_L.bmp,Cogent,46,Cogent_46,Colored,1,NA,20120919140715_L.bmp
C:\Users\sahar\OneDrive\Desktop\EXPLAINABLE_IRIS_PAD\Data\Raw\IIITD_Contact_Lens_Iris_DB\Cogent Scanner\46\Colored\20120919140715_R.bmp,Cogent,46,Cogent_46,Colored,1,NA,20120919140715_R.bmp
C:\Users\sahar\OneDrive\Desktop\EXPLAINABLE_IRIS_PAD\Data\Raw\IIITD_Contact_Lens_Iris_DB\Cogent Scanner\46\Normal\20120919130959_L.bmp,Cogent,46,Cogent_46,Normal,0,NA,20120919130959_L.bmp
C:\Users\sahar\OneDrive\Desktop\EXPLAINABLE_IRIS_PAD\Data\Raw\IIITD_Contact_Lens_Iris_DB\Cogent Scanner\46\Normal\20120919130959_R.bmp,Cogent,46,Cogent_46,Normal,0,NA,20120919130959_R.bmp
C:\Users\sahar\OneDrive\Desktop\EXPLAINABLE_IRIS_PAD\Data\Raw\IIITD_Contact_Lens_Iris_DB\Cogent Scanner\46\Normal\20120919131002_L.bmp,Cogent,46,Cogent_46,Normal,0,NA,20120919131002_L.bmp
C:\Users\sahar\OneDrive\Desktop\EXPLAINABLE_IRIS_PAD\Data\Raw\IIITD_Contact_Lens_Iris_DB\Cogent Scanner\46\Normal\20120919131002_R.bmp,Cogent,46,Cogent_46,Normal,0,NA,20120919131002_R.bmp
C:\Users\sahar\OneDrive\Desktop\EXPLAINABLE_IRIS_PAD\Data\Raw\IIITD_Contact_Lens_Iris_DB\Cogent Scanner\46\Normal\20120919131005_L.bmp,Cogent,46,Cogent_46,Normal,0,NA,20120919131005_L.bmp
C:\Users\sahar\OneDrive\Desktop\EXPLAINABLE_IRIS_PAD\Data\Raw\IIITD_Contact_Lens_Iris_DB\Cogent Scanner\46\Normal\20120919131005_R.bmp,Cogent,46,Cogent_46,Normal,0,NA,20120919131005_R.bmp
C:\Users\sahar\OneDrive\Desktop\EXPLAINABLE_IRIS_PAD\Data\Raw\IIITD_Contact_Lens_Iris_DB\Cogent Scanner\46\Normal\20120919131009_L.bmp,Cogent,46,Cogent_46,Normal,0,NA,20120919131009_L.bmp
C:\Users\sahar\OneDrive\Desktop\EXPLAINABLE_IRIS_PAD\Data\Raw\IIITD_Contact_Lens_Iris_DB\Cogent Scanner\46\Normal\20120919131009_R.bmp,Cogent,46,Cogent_46,Normal,0,NA,20120919131009_R.bmp
C:\Users\sahar\OneDrive\Desktop\EXPLAINABLE_IRIS_PAD\Data\Raw\IIITD_Contact_Lens_Iris_DB\Cogent Scanner\46\Normal\20120919131013_L.bmp,Cogent,46,Cogent_46,Normal,0,NA,20120919131013_L.bmp
C:\Users\sahar\OneDrive\Desktop\EXPLAINABLE_IRIS_PAD\Data\Raw\IIITD_Contact_Lens_Iris_DB\Cogent Scanner\46\Normal\20120919131013_R.bmp,Cogent,46,Cogent_46,Normal,0,NA,20120919131013_R.bmp
C:\Users\sahar\OneDrive\Desktop\EXPLAINABLE_IRIS_PAD\Data\Raw\IIITD_Contact_Lens_Iris_DB\Cogent Scanner\47\Colored\20120919185451_L.bmp,Cogent,47,Cogent_47,Colored,1,NA,20120919185451_L.bmp
C:\Users\sahar\OneDrive\Desktop\EXPLAINABLE_IRIS_PAD\Data\Raw\IIITD_Contact_Lens_Iris_DB\Cogent Scanner\47\Colored\20120919185451_R.bmp,Cogent,47,Cogent_47,Colored,1,NA,20120919185451_R.bmp
C:\Users\sahar\OneDrive\Desktop\EXPLAINABLE_IRIS_PAD\Data\Raw\IIITD_Contact_Lens_Iris_DB\Cogent Scanner\47\Colored\20120919185455_L.bmp,Cogent,47,Cogent_47,Colored,1,NA,20120919185455_L.bmp
C:\Users\sahar\OneDrive\Desktop\EXPLAINABLE_IRIS_PAD\Data\Raw\IIITD_Contact_Lens_Iris_DB\Cogent Scanner\47\Colored\20120919185455_R.bmp,Cogent,47,Cogent_47,Colored,1,NA,20120919185455_R.bmp
C:\Users\sahar\OneDrive\Desktop\EXPLAINABLE_IRIS_PAD\Data\Raw\IIITD_Contact_Lens_Iris_DB\Cogent Scanner\47\Colored\20120919185458_L.bmp,Cogent,47,Cogent_47,Colored,1,NA,20120919185458_L.bmp
C:\Users\sahar\OneDrive\Desktop\EXPLAINABLE_IRIS_PAD\Data\Raw\IIITD_Contact_Lens_Iris_DB\Cogent Scanner\47\Colored\20120919185458_R.bmp,Cogent,47,Cogent_47,Colored,1,NA,20120919185458_R.bmp
C:\Users\sahar\OneDrive\Desktop\EXPLAINABLE_IRIS_PAD\Data\Raw\IIITD_Contact_Lens_Iris_DB\Cogent Scanner\47\Colored\20120919185502_L.bmp,Cogent,47,Cogent_47,Colored,1,NA,20120919185502_L.bmp
C:\Users\sahar\OneDrive\Desktop\EXPLAINABLE_IRIS_PAD\Data\Raw\IIITD_Contact_Lens_Iris_DB\Cogent Scanner\47\Colored\20120919185502_R.bmp,Cogent,47,Cogent_47,Colored,1,NA,20120919185502_R.bmp
C:\Users\sahar\OneDrive\Desktop\EXPLAINABLE_IRIS_PAD\Data\Raw\IIITD_Contact_Lens_Iris_DB\Cogent Scanner\47\Colored\20120919185505_L.bmp,Cogent,47,Cogent_47,Colored,1,NA,20120919185505_L.bmp
C:\Users\sahar\OneDrive\Desktop\EXPLAINABLE_IRIS_PAD\Data\Raw\IIITD_Contact_Lens_Iris_DB\Cogent Scanner\47\Colored\20120919185505_R.bmp,Cogent,47,Cogent_47,Colored,1,NA,20120919185505_R.bmp
C:\Users\sahar\OneDrive\Desktop\EXPLAINABLE_IRIS_PAD\Data\Raw\IIITD_Contact_Lens_Iris_DB\Cogent Scanner\47\Normal\20120919191241_L.bmp,Cogent,47,Cogent_47,Normal,0,NA,20120919191241_L.bmp
C:\Users\sahar\OneDrive\Desktop\EXPLAINABLE_IRIS_PAD\Data\Raw\IIITD_Contact_Lens_Iris_DB\Cogent Scanner\47\Normal\20120919191241_R.bmp,Cogent,47,Cogent_47,Normal,0,NA,20120919191241_R.bmp
C:\Users\sahar\OneDrive\Desktop\EXPLAINABLE_IRIS_PAD\Data\Raw\IIITD_Contact_Lens_Iris_DB\Cogent Scanner\47\Normal\20120919191245_L.bmp,Cogent,47,Cogent_47,Normal,0,NA,20120919191245_L.bmp
C:\Users\sahar\OneDrive\Desktop\EXPLAINABLE_IRIS_PAD\Data\Raw\IIITD_Contact_Lens_Iris_DB\Cogent Scanner\47\Normal\20120919191245_R.bmp,Cogent,47,Cogent_47,Normal,0,NA,20120919191245_R.bmp
C:\Users\sahar\OneDrive\Desktop\EXPLAINABLE_IRIS_PAD\Data\Raw\IIITD_Contact_Lens_Iris_DB\Cogent Scanner\47\Normal\20120919191252_L.bmp,Cogent,47,Cogent_47,Normal,0,NA,20120919191252_L.bmp
C:\Users\sahar\OneDrive\Desktop\EXPLAINABLE_IRIS_PAD\Data\Raw\IIITD_Contact_Lens_Iris_DB\Cogent Scanner\47\Normal\20120919191252_R.bmp,Cogent,47,Cogent_47,Normal,0,NA,20120919191252_R.bmp
C:\Users\sahar\OneDrive\Desktop\EXPLAINABLE_IRIS_PAD\Data\Raw\IIITD_Contact_Lens_Iris_DB\Cogent Scanner\47\Normal\20120919191255_L.bmp,Cogent,47,Cogent_47,Normal,0,NA,20120919191255_L.bmp
C:\Users\sahar\OneDrive\Desktop\EXPLAINABLE_IRIS_PAD\Data\Raw\IIITD_Contact_Lens_Iris_DB\Cogent Scanner\47\Normal\20120919191255_R.bmp,Cogent,47,Cogent_47,Normal,0,NA,20120919191255_R.bmp
C:\Users\sahar\OneDrive\Desktop\EXPLAINABLE_IRIS_PAD\Data\Raw\IIITD_Contact_Lens_Iris_DB\Cogent Scanner\47\Normal\20120919191258_L.bmp,Cogent,47,Cogent_47,Normal,0,NA,20120919191258_L.bmp
C:\Users\sahar\OneDrive\Desktop\EXPLAINABLE_IRIS_PAD\Data\Raw\IIITD_Contact_Lens_Iris_DB\Cogent Scanner\47\Normal\20120919191258_R.bmp,Cogent,47,Cogent_47,Normal,0,NA,20120919191258_R.bmp
C:\Users\sahar\OneDrive\Desktop\EXPLAINABLE_IRIS_PAD\Data\Raw\IIITD_Contact_Lens_Iris_DB\Cogent Scanner\5\Colored\20120913154721_L.bmp,Cogent,5,Cogent_5,Colored,1,NA,20120913154721_L.bmp
C:\Users\sahar\OneDrive\Desktop\EXPLAINABLE_IRIS_PAD\Data\Raw\IIITD_Contact_Lens_Iris_DB\Cogent Scanner\5\Colored\20120913154721_R.bmp,Cogent,5,Cogent_5,Colored,1,NA,20120913154721_R.bmp
C:\Users\sahar\OneDrive\Desktop\EXPLAINABLE_IRIS_PAD\Data\Raw\IIITD_Contact_Lens_Iris_DB\Cogent Scanner\5\Colored\20120913154736_L.bmp,Cogent,5,Cogent_5,Colored,1,NA,20120913154736_L.bmp
C:\Users\sahar\OneDrive\Desktop\EXPLAINABLE_IRIS_PAD\Data\Raw\IIITD_Contact_Lens_Iris_DB\Cogent Scanner\5\Colored\20120913154736_R.bmp,Cogent,5,Cogent_5,Colored,1,NA,20120913154736_R.bmp
C:\Users\sahar\OneDrive\Desktop\EXPLAINABLE_IRIS_PAD\Data\Raw\IIITD_Contact_Lens_Iris_DB\Cogent Scanner\5\Colored\20120913154739_L.bmp,Cogent,5,Cogent_5,Colored,1,NA,20120913154739_L.bmp
C:\Users\sahar\OneDrive\Desktop\EXPLAINABLE_IRIS_PAD\Data\Raw\IIITD_Contact_Lens_Iris_DB\Cogent Scanner\5\Colored\20120913154739_R.bmp,Cogent,5,Cogent_5,Colored,1,NA,20120913154739_R.bmp
C:\Users\sahar\OneDrive\Desktop\EXPLAINABLE_IRIS_PAD\Data\Raw\IIITD_Contact_Lens_Iris_DB\Cogent Scanner\5\Colored\20120913154746_L.bmp,Cogent,5,Cogent_5,Colored,1,NA,20120913154746_L.bmp
C:\Users\sahar\OneDrive\Desktop\EXPLAINABLE_IRIS_PAD\Data\Raw\IIITD_Contact_Lens_Iris_DB\Cogent Scanner\5\Colored\20120913154746_R.bmp,Cogent,5,Cogent_5,Colored,1,NA,20120913154746_R.bmp
C:\Users\sahar\OneDrive\Desktop\EXPLAINABLE_IRIS_PAD\Data\Raw\IIITD_Contact_Lens_Iris_DB\Cogent Scanner\5\Colored\20120913154751_L.bmp,Cogent,5,Cogent_5,Colored,1,NA,20120913154751_L.bmp
C:\Users\sahar\OneDrive\Desktop\EXPLAINABLE_IRIS_PAD\Data\Raw\IIITD_Contact_Lens_Iris_DB\Cogent Scanner\5\Colored\20120913154751_R.bmp,Cogent,5,Cogent_5,Colored,1,NA,20120913154751_R.bmp
C:\Users\sahar\OneDrive\Desktop\EXPLAINABLE_IRIS_PAD\Data\Raw\IIITD_Contact_Lens_Iris_DB\Cogent Scanner\5\Normal\20120913141925_L.bmp,Cogent,5,Cogent_5,Normal,0,NA,20120913141925_L.bmp
C:\Users\sahar\OneDrive\Desktop\EXPLAINABLE_IRIS_PAD\Data\Raw\IIITD_Contact_Lens_Iris_DB\Cogent Scanner\5\Normal\20120913141925_R.bmp,Cogent,5,Cogent_5,Normal,0,NA,20120913141925_R.bmp
C:\Users\sahar\OneDrive\Desktop\EXPLAINABLE_IRIS_PAD\Data\Raw\IIITD_Contact_Lens_Iris_DB\Cogent Scanner\5\Normal\20120913141928_L.bmp,Cogent,5,Cogent_5,Normal,0,NA,20120913141928_L.bmp
C:\Users\sahar\OneDrive\Desktop\EXPLAINABLE_IRIS_PAD\Data\Raw\IIITD_Contact_Lens_Iris_DB\Cogent Scanner\5\Normal\20120913141928_R.bmp,Cogent,5,Cogent_5,Normal,0,NA,20120913141928_R.bmp
C:\Users\sahar\OneDrive\Desktop\EXPLAINABLE_IRIS_PAD\Data\Raw\IIITD_Contact_Lens_Iris_DB\Cogent Scanner\5\Normal\20120913141932_L.bmp,Cogent,5,Cogent_5,Normal,0,NA,20120913141932_L.bmp
C:\Users\sahar\OneDrive\Desktop\EXPLAINABLE_IRIS_PAD\Data\Raw\IIITD_Contact_Lens_Iris_DB\Cogent Scanner\5\Normal\20120913141932_R.bmp,Cogent,5,Cogent_5,Normal,0,NA,20120913141932_R.bmp
C:\Users\sahar\OneDrive\Desktop\EXPLAINABLE_IRIS_PAD\Data\Raw\IIITD_Contact_Lens_Iris_DB\Cogent Scanner\5\Normal\20120913141937_L.bmp,Cogent,5,Cogent_5,Normal,0,NA,20120913141937_L.bmp
C:\Users\sahar\OneDrive\Desktop\EXPLAINABLE_IRIS_PAD\Data\Raw\IIITD_Contact_Lens_Iris_DB\Cogent Scanner\5\Normal\20120913141937_R.bmp,Cogent,5,Cogent_5,Normal,0,NA,20120913141937_R.bmp
C:\Users\sahar\OneDrive\Desktop\EXPLAINABLE_IRIS_PAD\Data\Raw\IIITD_Contact_Lens_Iris_DB\Cogent Scanner\5\Normal\20120913141940_L.bmp,Cogent,5,Cogent_5,Normal,0,NA,20120913141940_L.bmp
C:\Users\sahar\OneDrive\Desktop\EXPLAINABLE_IRIS_PAD\Data\Raw\IIITD_Contact_Lens_Iris_DB\Cogent Scanner\5\Normal\20120913141940_R.bmp,Cogent,5,Cogent_5,Normal,0,NA,20120913141940_R.bmp
C:\Users\sahar\OneDrive\Desktop\EXPLAINABLE_IRIS_PAD\Data\Raw\IIITD_Contact_Lens_Iris_DB\Cogent Scanner\50\Colored\20120912151513_L.bmp,Cogent,50,Cogent_50,Colored,1,NA,20120912151513_L.bmp
C:\Users\sahar\OneDrive\Desktop\EXPLAINABLE_IRIS_PAD\Data\Raw\IIITD_Contact_Lens_Iris_DB\Cogent Scanner\50\Colored\20120912151513_R.bmp,Cogent,50,Cogent_50,Colored,1,NA,20120912151513_R.bmp
C:\Users\sahar\OneDrive\Desktop\EXPLAINABLE_IRIS_PAD\Data\Raw\IIITD_Contact_Lens_Iris_DB\Cogent Scanner\50\Colored\20120912151518_L.bmp,Cogent,50,Cogent_50,Colored,1,NA,20120912151518_L.bmp
C:\Users\sahar\OneDrive\Desktop\EXPLAINABLE_IRIS_PAD\Data\Raw\IIITD_Contact_Lens_Iris_DB\Cogent Scanner\50\Colored\20120912151518_R.bmp,Cogent,50,Cogent_50,Colored,1,NA,20120912151518_R.bmp
C:\Users\sahar\OneDrive\Desktop\EXPLAINABLE_IRIS_PAD\Data\Raw\IIITD_Contact_Lens_Iris_DB\Cogent Scanner\50\Colored\20120912151521_L.bmp,Cogent,50,Cogent_50,Colored,1,NA,20120912151521_L.bmp
C:\Users\sahar\OneDrive\Desktop\EXPLAINABLE_IRIS_PAD\Data\Raw\IIITD_Contact_Lens_Iris_DB\Cogent Scanner\50\Colored\20120912151521_R.bmp,Cogent,50,Cogent_50,Colored,1,NA,20120912151521_R.bmp
C:\Users\sahar\OneDrive\Desktop\EXPLAINABLE_IRIS_PAD\Data\Raw\IIITD_Contact_Lens_Iris_DB\Cogent Scanner\50\Colored\20120912151528_L.bmp,Cogent,50,Cogent_50,Colored,1,NA,20120912151528_L.bmp
C:\Users\sahar\OneDrive\Desktop\EXPLAINABLE_IRIS_PAD\Data\Raw\IIITD_Contact_Lens_Iris_DB\Cogent Scanner\50\Colored\20120912151528_R.bmp,Cogent,50,Cogent_50,Colored,1,NA,20120912151528_R.bmp
C:\Users\sahar\OneDrive\Desktop\EXPLAINABLE_IRIS_PAD\Data\Raw\IIITD_Contact_Lens_Iris_DB\Cogent Scanner\50\Colored\20120912151532_L.bmp,Cogent,50,Cogent_50,Colored,1,NA,20120912151532_L.bmp
C:\Users\sahar\OneDrive\Desktop\EXPLAINABLE_IRIS_PAD\Data\Raw\IIITD_Contact_Lens_Iris_DB\Cogent Scanner\50\Colored\20120912151532_R.bmp,Cogent,50,Cogent_50,Colored,1,NA,20120912151532_R.bmp
C:\Users\sahar\OneDrive\Desktop\EXPLAINABLE_IRIS_PAD\Data\Raw\IIITD_Contact_Lens_Iris_DB\Cogent Scanner\50\Normal\20120912151113_L.bmp,Cogent,50,Cogent_50,Normal,0,NA,20120912151113_L.bmp
C:\Users\sahar\OneDrive\Desktop\EXPLAINABLE_IRIS_PAD\Data\Raw\IIITD_Contact_Lens_Iris_DB\Cogent Scanner\50\Normal\20120912151113_R.bmp,Cogent,50,Cogent_50,Normal,0,NA,20120912151113_R.bmp
C:\Users\sahar\OneDrive\Desktop\EXPLAINABLE_IRIS_PAD\Data\Raw\IIITD_Contact_Lens_Iris_DB\Cogent Scanner\50\Normal\20120912151116_L.bmp,Cogent,50,Cogent_50,Normal,0,NA,20120912151116_L.bmp
C:\Users\sahar\OneDrive\Desktop\EXPLAINABLE_IRIS_PAD\Data\Raw\IIITD_Contact_Lens_Iris_DB\Cogent Scanner\50\Normal\20120912151116_R.bmp,Cogent,50,Cogent_50,Normal,0,NA,20120912151116_R.bmp
C:\Users\sahar\OneDrive\Desktop\EXPLAINABLE_IRIS_PAD\Data\Raw\IIITD_Contact_Lens_Iris_DB\Cogent Scanner\50\Normal\20120912151120_L.bmp,Cogent,50,Cogent_50,Normal,0,NA,20120912151120_L.bmp
C:\Users\sahar\OneDrive\Desktop\EXPLAINABLE_IRIS_PAD\Data\Raw\IIITD_Contact_Lens_Iris_DB\Cogent Scanner\50\Normal\20120912151120_R.bmp,Cogent,50,Cogent_50,Normal,0,NA,20120912151120_R.bmp
C:\Users\sahar\OneDrive\Desktop\EXPLAINABLE_IRIS_PAD\Data\Raw\IIITD_Contact_Lens_Iris_DB\Cogent Scanner\50\Normal\20120912151129_L.bmp,Cogent,50,Cogent_50,Normal,0,NA,20120912151129_L.bmp
C:\Users\sahar\OneDrive\Desktop\EXPLAINABLE_IRIS_PAD\Data\Raw\IIITD_Contact_Lens_Iris_DB\Cogent Scanner\50\Normal\20120912151129_R.bmp,Cogent,50,Cogent_50,Normal,0,NA,20120912151129_R.bmp
C:\Users\sahar\OneDrive\Desktop\EXPLAINABLE_IRIS_PAD\Data\Raw\IIITD_Contact_Lens_Iris_DB\Cogent Scanner\50\Normal\20120912151132_L.bmp,Cogent,50,Cogent_50,Normal,0,NA,20120912151132_L.bmp
C:\Users\sahar\OneDrive\Desktop\EXPLAINABLE_IRIS_PAD\Data\Raw\IIITD_Contact_Lens_Iris_DB\Cogent Scanner\50\Normal\20120912151132_R.bmp,Cogent,50,Cogent_50,Normal,0,NA,20120912151132_R.bmp
C:\Users\sahar\OneDrive\Desktop\EXPLAINABLE_IRIS_PAD\Data\Raw\IIITD_Contact_Lens_Iris_DB\Cogent Scanner\51\Colored\20120912150807_L.bmp,Cogent,51,Cogent_51,Colored,1,NA,20120912150807_L.bmp
C:\Users\sahar\OneDrive\Desktop\EXPLAINABLE_IRIS_PAD\Data\Raw\IIITD_Contact_Lens_Iris_DB\Cogent Scanner\51\Colored\20120912150807_R.bmp,Cogent,51,Cogent_51,Colored,1,NA,20120912150807_R.bmp
C:\Users\sahar\OneDrive\Desktop\EXPLAINABLE_IRIS_PAD\Data\Raw\IIITD_Contact_Lens_Iris_DB\Cogent Scanner\51\Colored\20120912150810_L.bmp,Cogent,51,Cogent_51,Colored,1,NA,20120912150810_L.bmp
C:\Users\sahar\OneDrive\Desktop\EXPLAINABLE_IRIS_PAD\Data\Raw\IIITD_Contact_Lens_Iris_DB\Cogent Scanner\51\Colored\20120912150810_R.bmp,Cogent,51,Cogent_51,Colored,1,NA,20120912150810_R.bmp
C:\Users\sahar\OneDrive\Desktop\EXPLAINABLE_IRIS_PAD\Data\Raw\IIITD_Contact_Lens_Iris_DB\Cogent Scanner\51\Colored\20120912150814_L.bmp,Cogent,51,Cogent_51,Colored,1,NA,20120912150814_L.bmp
C:\Users\sahar\OneDrive\Desktop\EXPLAINABLE_IRIS_PAD\Data\Raw\IIITD_Contact_Lens_Iris_DB\Cogent Scanner\51\Colored\20120912150814_R.bmp,Cogent,51,Cogent_51,Colored,1,NA,20120912150814_R.bmp
C:\Users\sahar\OneDrive\Desktop\EXPLAINABLE_IRIS_PAD\Data\Raw\IIITD_Contact_Lens_Iris_DB\Cogent Scanner\51\Colored\20120912150818_L.bmp,Cogent,51,Cogent_51,Colored,1,NA,20120912150818_L.bmp
C:\Users\sahar\OneDrive\Desktop\EXPLAINABLE_IRIS_PAD\Data\Raw\IIITD_Contact_Lens_Iris_DB\Cogent Scanner\51\Colored\20120912150818_R.bmp,Cogent,51,Cogent_51,Colored,1,NA,20120912150818_R.bmp
C:\Users\sahar\OneDrive\Desktop\EXPLAINABLE_IRIS_PAD\Data\Raw\IIITD_Contact_Lens_Iris_DB\Cogent Scanner\51\Colored\20120912150822_L.bmp,Cogent,51,Cogent_51,Colored,1,NA,20120912150822_L.bmp
C:\Users\sahar\OneDrive\Desktop\EXPLAINABLE_IRIS_PAD\Data\Raw\IIITD_Contact_Lens_Iris_DB\Cogent Scanner\51\Colored\20120912150822_R.bmp,Cogent,51,Cogent_51,Colored,1,NA,20120912150822_R.bmp
C:\Users\sahar\OneDrive\Desktop\EXPLAINABLE_IRIS_PAD\Data\Raw\IIITD_Contact_Lens_Iris_DB\Cogent Scanner\51\Normal\20120913110545_L.bmp,Cogent,51,Cogent_51,Normal,0,NA,20120913110545_L.bmp
C:\Users\sahar\OneDrive\Desktop\EXPLAINABLE_IRIS_PAD\Data\Raw\IIITD_Contact_Lens_Iris_DB\Cogent Scanner\51\Normal\20120913110545_R.bmp,Cogent,51,Cogent_51,Normal,0,NA,20120913110545_R.bmp
C:\Users\sahar\OneDrive\Desktop\EXPLAINABLE_IRIS_PAD\Data\Raw\IIITD_Contact_Lens_Iris_DB\Cogent Scanner\51\Normal\20120913110549_L.bmp,Cogent,51,Cogent_51,Normal,0,NA,20120913110549_L.bmp
C:\Users\sahar\OneDrive\Desktop\EXPLAINABLE_IRIS_PAD\Data\Raw\IIITD_Contact_Lens_Iris_DB\Cogent Scanner\51\Normal\20120913110549_R.bmp,Cogent,51,Cogent_51,Normal,0,NA,20120913110549_R.bmp
C:\Users\sahar\OneDrive\Desktop\EXPLAINABLE_IRIS_PAD\Data\Raw\IIITD_Contact_Lens_Iris_DB\Cogent Scanner\51\Normal\20120913110554_L.bmp,Cogent,51,Cogent_51,Normal,0,NA,20120913110554_L.bmp
C:\Users\sahar\OneDrive\Desktop\EXPLAINABLE_IRIS_PAD\Data\Raw\IIITD_Contact_Lens_Iris_DB\Cogent Scanner\51\Normal\20120913110554_R.bmp,Cogent,51,Cogent_51,Normal,0,NA,20120913110554_R.bmp
C:\Users\sahar\OneDrive\Desktop\EXPLAINABLE_IRIS_PAD\Data\Raw\IIITD_Contact_Lens_Iris_DB\Cogent Scanner\51\Normal\20120913110559_L.bmp,Cogent,51,Cogent_51,Normal,0,NA,20120913110559_L.bmp
C:\Users\sahar\OneDrive\Desktop\EXPLAINABLE_IRIS_PAD\Data\Raw\IIITD_Contact_Lens_Iris_DB\Cogent Scanner\51\Normal\20120913110559_R.bmp,Cogent,51,Cogent_51,Normal,0,NA,20120913110559_R.bmp
C:\Users\sahar\OneDrive\Desktop\EXPLAINABLE_IRIS_PAD\Data\Raw\IIITD_Contact_Lens_Iris_DB\Cogent Scanner\51\Normal\20120913110604_L.bmp,Cogent,51,Cogent_51,Normal,0,NA,20120913110604_L.bmp
C:\Users\sahar\OneDrive\Desktop\EXPLAINABLE_IRIS_PAD\Data\Raw\IIITD_Contact_Lens_Iris_DB\Cogent Scanner\51\Normal\20120913110604_R.bmp,Cogent,51,Cogent_51,Normal,0,NA,20120913110604_R.bmp
C:\Users\sahar\OneDrive\Desktop\EXPLAINABLE_IRIS_PAD\Data\Raw\IIITD_Contact_Lens_Iris_DB\Cogent Scanner\51\Normal\20120913110609_L.bmp,Cogent,51,Cogent_51,Normal,0,NA,20120913110609_L.bmp
C:\Users\sahar\OneDrive\Desktop\EXPLAINABLE_IRIS_PAD\Data\Raw\IIITD_Contact_Lens_Iris_DB\Cogent Scanner\51\Normal\20120913110609_R.bmp,Cogent,51,Cogent_51,Normal,0,NA,20120913110609_R.bmp
C:\Users\sahar\OneDrive\Desktop\EXPLAINABLE_IRIS_PAD\Data\Raw\IIITD_Contact_Lens_Iris_DB\Cogent Scanner\52\Colored\20120919162211_L.bmp,Cogent,52,Cogent_52,Colored,1,NA,20120919162211_L.bmp
C:\Users\sahar\OneDrive\Desktop\EXPLAINABLE_IRIS_PAD\Data\Raw\IIITD_Contact_Lens_Iris_DB\Cogent Scanner\52\Colored\20120919162211_R.bmp,Cogent,52,Cogent_52,Colored,1,NA,20120919162211_R.bmp
C:\Users\sahar\OneDrive\Desktop\EXPLAINABLE_IRIS_PAD\Data\Raw\IIITD_Contact_Lens_Iris_DB\Cogent Scanner\52\Colored\20120919162215_L.bmp,Cogent,52,Cogent_52,Colored,1,NA,20120919162215_L.bmp
C:\Users\sahar\OneDrive\Desktop\EXPLAINABLE_IRIS_PAD\Data\Raw\IIITD_Contact_Lens_Iris_DB\Cogent Scanner\52\Colored\20120919162215_R.bmp,Cogent,52,Cogent_52,Colored,1,NA,20120919162215_R.bmp
C:\Users\sahar\OneDrive\Desktop\EXPLAINABLE_IRIS_PAD\Data\Raw\IIITD_Contact_Lens_Iris_DB\Cogent Scanner\52\Colored\20120919162219_L.bmp,Cogent,52,Cogent_52,Colored,1,NA,20120919162219_L.bmp
C:\Users\sahar\OneDrive\Desktop\EXPLAINABLE_IRIS_PAD\Data\Raw\IIITD_Contact_Lens_Iris_DB\Cogent Scanner\52\Colored\20120919162219_R.bmp,Cogent,52,Cogent_52,Colored,1,NA,20120919162219_R.bmp
C:\Users\sahar\OneDrive\Desktop\EXPLAINABLE_IRIS_PAD\Data\Raw\IIITD_Contact_Lens_Iris_DB\Cogent Scanner\52\Colored\20120919162222_L.bmp,Cogent,52,Cogent_52,Colored,1,NA,20120919162222_L.bmp
C:\Users\sahar\OneDrive\Desktop\EXPLAINABLE_IRIS_PAD\Data\Raw\IIITD_Contact_Lens_Iris_DB\Cogent Scanner\52\Colored\20120919162222_R.bmp,Cogent,52,Cogent_52,Colored,1,NA,20120919162222_R.bmp
C:\Users\sahar\OneDrive\Desktop\EXPLAINABLE_IRIS_PAD\Data\Raw\IIITD_Contact_Lens_Iris_DB\Cogent Scanner\52\Colored\20120919162226_L.bmp,Cogent,52,Cogent_52,Colored,1,NA,20120919162226_L.bmp
C:\Users\sahar\OneDrive\Desktop\EXPLAINABLE_IRIS_PAD\Data\Raw\IIITD_Contact_Lens_Iris_DB\Cogent Scanner\52\Colored\20120919162226_R.bmp,Cogent,52,Cogent_52,Colored,1,NA,20120919162226_R.bmp
C:\Users\sahar\OneDrive\Desktop\EXPLAINABLE_IRIS_PAD\Data\Raw\IIITD_Contact_Lens_Iris_DB\Cogent Scanner\52\Colored\20120919162231_L.bmp,Cogent,52,Cogent_52,Colored,1,NA,20120919162231_L.bmp
C:\Users\sahar\OneDrive\Desktop\EXPLAINABLE_IRIS_PAD\Data\Raw\IIITD_Contact_Lens_Iris_DB\Cogent Scanner\52\Colored\20120919162231_R.bmp,Cogent,52,Cogent_52,Colored,1,NA,20120919162231_R.bmp
C:\Users\sahar\OneDrive\Desktop\EXPLAINABLE_IRIS_PAD\Data\Raw\IIITD_Contact_Lens_Iris_DB\Cogent Scanner\52\Normal\20120919153907_L.bmp,Cogent,52,Cogent_52,Normal,0,NA,20120919153907_L.bmp
C:\Users\sahar\OneDrive\Desktop\EXPLAINABLE_IRIS_PAD\Data\Raw\IIITD_Contact_Lens_Iris_DB\Cogent Scanner\52\Normal\20120919153907_R.bmp,Cogent,52,Cogent_52,Normal,0,NA,20120919153907_R.bmp
C:\Users\sahar\OneDrive\Desktop\EXPLAINABLE_IRIS_PAD\Data\Raw\IIITD_Contact_Lens_Iris_DB\Cogent Scanner\52\Normal\20120919153917_L.bmp,Cogent,52,Cogent_52,Normal,0,NA,20120919153917_L.bmp
C:\Users\sahar\OneDrive\Desktop\EXPLAINABLE_IRIS_PAD\Data\Raw\IIITD_Contact_Lens_Iris_DB\Cogent Scanner\52\Normal\20120919153917_R.bmp,Cogent,52,Cogent_52,Normal,0,NA,20120919153917_R.bmp
C:\Users\sahar\OneDrive\Desktop\EXPLAINABLE_IRIS_PAD\Data\Raw\IIITD_Contact_Lens_Iris_DB\Cogent Scanner\52\Normal\20120919153923_L.bmp,Cogent,52,Cogent_52,Normal,0,NA,20120919153923_L.bmp
C:\Users\sahar\OneDrive\Desktop\EXPLAINABLE_IRIS_PAD\Data\Raw\IIITD_Contact_Lens_Iris_DB\Cogent Scanner\52\Normal\20120919153923_R.bmp,Cogent,52,Cogent_52,Normal,0,NA,20120919153923_R.bmp
C:\Users\sahar\OneDrive\Desktop\EXPLAINABLE_IRIS_PAD\Data\Raw\IIITD_Contact_Lens_Iris_DB\Cogent Scanner\52\Normal\20120919153925_L.bmp,Cogent,52,Cogent_52,Normal,0,NA,20120919153925_L.bmp
C:\Users\sahar\OneDrive\Desktop\EXPLAINABLE_IRIS_PAD\Data\Raw\IIITD_Contact_Lens_Iris_DB\Cogent Scanner\52\Normal\20120919153925_R.bmp,Cogent,52,Cogent_52,Normal,0,NA,20120919153925_R.bmp
C:\Users\sahar\OneDrive\Desktop\EXPLAINABLE_IRIS_PAD\Data\Raw\IIITD_Contact_Lens_Iris_DB\Cogent Scanner\52\Normal\20120919153932_L.bmp,Cogent,52,Cogent_52,Normal,0,NA,20120919153932_L.bmp
C:\Users\sahar\OneDrive\Desktop\EXPLAINABLE_IRIS_PAD\Data\Raw\IIITD_Contact_Lens_Iris_DB\Cogent Scanner\52\Normal\20120919153932_R.bmp,Cogent,52,Cogent_52,Normal,0,NA,20120919153932_R.bmp
C:\Users\sahar\OneDrive\Desktop\EXPLAINABLE_IRIS_PAD\Data\Raw\IIITD_Contact_Lens_Iris_DB\Cogent Scanner\52\Normal\20120919153935_L.bmp,Cogent,52,Cogent_52,Normal,0,NA,20120919153935_L.bmp
C:\Users\sahar\OneDrive\Desktop\EXPLAINABLE_IRIS_PAD\Data\Raw\IIITD_Contact_Lens_Iris_DB\Cogent Scanner\52\Normal\20120919153935_R.bmp,Cogent,52,Cogent_52,Normal,0,NA,20120919153935_R.bmp
C:\Users\sahar\OneDrive\Desktop\EXPLAINABLE_IRIS_PAD\Data\Raw\IIITD_Contact_Lens_Iris_DB\Cogent Scanner\52\Normal\20120919153938_L.bmp,Cogent,52,Cogent_52,Normal,0,NA,20120919153938_L.bmp
C:\Users\sahar\OneDrive\Desktop\EXPLAINABLE_IRIS_PAD\Data\Raw\IIITD_Contact_Lens_Iris_DB\Cogent Scanner\52\Normal\20120919153938_R.bmp,Cogent,52,Cogent_52,Normal,0,NA,20120919153938_R.bmp
C:\Users\sahar\OneDrive\Desktop\EXPLAINABLE_IRIS_PAD\Data\Raw\IIITD_Contact_Lens_Iris_DB\Cogent Scanner\52\Normal\20120919153940_L.bmp,Cogent,52,Cogent_52,Normal,0,NA,20120919153940_L.bmp
C:\Users\sahar\OneDrive\Desktop\EXPLAINABLE_IRIS_PAD\Data\Raw\IIITD_Contact_Lens_Iris_DB\Cogent Scanner\52\Normal\20120919153940_R.bmp,Cogent,52,Cogent_52,Normal,0,NA,20120919153940_R.bmp
C:\Users\sahar\OneDrive\Desktop\EXPLAINABLE_IRIS_PAD\Data\Raw\IIITD_Contact_Lens_Iris_DB\Cogent Scanner\53\Colored\20120912162407_L.bmp,Cogent,53,Cogent_53,Colored,1,NA,20120912162407_L.bmp
C:\Users\sahar\OneDrive\Desktop\EXPLAINABLE_IRIS_PAD\Data\Raw\IIITD_Contact_Lens_Iris_DB\Cogent Scanner\53\Colored\20120912162407_R.bmp,Cogent,53,Cogent_53,Colored,1,NA,20120912162407_R.bmp
C:\Users\sahar\OneDrive\Desktop\EXPLAINABLE_IRIS_PAD\Data\Raw\IIITD_Contact_Lens_Iris_DB\Cogent Scanner\53\Colored\20120912162412_L.bmp,Cogent,53,Cogent_53,Colored,1,NA,20120912162412_L.bmp
C:\Users\sahar\OneDrive\Desktop\EXPLAINABLE_IRIS_PAD\Data\Raw\IIITD_Contact_Lens_Iris_DB\Cogent Scanner\53\Colored\20120912162412_R.bmp,Cogent,53,Cogent_53,Colored,1,NA,20120912162412_R.bmp
C:\Users\sahar\OneDrive\Desktop\EXPLAINABLE_IRIS_PAD\Data\Raw\IIITD_Contact_Lens_Iris_DB\Cogent Scanner\53\Colored\20120912162416_L.bmp,Cogent,53,Cogent_53,Colored,1,NA,20120912162416_L.bmp
C:\Users\sahar\OneDrive\Desktop\EXPLAINABLE_IRIS_PAD\Data\Raw\IIITD_Contact_Lens_Iris_DB\Cogent Scanner\53\Colored\20120912162416_R.bmp,Cogent,53,Cogent_53,Colored,1,NA,20120912162416_R.bmp
C:\Users\sahar\OneDrive\Desktop\EXPLAINABLE_IRIS_PAD\Data\Raw\IIITD_Contact_Lens_Iris_DB\Cogent Scanner\53\Colored\20120912162420_L.bmp,Cogent,53,Cogent_53,Colored,1,NA,20120912162420_L.bmp
C:\Users\sahar\OneDrive\Desktop\EXPLAINABLE_IRIS_PAD\Data\Raw\IIITD_Contact_Lens_Iris_DB\Cogent Scanner\53\Colored\20120912162420_R.bmp,Cogent,53,Cogent_53,Colored,1,NA,20120912162420_R.bmp
C:\Users\sahar\OneDrive\Desktop\EXPLAINABLE_IRIS_PAD\Data\Raw\IIITD_Contact_Lens_Iris_DB\Cogent Scanner\53\Colored\20120912162423_L.bmp,Cogent,53,Cogent_53,Colored,1,NA,20120912162423_L.bmp
C:\Users\sahar\OneDrive\Desktop\EXPLAINABLE_IRIS_PAD\Data\Raw\IIITD_Contact_Lens_Iris_DB\Cogent Scanner\53\Colored\20120912162423_R.bmp,Cogent,53,Cogent_53,Colored,1,NA,20120912162423_R.bmp
C:\Users\sahar\OneDrive\Desktop\EXPLAINABLE_IRIS_PAD\Data\Raw\IIITD_Contact_Lens_Iris_DB\Cogent Scanner\53\Normal\20120912170058_L.bmp,Cogent,53,Cogent_53,Normal,0,NA,20120912170058_L.bmp
C:\Users\sahar\OneDrive\Desktop\EXPLAINABLE_IRIS_PAD\Data\Raw\IIITD_Contact_Lens_Iris_DB\Cogent Scanner\53\Normal\20120912170058_R.bmp,Cogent,53,Cogent_53,Normal,0,NA,20120912170058_R.bmp
C:\Users\sahar\OneDrive\Desktop\EXPLAINABLE_IRIS_PAD\Data\Raw\IIITD_Contact_Lens_Iris_DB\Cogent Scanner\53\Normal\20120912170101_L.bmp,Cogent,53,Cogent_53,Normal,0,NA,20120912170101_L.bmp
C:\Users\sahar\OneDrive\Desktop\EXPLAINABLE_IRIS_PAD\Data\Raw\IIITD_Contact_Lens_Iris_DB\Cogent Scanner\53\Normal\20120912170101_R.bmp,Cogent,53,Cogent_53,Normal,0,NA,20120912170101_R.bmp
C:\Users\sahar\OneDrive\Desktop\EXPLAINABLE_IRIS_PAD\Data\Raw\IIITD_Contact_Lens_Iris_DB\Cogent Scanner\53\Normal\20120912170104_L.bmp,Cogent,53,Cogent_53,Normal,0,NA,20120912170104_L.bmp
C:\Users\sahar\OneDrive\Desktop\EXPLAINABLE_IRIS_PAD\Data\Raw\IIITD_Contact_Lens_Iris_DB\Cogent Scanner\53\Normal\20120912170104_R.bmp,Cogent,53,Cogent_53,Normal,0,NA,20120912170104_R.bmp
C:\Users\sahar\OneDrive\Desktop\EXPLAINABLE_IRIS_PAD\Data\Raw\IIITD_Contact_Lens_Iris_DB\Cogent Scanner\53\Normal\20120912170111_L.bmp,Cogent,53,Cogent_53,Normal,0,NA,20120912170111_L.bmp
C:\Users\sahar\OneDrive\Desktop\EXPLAINABLE_IRIS_PAD\Data\Raw\IIITD_Contact_Lens_Iris_DB\Cogent Scanner\53\Normal\20120912170111_R.bmp,Cogent,53,Cogent_53,Normal,0,NA,20120912170111_R.bmp
C:\Users\sahar\OneDrive\Desktop\EXPLAINABLE_IRIS_PAD\Data\Raw\IIITD_Contact_Lens_Iris_DB\Cogent Scanner\53\Normal\20120912170114_L.bmp,Cogent,53,Cogent_53,Normal,0,NA,20120912170114_L.bmp
C:\Users\sahar\OneDrive\Desktop\EXPLAINABLE_IRIS_PAD\Data\Raw\IIITD_Contact_Lens_Iris_DB\Cogent Scanner\53\Normal\20120912170114_R.bmp,Cogent,53,Cogent_53,Normal,0,NA,20120912170114_R.bmp
C:\Users\sahar\OneDrive\Desktop\EXPLAINABLE_IRIS_PAD\Data\Raw\IIITD_Contact_Lens_Iris_DB\Cogent Scanner\54\Colored\20120914141032_L.bmp,Cogent,54,Cogent_54,Colored,1,NA,20120914141032_L.bmp
C:\Users\sahar\OneDrive\Desktop\EXPLAINABLE_IRIS_PAD\Data\Raw\IIITD_Contact_Lens_Iris_DB\Cogent Scanner\54\Colored\20120914141032_R.bmp,Cogent,54,Cogent_54,Colored,1,NA,20120914141032_R.bmp
C:\Users\sahar\OneDrive\Desktop\EXPLAINABLE_IRIS_PAD\Data\Raw\IIITD_Contact_Lens_Iris_DB\Cogent Scanner\54\Colored\20120914141036_L.bmp,Cogent,54,Cogent_54,Colored,1,NA,20120914141036_L.bmp
C:\Users\sahar\OneDrive\Desktop\EXPLAINABLE_IRIS_PAD\Data\Raw\IIITD_Contact_Lens_Iris_DB\Cogent Scanner\54\Colored\20120914141036_R.bmp,Cogent,54,Cogent_54,Colored,1,NA,20120914141036_R.bmp
C:\Users\sahar\OneDrive\Desktop\EXPLAINABLE_IRIS_PAD\Data\Raw\IIITD_Contact_Lens_Iris_DB\Cogent Scanner\54\Colored\20120914141041_L.bmp,Cogent,54,Cogent_54,Colored,1,NA,20120914141041_L.bmp
C:\Users\sahar\OneDrive\Desktop\EXPLAINABLE_IRIS_PAD\Data\Raw\IIITD_Contact_Lens_Iris_DB\Cogent Scanner\54\Colored\20120914141041_R.bmp,Cogent,54,Cogent_54,Colored,1,NA,20120914141041_R.bmp
C:\Users\sahar\OneDrive\Desktop\EXPLAINABLE_IRIS_PAD\Data\Raw\IIITD_Contact_Lens_Iris_DB\Cogent Scanner\54\Colored\20120914141045_L.bmp,Cogent,54,Cogent_54,Colored,1,NA,20120914141045_L.bmp
C:\Users\sahar\OneDrive\Desktop\EXPLAINABLE_IRIS_PAD\Data\Raw\IIITD_Contact_Lens_Iris_DB\Cogent Scanner\54\Colored\20120914141045_R.bmp,Cogent,54,Cogent_54,Colored,1,NA,20120914141045_R.bmp
C:\Users\sahar\OneDrive\Desktop\EXPLAINABLE_IRIS_PAD\Data\Raw\IIITD_Contact_Lens_Iris_DB\Cogent Scanner\54\Colored\20120914141051_L.bmp,Cogent,54,Cogent_54,Colored,1,NA,20120914141051_L.bmp
C:\Users\sahar\OneDrive\Desktop\EXPLAINABLE_IRIS_PAD\Data\Raw\IIITD_Contact_Lens_Iris_DB\Cogent Scanner\54\Colored\20120914141051_R.bmp,Cogent,54,Cogent_54,Colored,1,NA,20120914141051_R.bmp
C:\Users\sahar\OneDrive\Desktop\EXPLAINABLE_IRIS_PAD\Data\Raw\IIITD_Contact_Lens_Iris_DB\Cogent Scanner\54\Colored\20120914141054_L.bmp,Cogent,54,Cogent_54,Colored,1,NA,20120914141054_L.bmp
C:\Users\sahar\OneDrive\Desktop\EXPLAINABLE_IRIS_PAD\Data\Raw\IIITD_Contact_Lens_Iris_DB\Cogent Scanner\54\Colored\20120914141054_R.bmp,Cogent,54,Cogent_54,Colored,1,NA,20120914141054_R.bmp
C:\Users\sahar\OneDrive\Desktop\EXPLAINABLE_IRIS_PAD\Data\Raw\IIITD_Contact_Lens_Iris_DB\Cogent Scanner\54\Normal\20120912140023_L.bmp,Cogent,54,Cogent_54,Normal,0,NA,20120912140023_L.bmp
C:\Users\sahar\OneDrive\Desktop\EXPLAINABLE_IRIS_PAD\Data\Raw\IIITD_Contact_Lens_Iris_DB\Cogent Scanner\54\Normal\20120912140023_R.bmp,Cogent,54,Cogent_54,Normal,0,NA,20120912140023_R.bmp
C:\Users\sahar\OneDrive\Desktop\EXPLAINABLE_IRIS_PAD\Data\Raw\IIITD_Contact_Lens_Iris_DB\Cogent Scanner\54\Normal\20120912140027_L.bmp,Cogent,54,Cogent_54,Normal,0,NA,20120912140027_L.bmp
C:\Users\sahar\OneDrive\Desktop\EXPLAINABLE_IRIS_PAD\Data\Raw\IIITD_Contact_Lens_Iris_DB\Cogent Scanner\54\Normal\20120912140027_R.bmp,Cogent,54,Cogent_54,Normal,0,NA,20120912140027_R.bmp
C:\Users\sahar\OneDrive\Desktop\EXPLAINABLE_IRIS_PAD\Data\Raw\IIITD_Contact_Lens_Iris_DB\Cogent Scanner\54\Normal\20120912140034_L.bmp,Cogent,54,Cogent_54,Normal,0,NA,20120912140034_L.bmp
C:\Users\sahar\OneDrive\Desktop\EXPLAINABLE_IRIS_PAD\Data\Raw\IIITD_Contact_Lens_Iris_DB\Cogent Scanner\54\Normal\20120912140034_R.bmp,Cogent,54,Cogent_54,Normal,0,NA,20120912140034_R.bmp
C:\Users\sahar\OneDrive\Desktop\EXPLAINABLE_IRIS_PAD\Data\Raw\IIITD_Contact_Lens_Iris_DB\Cogent Scanner\54\Normal\20120912140037_L.bmp,Cogent,54,Cogent_54,Normal,0,NA,20120912140037_L.bmp
C:\Users\sahar\OneDrive\Desktop\EXPLAINABLE_IRIS_PAD\Data\Raw\IIITD_Contact_Lens_Iris_DB\Cogent Scanner\54\Normal\20120912140037_R.bmp,Cogent,54,Cogent_54,Normal,0,NA,20120912140037_R.bmp
C:\Users\sahar\OneDrive\Desktop\EXPLAINABLE_IRIS_PAD\Data\Raw\IIITD_Contact_Lens_Iris_DB\Cogent Scanner\54\Normal\20120912140039_L.bmp,Cogent,54,Cogent_54,Normal,0,NA,20120912140039_L.bmp
C:\Users\sahar\OneDrive\Desktop\EXPLAINABLE_IRIS_PAD\Data\Raw\IIITD_Contact_Lens_Iris_DB\Cogent Scanner\54\Normal\20120912140039_R.bmp,Cogent,54,Cogent_54,Normal,0,NA,20120912140039_R.bmp
C:\Users\sahar\OneDrive\Desktop\EXPLAINABLE_IRIS_PAD\Data\Raw\IIITD_Contact_Lens_Iris_DB\Cogent Scanner\54\Normal\20120912140042_L.bmp,Cogent,54,Cogent_54,Normal,0,NA,20120912140042_L.bmp
C:\Users\sahar\OneDrive\Desktop\EXPLAINABLE_IRIS_PAD\Data\Raw\IIITD_Contact_Lens_Iris_DB\Cogent Scanner\54\Normal\20120912140042_R.bmp,Cogent,54,Cogent_54,Normal,0,NA,20120912140042_R.bmp
C:\Users\sahar\OneDrive\Desktop\EXPLAINABLE_IRIS_PAD\Data\Raw\IIITD_Contact_Lens_Iris_DB\Cogent Scanner\55\Colored\20120920143357_L.bmp,Cogent,55,Cogent_55,Colored,1,NA,20120920143357_L.bmp
C:\Users\sahar\OneDrive\Desktop\EXPLAINABLE_IRIS_PAD\Data\Raw\IIITD_Contact_Lens_Iris_DB\Cogent Scanner\55\Colored\20120920143357_R.bmp,Cogent,55,Cogent_55,Colored,1,NA,20120920143357_R.bmp
C:\Users\sahar\OneDrive\Desktop\EXPLAINABLE_IRIS_PAD\Data\Raw\IIITD_Contact_Lens_Iris_DB\Cogent Scanner\55\Colored\20120920143402_L.bmp,Cogent,55,Cogent_55,Colored,1,NA,20120920143402_L.bmp
C:\Users\sahar\OneDrive\Desktop\EXPLAINABLE_IRIS_PAD\Data\Raw\IIITD_Contact_Lens_Iris_DB\Cogent Scanner\55\Colored\20120920143402_R.bmp,Cogent,55,Cogent_55,Colored,1,NA,20120920143402_R.bmp
C:\Users\sahar\OneDrive\Desktop\EXPLAINABLE_IRIS_PAD\Data\Raw\IIITD_Contact_Lens_Iris_DB\Cogent Scanner\55\Colored\20120920143405_L.bmp,Cogent,55,Cogent_55,Colored,1,NA,20120920143405_L.bmp
C:\Users\sahar\OneDrive\Desktop\EXPLAINABLE_IRIS_PAD\Data\Raw\IIITD_Contact_Lens_Iris_DB\Cogent Scanner\55\Colored\20120920143405_R.bmp,Cogent,55,Cogent_55,Colored,1,NA,20120920143405_R.bmp
C:\Users\sahar\OneDrive\Desktop\EXPLAINABLE_IRIS_PAD\Data\Raw\IIITD_Contact_Lens_Iris_DB\Cogent Scanner\55\Colored\20120920143412_L.bmp,Cogent,55,Cogent_55,Colored,1,NA,20120920143412_L.bmp
C:\Users\sahar\OneDrive\Desktop\EXPLAINABLE_IRIS_PAD\Data\Raw\IIITD_Contact_Lens_Iris_DB\Cogent Scanner\55\Colored\20120920143412_R.bmp,Cogent,55,Cogent_55,Colored,1,NA,20120920143412_R.bmp
C:\Users\sahar\OneDrive\Desktop\EXPLAINABLE_IRIS_PAD\Data\Raw\IIITD_Contact_Lens_Iris_DB\Cogent Scanner\55\Colored\20120920143415_L.bmp,Cogent,55,Cogent_55,Colored,1,NA,20120920143415_L.bmp
C:\Users\sahar\OneDrive\Desktop\EXPLAINABLE_IRIS_PAD\Data\Raw\IIITD_Contact_Lens_Iris_DB\Cogent Scanner\55\Colored\20120920143415_R.bmp,Cogent,55,Cogent_55,Colored,1,NA,20120920143415_R.bmp
C:\Users\sahar\OneDrive\Desktop\EXPLAINABLE_IRIS_PAD\Data\Raw\IIITD_Contact_Lens_Iris_DB\Cogent Scanner\55\Colored\20120920143417_L.bmp,Cogent,55,Cogent_55,Colored,1,NA,20120920143417_L.bmp
C:\Users\sahar\OneDrive\Desktop\EXPLAINABLE_IRIS_PAD\Data\Raw\IIITD_Contact_Lens_Iris_DB\Cogent Scanner\55\Colored\20120920143417_R.bmp,Cogent,55,Cogent_55,Colored,1,NA,20120920143417_R.bmp
C:\Users\sahar\OneDrive\Desktop\EXPLAINABLE_IRIS_PAD\Data\Raw\IIITD_Contact_Lens_Iris_DB\Cogent Scanner\55\Normal\20120912150253_L.bmp,Cogent,55,Cogent_55,Normal,0,NA,20120912150253_L.bmp
C:\Users\sahar\OneDrive\Desktop\EXPLAINABLE_IRIS_PAD\Data\Raw\IIITD_Contact_Lens_Iris_DB\Cogent Scanner\55\Normal\20120912150253_R.bmp,Cogent,55,Cogent_55,Normal,0,NA,20120912150253_R.bmp
C:\Users\sahar\OneDrive\Desktop\EXPLAINABLE_IRIS_PAD\Data\Raw\IIITD_Contact_Lens_Iris_DB\Cogent Scanner\55\Normal\20120912150256_L.bmp,Cogent,55,Cogent_55,Normal,0,NA,20120912150256_L.bmp
C:\Users\sahar\OneDrive\Desktop\EXPLAINABLE_IRIS_PAD\Data\Raw\IIITD_Contact_Lens_Iris_DB\Cogent Scanner\55\Normal\20120912150256_R.bmp,Cogent,55,Cogent_55,Normal,0,NA,20120912150256_R.bmp
C:\Users\sahar\OneDrive\Desktop\EXPLAINABLE_IRIS_PAD\Data\Raw\IIITD_Contact_Lens_Iris_DB\Cogent Scanner\55\Normal\20120912150300_L.bmp,Cogent,55,Cogent_55,Normal,0,NA,20120912150300_L.bmp
C:\Users\sahar\OneDrive\Desktop\EXPLAINABLE_IRIS_PAD\Data\Raw\IIITD_Contact_Lens_Iris_DB\Cogent Scanner\55\Normal\20120912150300_R.bmp,Cogent,55,Cogent_55,Normal,0,NA,20120912150300_R.bmp
C:\Users\sahar\OneDrive\Desktop\EXPLAINABLE_IRIS_PAD\Data\Raw\IIITD_Contact_Lens_Iris_DB\Cogent Scanner\55\Normal\20120912150303_L.bmp,Cogent,55,Cogent_55,Normal,0,NA,20120912150303_L.bmp
C:\Users\sahar\OneDrive\Desktop\EXPLAINABLE_IRIS_PAD\Data\Raw\IIITD_Contact_Lens_Iris_DB\Cogent Scanner\55\Normal\20120912150303_R.bmp,Cogent,55,Cogent_55,Normal,0,NA,20120912150303_R.bmp
C:\Users\sahar\OneDrive\Desktop\EXPLAINABLE_IRIS_PAD\Data\Raw\IIITD_Contact_Lens_Iris_DB\Cogent Scanner\55\Normal\20120912150307_L.bmp,Cogent,55,Cogent_55,Normal,0,NA,20120912150307_L.bmp
C:\Users\sahar\OneDrive\Desktop\EXPLAINABLE_IRIS_PAD\Data\Raw\IIITD_Contact_Lens_Iris_DB\Cogent Scanner\55\Normal\20120912150307_R.bmp,Cogent,55,Cogent_55,Normal,0,NA,20120912150307_R.bmp
C:\Users\sahar\OneDrive\Desktop\EXPLAINABLE_IRIS_PAD\Data\Raw\IIITD_Contact_Lens_Iris_DB\Cogent Scanner\55\Normal\20120912150311_L.bmp,Cogent,55,Cogent_55,Normal,0,NA,20120912150311_L.bmp
C:\Users\sahar\OneDrive\Desktop\EXPLAINABLE_IRIS_PAD\Data\Raw\IIITD_Contact_Lens_Iris_DB\Cogent Scanner\55\Normal\20120912150311_R.bmp,Cogent,55,Cogent_55,Normal,0,NA,20120912150311_R.bmp
C:\Users\sahar\OneDrive\Desktop\EXPLAINABLE_IRIS_PAD\Data\Raw\IIITD_Contact_Lens_Iris_DB\Cogent Scanner\56\Colored\20120912121807_L.bmp,Cogent,56,Cogent_56,Colored,1,NA,20120912121807_L.bmp
C:\Users\sahar\OneDrive\Desktop\EXPLAINABLE_IRIS_PAD\Data\Raw\IIITD_Contact_Lens_Iris_DB\Cogent Scanner\56\Colored\20120912121807_R.bmp,Cogent,56,Cogent_56,Colored,1,NA,20120912121807_R.bmp
C:\Users\sahar\OneDrive\Desktop\EXPLAINABLE_IRIS_PAD\Data\Raw\IIITD_Contact_Lens_Iris_DB\Cogent Scanner\56\Colored\20120912121812_L.bmp,Cogent,56,Cogent_56,Colored,1,NA,20120912121812_L.bmp
C:\Users\sahar\OneDrive\Desktop\EXPLAINABLE_IRIS_PAD\Data\Raw\IIITD_Contact_Lens_Iris_DB\Cogent Scanner\56\Colored\20120912121812_R.bmp,Cogent,56,Cogent_56,Colored,1,NA,20120912121812_R.bmp
C:\Users\sahar\OneDrive\Desktop\EXPLAINABLE_IRIS_PAD\Data\Raw\IIITD_Contact_Lens_Iris_DB\Cogent Scanner\56\Colored\20120912121816_L.bmp,Cogent,56,Cogent_56,Colored,1,NA,20120912121816_L.bmp
C:\Users\sahar\OneDrive\Desktop\EXPLAINABLE_IRIS_PAD\Data\Raw\IIITD_Contact_Lens_Iris_DB\Cogent Scanner\56\Colored\20120912121816_R.bmp,Cogent,56,Cogent_56,Colored,1,NA,20120912121816_R.bmp
C:\Users\sahar\OneDrive\Desktop\EXPLAINABLE_IRIS_PAD\Data\Raw\IIITD_Contact_Lens_Iris_DB\Cogent Scanner\56\Colored\20120912121819_L.bmp,Cogent,56,Cogent_56,Colored,1,NA,20120912121819_L.bmp
C:\Users\sahar\OneDrive\Desktop\EXPLAINABLE_IRIS_PAD\Data\Raw\IIITD_Contact_Lens_Iris_DB\Cogent Scanner\56\Colored\20120912121819_R.bmp,Cogent,56,Cogent_56,Colored,1,NA,20120912121819_R.bmp
C:\Users\sahar\OneDrive\Desktop\EXPLAINABLE_IRIS_PAD\Data\Raw\IIITD_Contact_Lens_Iris_DB\Cogent Scanner\56\Colored\20120912121824_L.bmp,Cogent,56,Cogent_56,Colored,1,NA,20120912121824_L.bmp
C:\Users\sahar\OneDrive\Desktop\EXPLAINABLE_IRIS_PAD\Data\Raw\IIITD_Contact_Lens_Iris_DB\Cogent Scanner\56\Colored\20120912121824_R.bmp,Cogent,56,Cogent_56,Colored,1,NA,20120912121824_R.bmp
C:\Users\sahar\OneDrive\Desktop\EXPLAINABLE_IRIS_PAD\Data\Raw\IIITD_Contact_Lens_Iris_DB\Cogent Scanner\56\Normal\20120912120238_L.bmp,Cogent,56,Cogent_56,Normal,0,NA,20120912120238_L.bmp
C:\Users\sahar\OneDrive\Desktop\EXPLAINABLE_IRIS_PAD\Data\Raw\IIITD_Contact_Lens_Iris_DB\Cogent Scanner\56\Normal\20120912120238_R.bmp,Cogent,56,Cogent_56,Normal,0,NA,20120912120238_R.bmp
C:\Users\sahar\OneDrive\Desktop\EXPLAINABLE_IRIS_PAD\Data\Raw\IIITD_Contact_Lens_Iris_DB\Cogent Scanner\56\Normal\20120912120242_L.bmp,Cogent,56,Cogent_56,Normal,0,NA,20120912120242_L.bmp
C:\Users\sahar\OneDrive\Desktop\EXPLAINABLE_IRIS_PAD\Data\Raw\IIITD_Contact_Lens_Iris_DB\Cogent Scanner\56\Normal\20120912120242_R.bmp,Cogent,56,Cogent_56,Normal,0,NA,20120912120242_R.bmp
C:\Users\sahar\OneDrive\Desktop\EXPLAINABLE_IRIS_PAD\Data\Raw\IIITD_Contact_Lens_Iris_DB\Cogent Scanner\56\Normal\20120912120303_L.bmp,Cogent,56,Cogent_56,Normal,0,NA,20120912120303_L.bmp
C:\Users\sahar\OneDrive\Desktop\EXPLAINABLE_IRIS_PAD\Data\Raw\IIITD_Contact_Lens_Iris_DB\Cogent Scanner\56\Normal\20120912120303_R.bmp,Cogent,56,Cogent_56,Normal,0,NA,20120912120303_R.bmp
C:\Users\sahar\OneDrive\Desktop\EXPLAINABLE_IRIS_PAD\Data\Raw\IIITD_Contact_Lens_Iris_DB\Cogent Scanner\56\Normal\20120912120306_L.bmp,Cogent,56,Cogent_56,Normal,0,NA,20120912120306_L.bmp
C:\Users\sahar\OneDrive\Desktop\EXPLAINABLE_IRIS_PAD\Data\Raw\IIITD_Contact_Lens_Iris_DB\Cogent Scanner\56\Normal\20120912120306_R.bmp,Cogent,56,Cogent_56,Normal,0,NA,20120912120306_R.bmp
C:\Users\sahar\OneDrive\Desktop\EXPLAINABLE_IRIS_PAD\Data\Raw\IIITD_Contact_Lens_Iris_DB\Cogent Scanner\56\Normal\20120912120308_L.bmp,Cogent,56,Cogent_56,Normal,0,NA,20120912120308_L.bmp
C:\Users\sahar\OneDrive\Desktop\EXPLAINABLE_IRIS_PAD\Data\Raw\IIITD_Contact_Lens_Iris_DB\Cogent Scanner\56\Normal\20120912120308_R.bmp,Cogent,56,Cogent_56,Normal,0,NA,20120912120308_R.bmp
C:\Users\sahar\OneDrive\Desktop\EXPLAINABLE_IRIS_PAD\Data\Raw\IIITD_Contact_Lens_Iris_DB\Cogent Scanner\56\Normal\20120912120311_L.bmp,Cogent,56,Cogent_56,Normal,0,NA,20120912120311_L.bmp
C:\Users\sahar\OneDrive\Desktop\EXPLAINABLE_IRIS_PAD\Data\Raw\IIITD_Contact_Lens_Iris_DB\Cogent Scanner\56\Normal\20120912120311_R.bmp,Cogent,56,Cogent_56,Normal,0,NA,20120912120311_R.bmp
C:\Users\sahar\OneDrive\Desktop\EXPLAINABLE_IRIS_PAD\Data\Raw\IIITD_Contact_Lens_Iris_DB\Cogent Scanner\57\Colored\20120919141606_L.bmp,Cogent,57,Cogent_57,Colored,1,NA,20120919141606_L.bmp
C:\Users\sahar\OneDrive\Desktop\EXPLAINABLE_IRIS_PAD\Data\Raw\IIITD_Contact_Lens_Iris_DB\Cogent Scanner\57\Colored\20120919141606_R.bmp,Cogent,57,Cogent_57,Colored,1,NA,20120919141606_R.bmp
C:\Users\sahar\OneDrive\Desktop\EXPLAINABLE_IRIS_PAD\Data\Raw\IIITD_Contact_Lens_Iris_DB\Cogent Scanner\57\Colored\20120919141613_L.bmp,Cogent,57,Cogent_57,Colored,1,NA,20120919141613_L.bmp
C:\Users\sahar\OneDrive\Desktop\EXPLAINABLE_IRIS_PAD\Data\Raw\IIITD_Contact_Lens_Iris_DB\Cogent Scanner\57\Colored\20120919141613_R.bmp,Cogent,57,Cogent_57,Colored,1,NA,20120919141613_R.bmp
C:\Users\sahar\OneDrive\Desktop\EXPLAINABLE_IRIS_PAD\Data\Raw\IIITD_Contact_Lens_Iris_DB\Cogent Scanner\57\Colored\20120919141620_L.bmp,Cogent,57,Cogent_57,Colored,1,NA,20120919141620_L.bmp
C:\Users\sahar\OneDrive\Desktop\EXPLAINABLE_IRIS_PAD\Data\Raw\IIITD_Contact_Lens_Iris_DB\Cogent Scanner\57\Colored\20120919141620_R.bmp,Cogent,57,Cogent_57,Colored,1,NA,20120919141620_R.bmp
C:\Users\sahar\OneDrive\Desktop\EXPLAINABLE_IRIS_PAD\Data\Raw\IIITD_Contact_Lens_Iris_DB\Cogent Scanner\57\Colored\20120919141647_L.bmp,Cogent,57,Cogent_57,Colored,1,NA,20120919141647_L.bmp
C:\Users\sahar\OneDrive\Desktop\EXPLAINABLE_IRIS_PAD\Data\Raw\IIITD_Contact_Lens_Iris_DB\Cogent Scanner\57\Colored\20120919141647_R.bmp,Cogent,57,Cogent_57,Colored,1,NA,20120919141647_R.bmp
C:\Users\sahar\OneDrive\Desktop\EXPLAINABLE_IRIS_PAD\Data\Raw\IIITD_Contact_Lens_Iris_DB\Cogent Scanner\57\Colored\20120919141653_L.bmp,Cogent,57,Cogent_57,Colored,1,NA,20120919141653_L.bmp
C:\Users\sahar\OneDrive\Desktop\EXPLAINABLE_IRIS_PAD\Data\Raw\IIITD_Contact_Lens_Iris_DB\Cogent Scanner\57\Colored\20120919141653_R.bmp,Cogent,57,Cogent_57,Colored,1,NA,20120919141653_R.bmp
C:\Users\sahar\OneDrive\Desktop\EXPLAINABLE_IRIS_PAD\Data\Raw\IIITD_Contact_Lens_Iris_DB\Cogent Scanner\57\Normal\20120919135112_L.bmp,Cogent,57,Cogent_57,Normal,0,NA,20120919135112_L.bmp
C:\Users\sahar\OneDrive\Desktop\EXPLAINABLE_IRIS_PAD\Data\Raw\IIITD_Contact_Lens_Iris_DB\Cogent Scanner\57\Normal\20120919135112_R.bmp,Cogent,57,Cogent_57,Normal,0,NA,20120919135112_R.bmp
C:\Users\sahar\OneDrive\Desktop\EXPLAINABLE_IRIS_PAD\Data\Raw\IIITD_Contact_Lens_Iris_DB\Cogent Scanner\57\Normal\20120919135115_L.bmp,Cogent,57,Cogent_57,Normal,0,NA,20120919135115_L.bmp
C:\Users\sahar\OneDrive\Desktop\EXPLAINABLE_IRIS_PAD\Data\Raw\IIITD_Contact_Lens_Iris_DB\Cogent Scanner\57\Normal\20120919135115_R.bmp,Cogent,57,Cogent_57,Normal,0,NA,20120919135115_R.bmp
C:\Users\sahar\OneDrive\Desktop\EXPLAINABLE_IRIS_PAD\Data\Raw\IIITD_Contact_Lens_Iris_DB\Cogent Scanner\57\Normal\20120919135121_L.bmp,Cogent,57,Cogent_57,Normal,0,NA,20120919135121_L.bmp
C:\Users\sahar\OneDrive\Desktop\EXPLAINABLE_IRIS_PAD\Data\Raw\IIITD_Contact_Lens_Iris_DB\Cogent Scanner\57\Normal\20120919135121_R.bmp,Cogent,57,Cogent_57,Normal,0,NA,20120919135121_R.bmp
C:\Users\sahar\OneDrive\Desktop\EXPLAINABLE_IRIS_PAD\Data\Raw\IIITD_Contact_Lens_Iris_DB\Cogent Scanner\57\Normal\20120919135124_L.bmp,Cogent,57,Cogent_57,Normal,0,NA,20120919135124_L.bmp
C:\Users\sahar\OneDrive\Desktop\EXPLAINABLE_IRIS_PAD\Data\Raw\IIITD_Contact_Lens_Iris_DB\Cogent Scanner\57\Normal\20120919135124_R.bmp,Cogent,57,Cogent_57,Normal,0,NA,20120919135124_R.bmp
C:\Users\sahar\OneDrive\Desktop\EXPLAINABLE_IRIS_PAD\Data\Raw\IIITD_Contact_Lens_Iris_DB\Cogent Scanner\57\Normal\20120919135131_L.bmp,Cogent,57,Cogent_57,Normal,0,NA,20120919135131_L.bmp
C:\Users\sahar\OneDrive\Desktop\EXPLAINABLE_IRIS_PAD\Data\Raw\IIITD_Contact_Lens_Iris_DB\Cogent Scanner\57\Normal\20120919135131_R.bmp,Cogent,57,Cogent_57,Normal,0,NA,20120919135131_R.bmp
C:\Users\sahar\OneDrive\Desktop\EXPLAINABLE_IRIS_PAD\Data\Raw\IIITD_Contact_Lens_Iris_DB\Cogent Scanner\57\Normal\20120919135134_L.bmp,Cogent,57,Cogent_57,Normal,0,NA,20120919135134_L.bmp
C:\Users\sahar\OneDrive\Desktop\EXPLAINABLE_IRIS_PAD\Data\Raw\IIITD_Contact_Lens_Iris_DB\Cogent Scanner\57\Normal\20120919135134_R.bmp,Cogent,57,Cogent_57,Normal,0,NA,20120919135134_R.bmp
C:\Users\sahar\OneDrive\Desktop\EXPLAINABLE_IRIS_PAD\Data\Raw\IIITD_Contact_Lens_Iris_DB\Cogent Scanner\57\Normal\20120919135137_L.bmp,Cogent,57,Cogent_57,Normal,0,NA,20120919135137_L.bmp
C:\Users\sahar\OneDrive\Desktop\EXPLAINABLE_IRIS_PAD\Data\Raw\IIITD_Contact_Lens_Iris_DB\Cogent Scanner\57\Normal\20120919135137_R.bmp,Cogent,57,Cogent_57,Normal,0,NA,20120919135137_R.bmp
C:\Users\sahar\OneDrive\Desktop\EXPLAINABLE_IRIS_PAD\Data\Raw\IIITD_Contact_Lens_Iris_DB\Cogent Scanner\59\Colored\20120914153014_L.bmp,Cogent,59,Cogent_59,Colored,1,NA,20120914153014_L.bmp
C:\Users\sahar\OneDrive\Desktop\EXPLAINABLE_IRIS_PAD\Data\Raw\IIITD_Contact_Lens_Iris_DB\Cogent Scanner\59\Colored\20120914153014_R.bmp,Cogent,59,Cogent_59,Colored,1,NA,20120914153014_R.bmp
C:\Users\sahar\OneDrive\Desktop\EXPLAINABLE_IRIS_PAD\Data\Raw\IIITD_Contact_Lens_Iris_DB\Cogent Scanner\59\Colored\20120914153020_L.bmp,Cogent,59,Cogent_59,Colored,1,NA,20120914153020_L.bmp
C:\Users\sahar\OneDrive\Desktop\EXPLAINABLE_IRIS_PAD\Data\Raw\IIITD_Contact_Lens_Iris_DB\Cogent Scanner\59\Colored\20120914153020_R.bmp,Cogent,59,Cogent_59,Colored,1,NA,20120914153020_R.bmp
C:\Users\sahar\OneDrive\Desktop\EXPLAINABLE_IRIS_PAD\Data\Raw\IIITD_Contact_Lens_Iris_DB\Cogent Scanner\59\Colored\20120914153023_L.bmp,Cogent,59,Cogent_59,Colored,1,NA,20120914153023_L.bmp
C:\Users\sahar\OneDrive\Desktop\EXPLAINABLE_IRIS_PAD\Data\Raw\IIITD_Contact_Lens_Iris_DB\Cogent Scanner\59\Colored\20120914153023_R.bmp,Cogent,59,Cogent_59,Colored,1,NA,20120914153023_R.bmp
C:\Users\sahar\OneDrive\Desktop\EXPLAINABLE_IRIS_PAD\Data\Raw\IIITD_Contact_Lens_Iris_DB\Cogent Scanner\59\Colored\20120914153026_L.bmp,Cogent,59,Cogent_59,Colored,1,NA,20120914153026_L.bmp
C:\Users\sahar\OneDrive\Desktop\EXPLAINABLE_IRIS_PAD\Data\Raw\IIITD_Contact_Lens_Iris_DB\Cogent Scanner\59\Colored\20120914153026_R.bmp,Cogent,59,Cogent_59,Colored,1,NA,20120914153026_R.bmp
C:\Users\sahar\OneDrive\Desktop\EXPLAINABLE_IRIS_PAD\Data\Raw\IIITD_Contact_Lens_Iris_DB\Cogent Scanner\59\Colored\20120914153028_L.bmp,Cogent,59,Cogent_59,Colored,1,NA,20120914153028_L.bmp
C:\Users\sahar\OneDrive\Desktop\EXPLAINABLE_IRIS_PAD\Data\Raw\IIITD_Contact_Lens_Iris_DB\Cogent Scanner\59\Colored\20120914153028_R.bmp,Cogent,59,Cogent_59,Colored,1,NA,20120914153028_R.bmp
C:\Users\sahar\OneDrive\Desktop\EXPLAINABLE_IRIS_PAD\Data\Raw\IIITD_Contact_Lens_Iris_DB\Cogent Scanner\59\Colored\20120914153036_L.bmp,Cogent,59,Cogent_59,Colored,1,NA,20120914153036_L.bmp
C:\Users\sahar\OneDrive\Desktop\EXPLAINABLE_IRIS_PAD\Data\Raw\IIITD_Contact_Lens_Iris_DB\Cogent Scanner\59\Colored\20120914153036_R.bmp,Cogent,59,Cogent_59,Colored,1,NA,20120914153036_R.bmp
C:\Users\sahar\OneDrive\Desktop\EXPLAINABLE_IRIS_PAD\Data\Raw\IIITD_Contact_Lens_Iris_DB\Cogent Scanner\59\Colored\20120914153039_L.bmp,Cogent,59,Cogent_59,Colored,1,NA,20120914153039_L.bmp
C:\Users\sahar\OneDrive\Desktop\EXPLAINABLE_IRIS_PAD\Data\Raw\IIITD_Contact_Lens_Iris_DB\Cogent Scanner\59\Colored\20120914153039_R.bmp,Cogent,59,Cogent_59,Colored,1,NA,20120914153039_R.bmp
C:\Users\sahar\OneDrive\Desktop\EXPLAINABLE_IRIS_PAD\Data\Raw\IIITD_Contact_Lens_Iris_DB\Cogent Scanner\59\Normal\20120914142520_L.bmp,Cogent,59,Cogent_59,Normal,0,NA,20120914142520_L.bmp
C:\Users\sahar\OneDrive\Desktop\EXPLAINABLE_IRIS_PAD\Data\Raw\IIITD_Contact_Lens_Iris_DB\Cogent Scanner\59\Normal\20120914142520_R.bmp,Cogent,59,Cogent_59,Normal,0,NA,20120914142520_R.bmp
C:\Users\sahar\OneDrive\Desktop\EXPLAINABLE_IRIS_PAD\Data\Raw\IIITD_Contact_Lens_Iris_DB\Cogent Scanner\59\Normal\20120914142523_L.bmp,Cogent,59,Cogent_59,Normal,0,NA,20120914142523_L.bmp
C:\Users\sahar\OneDrive\Desktop\EXPLAINABLE_IRIS_PAD\Data\Raw\IIITD_Contact_Lens_Iris_DB\Cogent Scanner\59\Normal\20120914142523_R.bmp,Cogent,59,Cogent_59,Normal,0,NA,20120914142523_R.bmp
C:\Users\sahar\OneDrive\Desktop\EXPLAINABLE_IRIS_PAD\Data\Raw\IIITD_Contact_Lens_Iris_DB\Cogent Scanner\59\Normal\20120914142530_L.bmp,Cogent,59,Cogent_59,Normal,0,NA,20120914142530_L.bmp
C:\Users\sahar\OneDrive\Desktop\EXPLAINABLE_IRIS_PAD\Data\Raw\IIITD_Contact_Lens_Iris_DB\Cogent Scanner\59\Normal\20120914142530_R.bmp,Cogent,59,Cogent_59,Normal,0,NA,20120914142530_R.bmp
C:\Users\sahar\OneDrive\Desktop\EXPLAINABLE_IRIS_PAD\Data\Raw\IIITD_Contact_Lens_Iris_DB\Cogent Scanner\59\Normal\20120914142533_L.bmp,Cogent,59,Cogent_59,Normal,0,NA,20120914142533_L.bmp
C:\Users\sahar\OneDrive\Desktop\EXPLAINABLE_IRIS_PAD\Data\Raw\IIITD_Contact_Lens_Iris_DB\Cogent Scanner\59\Normal\20120914142533_R.bmp,Cogent,59,Cogent_59,Normal,0,NA,20120914142533_R.bmp
C:\Users\sahar\OneDrive\Desktop\EXPLAINABLE_IRIS_PAD\Data\Raw\IIITD_Contact_Lens_Iris_DB\Cogent Scanner\59\Normal\20120914142538_L.bmp,Cogent,59,Cogent_59,Normal,0,NA,20120914142538_L.bmp
C:\Users\sahar\OneDrive\Desktop\EXPLAINABLE_IRIS_PAD\Data\Raw\IIITD_Contact_Lens_Iris_DB\Cogent Scanner\59\Normal\20120914142538_R.bmp,Cogent,59,Cogent_59,Normal,0,NA,20120914142538_R.bmp
C:\Users\sahar\OneDrive\Desktop\EXPLAINABLE_IRIS_PAD\Data\Raw\IIITD_Contact_Lens_Iris_DB\Cogent Scanner\6\Colored\20120914154356_L.bmp,Cogent,6,Cogent_6,Colored,1,NA,20120914154356_L.bmp
C:\Users\sahar\OneDrive\Desktop\EXPLAINABLE_IRIS_PAD\Data\Raw\IIITD_Contact_Lens_Iris_DB\Cogent Scanner\6\Colored\20120914154356_R.bmp,Cogent,6,Cogent_6,Colored,1,NA,20120914154356_R.bmp
C:\Users\sahar\OneDrive\Desktop\EXPLAINABLE_IRIS_PAD\Data\Raw\IIITD_Contact_Lens_Iris_DB\Cogent Scanner\6\Colored\20120914154359_L.bmp,Cogent,6,Cogent_6,Colored,1,NA,20120914154359_L.bmp
C:\Users\sahar\OneDrive\Desktop\EXPLAINABLE_IRIS_PAD\Data\Raw\IIITD_Contact_Lens_Iris_DB\Cogent Scanner\6\Colored\20120914154359_R.bmp,Cogent,6,Cogent_6,Colored,1,NA,20120914154359_R.bmp
C:\Users\sahar\OneDrive\Desktop\EXPLAINABLE_IRIS_PAD\Data\Raw\IIITD_Contact_Lens_Iris_DB\Cogent Scanner\6\Colored\20120914154403_L.bmp,Cogent,6,Cogent_6,Colored,1,NA,20120914154403_L.bmp
C:\Users\sahar\OneDrive\Desktop\EXPLAINABLE_IRIS_PAD\Data\Raw\IIITD_Contact_Lens_Iris_DB\Cogent Scanner\6\Colored\20120914154403_R.bmp,Cogent,6,Cogent_6,Colored,1,NA,20120914154403_R.bmp
C:\Users\sahar\OneDrive\Desktop\EXPLAINABLE_IRIS_PAD\Data\Raw\IIITD_Contact_Lens_Iris_DB\Cogent Scanner\6\Colored\20120914154406_L.bmp,Cogent,6,Cogent_6,Colored,1,NA,20120914154406_L.bmp
C:\Users\sahar\OneDrive\Desktop\EXPLAINABLE_IRIS_PAD\Data\Raw\IIITD_Contact_Lens_Iris_DB\Cogent Scanner\6\Colored\20120914154406_R.bmp,Cogent,6,Cogent_6,Colored,1,NA,20120914154406_R.bmp
C:\Users\sahar\OneDrive\Desktop\EXPLAINABLE_IRIS_PAD\Data\Raw\IIITD_Contact_Lens_Iris_DB\Cogent Scanner\6\Colored\20120914154410_L.bmp,Cogent,6,Cogent_6,Colored,1,NA,20120914154410_L.bmp
C:\Users\sahar\OneDrive\Desktop\EXPLAINABLE_IRIS_PAD\Data\Raw\IIITD_Contact_Lens_Iris_DB\Cogent Scanner\6\Colored\20120914154410_R.bmp,Cogent,6,Cogent_6,Colored,1,NA,20120914154410_R.bmp
C:\Users\sahar\OneDrive\Desktop\EXPLAINABLE_IRIS_PAD\Data\Raw\IIITD_Contact_Lens_Iris_DB\Cogent Scanner\6\Normal\20120914145932_L.bmp,Cogent,6,Cogent_6,Normal,0,NA,20120914145932_L.bmp
C:\Users\sahar\OneDrive\Desktop\EXPLAINABLE_IRIS_PAD\Data\Raw\IIITD_Contact_Lens_Iris_DB\Cogent Scanner\6\Normal\20120914145932_R.bmp,Cogent,6,Cogent_6,Normal,0,NA,20120914145932_R.bmp
C:\Users\sahar\OneDrive\Desktop\EXPLAINABLE_IRIS_PAD\Data\Raw\IIITD_Contact_Lens_Iris_DB\Cogent Scanner\6\Normal\20120914145935_L.bmp,Cogent,6,Cogent_6,Normal,0,NA,20120914145935_L.bmp
C:\Users\sahar\OneDrive\Desktop\EXPLAINABLE_IRIS_PAD\Data\Raw\IIITD_Contact_Lens_Iris_DB\Cogent Scanner\6\Normal\20120914145935_R.bmp,Cogent,6,Cogent_6,Normal,0,NA,20120914145935_R.bmp
C:\Users\sahar\OneDrive\Desktop\EXPLAINABLE_IRIS_PAD\Data\Raw\IIITD_Contact_Lens_Iris_DB\Cogent Scanner\6\Normal\20120914145938_L.bmp,Cogent,6,Cogent_6,Normal,0,NA,20120914145938_L.bmp
C:\Users\sahar\OneDrive\Desktop\EXPLAINABLE_IRIS_PAD\Data\Raw\IIITD_Contact_Lens_Iris_DB\Cogent Scanner\6\Normal\20120914145938_R.bmp,Cogent,6,Cogent_6,Normal,0,NA,20120914145938_R.bmp
C:\Users\sahar\OneDrive\Desktop\EXPLAINABLE_IRIS_PAD\Data\Raw\IIITD_Contact_Lens_Iris_DB\Cogent Scanner\6\Normal\20120914145941_L.bmp,Cogent,6,Cogent_6,Normal,0,NA,20120914145941_L.bmp
C:\Users\sahar\OneDrive\Desktop\EXPLAINABLE_IRIS_PAD\Data\Raw\IIITD_Contact_Lens_Iris_DB\Cogent Scanner\6\Normal\20120914145941_R.bmp,Cogent,6,Cogent_6,Normal,0,NA,20120914145941_R.bmp
C:\Users\sahar\OneDrive\Desktop\EXPLAINABLE_IRIS_PAD\Data\Raw\IIITD_Contact_Lens_Iris_DB\Cogent Scanner\6\Normal\20120914145944_L.bmp,Cogent,6,Cogent_6,Normal,0,NA,20120914145944_L.bmp
C:\Users\sahar\OneDrive\Desktop\EXPLAINABLE_IRIS_PAD\Data\Raw\IIITD_Contact_Lens_Iris_DB\Cogent Scanner\6\Normal\20120914145944_R.bmp,Cogent,6,Cogent_6,Normal,0,NA,20120914145944_R.bmp
C:\Users\sahar\OneDrive\Desktop\EXPLAINABLE_IRIS_PAD\Data\Raw\IIITD_Contact_Lens_Iris_DB\Cogent Scanner\6\Normal\20120914145948_L.bmp,Cogent,6,Cogent_6,Normal,0,NA,20120914145948_L.bmp
C:\Users\sahar\OneDrive\Desktop\EXPLAINABLE_IRIS_PAD\Data\Raw\IIITD_Contact_Lens_Iris_DB\Cogent Scanner\6\Normal\20120914145948_R.bmp,Cogent,6,Cogent_6,Normal,0,NA,20120914145948_R.bmp
C:\Users\sahar\OneDrive\Desktop\EXPLAINABLE_IRIS_PAD\Data\Raw\IIITD_Contact_Lens_Iris_DB\Cogent Scanner\60\Colored\20120913123831_L.bmp,Cogent,60,Cogent_60,Colored,1,NA,20120913123831_L.bmp
C:\Users\sahar\OneDrive\Desktop\EXPLAINABLE_IRIS_PAD\Data\Raw\IIITD_Contact_Lens_Iris_DB\Cogent Scanner\60\Colored\20120913123831_R.bmp,Cogent,60,Cogent_60,Colored,1,NA,20120913123831_R.bmp
C:\Users\sahar\OneDrive\Desktop\EXPLAINABLE_IRIS_PAD\Data\Raw\IIITD_Contact_Lens_Iris_DB\Cogent Scanner\60\Colored\20120913123833_L.bmp,Cogent,60,Cogent_60,Colored,1,NA,20120913123833_L.bmp
C:\Users\sahar\OneDrive\Desktop\EXPLAINABLE_IRIS_PAD\Data\Raw\IIITD_Contact_Lens_Iris_DB\Cogent Scanner\60\Colored\20120913123833_R.bmp,Cogent,60,Cogent_60,Colored,1,NA,20120913123833_R.bmp
C:\Users\sahar\OneDrive\Desktop\EXPLAINABLE_IRIS_PAD\Data\Raw\IIITD_Contact_Lens_Iris_DB\Cogent Scanner\60\Colored\20120913123839_L.bmp,Cogent,60,Cogent_60,Colored,1,NA,20120913123839_L.bmp
C:\Users\sahar\OneDrive\Desktop\EXPLAINABLE_IRIS_PAD\Data\Raw\IIITD_Contact_Lens_Iris_DB\Cogent Scanner\60\Colored\20120913123839_R.bmp,Cogent,60,Cogent_60,Colored,1,NA,20120913123839_R.bmp
C:\Users\sahar\OneDrive\Desktop\EXPLAINABLE_IRIS_PAD\Data\Raw\IIITD_Contact_Lens_Iris_DB\Cogent Scanner\60\Colored\20120913123847_L.bmp,Cogent,60,Cogent_60,Colored,1,NA,20120913123847_L.bmp
C:\Users\sahar\OneDrive\Desktop\EXPLAINABLE_IRIS_PAD\Data\Raw\IIITD_Contact_Lens_Iris_DB\Cogent Scanner\60\Colored\20120913123847_R.bmp,Cogent,60,Cogent_60,Colored,1,NA,20120913123847_R.bmp
C:\Users\sahar\OneDrive\Desktop\EXPLAINABLE_IRIS_PAD\Data\Raw\IIITD_Contact_Lens_Iris_DB\Cogent Scanner\60\Colored\20120913123850_L.bmp,Cogent,60,Cogent_60,Colored,1,NA,20120913123850_L.bmp
C:\Users\sahar\OneDrive\Desktop\EXPLAINABLE_IRIS_PAD\Data\Raw\IIITD_Contact_Lens_Iris_DB\Cogent Scanner\60\Colored\20120913123850_R.bmp,Cogent,60,Cogent_60,Colored,1,NA,20120913123850_R.bmp
C:\Users\sahar\OneDrive\Desktop\EXPLAINABLE_IRIS_PAD\Data\Raw\IIITD_Contact_Lens_Iris_DB\Cogent Scanner\60\Colored\20120913123853_L.bmp,Cogent,60,Cogent_60,Colored,1,NA,20120913123853_L.bmp
C:\Users\sahar\OneDrive\Desktop\EXPLAINABLE_IRIS_PAD\Data\Raw\IIITD_Contact_Lens_Iris_DB\Cogent Scanner\60\Colored\20120913123853_R.bmp,Cogent,60,Cogent_60,Colored,1,NA,20120913123853_R.bmp
C:\Users\sahar\OneDrive\Desktop\EXPLAINABLE_IRIS_PAD\Data\Raw\IIITD_Contact_Lens_Iris_DB\Cogent Scanner\60\Colored\20120913123856_L.bmp,Cogent,60,Cogent_60,Colored,1,NA,20120913123856_L.bmp
C:\Users\sahar\OneDrive\Desktop\EXPLAINABLE_IRIS_PAD\Data\Raw\IIITD_Contact_Lens_Iris_DB\Cogent Scanner\60\Colored\20120913123856_R.bmp,Cogent,60,Cogent_60,Colored,1,NA,20120913123856_R.bmp
C:\Users\sahar\OneDrive\Desktop\EXPLAINABLE_IRIS_PAD\Data\Raw\IIITD_Contact_Lens_Iris_DB\Cogent Scanner\60\Colored\20120913123858_L.bmp,Cogent,60,Cogent_60,Colored,1,NA,20120913123858_L.bmp
C:\Users\sahar\OneDrive\Desktop\EXPLAINABLE_IRIS_PAD\Data\Raw\IIITD_Contact_Lens_Iris_DB\Cogent Scanner\60\Colored\20120913123858_R.bmp,Cogent,60,Cogent_60,Colored,1,NA,20120913123858_R.bmp
C:\Users\sahar\OneDrive\Desktop\EXPLAINABLE_IRIS_PAD\Data\Raw\IIITD_Contact_Lens_Iris_DB\Cogent Scanner\60\Colored\20120913123900_L.bmp,Cogent,60,Cogent_60,Colored,1,NA,20120913123900_L.bmp
C:\Users\sahar\OneDrive\Desktop\EXPLAINABLE_IRIS_PAD\Data\Raw\IIITD_Contact_Lens_Iris_DB\Cogent Scanner\60\Colored\20120913123900_R.bmp,Cogent,60,Cogent_60,Colored,1,NA,20120913123900_R.bmp
C:\Users\sahar\OneDrive\Desktop\EXPLAINABLE_IRIS_PAD\Data\Raw\IIITD_Contact_Lens_Iris_DB\Cogent Scanner\60\Normal\20120913130023_L.bmp,Cogent,60,Cogent_60,Normal,0,NA,20120913130023_L.bmp
C:\Users\sahar\OneDrive\Desktop\EXPLAINABLE_IRIS_PAD\Data\Raw\IIITD_Contact_Lens_Iris_DB\Cogent Scanner\60\Normal\20120913130023_R.bmp,Cogent,60,Cogent_60,Normal,0,NA,20120913130023_R.bmp
C:\Users\sahar\OneDrive\Desktop\EXPLAINABLE_IRIS_PAD\Data\Raw\IIITD_Contact_Lens_Iris_DB\Cogent Scanner\60\Normal\20120913130026_L.bmp,Cogent,60,Cogent_60,Normal,0,NA,20120913130026_L.bmp
C:\Users\sahar\OneDrive\Desktop\EXPLAINABLE_IRIS_PAD\Data\Raw\IIITD_Contact_Lens_Iris_DB\Cogent Scanner\60\Normal\20120913130026_R.bmp,Cogent,60,Cogent_60,Normal,0,NA,20120913130026_R.bmp
C:\Users\sahar\OneDrive\Desktop\EXPLAINABLE_IRIS_PAD\Data\Raw\IIITD_Contact_Lens_Iris_DB\Cogent Scanner\60\Normal\20120913130034_L.bmp,Cogent,60,Cogent_60,Normal,0,NA,20120913130034_L.bmp
C:\Users\sahar\OneDrive\Desktop\EXPLAINABLE_IRIS_PAD\Data\Raw\IIITD_Contact_Lens_Iris_DB\Cogent Scanner\60\Normal\20120913130034_R.bmp,Cogent,60,Cogent_60,Normal,0,NA,20120913130034_R.bmp
C:\Users\sahar\OneDrive\Desktop\EXPLAINABLE_IRIS_PAD\Data\Raw\IIITD_Contact_Lens_Iris_DB\Cogent Scanner\60\Normal\20120913130122_L.bmp,Cogent,60,Cogent_60,Normal,0,NA,20120913130122_L.bmp
C:\Users\sahar\OneDrive\Desktop\EXPLAINABLE_IRIS_PAD\Data\Raw\IIITD_Contact_Lens_Iris_DB\Cogent Scanner\60\Normal\20120913130122_R.bmp,Cogent,60,Cogent_60,Normal,0,NA,20120913130122_R.bmp
C:\Users\sahar\OneDrive\Desktop\EXPLAINABLE_IRIS_PAD\Data\Raw\IIITD_Contact_Lens_Iris_DB\Cogent Scanner\60\Normal\20120913130125_L.bmp,Cogent,60,Cogent_60,Normal,0,NA,20120913130125_L.bmp
C:\Users\sahar\OneDrive\Desktop\EXPLAINABLE_IRIS_PAD\Data\Raw\IIITD_Contact_Lens_Iris_DB\Cogent Scanner\60\Normal\20120913130125_R.bmp,Cogent,60,Cogent_60,Normal,0,NA,20120913130125_R.bmp
C:\Users\sahar\OneDrive\Desktop\EXPLAINABLE_IRIS_PAD\Data\Raw\IIITD_Contact_Lens_Iris_DB\Cogent Scanner\60\Normal\20120913130128_L.bmp,Cogent,60,Cogent_60,Normal,0,NA,20120913130128_L.bmp
C:\Users\sahar\OneDrive\Desktop\EXPLAINABLE_IRIS_PAD\Data\Raw\IIITD_Contact_Lens_Iris_DB\Cogent Scanner\60\Normal\20120913130128_R.bmp,Cogent,60,Cogent_60,Normal,0,NA,20120913130128_R.bmp
C:\Users\sahar\OneDrive\Desktop\EXPLAINABLE_IRIS_PAD\Data\Raw\IIITD_Contact_Lens_Iris_DB\Cogent Scanner\60\Normal\20120913130130_L.bmp,Cogent,60,Cogent_60,Normal,0,NA,20120913130130_L.bmp
C:\Users\sahar\OneDrive\Desktop\EXPLAINABLE_IRIS_PAD\Data\Raw\IIITD_Contact_Lens_Iris_DB\Cogent Scanner\60\Normal\20120913130130_R.bmp,Cogent,60,Cogent_60,Normal,0,NA,20120913130130_R.bmp
C:\Users\sahar\OneDrive\Desktop\EXPLAINABLE_IRIS_PAD\Data\Raw\IIITD_Contact_Lens_Iris_DB\Cogent Scanner\61\Colored\20120913154157_L.bmp,Cogent,61,Cogent_61,Colored,1,NA,20120913154157_L.bmp
C:\Users\sahar\OneDrive\Desktop\EXPLAINABLE_IRIS_PAD\Data\Raw\IIITD_Contact_Lens_Iris_DB\Cogent Scanner\61\Colored\20120913154157_R.bmp,Cogent,61,Cogent_61,Colored,1,NA,20120913154157_R.bmp
C:\Users\sahar\OneDrive\Desktop\EXPLAINABLE_IRIS_PAD\Data\Raw\IIITD_Contact_Lens_Iris_DB\Cogent Scanner\61\Colored\20120913154206_L.bmp,Cogent,61,Cogent_61,Colored,1,NA,20120913154206_L.bmp
C:\Users\sahar\OneDrive\Desktop\EXPLAINABLE_IRIS_PAD\Data\Raw\IIITD_Contact_Lens_Iris_DB\Cogent Scanner\61\Colored\20120913154206_R.bmp,Cogent,61,Cogent_61,Colored,1,NA,20120913154206_R.bmp
C:\Users\sahar\OneDrive\Desktop\EXPLAINABLE_IRIS_PAD\Data\Raw\IIITD_Contact_Lens_Iris_DB\Cogent Scanner\61\Colored\20120913154210_L.bmp,Cogent,61,Cogent_61,Colored,1,NA,20120913154210_L.bmp
C:\Users\sahar\OneDrive\Desktop\EXPLAINABLE_IRIS_PAD\Data\Raw\IIITD_Contact_Lens_Iris_DB\Cogent Scanner\61\Colored\20120913154210_R.bmp,Cogent,61,Cogent_61,Colored,1,NA,20120913154210_R.bmp
C:\Users\sahar\OneDrive\Desktop\EXPLAINABLE_IRIS_PAD\Data\Raw\IIITD_Contact_Lens_Iris_DB\Cogent Scanner\61\Colored\20120913154214_L.bmp,Cogent,61,Cogent_61,Colored,1,NA,20120913154214_L.bmp
C:\Users\sahar\OneDrive\Desktop\EXPLAINABLE_IRIS_PAD\Data\Raw\IIITD_Contact_Lens_Iris_DB\Cogent Scanner\61\Colored\20120913154214_R.bmp,Cogent,61,Cogent_61,Colored,1,NA,20120913154214_R.bmp
C:\Users\sahar\OneDrive\Desktop\EXPLAINABLE_IRIS_PAD\Data\Raw\IIITD_Contact_Lens_Iris_DB\Cogent Scanner\61\Colored\20120913154218_L.bmp,Cogent,61,Cogent_61,Colored,1,NA,20120913154218_L.bmp
C:\Users\sahar\OneDrive\Desktop\EXPLAINABLE_IRIS_PAD\Data\Raw\IIITD_Contact_Lens_Iris_DB\Cogent Scanner\61\Colored\20120913154218_R.bmp,Cogent,61,Cogent_61,Colored,1,NA,20120913154218_R.bmp
C:\Users\sahar\OneDrive\Desktop\EXPLAINABLE_IRIS_PAD\Data\Raw\IIITD_Contact_Lens_Iris_DB\Cogent Scanner\61\Colored\20120913154222_L.bmp,Cogent,61,Cogent_61,Colored,1,NA,20120913154222_L.bmp
C:\Users\sahar\OneDrive\Desktop\EXPLAINABLE_IRIS_PAD\Data\Raw\IIITD_Contact_Lens_Iris_DB\Cogent Scanner\61\Colored\20120913154222_R.bmp,Cogent,61,Cogent_61,Colored,1,NA,20120913154222_R.bmp
C:\Users\sahar\OneDrive\Desktop\EXPLAINABLE_IRIS_PAD\Data\Raw\IIITD_Contact_Lens_Iris_DB\Cogent Scanner\61\Normal\20120913141003_L.bmp,Cogent,61,Cogent_61,Normal,0,NA,20120913141003_L.bmp
C:\Users\sahar\OneDrive\Desktop\EXPLAINABLE_IRIS_PAD\Data\Raw\IIITD_Contact_Lens_Iris_DB\Cogent Scanner\61\Normal\20120913141003_R.bmp,Cogent,61,Cogent_61,Normal,0,NA,20120913141003_R.bmp
C:\Users\sahar\OneDrive\Desktop\EXPLAINABLE_IRIS_PAD\Data\Raw\IIITD_Contact_Lens_Iris_DB\Cogent Scanner\61\Normal\20120913141007_L.bmp,Cogent,61,Cogent_61,Normal,0,NA,20120913141007_L.bmp
C:\Users\sahar\OneDrive\Desktop\EXPLAINABLE_IRIS_PAD\Data\Raw\IIITD_Contact_Lens_Iris_DB\Cogent Scanner\61\Normal\20120913141007_R.bmp,Cogent,61,Cogent_61,Normal,0,NA,20120913141007_R.bmp
C:\Users\sahar\OneDrive\Desktop\EXPLAINABLE_IRIS_PAD\Data\Raw\IIITD_Contact_Lens_Iris_DB\Cogent Scanner\61\Normal\20120913141011_L.bmp,Cogent,61,Cogent_61,Normal,0,NA,20120913141011_L.bmp
C:\Users\sahar\OneDrive\Desktop\EXPLAINABLE_IRIS_PAD\Data\Raw\IIITD_Contact_Lens_Iris_DB\Cogent Scanner\61\Normal\20120913141011_R.bmp,Cogent,61,Cogent_61,Normal,0,NA,20120913141011_R.bmp
C:\Users\sahar\OneDrive\Desktop\EXPLAINABLE_IRIS_PAD\Data\Raw\IIITD_Contact_Lens_Iris_DB\Cogent Scanner\61\Normal\20120913141014_L.bmp,Cogent,61,Cogent_61,Normal,0,NA,20120913141014_L.bmp
C:\Users\sahar\OneDrive\Desktop\EXPLAINABLE_IRIS_PAD\Data\Raw\IIITD_Contact_Lens_Iris_DB\Cogent Scanner\61\Normal\20120913141014_R.bmp,Cogent,61,Cogent_61,Normal,0,NA,20120913141014_R.bmp
C:\Users\sahar\OneDrive\Desktop\EXPLAINABLE_IRIS_PAD\Data\Raw\IIITD_Contact_Lens_Iris_DB\Cogent Scanner\61\Normal\20120913141018_L.bmp,Cogent,61,Cogent_61,Normal,0,NA,20120913141018_L.bmp
C:\Users\sahar\OneDrive\Desktop\EXPLAINABLE_IRIS_PAD\Data\Raw\IIITD_Contact_Lens_Iris_DB\Cogent Scanner\61\Normal\20120913141018_R.bmp,Cogent,61,Cogent_61,Normal,0,NA,20120913141018_R.bmp
C:\Users\sahar\OneDrive\Desktop\EXPLAINABLE_IRIS_PAD\Data\Raw\IIITD_Contact_Lens_Iris_DB\Cogent Scanner\62\Colored\20120913115158_L.bmp,Cogent,62,Cogent_62,Colored,1,NA,20120913115158_L.bmp
C:\Users\sahar\OneDrive\Desktop\EXPLAINABLE_IRIS_PAD\Data\Raw\IIITD_Contact_Lens_Iris_DB\Cogent Scanner\62\Colored\20120913115158_R.bmp,Cogent,62,Cogent_62,Colored,1,NA,20120913115158_R.bmp
C:\Users\sahar\OneDrive\Desktop\EXPLAINABLE_IRIS_PAD\Data\Raw\IIITD_Contact_Lens_Iris_DB\Cogent Scanner\62\Colored\20120913115207_L.bmp,Cogent,62,Cogent_62,Colored,1,NA,20120913115207_L.bmp
C:\Users\sahar\OneDrive\Desktop\EXPLAINABLE_IRIS_PAD\Data\Raw\IIITD_Contact_Lens_Iris_DB\Cogent Scanner\62\Colored\20120913115207_R.bmp,Cogent,62,Cogent_62,Colored,1,NA,20120913115207_R.bmp
C:\Users\sahar\OneDrive\Desktop\EXPLAINABLE_IRIS_PAD\Data\Raw\IIITD_Contact_Lens_Iris_DB\Cogent Scanner\62\Colored\20120913115211_L.bmp,Cogent,62,Cogent_62,Colored,1,NA,20120913115211_L.bmp
C:\Users\sahar\OneDrive\Desktop\EXPLAINABLE_IRIS_PAD\Data\Raw\IIITD_Contact_Lens_Iris_DB\Cogent Scanner\62\Colored\20120913115211_R.bmp,Cogent,62,Cogent_62,Colored,1,NA,20120913115211_R.bmp
C:\Users\sahar\OneDrive\Desktop\EXPLAINABLE_IRIS_PAD\Data\Raw\IIITD_Contact_Lens_Iris_DB\Cogent Scanner\62\Colored\20120913115215_L.bmp,Cogent,62,Cogent_62,Colored,1,NA,20120913115215_L.bmp
C:\Users\sahar\OneDrive\Desktop\EXPLAINABLE_IRIS_PAD\Data\Raw\IIITD_Contact_Lens_Iris_DB\Cogent Scanner\62\Colored\20120913115215_R.bmp,Cogent,62,Cogent_62,Colored,1,NA,20120913115215_R.bmp
C:\Users\sahar\OneDrive\Desktop\EXPLAINABLE_IRIS_PAD\Data\Raw\IIITD_Contact_Lens_Iris_DB\Cogent Scanner\62\Colored\20120913115219_L.bmp,Cogent,62,Cogent_62,Colored,1,NA,20120913115219_L.bmp
C:\Users\sahar\OneDrive\Desktop\EXPLAINABLE_IRIS_PAD\Data\Raw\IIITD_Contact_Lens_Iris_DB\Cogent Scanner\62\Colored\20120913115219_R.bmp,Cogent,62,Cogent_62,Colored,1,NA,20120913115219_R.bmp
C:\Users\sahar\OneDrive\Desktop\EXPLAINABLE_IRIS_PAD\Data\Raw\IIITD_Contact_Lens_Iris_DB\Cogent Scanner\62\Normal\20120913120020_L.bmp,Cogent,62,Cogent_62,Normal,0,NA,20120913120020_L.bmp
C:\Users\sahar\OneDrive\Desktop\EXPLAINABLE_IRIS_PAD\Data\Raw\IIITD_Contact_Lens_Iris_DB\Cogent Scanner\62\Normal\20120913120020_R.bmp,Cogent,62,Cogent_62,Normal,0,NA,20120913120020_R.bmp
C:\Users\sahar\OneDrive\Desktop\EXPLAINABLE_IRIS_PAD\Data\Raw\IIITD_Contact_Lens_Iris_DB\Cogent Scanner\62\Normal\20120913120024_L.bmp,Cogent,62,Cogent_62,Normal,0,NA,20120913120024_L.bmp
C:\Users\sahar\OneDrive\Desktop\EXPLAINABLE_IRIS_PAD\Data\Raw\IIITD_Contact_Lens_Iris_DB\Cogent Scanner\62\Normal\20120913120024_R.bmp,Cogent,62,Cogent_62,Normal,0,NA,20120913120024_R.bmp
C:\Users\sahar\OneDrive\Desktop\EXPLAINABLE_IRIS_PAD\Data\Raw\IIITD_Contact_Lens_Iris_DB\Cogent Scanner\62\Normal\20120913120028_L.bmp,Cogent,62,Cogent_62,Normal,0,NA,20120913120028_L.bmp
C:\Users\sahar\OneDrive\Desktop\EXPLAINABLE_IRIS_PAD\Data\Raw\IIITD_Contact_Lens_Iris_DB\Cogent Scanner\62\Normal\20120913120028_R.bmp,Cogent,62,Cogent_62,Normal,0,NA,20120913120028_R.bmp
C:\Users\sahar\OneDrive\Desktop\EXPLAINABLE_IRIS_PAD\Data\Raw\IIITD_Contact_Lens_Iris_DB\Cogent Scanner\62\Normal\20120913120032_L.bmp,Cogent,62,Cogent_62,Normal,0,NA,20120913120032_L.bmp
C:\Users\sahar\OneDrive\Desktop\EXPLAINABLE_IRIS_PAD\Data\Raw\IIITD_Contact_Lens_Iris_DB\Cogent Scanner\62\Normal\20120913120032_R.bmp,Cogent,62,Cogent_62,Normal,0,NA,20120913120032_R.bmp
C:\Users\sahar\OneDrive\Desktop\EXPLAINABLE_IRIS_PAD\Data\Raw\IIITD_Contact_Lens_Iris_DB\Cogent Scanner\62\Normal\20120913120036_L.bmp,Cogent,62,Cogent_62,Normal,0,NA,20120913120036_L.bmp
C:\Users\sahar\OneDrive\Desktop\EXPLAINABLE_IRIS_PAD\Data\Raw\IIITD_Contact_Lens_Iris_DB\Cogent Scanner\62\Normal\20120913120036_R.bmp,Cogent,62,Cogent_62,Normal,0,NA,20120913120036_R.bmp
C:\Users\sahar\OneDrive\Desktop\EXPLAINABLE_IRIS_PAD\Data\Raw\IIITD_Contact_Lens_Iris_DB\Cogent Scanner\62\Normal\20120913120041_L.bmp,Cogent,62,Cogent_62,Normal,0,NA,20120913120041_L.bmp
C:\Users\sahar\OneDrive\Desktop\EXPLAINABLE_IRIS_PAD\Data\Raw\IIITD_Contact_Lens_Iris_DB\Cogent Scanner\62\Normal\20120913120041_R.bmp,Cogent,62,Cogent_62,Normal,0,NA,20120913120041_R.bmp
C:\Users\sahar\OneDrive\Desktop\EXPLAINABLE_IRIS_PAD\Data\Raw\IIITD_Contact_Lens_Iris_DB\Cogent Scanner\62\Normal\20120913120045_L.bmp,Cogent,62,Cogent_62,Normal,0,NA,20120913120045_L.bmp
C:\Users\sahar\OneDrive\Desktop\EXPLAINABLE_IRIS_PAD\Data\Raw\IIITD_Contact_Lens_Iris_DB\Cogent Scanner\62\Normal\20120913120045_R.bmp,Cogent,62,Cogent_62,Normal,0,NA,20120913120045_R.bmp
C:\Users\sahar\OneDrive\Desktop\EXPLAINABLE_IRIS_PAD\Data\Raw\IIITD_Contact_Lens_Iris_DB\Cogent Scanner\63\Colored\20120913120244_L.bmp,Cogent,63,Cogent_63,Colored,1,NA,20120913120244_L.bmp
C:\Users\sahar\OneDrive\Desktop\EXPLAINABLE_IRIS_PAD\Data\Raw\IIITD_Contact_Lens_Iris_DB\Cogent Scanner\63\Colored\20120913120244_R.bmp,Cogent,63,Cogent_63,Colored,1,NA,20120913120244_R.bmp
C:\Users\sahar\OneDrive\Desktop\EXPLAINABLE_IRIS_PAD\Data\Raw\IIITD_Contact_Lens_Iris_DB\Cogent Scanner\63\Colored\20120913120247_L.bmp,Cogent,63,Cogent_63,Colored,1,NA,20120913120247_L.bmp
C:\Users\sahar\OneDrive\Desktop\EXPLAINABLE_IRIS_PAD\Data\Raw\IIITD_Contact_Lens_Iris_DB\Cogent Scanner\63\Colored\20120913120247_R.bmp,Cogent,63,Cogent_63,Colored,1,NA,20120913120247_R.bmp
C:\Users\sahar\OneDrive\Desktop\EXPLAINABLE_IRIS_PAD\Data\Raw\IIITD_Contact_Lens_Iris_DB\Cogent Scanner\63\Colored\20120913120251_L.bmp,Cogent,63,Cogent_63,Colored,1,NA,20120913120251_L.bmp
C:\Users\sahar\OneDrive\Desktop\EXPLAINABLE_IRIS_PAD\Data\Raw\IIITD_Contact_Lens_Iris_DB\Cogent Scanner\63\Colored\20120913120251_R.bmp,Cogent,63,Cogent_63,Colored,1,NA,20120913120251_R.bmp
C:\Users\sahar\OneDrive\Desktop\EXPLAINABLE_IRIS_PAD\Data\Raw\IIITD_Contact_Lens_Iris_DB\Cogent Scanner\63\Colored\20120913120255_L.bmp,Cogent,63,Cogent_63,Colored,1,NA,20120913120255_L.bmp
C:\Users\sahar\OneDrive\Desktop\EXPLAINABLE_IRIS_PAD\Data\Raw\IIITD_Contact_Lens_Iris_DB\Cogent Scanner\63\Colored\20120913120255_R.bmp,Cogent,63,Cogent_63,Colored,1,NA,20120913120255_R.bmp
C:\Users\sahar\OneDrive\Desktop\EXPLAINABLE_IRIS_PAD\Data\Raw\IIITD_Contact_Lens_Iris_DB\Cogent Scanner\63\Colored\20120913120301_L.bmp,Cogent,63,Cogent_63,Colored,1,NA,20120913120301_L.bmp
C:\Users\sahar\OneDrive\Desktop\EXPLAINABLE_IRIS_PAD\Data\Raw\IIITD_Contact_Lens_Iris_DB\Cogent Scanner\63\Colored\20120913120301_R.bmp,Cogent,63,Cogent_63,Colored,1,NA,20120913120301_R.bmp
C:\Users\sahar\OneDrive\Desktop\EXPLAINABLE_IRIS_PAD\Data\Raw\IIITD_Contact_Lens_Iris_DB\Cogent Scanner\63\Colored\20120913120307_L.bmp,Cogent,63,Cogent_63,Colored,1,NA,20120913120307_L.bmp
C:\Users\sahar\OneDrive\Desktop\EXPLAINABLE_IRIS_PAD\Data\Raw\IIITD_Contact_Lens_Iris_DB\Cogent Scanner\63\Colored\20120913120307_R.bmp,Cogent,63,Cogent_63,Colored,1,NA,20120913120307_R.bmp
C:\Users\sahar\OneDrive\Desktop\EXPLAINABLE_IRIS_PAD\Data\Raw\IIITD_Contact_Lens_Iris_DB\Cogent Scanner\63\Normal\20120912171450_L.bmp,Cogent,63,Cogent_63,Normal,0,NA,20120912171450_L.bmp
C:\Users\sahar\OneDrive\Desktop\EXPLAINABLE_IRIS_PAD\Data\Raw\IIITD_Contact_Lens_Iris_DB\Cogent Scanner\63\Normal\20120912171450_R.bmp,Cogent,63,Cogent_63,Normal,0,NA,20120912171450_R.bmp
C:\Users\sahar\OneDrive\Desktop\EXPLAINABLE_IRIS_PAD\Data\Raw\IIITD_Contact_Lens_Iris_DB\Cogent Scanner\63\Normal\20120912171453_L.bmp,Cogent,63,Cogent_63,Normal,0,NA,20120912171453_L.bmp
C:\Users\sahar\OneDrive\Desktop\EXPLAINABLE_IRIS_PAD\Data\Raw\IIITD_Contact_Lens_Iris_DB\Cogent Scanner\63\Normal\20120912171453_R.bmp,Cogent,63,Cogent_63,Normal,0,NA,20120912171453_R.bmp
C:\Users\sahar\OneDrive\Desktop\EXPLAINABLE_IRIS_PAD\Data\Raw\IIITD_Contact_Lens_Iris_DB\Cogent Scanner\63\Normal\20120912171456_L.bmp,Cogent,63,Cogent_63,Normal,0,NA,20120912171456_L.bmp
C:\Users\sahar\OneDrive\Desktop\EXPLAINABLE_IRIS_PAD\Data\Raw\IIITD_Contact_Lens_Iris_DB\Cogent Scanner\63\Normal\20120912171456_R.bmp,Cogent,63,Cogent_63,Normal,0,NA,20120912171456_R.bmp
C:\Users\sahar\OneDrive\Desktop\EXPLAINABLE_IRIS_PAD\Data\Raw\IIITD_Contact_Lens_Iris_DB\Cogent Scanner\63\Normal\20120912171458_L.bmp,Cogent,63,Cogent_63,Normal,0,NA,20120912171458_L.bmp
C:\Users\sahar\OneDrive\Desktop\EXPLAINABLE_IRIS_PAD\Data\Raw\IIITD_Contact_Lens_Iris_DB\Cogent Scanner\63\Normal\20120912171458_R.bmp,Cogent,63,Cogent_63,Normal,0,NA,20120912171458_R.bmp
C:\Users\sahar\OneDrive\Desktop\EXPLAINABLE_IRIS_PAD\Data\Raw\IIITD_Contact_Lens_Iris_DB\Cogent Scanner\63\Normal\20120912171504_L.bmp,Cogent,63,Cogent_63,Normal,0,NA,20120912171504_L.bmp
C:\Users\sahar\OneDrive\Desktop\EXPLAINABLE_IRIS_PAD\Data\Raw\IIITD_Contact_Lens_Iris_DB\Cogent Scanner\63\Normal\20120912171504_R.bmp,Cogent,63,Cogent_63,Normal,0,NA,20120912171504_R.bmp
C:\Users\sahar\OneDrive\Desktop\EXPLAINABLE_IRIS_PAD\Data\Raw\IIITD_Contact_Lens_Iris_DB\Cogent Scanner\63\Normal\20120912171510_L.bmp,Cogent,63,Cogent_63,Normal,0,NA,20120912171510_L.bmp
C:\Users\sahar\OneDrive\Desktop\EXPLAINABLE_IRIS_PAD\Data\Raw\IIITD_Contact_Lens_Iris_DB\Cogent Scanner\63\Normal\20120912171510_R.bmp,Cogent,63,Cogent_63,Normal,0,NA,20120912171510_R.bmp
C:\Users\sahar\OneDrive\Desktop\EXPLAINABLE_IRIS_PAD\Data\Raw\IIITD_Contact_Lens_Iris_DB\Cogent Scanner\64\Colored\20120912151433_L.bmp,Cogent,64,Cogent_64,Colored,1,NA,20120912151433_L.bmp
C:\Users\sahar\OneDrive\Desktop\EXPLAINABLE_IRIS_PAD\Data\Raw\IIITD_Contact_Lens_Iris_DB\Cogent Scanner\64\Colored\20120912151433_R.bmp,Cogent,64,Cogent_64,Colored,1,NA,20120912151433_R.bmp
C:\Users\sahar\OneDrive\Desktop\EXPLAINABLE_IRIS_PAD\Data\Raw\IIITD_Contact_Lens_Iris_DB\Cogent Scanner\64\Colored\20120912151439_L.bmp,Cogent,64,Cogent_64,Colored,1,NA,20120912151439_L.bmp
C:\Users\sahar\OneDrive\Desktop\EXPLAINABLE_IRIS_PAD\Data\Raw\IIITD_Contact_Lens_Iris_DB\Cogent Scanner\64\Colored\20120912151439_R.bmp,Cogent,64,Cogent_64,Colored,1,NA,20120912151439_R.bmp
C:\Users\sahar\OneDrive\Desktop\EXPLAINABLE_IRIS_PAD\Data\Raw\IIITD_Contact_Lens_Iris_DB\Cogent Scanner\64\Colored\20120912151443_L.bmp,Cogent,64,Cogent_64,Colored,1,NA,20120912151443_L.bmp
C:\Users\sahar\OneDrive\Desktop\EXPLAINABLE_IRIS_PAD\Data\Raw\IIITD_Contact_Lens_Iris_DB\Cogent Scanner\64\Colored\20120912151443_R.bmp,Cogent,64,Cogent_64,Colored,1,NA,20120912151443_R.bmp
C:\Users\sahar\OneDrive\Desktop\EXPLAINABLE_IRIS_PAD\Data\Raw\IIITD_Contact_Lens_Iris_DB\Cogent Scanner\64\Colored\20120912151446_L.bmp,Cogent,64,Cogent_64,Colored,1,NA,20120912151446_L.bmp
C:\Users\sahar\OneDrive\Desktop\EXPLAINABLE_IRIS_PAD\Data\Raw\IIITD_Contact_Lens_Iris_DB\Cogent Scanner\64\Colored\20120912151446_R.bmp,Cogent,64,Cogent_64,Colored,1,NA,20120912151446_R.bmp
C:\Users\sahar\OneDrive\Desktop\EXPLAINABLE_IRIS_PAD\Data\Raw\IIITD_Contact_Lens_Iris_DB\Cogent Scanner\64\Colored\20120912151450_L.bmp,Cogent,64,Cogent_64,Colored,1,NA,20120912151450_L.bmp
C:\Users\sahar\OneDrive\Desktop\EXPLAINABLE_IRIS_PAD\Data\Raw\IIITD_Contact_Lens_Iris_DB\Cogent Scanner\64\Colored\20120912151450_R.bmp,Cogent,64,Cogent_64,Colored,1,NA,20120912151450_R.bmp
C:\Users\sahar\OneDrive\Desktop\EXPLAINABLE_IRIS_PAD\Data\Raw\IIITD_Contact_Lens_Iris_DB\Cogent Scanner\64\Normal\20120913110354_L.bmp,Cogent,64,Cogent_64,Normal,0,NA,20120913110354_L.bmp
C:\Users\sahar\OneDrive\Desktop\EXPLAINABLE_IRIS_PAD\Data\Raw\IIITD_Contact_Lens_Iris_DB\Cogent Scanner\64\Normal\20120913110354_R.bmp,Cogent,64,Cogent_64,Normal,0,NA,20120913110354_R.bmp
C:\Users\sahar\OneDrive\Desktop\EXPLAINABLE_IRIS_PAD\Data\Raw\IIITD_Contact_Lens_Iris_DB\Cogent Scanner\64\Normal\20120913110358_L.bmp,Cogent,64,Cogent_64,Normal,0,NA,20120913110358_L.bmp
C:\Users\sahar\OneDrive\Desktop\EXPLAINABLE_IRIS_PAD\Data\Raw\IIITD_Contact_Lens_Iris_DB\Cogent Scanner\64\Normal\20120913110358_R.bmp,Cogent,64,Cogent_64,Normal,0,NA,20120913110358_R.bmp
C:\Users\sahar\OneDrive\Desktop\EXPLAINABLE_IRIS_PAD\Data\Raw\IIITD_Contact_Lens_Iris_DB\Cogent Scanner\64\Normal\20120913110404_L.bmp,Cogent,64,Cogent_64,Normal,0,NA,20120913110404_L.bmp
C:\Users\sahar\OneDrive\Desktop\EXPLAINABLE_IRIS_PAD\Data\Raw\IIITD_Contact_Lens_Iris_DB\Cogent Scanner\64\Normal\20120913110404_R.bmp,Cogent,64,Cogent_64,Normal,0,NA,20120913110404_R.bmp
C:\Users\sahar\OneDrive\Desktop\EXPLAINABLE_IRIS_PAD\Data\Raw\IIITD_Contact_Lens_Iris_DB\Cogent Scanner\64\Normal\20120913110409_L.bmp,Cogent,64,Cogent_64,Normal,0,NA,20120913110409_L.bmp
C:\Users\sahar\OneDrive\Desktop\EXPLAINABLE_IRIS_PAD\Data\Raw\IIITD_Contact_Lens_Iris_DB\Cogent Scanner\64\Normal\20120913110409_R.bmp,Cogent,64,Cogent_64,Normal,0,NA,20120913110409_R.bmp
C:\Users\sahar\OneDrive\Desktop\EXPLAINABLE_IRIS_PAD\Data\Raw\IIITD_Contact_Lens_Iris_DB\Cogent Scanner\64\Normal\20120913110413_L.bmp,Cogent,64,Cogent_64,Normal,0,NA,20120913110413_L.bmp
C:\Users\sahar\OneDrive\Desktop\EXPLAINABLE_IRIS_PAD\Data\Raw\IIITD_Contact_Lens_Iris_DB\Cogent Scanner\64\Normal\20120913110413_R.bmp,Cogent,64,Cogent_64,Normal,0,NA,20120913110413_R.bmp
C:\Users\sahar\OneDrive\Desktop\EXPLAINABLE_IRIS_PAD\Data\Raw\IIITD_Contact_Lens_Iris_DB\Cogent Scanner\64\Normal\20120913110417_L.bmp,Cogent,64,Cogent_64,Normal,0,NA,20120913110417_L.bmp
C:\Users\sahar\OneDrive\Desktop\EXPLAINABLE_IRIS_PAD\Data\Raw\IIITD_Contact_Lens_Iris_DB\Cogent Scanner\64\Normal\20120913110417_R.bmp,Cogent,64,Cogent_64,Normal,0,NA,20120913110417_R.bmp
C:\Users\sahar\OneDrive\Desktop\EXPLAINABLE_IRIS_PAD\Data\Raw\IIITD_Contact_Lens_Iris_DB\Cogent Scanner\65\Colored\20120919152234_L.bmp,Cogent,65,Cogent_65,Colored,1,NA,20120919152234_L.bmp
C:\Users\sahar\OneDrive\Desktop\EXPLAINABLE_IRIS_PAD\Data\Raw\IIITD_Contact_Lens_Iris_DB\Cogent Scanner\65\Colored\20120919152234_R.bmp,Cogent,65,Cogent_65,Colored,1,NA,20120919152234_R.bmp
C:\Users\sahar\OneDrive\Desktop\EXPLAINABLE_IRIS_PAD\Data\Raw\IIITD_Contact_Lens_Iris_DB\Cogent Scanner\65\Colored\20120919152237_L.bmp,Cogent,65,Cogent_65,Colored,1,NA,20120919152237_L.bmp
C:\Users\sahar\OneDrive\Desktop\EXPLAINABLE_IRIS_PAD\Data\Raw\IIITD_Contact_Lens_Iris_DB\Cogent Scanner\65\Colored\20120919152237_R.bmp,Cogent,65,Cogent_65,Colored,1,NA,20120919152237_R.bmp
C:\Users\sahar\OneDrive\Desktop\EXPLAINABLE_IRIS_PAD\Data\Raw\IIITD_Contact_Lens_Iris_DB\Cogent Scanner\65\Colored\20120919152241_L.bmp,Cogent,65,Cogent_65,Colored,1,NA,20120919152241_L.bmp
C:\Users\sahar\OneDrive\Desktop\EXPLAINABLE_IRIS_PAD\Data\Raw\IIITD_Contact_Lens_Iris_DB\Cogent Scanner\65\Colored\20120919152241_R.bmp,Cogent,65,Cogent_65,Colored,1,NA,20120919152241_R.bmp
C:\Users\sahar\OneDrive\Desktop\EXPLAINABLE_IRIS_PAD\Data\Raw\IIITD_Contact_Lens_Iris_DB\Cogent Scanner\65\Colored\20120919152244_L.bmp,Cogent,65,Cogent_65,Colored,1,NA,20120919152244_L.bmp
C:\Users\sahar\OneDrive\Desktop\EXPLAINABLE_IRIS_PAD\Data\Raw\IIITD_Contact_Lens_Iris_DB\Cogent Scanner\65\Colored\20120919152244_R.bmp,Cogent,65,Cogent_65,Colored,1,NA,20120919152244_R.bmp
C:\Users\sahar\OneDrive\Desktop\EXPLAINABLE_IRIS_PAD\Data\Raw\IIITD_Contact_Lens_Iris_DB\Cogent Scanner\65\Colored\20120919152247_L.bmp,Cogent,65,Cogent_65,Colored,1,NA,20120919152247_L.bmp
C:\Users\sahar\OneDrive\Desktop\EXPLAINABLE_IRIS_PAD\Data\Raw\IIITD_Contact_Lens_Iris_DB\Cogent Scanner\65\Colored\20120919152247_R.bmp,Cogent,65,Cogent_65,Colored,1,NA,20120919152247_R.bmp
C:\Users\sahar\OneDrive\Desktop\EXPLAINABLE_IRIS_PAD\Data\Raw\IIITD_Contact_Lens_Iris_DB\Cogent Scanner\65\Colored\20120919152251_L.bmp,Cogent,65,Cogent_65,Colored,1,NA,20120919152251_L.bmp
C:\Users\sahar\OneDrive\Desktop\EXPLAINABLE_IRIS_PAD\Data\Raw\IIITD_Contact_Lens_Iris_DB\Cogent Scanner\65\Colored\20120919152251_R.bmp,Cogent,65,Cogent_65,Colored,1,NA,20120919152251_R.bmp
C:\Users\sahar\OneDrive\Desktop\EXPLAINABLE_IRIS_PAD\Data\Raw\IIITD_Contact_Lens_Iris_DB\Cogent Scanner\65\Normal\20120919144733_L.bmp,Cogent,65,Cogent_65,Normal,0,NA,20120919144733_L.bmp
C:\Users\sahar\OneDrive\Desktop\EXPLAINABLE_IRIS_PAD\Data\Raw\IIITD_Contact_Lens_Iris_DB\Cogent Scanner\65\Normal\20120919144733_R.bmp,Cogent,65,Cogent_65,Normal,0,NA,20120919144733_R.bmp
C:\Users\sahar\OneDrive\Desktop\EXPLAINABLE_IRIS_PAD\Data\Raw\IIITD_Contact_Lens_Iris_DB\Cogent Scanner\65\Normal\20120919144738_L.bmp,Cogent,65,Cogent_65,Normal,0,NA,20120919144738_L.bmp
C:\Users\sahar\OneDrive\Desktop\EXPLAINABLE_IRIS_PAD\Data\Raw\IIITD_Contact_Lens_Iris_DB\Cogent Scanner\65\Normal\20120919144738_R.bmp,Cogent,65,Cogent_65,Normal,0,NA,20120919144738_R.bmp
C:\Users\sahar\OneDrive\Desktop\EXPLAINABLE_IRIS_PAD\Data\Raw\IIITD_Contact_Lens_Iris_DB\Cogent Scanner\65\Normal\20120919144741_L.bmp,Cogent,65,Cogent_65,Normal,0,NA,20120919144741_L.bmp
C:\Users\sahar\OneDrive\Desktop\EXPLAINABLE_IRIS_PAD\Data\Raw\IIITD_Contact_Lens_Iris_DB\Cogent Scanner\65\Normal\20120919144741_R.bmp,Cogent,65,Cogent_65,Normal,0,NA,20120919144741_R.bmp
C:\Users\sahar\OneDrive\Desktop\EXPLAINABLE_IRIS_PAD\Data\Raw\IIITD_Contact_Lens_Iris_DB\Cogent Scanner\65\Normal\20120919144744_L.bmp,Cogent,65,Cogent_65,Normal,0,NA,20120919144744_L.bmp
C:\Users\sahar\OneDrive\Desktop\EXPLAINABLE_IRIS_PAD\Data\Raw\IIITD_Contact_Lens_Iris_DB\Cogent Scanner\65\Normal\20120919144744_R.bmp,Cogent,65,Cogent_65,Normal,0,NA,20120919144744_R.bmp
C:\Users\sahar\OneDrive\Desktop\EXPLAINABLE_IRIS_PAD\Data\Raw\IIITD_Contact_Lens_Iris_DB\Cogent Scanner\65\Normal\20120919144747_L.bmp,Cogent,65,Cogent_65,Normal,0,NA,20120919144747_L.bmp
C:\Users\sahar\OneDrive\Desktop\EXPLAINABLE_IRIS_PAD\Data\Raw\IIITD_Contact_Lens_Iris_DB\Cogent Scanner\65\Normal\20120919144747_R.bmp,Cogent,65,Cogent_65,Normal,0,NA,20120919144747_R.bmp
C:\Users\sahar\OneDrive\Desktop\EXPLAINABLE_IRIS_PAD\Data\Raw\IIITD_Contact_Lens_Iris_DB\Cogent Scanner\65\Normal\20120919144750_L.bmp,Cogent,65,Cogent_65,Normal,0,NA,20120919144750_L.bmp
C:\Users\sahar\OneDrive\Desktop\EXPLAINABLE_IRIS_PAD\Data\Raw\IIITD_Contact_Lens_Iris_DB\Cogent Scanner\65\Normal\20120919144750_R.bmp,Cogent,65,Cogent_65,Normal,0,NA,20120919144750_R.bmp
C:\Users\sahar\OneDrive\Desktop\EXPLAINABLE_IRIS_PAD\Data\Raw\IIITD_Contact_Lens_Iris_DB\Cogent Scanner\66\Colored\20120919173641_L.bmp,Cogent,66,Cogent_66,Colored,1,NA,20120919173641_L.bmp
C:\Users\sahar\OneDrive\Desktop\EXPLAINABLE_IRIS_PAD\Data\Raw\IIITD_Contact_Lens_Iris_DB\Cogent Scanner\66\Colored\20120919173641_R.bmp,Cogent,66,Cogent_66,Colored,1,NA,20120919173641_R.bmp
C:\Users\sahar\OneDrive\Desktop\EXPLAINABLE_IRIS_PAD\Data\Raw\IIITD_Contact_Lens_Iris_DB\Cogent Scanner\66\Colored\20120919173657_L.bmp,Cogent,66,Cogent_66,Colored,1,NA,20120919173657_L.bmp
C:\Users\sahar\OneDrive\Desktop\EXPLAINABLE_IRIS_PAD\Data\Raw\IIITD_Contact_Lens_Iris_DB\Cogent Scanner\66\Colored\20120919173657_R.bmp,Cogent,66,Cogent_66,Colored,1,NA,20120919173657_R.bmp
C:\Users\sahar\OneDrive\Desktop\EXPLAINABLE_IRIS_PAD\Data\Raw\IIITD_Contact_Lens_Iris_DB\Cogent Scanner\66\Colored\20120919173700_L.bmp,Cogent,66,Cogent_66,Colored,1,NA,20120919173700_L.bmp
C:\Users\sahar\OneDrive\Desktop\EXPLAINABLE_IRIS_PAD\Data\Raw\IIITD_Contact_Lens_Iris_DB\Cogent Scanner\66\Colored\20120919173700_R.bmp,Cogent,66,Cogent_66,Colored,1,NA,20120919173700_R.bmp
C:\Users\sahar\OneDrive\Desktop\EXPLAINABLE_IRIS_PAD\Data\Raw\IIITD_Contact_Lens_Iris_DB\Cogent Scanner\66\Colored\20120919173702_L.bmp,Cogent,66,Cogent_66,Colored,1,NA,20120919173702_L.bmp
C:\Users\sahar\OneDrive\Desktop\EXPLAINABLE_IRIS_PAD\Data\Raw\IIITD_Contact_Lens_Iris_DB\Cogent Scanner\66\Colored\20120919173702_R.bmp,Cogent,66,Cogent_66,Colored,1,NA,20120919173702_R.bmp
C:\Users\sahar\OneDrive\Desktop\EXPLAINABLE_IRIS_PAD\Data\Raw\IIITD_Contact_Lens_Iris_DB\Cogent Scanner\66\Colored\20120919173705_L.bmp,Cogent,66,Cogent_66,Colored,1,NA,20120919173705_L.bmp
C:\Users\sahar\OneDrive\Desktop\EXPLAINABLE_IRIS_PAD\Data\Raw\IIITD_Contact_Lens_Iris_DB\Cogent Scanner\66\Colored\20120919173705_R.bmp,Cogent,66,Cogent_66,Colored,1,NA,20120919173705_R.bmp
C:\Users\sahar\OneDrive\Desktop\EXPLAINABLE_IRIS_PAD\Data\Raw\IIITD_Contact_Lens_Iris_DB\Cogent Scanner\66\Colored\20120919173709_L.bmp,Cogent,66,Cogent_66,Colored,1,NA,20120919173709_L.bmp
C:\Users\sahar\OneDrive\Desktop\EXPLAINABLE_IRIS_PAD\Data\Raw\IIITD_Contact_Lens_Iris_DB\Cogent Scanner\66\Colored\20120919173709_R.bmp,Cogent,66,Cogent_66,Colored,1,NA,20120919173709_R.bmp
C:\Users\sahar\OneDrive\Desktop\EXPLAINABLE_IRIS_PAD\Data\Raw\IIITD_Contact_Lens_Iris_DB\Cogent Scanner\66\Normal\20120919175848_L.bmp,Cogent,66,Cogent_66,Normal,0,NA,20120919175848_L.bmp
C:\Users\sahar\OneDrive\Desktop\EXPLAINABLE_IRIS_PAD\Data\Raw\IIITD_Contact_Lens_Iris_DB\Cogent Scanner\66\Normal\20120919175848_R.bmp,Cogent,66,Cogent_66,Normal,0,NA,20120919175848_R.bmp
C:\Users\sahar\OneDrive\Desktop\EXPLAINABLE_IRIS_PAD\Data\Raw\IIITD_Contact_Lens_Iris_DB\Cogent Scanner\66\Normal\20120919175850_L.bmp,Cogent,66,Cogent_66,Normal,0,NA,20120919175850_L.bmp
C:\Users\sahar\OneDrive\Desktop\EXPLAINABLE_IRIS_PAD\Data\Raw\IIITD_Contact_Lens_Iris_DB\Cogent Scanner\66\Normal\20120919175850_R.bmp,Cogent,66,Cogent_66,Normal,0,NA,20120919175850_R.bmp
C:\Users\sahar\OneDrive\Desktop\EXPLAINABLE_IRIS_PAD\Data\Raw\IIITD_Contact_Lens_Iris_DB\Cogent Scanner\66\Normal\20120919175853_L.bmp,Cogent,66,Cogent_66,Normal,0,NA,20120919175853_L.bmp
C:\Users\sahar\OneDrive\Desktop\EXPLAINABLE_IRIS_PAD\Data\Raw\IIITD_Contact_Lens_Iris_DB\Cogent Scanner\66\Normal\20120919175853_R.bmp,Cogent,66,Cogent_66,Normal,0,NA,20120919175853_R.bmp
C:\Users\sahar\OneDrive\Desktop\EXPLAINABLE_IRIS_PAD\Data\Raw\IIITD_Contact_Lens_Iris_DB\Cogent Scanner\66\Normal\20120919175858_L.bmp,Cogent,66,Cogent_66,Normal,0,NA,20120919175858_L.bmp
C:\Users\sahar\OneDrive\Desktop\EXPLAINABLE_IRIS_PAD\Data\Raw\IIITD_Contact_Lens_Iris_DB\Cogent Scanner\66\Normal\20120919175858_R.bmp,Cogent,66,Cogent_66,Normal,0,NA,20120919175858_R.bmp
C:\Users\sahar\OneDrive\Desktop\EXPLAINABLE_IRIS_PAD\Data\Raw\IIITD_Contact_Lens_Iris_DB\Cogent Scanner\66\Normal\20120919175903_L.bmp,Cogent,66,Cogent_66,Normal,0,NA,20120919175903_L.bmp
C:\Users\sahar\OneDrive\Desktop\EXPLAINABLE_IRIS_PAD\Data\Raw\IIITD_Contact_Lens_Iris_DB\Cogent Scanner\66\Normal\20120919175903_R.bmp,Cogent,66,Cogent_66,Normal,0,NA,20120919175903_R.bmp
C:\Users\sahar\OneDrive\Desktop\EXPLAINABLE_IRIS_PAD\Data\Raw\IIITD_Contact_Lens_Iris_DB\Cogent Scanner\66\Normal\20120919175906_L.bmp,Cogent,66,Cogent_66,Normal,0,NA,20120919175906_L.bmp
C:\Users\sahar\OneDrive\Desktop\EXPLAINABLE_IRIS_PAD\Data\Raw\IIITD_Contact_Lens_Iris_DB\Cogent Scanner\66\Normal\20120919175906_R.bmp,Cogent,66,Cogent_66,Normal,0,NA,20120919175906_R.bmp
C:\Users\sahar\OneDrive\Desktop\EXPLAINABLE_IRIS_PAD\Data\Raw\IIITD_Contact_Lens_Iris_DB\Cogent Scanner\67\Colored\20120914142733_L.bmp,Cogent,67,Cogent_67,Colored,1,NA,20120914142733_L.bmp
C:\Users\sahar\OneDrive\Desktop\EXPLAINABLE_IRIS_PAD\Data\Raw\IIITD_Contact_Lens_Iris_DB\Cogent Scanner\67\Colored\20120914142733_R.bmp,Cogent,67,Cogent_67,Colored,1,NA,20120914142733_R.bmp
C:\Users\sahar\OneDrive\Desktop\EXPLAINABLE_IRIS_PAD\Data\Raw\IIITD_Contact_Lens_Iris_DB\Cogent Scanner\67\Colored\20120914142737_L.bmp,Cogent,67,Cogent_67,Colored,1,NA,20120914142737_L.bmp
C:\Users\sahar\OneDrive\Desktop\EXPLAINABLE_IRIS_PAD\Data\Raw\IIITD_Contact_Lens_Iris_DB\Cogent Scanner\67\Colored\20120914142737_R.bmp,Cogent,67,Cogent_67,Colored,1,NA,20120914142737_R.bmp
C:\Users\sahar\OneDrive\Desktop\EXPLAINABLE_IRIS_PAD\Data\Raw\IIITD_Contact_Lens_Iris_DB\Cogent Scanner\67\Colored\20120914142741_L.bmp,Cogent,67,Cogent_67,Colored,1,NA,20120914142741_L.bmp
C:\Users\sahar\OneDrive\Desktop\EXPLAINABLE_IRIS_PAD\Data\Raw\IIITD_Contact_Lens_Iris_DB\Cogent Scanner\67\Colored\20120914142741_R.bmp,Cogent,67,Cogent_67,Colored,1,NA,20120914142741_R.bmp
C:\Users\sahar\OneDrive\Desktop\EXPLAINABLE_IRIS_PAD\Data\Raw\IIITD_Contact_Lens_Iris_DB\Cogent Scanner\67\Colored\20120914142745_L.bmp,Cogent,67,Cogent_67,Colored,1,NA,20120914142745_L.bmp
C:\Users\sahar\OneDrive\Desktop\EXPLAINABLE_IRIS_PAD\Data\Raw\IIITD_Contact_Lens_Iris_DB\Cogent Scanner\67\Colored\20120914142745_R.bmp,Cogent,67,Cogent_67,Colored,1,NA,20120914142745_R.bmp
C:\Users\sahar\OneDrive\Desktop\EXPLAINABLE_IRIS_PAD\Data\Raw\IIITD_Contact_Lens_Iris_DB\Cogent Scanner\67\Colored\20120914142750_L.bmp,Cogent,67,Cogent_67,Colored,1,NA,20120914142750_L.bmp
C:\Users\sahar\OneDrive\Desktop\EXPLAINABLE_IRIS_PAD\Data\Raw\IIITD_Contact_Lens_Iris_DB\Cogent Scanner\67\Colored\20120914142750_R.bmp,Cogent,67,Cogent_67,Colored,1,NA,20120914142750_R.bmp
C:\Users\sahar\OneDrive\Desktop\EXPLAINABLE_IRIS_PAD\Data\Raw\IIITD_Contact_Lens_Iris_DB\Cogent Scanner\67\Colored\20120914142756_L.bmp,Cogent,67,Cogent_67,Colored,1,NA,20120914142756_L.bmp
C:\Users\sahar\OneDrive\Desktop\EXPLAINABLE_IRIS_PAD\Data\Raw\IIITD_Contact_Lens_Iris_DB\Cogent Scanner\67\Colored\20120914142756_R.bmp,Cogent,67,Cogent_67,Colored,1,NA,20120914142756_R.bmp
C:\Users\sahar\OneDrive\Desktop\EXPLAINABLE_IRIS_PAD\Data\Raw\IIITD_Contact_Lens_Iris_DB\Cogent Scanner\67\Normal\20120912141953_L.bmp,Cogent,67,Cogent_67,Normal,0,NA,20120912141953_L.bmp
C:\Users\sahar\OneDrive\Desktop\EXPLAINABLE_IRIS_PAD\Data\Raw\IIITD_Contact_Lens_Iris_DB\Cogent Scanner\67\Normal\20120912141953_R.bmp,Cogent,67,Cogent_67,Normal,0,NA,20120912141953_R.bmp
C:\Users\sahar\OneDrive\Desktop\EXPLAINABLE_IRIS_PAD\Data\Raw\IIITD_Contact_Lens_Iris_DB\Cogent Scanner\67\Normal\20120912141956_L.bmp,Cogent,67,Cogent_67,Normal,0,NA,20120912141956_L.bmp
C:\Users\sahar\OneDrive\Desktop\EXPLAINABLE_IRIS_PAD\Data\Raw\IIITD_Contact_Lens_Iris_DB\Cogent Scanner\67\Normal\20120912141956_R.bmp,Cogent,67,Cogent_67,Normal,0,NA,20120912141956_R.bmp
C:\Users\sahar\OneDrive\Desktop\EXPLAINABLE_IRIS_PAD\Data\Raw\IIITD_Contact_Lens_Iris_DB\Cogent Scanner\67\Normal\20120912142000_L.bmp,Cogent,67,Cogent_67,Normal,0,NA,20120912142000_L.bmp
C:\Users\sahar\OneDrive\Desktop\EXPLAINABLE_IRIS_PAD\Data\Raw\IIITD_Contact_Lens_Iris_DB\Cogent Scanner\67\Normal\20120912142000_R.bmp,Cogent,67,Cogent_67,Normal,0,NA,20120912142000_R.bmp
C:\Users\sahar\OneDrive\Desktop\EXPLAINABLE_IRIS_PAD\Data\Raw\IIITD_Contact_Lens_Iris_DB\Cogent Scanner\67\Normal\20120912142003_L.bmp,Cogent,67,Cogent_67,Normal,0,NA,20120912142003_L.bmp
C:\Users\sahar\OneDrive\Desktop\EXPLAINABLE_IRIS_PAD\Data\Raw\IIITD_Contact_Lens_Iris_DB\Cogent Scanner\67\Normal\20120912142003_R.bmp,Cogent,67,Cogent_67,Normal,0,NA,20120912142003_R.bmp
C:\Users\sahar\OneDrive\Desktop\EXPLAINABLE_IRIS_PAD\Data\Raw\IIITD_Contact_Lens_Iris_DB\Cogent Scanner\67\Normal\20120912142013_L.bmp,Cogent,67,Cogent_67,Normal,0,NA,20120912142013_L.bmp
C:\Users\sahar\OneDrive\Desktop\EXPLAINABLE_IRIS_PAD\Data\Raw\IIITD_Contact_Lens_Iris_DB\Cogent Scanner\67\Normal\20120912142014_R.bmp,Cogent,67,Cogent_67,Normal,0,NA,20120912142014_R.bmp
C:\Users\sahar\OneDrive\Desktop\EXPLAINABLE_IRIS_PAD\Data\Raw\IIITD_Contact_Lens_Iris_DB\Cogent Scanner\67\Normal\20120912142016_L.bmp,Cogent,67,Cogent_67,Normal,0,NA,20120912142016_L.bmp
C:\Users\sahar\OneDrive\Desktop\EXPLAINABLE_IRIS_PAD\Data\Raw\IIITD_Contact_Lens_Iris_DB\Cogent Scanner\67\Normal\20120912142016_R.bmp,Cogent,67,Cogent_67,Normal,0,NA,20120912142016_R.bmp
C:\Users\sahar\OneDrive\Desktop\EXPLAINABLE_IRIS_PAD\Data\Raw\IIITD_Contact_Lens_Iris_DB\Cogent Scanner\67\Normal\20120912142020_L.bmp,Cogent,67,Cogent_67,Normal,0,NA,20120912142020_L.bmp
C:\Users\sahar\OneDrive\Desktop\EXPLAINABLE_IRIS_PAD\Data\Raw\IIITD_Contact_Lens_Iris_DB\Cogent Scanner\67\Normal\20120912142020_R.bmp,Cogent,67,Cogent_67,Normal,0,NA,20120912142020_R.bmp
C:\Users\sahar\OneDrive\Desktop\EXPLAINABLE_IRIS_PAD\Data\Raw\IIITD_Contact_Lens_Iris_DB\Cogent Scanner\67\Normal\20120912142023_L.bmp,Cogent,67,Cogent_67,Normal,0,NA,20120912142023_L.bmp
C:\Users\sahar\OneDrive\Desktop\EXPLAINABLE_IRIS_PAD\Data\Raw\IIITD_Contact_Lens_Iris_DB\Cogent Scanner\67\Normal\20120912142023_R.bmp,Cogent,67,Cogent_67,Normal,0,NA,20120912142023_R.bmp
C:\Users\sahar\OneDrive\Desktop\EXPLAINABLE_IRIS_PAD\Data\Raw\IIITD_Contact_Lens_Iris_DB\Cogent Scanner\67\Normal\20120912142031_L.bmp,Cogent,67,Cogent_67,Normal,0,NA,20120912142031_L.bmp
C:\Users\sahar\OneDrive\Desktop\EXPLAINABLE_IRIS_PAD\Data\Raw\IIITD_Contact_Lens_Iris_DB\Cogent Scanner\67\Normal\20120912142031_R.bmp,Cogent,67,Cogent_67,Normal,0,NA,20120912142031_R.bmp
C:\Users\sahar\OneDrive\Desktop\EXPLAINABLE_IRIS_PAD\Data\Raw\IIITD_Contact_Lens_Iris_DB\Cogent Scanner\7\Colored\20120914160057_L.bmp,Cogent,7,Cogent_7,Colored,1,NA,20120914160057_L.bmp
C:\Users\sahar\OneDrive\Desktop\EXPLAINABLE_IRIS_PAD\Data\Raw\IIITD_Contact_Lens_Iris_DB\Cogent Scanner\7\Colored\20120914160057_R.bmp,Cogent,7,Cogent_7,Colored,1,NA,20120914160057_R.bmp
C:\Users\sahar\OneDrive\Desktop\EXPLAINABLE_IRIS_PAD\Data\Raw\IIITD_Contact_Lens_Iris_DB\Cogent Scanner\7\Colored\20120914160103_L.bmp,Cogent,7,Cogent_7,Colored,1,NA,20120914160103_L.bmp
C:\Users\sahar\OneDrive\Desktop\EXPLAINABLE_IRIS_PAD\Data\Raw\IIITD_Contact_Lens_Iris_DB\Cogent Scanner\7\Colored\20120914160103_R.bmp,Cogent,7,Cogent_7,Colored,1,NA,20120914160103_R.bmp
C:\Users\sahar\OneDrive\Desktop\EXPLAINABLE_IRIS_PAD\Data\Raw\IIITD_Contact_Lens_Iris_DB\Cogent Scanner\7\Colored\20120914160107_L.bmp,Cogent,7,Cogent_7,Colored,1,NA,20120914160107_L.bmp
C:\Users\sahar\OneDrive\Desktop\EXPLAINABLE_IRIS_PAD\Data\Raw\IIITD_Contact_Lens_Iris_DB\Cogent Scanner\7\Colored\20120914160107_R.bmp,Cogent,7,Cogent_7,Colored,1,NA,20120914160107_R.bmp
C:\Users\sahar\OneDrive\Desktop\EXPLAINABLE_IRIS_PAD\Data\Raw\IIITD_Contact_Lens_Iris_DB\Cogent Scanner\7\Colored\20120914160112_L.bmp,Cogent,7,Cogent_7,Colored,1,NA,20120914160112_L.bmp
C:\Users\sahar\OneDrive\Desktop\EXPLAINABLE_IRIS_PAD\Data\Raw\IIITD_Contact_Lens_Iris_DB\Cogent Scanner\7\Colored\20120914160112_R.bmp,Cogent,7,Cogent_7,Colored,1,NA,20120914160112_R.bmp
C:\Users\sahar\OneDrive\Desktop\EXPLAINABLE_IRIS_PAD\Data\Raw\IIITD_Contact_Lens_Iris_DB\Cogent Scanner\7\Colored\20120914160116_L.bmp,Cogent,7,Cogent_7,Colored,1,NA,20120914160116_L.bmp
C:\Users\sahar\OneDrive\Desktop\EXPLAINABLE_IRIS_PAD\Data\Raw\IIITD_Contact_Lens_Iris_DB\Cogent Scanner\7\Colored\20120914160116_R.bmp,Cogent,7,Cogent_7,Colored,1,NA,20120914160116_R.bmp
C:\Users\sahar\OneDrive\Desktop\EXPLAINABLE_IRIS_PAD\Data\Raw\IIITD_Contact_Lens_Iris_DB\Cogent Scanner\7\Normal\20120912170155_L.bmp,Cogent,7,Cogent_7,Normal,0,NA,20120912170155_L.bmp
C:\Users\sahar\OneDrive\Desktop\EXPLAINABLE_IRIS_PAD\Data\Raw\IIITD_Contact_Lens_Iris_DB\Cogent Scanner\7\Normal\20120912170155_R.bmp,Cogent,7,Cogent_7,Normal,0,NA,20120912170155_R.bmp
C:\Users\sahar\OneDrive\Desktop\EXPLAINABLE_IRIS_PAD\Data\Raw\IIITD_Contact_Lens_Iris_DB\Cogent Scanner\7\Normal\20120912170159_L.bmp,Cogent,7,Cogent_7,Normal,0,NA,20120912170159_L.bmp
C:\Users\sahar\OneDrive\Desktop\EXPLAINABLE_IRIS_PAD\Data\Raw\IIITD_Contact_Lens_Iris_DB\Cogent Scanner\7\Normal\20120912170159_R.bmp,Cogent,7,Cogent_7,Normal,0,NA,20120912170159_R.bmp
C:\Users\sahar\OneDrive\Desktop\EXPLAINABLE_IRIS_PAD\Data\Raw\IIITD_Contact_Lens_Iris_DB\Cogent Scanner\7\Normal\20120912170206_L.bmp,Cogent,7,Cogent_7,Normal,0,NA,20120912170206_L.bmp
C:\Users\sahar\OneDrive\Desktop\EXPLAINABLE_IRIS_PAD\Data\Raw\IIITD_Contact_Lens_Iris_DB\Cogent Scanner\7\Normal\20120912170206_R.bmp,Cogent,7,Cogent_7,Normal,0,NA,20120912170206_R.bmp
C:\Users\sahar\OneDrive\Desktop\EXPLAINABLE_IRIS_PAD\Data\Raw\IIITD_Contact_Lens_Iris_DB\Cogent Scanner\7\Normal\20120912170210_L.bmp,Cogent,7,Cogent_7,Normal,0,NA,20120912170210_L.bmp
C:\Users\sahar\OneDrive\Desktop\EXPLAINABLE_IRIS_PAD\Data\Raw\IIITD_Contact_Lens_Iris_DB\Cogent Scanner\7\Normal\20120912170210_R.bmp,Cogent,7,Cogent_7,Normal,0,NA,20120912170210_R.bmp
C:\Users\sahar\OneDrive\Desktop\EXPLAINABLE_IRIS_PAD\Data\Raw\IIITD_Contact_Lens_Iris_DB\Cogent Scanner\7\Normal\20120912170214_L.bmp,Cogent,7,Cogent_7,Normal,0,NA,20120912170214_L.bmp
C:\Users\sahar\OneDrive\Desktop\EXPLAINABLE_IRIS_PAD\Data\Raw\IIITD_Contact_Lens_Iris_DB\Cogent Scanner\7\Normal\20120912170214_R.bmp,Cogent,7,Cogent_7,Normal,0,NA,20120912170214_R.bmp
C:\Users\sahar\OneDrive\Desktop\EXPLAINABLE_IRIS_PAD\Data\Raw\IIITD_Contact_Lens_Iris_DB\Cogent Scanner\70\Colored\20120913130309_L.bmp,Cogent,70,Cogent_70,Colored,1,NA,20120913130309_L.bmp
C:\Users\sahar\OneDrive\Desktop\EXPLAINABLE_IRIS_PAD\Data\Raw\IIITD_Contact_Lens_Iris_DB\Cogent Scanner\70\Colored\20120913130309_R.bmp,Cogent,70,Cogent_70,Colored,1,NA,20120913130309_R.bmp
C:\Users\sahar\OneDrive\Desktop\EXPLAINABLE_IRIS_PAD\Data\Raw\IIITD_Contact_Lens_Iris_DB\Cogent Scanner\70\Colored\20120913130312_L.bmp,Cogent,70,Cogent_70,Colored,1,NA,20120913130312_L.bmp
C:\Users\sahar\OneDrive\Desktop\EXPLAINABLE_IRIS_PAD\Data\Raw\IIITD_Contact_Lens_Iris_DB\Cogent Scanner\70\Colored\20120913130312_R.bmp,Cogent,70,Cogent_70,Colored,1,NA,20120913130312_R.bmp
C:\Users\sahar\OneDrive\Desktop\EXPLAINABLE_IRIS_PAD\Data\Raw\IIITD_Contact_Lens_Iris_DB\Cogent Scanner\70\Colored\20120913130317_L.bmp,Cogent,70,Cogent_70,Colored,1,NA,20120913130317_L.bmp
C:\Users\sahar\OneDrive\Desktop\EXPLAINABLE_IRIS_PAD\Data\Raw\IIITD_Contact_Lens_Iris_DB\Cogent Scanner\70\Colored\20120913130317_R.bmp,Cogent,70,Cogent_70,Colored,1,NA,20120913130317_R.bmp
C:\Users\sahar\OneDrive\Desktop\EXPLAINABLE_IRIS_PAD\Data\Raw\IIITD_Contact_Lens_Iris_DB\Cogent Scanner\70\Colored\20120913130319_L.bmp,Cogent,70,Cogent_70,Colored,1,NA,20120913130319_L.bmp
C:\Users\sahar\OneDrive\Desktop\EXPLAINABLE_IRIS_PAD\Data\Raw\IIITD_Contact_Lens_Iris_DB\Cogent Scanner\70\Colored\20120913130319_R.bmp,Cogent,70,Cogent_70,Colored,1,NA,20120913130319_R.bmp
C:\Users\sahar\OneDrive\Desktop\EXPLAINABLE_IRIS_PAD\Data\Raw\IIITD_Contact_Lens_Iris_DB\Cogent Scanner\70\Colored\20120913130325_L.bmp,Cogent,70,Cogent_70,Colored,1,NA,20120913130325_L.bmp
C:\Users\sahar\OneDrive\Desktop\EXPLAINABLE_IRIS_PAD\Data\Raw\IIITD_Contact_Lens_Iris_DB\Cogent Scanner\70\Colored\20120913130325_R.bmp,Cogent,70,Cogent_70,Colored,1,NA,20120913130325_R.bmp
C:\Users\sahar\OneDrive\Desktop\EXPLAINABLE_IRIS_PAD\Data\Raw\IIITD_Contact_Lens_Iris_DB\Cogent Scanner\70\Colored\20120913130328_L.bmp,Cogent,70,Cogent_70,Colored,1,NA,20120913130328_L.bmp
C:\Users\sahar\OneDrive\Desktop\EXPLAINABLE_IRIS_PAD\Data\Raw\IIITD_Contact_Lens_Iris_DB\Cogent Scanner\70\Colored\20120913130328_R.bmp,Cogent,70,Cogent_70,Colored,1,NA,20120913130328_R.bmp
C:\Users\sahar\OneDrive\Desktop\EXPLAINABLE_IRIS_PAD\Data\Raw\IIITD_Contact_Lens_Iris_DB\Cogent Scanner\70\Colored\20120913130331_L.bmp,Cogent,70,Cogent_70,Colored,1,NA,20120913130331_L.bmp
C:\Users\sahar\OneDrive\Desktop\EXPLAINABLE_IRIS_PAD\Data\Raw\IIITD_Contact_Lens_Iris_DB\Cogent Scanner\70\Colored\20120913130331_R.bmp,Cogent,70,Cogent_70,Colored,1,NA,20120913130331_R.bmp
C:\Users\sahar\OneDrive\Desktop\EXPLAINABLE_IRIS_PAD\Data\Raw\IIITD_Contact_Lens_Iris_DB\Cogent Scanner\70\Normal\20120913120139_L.bmp,Cogent,70,Cogent_70,Normal,0,NA,20120913120139_L.bmp
C:\Users\sahar\OneDrive\Desktop\EXPLAINABLE_IRIS_PAD\Data\Raw\IIITD_Contact_Lens_Iris_DB\Cogent Scanner\70\Normal\20120913120139_R.bmp,Cogent,70,Cogent_70,Normal,0,NA,20120913120139_R.bmp
C:\Users\sahar\OneDrive\Desktop\EXPLAINABLE_IRIS_PAD\Data\Raw\IIITD_Contact_Lens_Iris_DB\Cogent Scanner\70\Normal\20120913120144_L.bmp,Cogent,70,Cogent_70,Normal,0,NA,20120913120144_L.bmp
C:\Users\sahar\OneDrive\Desktop\EXPLAINABLE_IRIS_PAD\Data\Raw\IIITD_Contact_Lens_Iris_DB\Cogent Scanner\70\Normal\20120913120144_R.bmp,Cogent,70,Cogent_70,Normal,0,NA,20120913120144_R.bmp
C:\Users\sahar\OneDrive\Desktop\EXPLAINABLE_IRIS_PAD\Data\Raw\IIITD_Contact_Lens_Iris_DB\Cogent Scanner\70\Normal\20120913120151_L.bmp,Cogent,70,Cogent_70,Normal,0,NA,20120913120151_L.bmp
C:\Users\sahar\OneDrive\Desktop\EXPLAINABLE_IRIS_PAD\Data\Raw\IIITD_Contact_Lens_Iris_DB\Cogent Scanner\70\Normal\20120913120151_R.bmp,Cogent,70,Cogent_70,Normal,0,NA,20120913120151_R.bmp
C:\Users\sahar\OneDrive\Desktop\EXPLAINABLE_IRIS_PAD\Data\Raw\IIITD_Contact_Lens_Iris_DB\Cogent Scanner\70\Normal\20120913120154_L.bmp,Cogent,70,Cogent_70,Normal,0,NA,20120913120154_L.bmp
C:\Users\sahar\OneDrive\Desktop\EXPLAINABLE_IRIS_PAD\Data\Raw\IIITD_Contact_Lens_Iris_DB\Cogent Scanner\70\Normal\20120913120154_R.bmp,Cogent,70,Cogent_70,Normal,0,NA,20120913120154_R.bmp
C:\Users\sahar\OneDrive\Desktop\EXPLAINABLE_IRIS_PAD\Data\Raw\IIITD_Contact_Lens_Iris_DB\Cogent Scanner\70\Normal\20120913120200_L.bmp,Cogent,70,Cogent_70,Normal,0,NA,20120913120200_L.bmp
C:\Users\sahar\OneDrive\Desktop\EXPLAINABLE_IRIS_PAD\Data\Raw\IIITD_Contact_Lens_Iris_DB\Cogent Scanner\70\Normal\20120913120200_R.bmp,Cogent,70,Cogent_70,Normal,0,NA,20120913120200_R.bmp
C:\Users\sahar\OneDrive\Desktop\EXPLAINABLE_IRIS_PAD\Data\Raw\IIITD_Contact_Lens_Iris_DB\Cogent Scanner\71\Colored\20120912160023_L.bmp,Cogent,71,Cogent_71,Colored,1,NA,20120912160023_L.bmp
C:\Users\sahar\OneDrive\Desktop\EXPLAINABLE_IRIS_PAD\Data\Raw\IIITD_Contact_Lens_Iris_DB\Cogent Scanner\71\Colored\20120912160023_R.bmp,Cogent,71,Cogent_71,Colored,1,NA,20120912160023_R.bmp
C:\Users\sahar\OneDrive\Desktop\EXPLAINABLE_IRIS_PAD\Data\Raw\IIITD_Contact_Lens_Iris_DB\Cogent Scanner\71\Colored\20120912160027_L.bmp,Cogent,71,Cogent_71,Colored,1,NA,20120912160027_L.bmp
C:\Users\sahar\OneDrive\Desktop\EXPLAINABLE_IRIS_PAD\Data\Raw\IIITD_Contact_Lens_Iris_DB\Cogent Scanner\71\Colored\20120912160027_R.bmp,Cogent,71,Cogent_71,Colored,1,NA,20120912160027_R.bmp
C:\Users\sahar\OneDrive\Desktop\EXPLAINABLE_IRIS_PAD\Data\Raw\IIITD_Contact_Lens_Iris_DB\Cogent Scanner\71\Colored\20120912160032_L.bmp,Cogent,71,Cogent_71,Colored,1,NA,20120912160032_L.bmp
C:\Users\sahar\OneDrive\Desktop\EXPLAINABLE_IRIS_PAD\Data\Raw\IIITD_Contact_Lens_Iris_DB\Cogent Scanner\71\Colored\20120912160032_R.bmp,Cogent,71,Cogent_71,Colored,1,NA,20120912160032_R.bmp
C:\Users\sahar\OneDrive\Desktop\EXPLAINABLE_IRIS_PAD\Data\Raw\IIITD_Contact_Lens_Iris_DB\Cogent Scanner\71\Colored\20120912160036_L.bmp,Cogent,71,Cogent_71,Colored,1,NA,20120912160036_L.bmp
C:\Users\sahar\OneDrive\Desktop\EXPLAINABLE_IRIS_PAD\Data\Raw\IIITD_Contact_Lens_Iris_DB\Cogent Scanner\71\Colored\20120912160036_R.bmp,Cogent,71,Cogent_71,Colored,1,NA,20120912160036_R.bmp
C:\Users\sahar\OneDrive\Desktop\EXPLAINABLE_IRIS_PAD\Data\Raw\IIITD_Contact_Lens_Iris_DB\Cogent Scanner\71\Colored\20120912160041_L.bmp,Cogent,71,Cogent_71,Colored,1,NA,20120912160041_L.bmp
C:\Users\sahar\OneDrive\Desktop\EXPLAINABLE_IRIS_PAD\Data\Raw\IIITD_Contact_Lens_Iris_DB\Cogent Scanner\71\Colored\20120912160041_R.bmp,Cogent,71,Cogent_71,Colored,1,NA,20120912160041_R.bmp
C:\Users\sahar\OneDrive\Desktop\EXPLAINABLE_IRIS_PAD\Data\Raw\IIITD_Contact_Lens_Iris_DB\Cogent Scanner\71\Colored\20120912160045_L.bmp,Cogent,71,Cogent_71,Colored,1,NA,20120912160045_L.bmp
C:\Users\sahar\OneDrive\Desktop\EXPLAINABLE_IRIS_PAD\Data\Raw\IIITD_Contact_Lens_Iris_DB\Cogent Scanner\71\Colored\20120912160045_R.bmp,Cogent,71,Cogent_71,Colored,1,NA,20120912160045_R.bmp
C:\Users\sahar\OneDrive\Desktop\EXPLAINABLE_IRIS_PAD\Data\Raw\IIITD_Contact_Lens_Iris_DB\Cogent Scanner\71\Normal\20120912151215_L.bmp,Cogent,71,Cogent_71,Normal,0,NA,20120912151215_L.bmp
C:\Users\sahar\OneDrive\Desktop\EXPLAINABLE_IRIS_PAD\Data\Raw\IIITD_Contact_Lens_Iris_DB\Cogent Scanner\71\Normal\20120912151215_R.bmp,Cogent,71,Cogent_71,Normal,0,NA,20120912151215_R.bmp
C:\Users\sahar\OneDrive\Desktop\EXPLAINABLE_IRIS_PAD\Data\Raw\IIITD_Contact_Lens_Iris_DB\Cogent Scanner\71\Normal\20120912151220_L.bmp,Cogent,71,Cogent_71,Normal,0,NA,20120912151220_L.bmp
C:\Users\sahar\OneDrive\Desktop\EXPLAINABLE_IRIS_PAD\Data\Raw\IIITD_Contact_Lens_Iris_DB\Cogent Scanner\71\Normal\20120912151220_R.bmp,Cogent,71,Cogent_71,Normal,0,NA,20120912151220_R.bmp
C:\Users\sahar\OneDrive\Desktop\EXPLAINABLE_IRIS_PAD\Data\Raw\IIITD_Contact_Lens_Iris_DB\Cogent Scanner\71\Normal\20120912151223_L.bmp,Cogent,71,Cogent_71,Normal,0,NA,20120912151223_L.bmp
C:\Users\sahar\OneDrive\Desktop\EXPLAINABLE_IRIS_PAD\Data\Raw\IIITD_Contact_Lens_Iris_DB\Cogent Scanner\71\Normal\20120912151223_R.bmp,Cogent,71,Cogent_71,Normal,0,NA,20120912151223_R.bmp
C:\Users\sahar\OneDrive\Desktop\EXPLAINABLE_IRIS_PAD\Data\Raw\IIITD_Contact_Lens_Iris_DB\Cogent Scanner\71\Normal\20120912151226_L.bmp,Cogent,71,Cogent_71,Normal,0,NA,20120912151226_L.bmp
C:\Users\sahar\OneDrive\Desktop\EXPLAINABLE_IRIS_PAD\Data\Raw\IIITD_Contact_Lens_Iris_DB\Cogent Scanner\71\Normal\20120912151226_R.bmp,Cogent,71,Cogent_71,Normal,0,NA,20120912151226_R.bmp
C:\Users\sahar\OneDrive\Desktop\EXPLAINABLE_IRIS_PAD\Data\Raw\IIITD_Contact_Lens_Iris_DB\Cogent Scanner\71\Normal\20120912151229_L.bmp,Cogent,71,Cogent_71,Normal,0,NA,20120912151229_L.bmp
C:\Users\sahar\OneDrive\Desktop\EXPLAINABLE_IRIS_PAD\Data\Raw\IIITD_Contact_Lens_Iris_DB\Cogent Scanner\71\Normal\20120912151229_R.bmp,Cogent,71,Cogent_71,Normal,0,NA,20120912151229_R.bmp
C:\Users\sahar\OneDrive\Desktop\EXPLAINABLE_IRIS_PAD\Data\Raw\IIITD_Contact_Lens_Iris_DB\Cogent Scanner\71\Normal\20120912151233_L.bmp,Cogent,71,Cogent_71,Normal,0,NA,20120912151233_L.bmp
C:\Users\sahar\OneDrive\Desktop\EXPLAINABLE_IRIS_PAD\Data\Raw\IIITD_Contact_Lens_Iris_DB\Cogent Scanner\71\Normal\20120912151233_R.bmp,Cogent,71,Cogent_71,Normal,0,NA,20120912151233_R.bmp
C:\Users\sahar\OneDrive\Desktop\EXPLAINABLE_IRIS_PAD\Data\Raw\IIITD_Contact_Lens_Iris_DB\Cogent Scanner\72\Colored\20120919131832_L.bmp,Cogent,72,Cogent_72,Colored,1,NA,20120919131832_L.bmp
C:\Users\sahar\OneDrive\Desktop\EXPLAINABLE_IRIS_PAD\Data\Raw\IIITD_Contact_Lens_Iris_DB\Cogent Scanner\72\Colored\20120919131832_R.bmp,Cogent,72,Cogent_72,Colored,1,NA,20120919131832_R.bmp
C:\Users\sahar\OneDrive\Desktop\EXPLAINABLE_IRIS_PAD\Data\Raw\IIITD_Contact_Lens_Iris_DB\Cogent Scanner\72\Colored\20120919131836_L.bmp,Cogent,72,Cogent_72,Colored,1,NA,20120919131836_L.bmp
C:\Users\sahar\OneDrive\Desktop\EXPLAINABLE_IRIS_PAD\Data\Raw\IIITD_Contact_Lens_Iris_DB\Cogent Scanner\72\Colored\20120919131836_R.bmp,Cogent,72,Cogent_72,Colored,1,NA,20120919131836_R.bmp
C:\Users\sahar\OneDrive\Desktop\EXPLAINABLE_IRIS_PAD\Data\Raw\IIITD_Contact_Lens_Iris_DB\Cogent Scanner\72\Colored\20120919131839_L.bmp,Cogent,72,Cogent_72,Colored,1,NA,20120919131839_L.bmp
C:\Users\sahar\OneDrive\Desktop\EXPLAINABLE_IRIS_PAD\Data\Raw\IIITD_Contact_Lens_Iris_DB\Cogent Scanner\72\Colored\20120919131839_R.bmp,Cogent,72,Cogent_72,Colored,1,NA,20120919131839_R.bmp
C:\Users\sahar\OneDrive\Desktop\EXPLAINABLE_IRIS_PAD\Data\Raw\IIITD_Contact_Lens_Iris_DB\Cogent Scanner\72\Colored\20120919131852_L.bmp,Cogent,72,Cogent_72,Colored,1,NA,20120919131852_L.bmp
C:\Users\sahar\OneDrive\Desktop\EXPLAINABLE_IRIS_PAD\Data\Raw\IIITD_Contact_Lens_Iris_DB\Cogent Scanner\72\Colored\20120919131852_R.bmp,Cogent,72,Cogent_72,Colored,1,NA,20120919131852_R.bmp
C:\Users\sahar\OneDrive\Desktop\EXPLAINABLE_IRIS_PAD\Data\Raw\IIITD_Contact_Lens_Iris_DB\Cogent Scanner\72\Colored\20120919131857_L.bmp,Cogent,72,Cogent_72,Colored,1,NA,20120919131857_L.bmp
C:\Users\sahar\OneDrive\Desktop\EXPLAINABLE_IRIS_PAD\Data\Raw\IIITD_Contact_Lens_Iris_DB\Cogent Scanner\72\Colored\20120919131857_R.bmp,Cogent,72,Cogent_72,Colored,1,NA,20120919131857_R.bmp
C:\Users\sahar\OneDrive\Desktop\EXPLAINABLE_IRIS_PAD\Data\Raw\IIITD_Contact_Lens_Iris_DB\Cogent Scanner\72\Normal\20120919134141_L.bmp,Cogent,72,Cogent_72,Normal,0,NA,20120919134141_L.bmp
C:\Users\sahar\OneDrive\Desktop\EXPLAINABLE_IRIS_PAD\Data\Raw\IIITD_Contact_Lens_Iris_DB\Cogent Scanner\72\Normal\20120919134141_R.bmp,Cogent,72,Cogent_72,Normal,0,NA,20120919134141_R.bmp
C:\Users\sahar\OneDrive\Desktop\EXPLAINABLE_IRIS_PAD\Data\Raw\IIITD_Contact_Lens_Iris_DB\Cogent Scanner\72\Normal\20120919134144_L.bmp,Cogent,72,Cogent_72,Normal,0,NA,20120919134144_L.bmp
C:\Users\sahar\OneDrive\Desktop\EXPLAINABLE_IRIS_PAD\Data\Raw\IIITD_Contact_Lens_Iris_DB\Cogent Scanner\72\Normal\20120919134144_R.bmp,Cogent,72,Cogent_72,Normal,0,NA,20120919134144_R.bmp
C:\Users\sahar\OneDrive\Desktop\EXPLAINABLE_IRIS_PAD\Data\Raw\IIITD_Contact_Lens_Iris_DB\Cogent Scanner\72\Normal\20120919134147_L.bmp,Cogent,72,Cogent_72,Normal,0,NA,20120919134147_L.bmp
C:\Users\sahar\OneDrive\Desktop\EXPLAINABLE_IRIS_PAD\Data\Raw\IIITD_Contact_Lens_Iris_DB\Cogent Scanner\72\Normal\20120919134147_R.bmp,Cogent,72,Cogent_72,Normal,0,NA,20120919134147_R.bmp
C:\Users\sahar\OneDrive\Desktop\EXPLAINABLE_IRIS_PAD\Data\Raw\IIITD_Contact_Lens_Iris_DB\Cogent Scanner\72\Normal\20120919134151_L.bmp,Cogent,72,Cogent_72,Normal,0,NA,20120919134151_L.bmp
C:\Users\sahar\OneDrive\Desktop\EXPLAINABLE_IRIS_PAD\Data\Raw\IIITD_Contact_Lens_Iris_DB\Cogent Scanner\72\Normal\20120919134151_R.bmp,Cogent,72,Cogent_72,Normal,0,NA,20120919134151_R.bmp
C:\Users\sahar\OneDrive\Desktop\EXPLAINABLE_IRIS_PAD\Data\Raw\IIITD_Contact_Lens_Iris_DB\Cogent Scanner\72\Normal\20120919134154_L.bmp,Cogent,72,Cogent_72,Normal,0,NA,20120919134154_L.bmp
C:\Users\sahar\OneDrive\Desktop\EXPLAINABLE_IRIS_PAD\Data\Raw\IIITD_Contact_Lens_Iris_DB\Cogent Scanner\72\Normal\20120919134154_R.bmp,Cogent,72,Cogent_72,Normal,0,NA,20120919134154_R.bmp
C:\Users\sahar\OneDrive\Desktop\EXPLAINABLE_IRIS_PAD\Data\Raw\IIITD_Contact_Lens_Iris_DB\Cogent Scanner\72\Normal\20120919134157_L.bmp,Cogent,72,Cogent_72,Normal,0,NA,20120919134157_L.bmp
C:\Users\sahar\OneDrive\Desktop\EXPLAINABLE_IRIS_PAD\Data\Raw\IIITD_Contact_Lens_Iris_DB\Cogent Scanner\72\Normal\20120919134157_R.bmp,Cogent,72,Cogent_72,Normal,0,NA,20120919134157_R.bmp
C:\Users\sahar\OneDrive\Desktop\EXPLAINABLE_IRIS_PAD\Data\Raw\IIITD_Contact_Lens_Iris_DB\Cogent Scanner\73\Colored\20120920130157_L.bmp,Cogent,73,Cogent_73,Colored,1,NA,20120920130157_L.bmp
C:\Users\sahar\OneDrive\Desktop\EXPLAINABLE_IRIS_PAD\Data\Raw\IIITD_Contact_Lens_Iris_DB\Cogent Scanner\73\Colored\20120920130157_R.bmp,Cogent,73,Cogent_73,Colored,1,NA,20120920130157_R.bmp
C:\Users\sahar\OneDrive\Desktop\EXPLAINABLE_IRIS_PAD\Data\Raw\IIITD_Contact_Lens_Iris_DB\Cogent Scanner\73\Colored\20120920130201_L.bmp,Cogent,73,Cogent_73,Colored,1,NA,20120920130201_L.bmp
C:\Users\sahar\OneDrive\Desktop\EXPLAINABLE_IRIS_PAD\Data\Raw\IIITD_Contact_Lens_Iris_DB\Cogent Scanner\73\Colored\20120920130201_R.bmp,Cogent,73,Cogent_73,Colored,1,NA,20120920130201_R.bmp
C:\Users\sahar\OneDrive\Desktop\EXPLAINABLE_IRIS_PAD\Data\Raw\IIITD_Contact_Lens_Iris_DB\Cogent Scanner\73\Colored\20120920130204_L.bmp,Cogent,73,Cogent_73,Colored,1,NA,20120920130204_L.bmp
C:\Users\sahar\OneDrive\Desktop\EXPLAINABLE_IRIS_PAD\Data\Raw\IIITD_Contact_Lens_Iris_DB\Cogent Scanner\73\Colored\20120920130204_R.bmp,Cogent,73,Cogent_73,Colored,1,NA,20120920130204_R.bmp
C:\Users\sahar\OneDrive\Desktop\EXPLAINABLE_IRIS_PAD\Data\Raw\IIITD_Contact_Lens_Iris_DB\Cogent Scanner\73\Colored\20120920130208_L.bmp,Cogent,73,Cogent_73,Colored,1,NA,20120920130208_L.bmp
C:\Users\sahar\OneDrive\Desktop\EXPLAINABLE_IRIS_PAD\Data\Raw\IIITD_Contact_Lens_Iris_DB\Cogent Scanner\73\Colored\20120920130208_R.bmp,Cogent,73,Cogent_73,Colored,1,NA,20120920130208_R.bmp
C:\Users\sahar\OneDrive\Desktop\EXPLAINABLE_IRIS_PAD\Data\Raw\IIITD_Contact_Lens_Iris_DB\Cogent Scanner\73\Colored\20120920130212_L.bmp,Cogent,73,Cogent_73,Colored,1,NA,20120920130212_L.bmp
C:\Users\sahar\OneDrive\Desktop\EXPLAINABLE_IRIS_PAD\Data\Raw\IIITD_Contact_Lens_Iris_DB\Cogent Scanner\73\Colored\20120920130212_R.bmp,Cogent,73,Cogent_73,Colored,1,NA,20120920130212_R.bmp
C:\Users\sahar\OneDrive\Desktop\EXPLAINABLE_IRIS_PAD\Data\Raw\IIITD_Contact_Lens_Iris_DB\Cogent Scanner\73\Normal\20120920123153_L.bmp,Cogent,73,Cogent_73,Normal,0,NA,20120920123153_L.bmp
C:\Users\sahar\OneDrive\Desktop\EXPLAINABLE_IRIS_PAD\Data\Raw\IIITD_Contact_Lens_Iris_DB\Cogent Scanner\73\Normal\20120920123153_R.bmp,Cogent,73,Cogent_73,Normal,0,NA,20120920123153_R.bmp
C:\Users\sahar\OneDrive\Desktop\EXPLAINABLE_IRIS_PAD\Data\Raw\IIITD_Contact_Lens_Iris_DB\Cogent Scanner\73\Normal\20120920123156_L.bmp,Cogent,73,Cogent_73,Normal,0,NA,20120920123156_L.bmp
C:\Users\sahar\OneDrive\Desktop\EXPLAINABLE_IRIS_PAD\Data\Raw\IIITD_Contact_Lens_Iris_DB\Cogent Scanner\73\Normal\20120920123156_R.bmp,Cogent,73,Cogent_73,Normal,0,NA,20120920123156_R.bmp
C:\Users\sahar\OneDrive\Desktop\EXPLAINABLE_IRIS_PAD\Data\Raw\IIITD_Contact_Lens_Iris_DB\Cogent Scanner\73\Normal\20120920123159_L.bmp,Cogent,73,Cogent_73,Normal,0,NA,20120920123159_L.bmp
C:\Users\sahar\OneDrive\Desktop\EXPLAINABLE_IRIS_PAD\Data\Raw\IIITD_Contact_Lens_Iris_DB\Cogent Scanner\73\Normal\20120920123159_R.bmp,Cogent,73,Cogent_73,Normal,0,NA,20120920123159_R.bmp
C:\Users\sahar\OneDrive\Desktop\EXPLAINABLE_IRIS_PAD\Data\Raw\IIITD_Contact_Lens_Iris_DB\Cogent Scanner\73\Normal\20120920123202_L.bmp,Cogent,73,Cogent_73,Normal,0,NA,20120920123202_L.bmp
C:\Users\sahar\OneDrive\Desktop\EXPLAINABLE_IRIS_PAD\Data\Raw\IIITD_Contact_Lens_Iris_DB\Cogent Scanner\73\Normal\20120920123202_R.bmp,Cogent,73,Cogent_73,Normal,0,NA,20120920123202_R.bmp
C:\Users\sahar\OneDrive\Desktop\EXPLAINABLE_IRIS_PAD\Data\Raw\IIITD_Contact_Lens_Iris_DB\Cogent Scanner\73\Normal\20120920123205_L.bmp,Cogent,73,Cogent_73,Normal,0,NA,20120920123205_L.bmp
C:\Users\sahar\OneDrive\Desktop\EXPLAINABLE_IRIS_PAD\Data\Raw\IIITD_Contact_Lens_Iris_DB\Cogent Scanner\73\Normal\20120920123205_R.bmp,Cogent,73,Cogent_73,Normal,0,NA,20120920123205_R.bmp
C:\Users\sahar\OneDrive\Desktop\EXPLAINABLE_IRIS_PAD\Data\Raw\IIITD_Contact_Lens_Iris_DB\Cogent Scanner\74\Colored\20120913115848_L.bmp,Cogent,74,Cogent_74,Colored,1,NA,20120913115848_L.bmp
C:\Users\sahar\OneDrive\Desktop\EXPLAINABLE_IRIS_PAD\Data\Raw\IIITD_Contact_Lens_Iris_DB\Cogent Scanner\74\Colored\20120913115848_R.bmp,Cogent,74,Cogent_74,Colored,1,NA,20120913115848_R.bmp
C:\Users\sahar\OneDrive\Desktop\EXPLAINABLE_IRIS_PAD\Data\Raw\IIITD_Contact_Lens_Iris_DB\Cogent Scanner\74\Colored\20120913115852_L.bmp,Cogent,74,Cogent_74,Colored,1,NA,20120913115852_L.bmp
C:\Users\sahar\OneDrive\Desktop\EXPLAINABLE_IRIS_PAD\Data\Raw\IIITD_Contact_Lens_Iris_DB\Cogent Scanner\74\Colored\20120913115852_R.bmp,Cogent,74,Cogent_74,Colored,1,NA,20120913115852_R.bmp
C:\Users\sahar\OneDrive\Desktop\EXPLAINABLE_IRIS_PAD\Data\Raw\IIITD_Contact_Lens_Iris_DB\Cogent Scanner\74\Colored\20120913115856_L.bmp,Cogent,74,Cogent_74,Colored,1,NA,20120913115856_L.bmp
C:\Users\sahar\OneDrive\Desktop\EXPLAINABLE_IRIS_PAD\Data\Raw\IIITD_Contact_Lens_Iris_DB\Cogent Scanner\74\Colored\20120913115856_R.bmp,Cogent,74,Cogent_74,Colored,1,NA,20120913115856_R.bmp
C:\Users\sahar\OneDrive\Desktop\EXPLAINABLE_IRIS_PAD\Data\Raw\IIITD_Contact_Lens_Iris_DB\Cogent Scanner\74\Colored\20120913115907_L.bmp,Cogent,74,Cogent_74,Colored,1,NA,20120913115907_L.bmp
C:\Users\sahar\OneDrive\Desktop\EXPLAINABLE_IRIS_PAD\Data\Raw\IIITD_Contact_Lens_Iris_DB\Cogent Scanner\74\Colored\20120913115907_R.bmp,Cogent,74,Cogent_74,Colored,1,NA,20120913115907_R.bmp
C:\Users\sahar\OneDrive\Desktop\EXPLAINABLE_IRIS_PAD\Data\Raw\IIITD_Contact_Lens_Iris_DB\Cogent Scanner\74\Colored\20120913115912_L.bmp,Cogent,74,Cogent_74,Colored,1,NA,20120913115912_L.bmp
C:\Users\sahar\OneDrive\Desktop\EXPLAINABLE_IRIS_PAD\Data\Raw\IIITD_Contact_Lens_Iris_DB\Cogent Scanner\74\Colored\20120913115912_R.bmp,Cogent,74,Cogent_74,Colored,1,NA,20120913115912_R.bmp
C:\Users\sahar\OneDrive\Desktop\EXPLAINABLE_IRIS_PAD\Data\Raw\IIITD_Contact_Lens_Iris_DB\Cogent Scanner\74\Colored\20120913115916_L.bmp,Cogent,74,Cogent_74,Colored,1,NA,20120913115916_L.bmp
C:\Users\sahar\OneDrive\Desktop\EXPLAINABLE_IRIS_PAD\Data\Raw\IIITD_Contact_Lens_Iris_DB\Cogent Scanner\74\Colored\20120913115916_R.bmp,Cogent,74,Cogent_74,Colored,1,NA,20120913115916_R.bmp
C:\Users\sahar\OneDrive\Desktop\EXPLAINABLE_IRIS_PAD\Data\Raw\IIITD_Contact_Lens_Iris_DB\Cogent Scanner\74\Normal\20120913114117_L.bmp,Cogent,74,Cogent_74,Normal,0,NA,20120913114117_L.bmp
C:\Users\sahar\OneDrive\Desktop\EXPLAINABLE_IRIS_PAD\Data\Raw\IIITD_Contact_Lens_Iris_DB\Cogent Scanner\74\Normal\20120913114117_R.bmp,Cogent,74,Cogent_74,Normal,0,NA,20120913114117_R.bmp
C:\Users\sahar\OneDrive\Desktop\EXPLAINABLE_IRIS_PAD\Data\Raw\IIITD_Contact_Lens_Iris_DB\Cogent Scanner\74\Normal\20120913114128_L.bmp,Cogent,74,Cogent_74,Normal,0,NA,20120913114128_L.bmp
C:\Users\sahar\OneDrive\Desktop\EXPLAINABLE_IRIS_PAD\Data\Raw\IIITD_Contact_Lens_Iris_DB\Cogent Scanner\74\Normal\20120913114128_R.bmp,Cogent,74,Cogent_74,Normal,0,NA,20120913114128_R.bmp
C:\Users\sahar\OneDrive\Desktop\EXPLAINABLE_IRIS_PAD\Data\Raw\IIITD_Contact_Lens_Iris_DB\Cogent Scanner\74\Normal\20120913114132_L.bmp,Cogent,74,Cogent_74,Normal,0,NA,20120913114132_L.bmp
C:\Users\sahar\OneDrive\Desktop\EXPLAINABLE_IRIS_PAD\Data\Raw\IIITD_Contact_Lens_Iris_DB\Cogent Scanner\74\Normal\20120913114132_R.bmp,Cogent,74,Cogent_74,Normal,0,NA,20120913114132_R.bmp
C:\Users\sahar\OneDrive\Desktop\EXPLAINABLE_IRIS_PAD\Data\Raw\IIITD_Contact_Lens_Iris_DB\Cogent Scanner\74\Normal\20120913114135_L.bmp,Cogent,74,Cogent_74,Normal,0,NA,20120913114135_L.bmp
C:\Users\sahar\OneDrive\Desktop\EXPLAINABLE_IRIS_PAD\Data\Raw\IIITD_Contact_Lens_Iris_DB\Cogent Scanner\74\Normal\20120913114135_R.bmp,Cogent,74,Cogent_74,Normal,0,NA,20120913114135_R.bmp
C:\Users\sahar\OneDrive\Desktop\EXPLAINABLE_IRIS_PAD\Data\Raw\IIITD_Contact_Lens_Iris_DB\Cogent Scanner\74\Normal\20120913114138_L.bmp,Cogent,74,Cogent_74,Normal,0,NA,20120913114138_L.bmp
C:\Users\sahar\OneDrive\Desktop\EXPLAINABLE_IRIS_PAD\Data\Raw\IIITD_Contact_Lens_Iris_DB\Cogent Scanner\74\Normal\20120913114138_R.bmp,Cogent,74,Cogent_74,Normal,0,NA,20120913114138_R.bmp
C:\Users\sahar\OneDrive\Desktop\EXPLAINABLE_IRIS_PAD\Data\Raw\IIITD_Contact_Lens_Iris_DB\Cogent Scanner\74\Normal\20120913114142_L.bmp,Cogent,74,Cogent_74,Normal,0,NA,20120913114142_L.bmp
C:\Users\sahar\OneDrive\Desktop\EXPLAINABLE_IRIS_PAD\Data\Raw\IIITD_Contact_Lens_Iris_DB\Cogent Scanner\74\Normal\20120913114142_R.bmp,Cogent,74,Cogent_74,Normal,0,NA,20120913114142_R.bmp
C:\Users\sahar\OneDrive\Desktop\EXPLAINABLE_IRIS_PAD\Data\Raw\IIITD_Contact_Lens_Iris_DB\Cogent Scanner\75\Colored\20120911160554_L.bmp,Cogent,75,Cogent_75,Colored,1,NA,20120911160554_L.bmp
C:\Users\sahar\OneDrive\Desktop\EXPLAINABLE_IRIS_PAD\Data\Raw\IIITD_Contact_Lens_Iris_DB\Cogent Scanner\75\Colored\20120911160554_R.bmp,Cogent,75,Cogent_75,Colored,1,NA,20120911160554_R.bmp
C:\Users\sahar\OneDrive\Desktop\EXPLAINABLE_IRIS_PAD\Data\Raw\IIITD_Contact_Lens_Iris_DB\Cogent Scanner\75\Colored\20120911160559_L.bmp,Cogent,75,Cogent_75,Colored,1,NA,20120911160559_L.bmp
C:\Users\sahar\OneDrive\Desktop\EXPLAINABLE_IRIS_PAD\Data\Raw\IIITD_Contact_Lens_Iris_DB\Cogent Scanner\75\Colored\20120911160559_R.bmp,Cogent,75,Cogent_75,Colored,1,NA,20120911160559_R.bmp
C:\Users\sahar\OneDrive\Desktop\EXPLAINABLE_IRIS_PAD\Data\Raw\IIITD_Contact_Lens_Iris_DB\Cogent Scanner\75\Colored\20120911160603_L.bmp,Cogent,75,Cogent_75,Colored,1,NA,20120911160603_L.bmp
C:\Users\sahar\OneDrive\Desktop\EXPLAINABLE_IRIS_PAD\Data\Raw\IIITD_Contact_Lens_Iris_DB\Cogent Scanner\75\Colored\20120911160603_R.bmp,Cogent,75,Cogent_75,Colored,1,NA,20120911160603_R.bmp
C:\Users\sahar\OneDrive\Desktop\EXPLAINABLE_IRIS_PAD\Data\Raw\IIITD_Contact_Lens_Iris_DB\Cogent Scanner\75\Colored\20120911160607_L.bmp,Cogent,75,Cogent_75,Colored,1,NA,20120911160607_L.bmp
C:\Users\sahar\OneDrive\Desktop\EXPLAINABLE_IRIS_PAD\Data\Raw\IIITD_Contact_Lens_Iris_DB\Cogent Scanner\75\Colored\20120911160607_R.bmp,Cogent,75,Cogent_75,Colored,1,NA,20120911160607_R.bmp
C:\Users\sahar\OneDrive\Desktop\EXPLAINABLE_IRIS_PAD\Data\Raw\IIITD_Contact_Lens_Iris_DB\Cogent Scanner\75\Colored\20120911160612_L.bmp,Cogent,75,Cogent_75,Colored,1,NA,20120911160612_L.bmp
C:\Users\sahar\OneDrive\Desktop\EXPLAINABLE_IRIS_PAD\Data\Raw\IIITD_Contact_Lens_Iris_DB\Cogent Scanner\75\Colored\20120911160612_R.bmp,Cogent,75,Cogent_75,Colored,1,NA,20120911160612_R.bmp
C:\Users\sahar\OneDrive\Desktop\EXPLAINABLE_IRIS_PAD\Data\Raw\IIITD_Contact_Lens_Iris_DB\Cogent Scanner\75\Normal\20120911161734_L.bmp,Cogent,75,Cogent_75,Normal,0,NA,20120911161734_L.bmp
C:\Users\sahar\OneDrive\Desktop\EXPLAINABLE_IRIS_PAD\Data\Raw\IIITD_Contact_Lens_Iris_DB\Cogent Scanner\75\Normal\20120911161734_R.bmp,Cogent,75,Cogent_75,Normal,0,NA,20120911161734_R.bmp
C:\Users\sahar\OneDrive\Desktop\EXPLAINABLE_IRIS_PAD\Data\Raw\IIITD_Contact_Lens_Iris_DB\Cogent Scanner\75\Normal\20120911161739_L.bmp,Cogent,75,Cogent_75,Normal,0,NA,20120911161739_L.bmp
C:\Users\sahar\OneDrive\Desktop\EXPLAINABLE_IRIS_PAD\Data\Raw\IIITD_Contact_Lens_Iris_DB\Cogent Scanner\75\Normal\20120911161739_R.bmp,Cogent,75,Cogent_75,Normal,0,NA,20120911161739_R.bmp
C:\Users\sahar\OneDrive\Desktop\EXPLAINABLE_IRIS_PAD\Data\Raw\IIITD_Contact_Lens_Iris_DB\Cogent Scanner\75\Normal\20120911161743_L.bmp,Cogent,75,Cogent_75,Normal,0,NA,20120911161743_L.bmp
C:\Users\sahar\OneDrive\Desktop\EXPLAINABLE_IRIS_PAD\Data\Raw\IIITD_Contact_Lens_Iris_DB\Cogent Scanner\75\Normal\20120911161743_R.bmp,Cogent,75,Cogent_75,Normal,0,NA,20120911161743_R.bmp
C:\Users\sahar\OneDrive\Desktop\EXPLAINABLE_IRIS_PAD\Data\Raw\IIITD_Contact_Lens_Iris_DB\Cogent Scanner\75\Normal\20120911161749_L.bmp,Cogent,75,Cogent_75,Normal,0,NA,20120911161749_L.bmp
C:\Users\sahar\OneDrive\Desktop\EXPLAINABLE_IRIS_PAD\Data\Raw\IIITD_Contact_Lens_Iris_DB\Cogent Scanner\75\Normal\20120911161749_R.bmp,Cogent,75,Cogent_75,Normal,0,NA,20120911161749_R.bmp
C:\Users\sahar\OneDrive\Desktop\EXPLAINABLE_IRIS_PAD\Data\Raw\IIITD_Contact_Lens_Iris_DB\Cogent Scanner\75\Normal\20120911161753_L.bmp,Cogent,75,Cogent_75,Normal,0,NA,20120911161753_L.bmp
C:\Users\sahar\OneDrive\Desktop\EXPLAINABLE_IRIS_PAD\Data\Raw\IIITD_Contact_Lens_Iris_DB\Cogent Scanner\75\Normal\20120911161753_R.bmp,Cogent,75,Cogent_75,Normal,0,NA,20120911161753_R.bmp
C:\Users\sahar\OneDrive\Desktop\EXPLAINABLE_IRIS_PAD\Data\Raw\IIITD_Contact_Lens_Iris_DB\Cogent Scanner\76\Colored\20120920183131_L.bmp,Cogent,76,Cogent_76,Colored,1,NA,20120920183131_L.bmp
C:\Users\sahar\OneDrive\Desktop\EXPLAINABLE_IRIS_PAD\Data\Raw\IIITD_Contact_Lens_Iris_DB\Cogent Scanner\76\Colored\20120920183131_R.bmp,Cogent,76,Cogent_76,Colored,1,NA,20120920183131_R.bmp
C:\Users\sahar\OneDrive\Desktop\EXPLAINABLE_IRIS_PAD\Data\Raw\IIITD_Contact_Lens_Iris_DB\Cogent Scanner\76\Colored\20120920183139_L.bmp,Cogent,76,Cogent_76,Colored,1,NA,20120920183139_L.bmp
C:\Users\sahar\OneDrive\Desktop\EXPLAINABLE_IRIS_PAD\Data\Raw\IIITD_Contact_Lens_Iris_DB\Cogent Scanner\76\Colored\20120920183139_R.bmp,Cogent,76,Cogent_76,Colored,1,NA,20120920183139_R.bmp
C:\Users\sahar\OneDrive\Desktop\EXPLAINABLE_IRIS_PAD\Data\Raw\IIITD_Contact_Lens_Iris_DB\Cogent Scanner\76\Colored\20120920183143_L.bmp,Cogent,76,Cogent_76,Colored,1,NA,20120920183143_L.bmp
C:\Users\sahar\OneDrive\Desktop\EXPLAINABLE_IRIS_PAD\Data\Raw\IIITD_Contact_Lens_Iris_DB\Cogent Scanner\76\Colored\20120920183143_R.bmp,Cogent,76,Cogent_76,Colored,1,NA,20120920183143_R.bmp
C:\Users\sahar\OneDrive\Desktop\EXPLAINABLE_IRIS_PAD\Data\Raw\IIITD_Contact_Lens_Iris_DB\Cogent Scanner\76\Colored\20120920183146_L.bmp,Cogent,76,Cogent_76,Colored,1,NA,20120920183146_L.bmp
C:\Users\sahar\OneDrive\Desktop\EXPLAINABLE_IRIS_PAD\Data\Raw\IIITD_Contact_Lens_Iris_DB\Cogent Scanner\76\Colored\20120920183146_R.bmp,Cogent,76,Cogent_76,Colored,1,NA,20120920183146_R.bmp
C:\Users\sahar\OneDrive\Desktop\EXPLAINABLE_IRIS_PAD\Data\Raw\IIITD_Contact_Lens_Iris_DB\Cogent Scanner\76\Colored\20120920183148_L.bmp,Cogent,76,Cogent_76,Colored,1,NA,20120920183148_L.bmp
C:\Users\sahar\OneDrive\Desktop\EXPLAINABLE_IRIS_PAD\Data\Raw\IIITD_Contact_Lens_Iris_DB\Cogent Scanner\76\Colored\20120920183148_R.bmp,Cogent,76,Cogent_76,Colored,1,NA,20120920183148_R.bmp
C:\Users\sahar\OneDrive\Desktop\EXPLAINABLE_IRIS_PAD\Data\Raw\IIITD_Contact_Lens_Iris_DB\Cogent Scanner\76\Colored\20120920183157_L.bmp,Cogent,76,Cogent_76,Colored,1,NA,20120920183157_L.bmp
C:\Users\sahar\OneDrive\Desktop\EXPLAINABLE_IRIS_PAD\Data\Raw\IIITD_Contact_Lens_Iris_DB\Cogent Scanner\76\Colored\20120920183157_R.bmp,Cogent,76,Cogent_76,Colored,1,NA,20120920183157_R.bmp
C:\Users\sahar\OneDrive\Desktop\EXPLAINABLE_IRIS_PAD\Data\Raw\IIITD_Contact_Lens_Iris_DB\Cogent Scanner\76\Normal\20120920183954_L.bmp,Cogent,76,Cogent_76,Normal,0,NA,20120920183954_L.bmp
C:\Users\sahar\OneDrive\Desktop\EXPLAINABLE_IRIS_PAD\Data\Raw\IIITD_Contact_Lens_Iris_DB\Cogent Scanner\76\Normal\20120920183954_R.bmp,Cogent,76,Cogent_76,Normal,0,NA,20120920183954_R.bmp
C:\Users\sahar\OneDrive\Desktop\EXPLAINABLE_IRIS_PAD\Data\Raw\IIITD_Contact_Lens_Iris_DB\Cogent Scanner\76\Normal\20120920183957_L.bmp,Cogent,76,Cogent_76,Normal,0,NA,20120920183957_L.bmp
C:\Users\sahar\OneDrive\Desktop\EXPLAINABLE_IRIS_PAD\Data\Raw\IIITD_Contact_Lens_Iris_DB\Cogent Scanner\76\Normal\20120920183957_R.bmp,Cogent,76,Cogent_76,Normal,0,NA,20120920183957_R.bmp
C:\Users\sahar\OneDrive\Desktop\EXPLAINABLE_IRIS_PAD\Data\Raw\IIITD_Contact_Lens_Iris_DB\Cogent Scanner\76\Normal\20120920184000_L.bmp,Cogent,76,Cogent_76,Normal,0,NA,20120920184000_L.bmp
C:\Users\sahar\OneDrive\Desktop\EXPLAINABLE_IRIS_PAD\Data\Raw\IIITD_Contact_Lens_Iris_DB\Cogent Scanner\76\Normal\20120920184000_R.bmp,Cogent,76,Cogent_76,Normal,0,NA,20120920184000_R.bmp
C:\Users\sahar\OneDrive\Desktop\EXPLAINABLE_IRIS_PAD\Data\Raw\IIITD_Contact_Lens_Iris_DB\Cogent Scanner\76\Normal\20120920184003_L.bmp,Cogent,76,Cogent_76,Normal,0,NA,20120920184003_L.bmp
C:\Users\sahar\OneDrive\Desktop\EXPLAINABLE_IRIS_PAD\Data\Raw\IIITD_Contact_Lens_Iris_DB\Cogent Scanner\76\Normal\20120920184003_R.bmp,Cogent,76,Cogent_76,Normal,0,NA,20120920184003_R.bmp
C:\Users\sahar\OneDrive\Desktop\EXPLAINABLE_IRIS_PAD\Data\Raw\IIITD_Contact_Lens_Iris_DB\Cogent Scanner\76\Normal\20120920184005_L.bmp,Cogent,76,Cogent_76,Normal,0,NA,20120920184005_L.bmp
C:\Users\sahar\OneDrive\Desktop\EXPLAINABLE_IRIS_PAD\Data\Raw\IIITD_Contact_Lens_Iris_DB\Cogent Scanner\76\Normal\20120920184005_R.bmp,Cogent,76,Cogent_76,Normal,0,NA,20120920184005_R.bmp
C:\Users\sahar\OneDrive\Desktop\EXPLAINABLE_IRIS_PAD\Data\Raw\IIITD_Contact_Lens_Iris_DB\Cogent Scanner\76\Normal\20120920184009_L.bmp,Cogent,76,Cogent_76,Normal,0,NA,20120920184009_L.bmp
C:\Users\sahar\OneDrive\Desktop\EXPLAINABLE_IRIS_PAD\Data\Raw\IIITD_Contact_Lens_Iris_DB\Cogent Scanner\76\Normal\20120920184009_R.bmp,Cogent,76,Cogent_76,Normal,0,NA,20120920184009_R.bmp
C:\Users\sahar\OneDrive\Desktop\EXPLAINABLE_IRIS_PAD\Data\Raw\IIITD_Contact_Lens_Iris_DB\Cogent Scanner\77\Colored\20120913150209_L.bmp,Cogent,77,Cogent_77,Colored,1,NA,20120913150209_L.bmp
C:\Users\sahar\OneDrive\Desktop\EXPLAINABLE_IRIS_PAD\Data\Raw\IIITD_Contact_Lens_Iris_DB\Cogent Scanner\77\Colored\20120913150209_R.bmp,Cogent,77,Cogent_77,Colored,1,NA,20120913150209_R.bmp
C:\Users\sahar\OneDrive\Desktop\EXPLAINABLE_IRIS_PAD\Data\Raw\IIITD_Contact_Lens_Iris_DB\Cogent Scanner\77\Colored\20120913150213_L.bmp,Cogent,77,Cogent_77,Colored,1,NA,20120913150213_L.bmp
C:\Users\sahar\OneDrive\Desktop\EXPLAINABLE_IRIS_PAD\Data\Raw\IIITD_Contact_Lens_Iris_DB\Cogent Scanner\77\Colored\20120913150213_R.bmp,Cogent,77,Cogent_77,Colored,1,NA,20120913150213_R.bmp
C:\Users\sahar\OneDrive\Desktop\EXPLAINABLE_IRIS_PAD\Data\Raw\IIITD_Contact_Lens_Iris_DB\Cogent Scanner\77\Colored\20120913150219_L.bmp,Cogent,77,Cogent_77,Colored,1,NA,20120913150219_L.bmp
C:\Users\sahar\OneDrive\Desktop\EXPLAINABLE_IRIS_PAD\Data\Raw\IIITD_Contact_Lens_Iris_DB\Cogent Scanner\77\Colored\20120913150219_R.bmp,Cogent,77,Cogent_77,Colored,1,NA,20120913150219_R.bmp
C:\Users\sahar\OneDrive\Desktop\EXPLAINABLE_IRIS_PAD\Data\Raw\IIITD_Contact_Lens_Iris_DB\Cogent Scanner\77\Colored\20120913150222_L.bmp,Cogent,77,Cogent_77,Colored,1,NA,20120913150222_L.bmp
C:\Users\sahar\OneDrive\Desktop\EXPLAINABLE_IRIS_PAD\Data\Raw\IIITD_Contact_Lens_Iris_DB\Cogent Scanner\77\Colored\20120913150222_R.bmp,Cogent,77,Cogent_77,Colored,1,NA,20120913150222_R.bmp
C:\Users\sahar\OneDrive\Desktop\EXPLAINABLE_IRIS_PAD\Data\Raw\IIITD_Contact_Lens_Iris_DB\Cogent Scanner\77\Colored\20120913150226_L.bmp,Cogent,77,Cogent_77,Colored,1,NA,20120913150226_L.bmp
C:\Users\sahar\OneDrive\Desktop\EXPLAINABLE_IRIS_PAD\Data\Raw\IIITD_Contact_Lens_Iris_DB\Cogent Scanner\77\Colored\20120913150226_R.bmp,Cogent,77,Cogent_77,Colored,1,NA,20120913150226_R.bmp
C:\Users\sahar\OneDrive\Desktop\EXPLAINABLE_IRIS_PAD\Data\Raw\IIITD_Contact_Lens_Iris_DB\Cogent Scanner\77\Normal\20120913122722_L.bmp,Cogent,77,Cogent_77,Normal,0,NA,20120913122722_L.bmp
C:\Users\sahar\OneDrive\Desktop\EXPLAINABLE_IRIS_PAD\Data\Raw\IIITD_Contact_Lens_Iris_DB\Cogent Scanner\77\Normal\20120913122722_R.bmp,Cogent,77,Cogent_77,Normal,0,NA,20120913122722_R.bmp
C:\Users\sahar\OneDrive\Desktop\EXPLAINABLE_IRIS_PAD\Data\Raw\IIITD_Contact_Lens_Iris_DB\Cogent Scanner\77\Normal\20120913122753_L.bmp,Cogent,77,Cogent_77,Normal,0,NA,20120913122753_L.bmp
C:\Users\sahar\OneDrive\Desktop\EXPLAINABLE_IRIS_PAD\Data\Raw\IIITD_Contact_Lens_Iris_DB\Cogent Scanner\77\Normal\20120913122753_R.bmp,Cogent,77,Cogent_77,Normal,0,NA,20120913122753_R.bmp
C:\Users\sahar\OneDrive\Desktop\EXPLAINABLE_IRIS_PAD\Data\Raw\IIITD_Contact_Lens_Iris_DB\Cogent Scanner\77\Normal\20120913122832_L.bmp,Cogent,77,Cogent_77,Normal,0,NA,20120913122832_L.bmp
C:\Users\sahar\OneDrive\Desktop\EXPLAINABLE_IRIS_PAD\Data\Raw\IIITD_Contact_Lens_Iris_DB\Cogent Scanner\77\Normal\20120913122832_R.bmp,Cogent,77,Cogent_77,Normal,0,NA,20120913122832_R.bmp
C:\Users\sahar\OneDrive\Desktop\EXPLAINABLE_IRIS_PAD\Data\Raw\IIITD_Contact_Lens_Iris_DB\Cogent Scanner\77\Normal\20120913122839_L.bmp,Cogent,77,Cogent_77,Normal,0,NA,20120913122839_L.bmp
C:\Users\sahar\OneDrive\Desktop\EXPLAINABLE_IRIS_PAD\Data\Raw\IIITD_Contact_Lens_Iris_DB\Cogent Scanner\77\Normal\20120913122839_R.bmp,Cogent,77,Cogent_77,Normal,0,NA,20120913122839_R.bmp
C:\Users\sahar\OneDrive\Desktop\EXPLAINABLE_IRIS_PAD\Data\Raw\IIITD_Contact_Lens_Iris_DB\Cogent Scanner\77\Normal\20120913122849_L.bmp,Cogent,77,Cogent_77,Normal,0,NA,20120913122849_L.bmp
C:\Users\sahar\OneDrive\Desktop\EXPLAINABLE_IRIS_PAD\Data\Raw\IIITD_Contact_Lens_Iris_DB\Cogent Scanner\77\Normal\20120913122849_R.bmp,Cogent,77,Cogent_77,Normal,0,NA,20120913122849_R.bmp
C:\Users\sahar\OneDrive\Desktop\EXPLAINABLE_IRIS_PAD\Data\Raw\IIITD_Contact_Lens_Iris_DB\Cogent Scanner\77\Normal\20120913122854_L.bmp,Cogent,77,Cogent_77,Normal,0,NA,20120913122854_L.bmp
C:\Users\sahar\OneDrive\Desktop\EXPLAINABLE_IRIS_PAD\Data\Raw\IIITD_Contact_Lens_Iris_DB\Cogent Scanner\77\Normal\20120913122854_R.bmp,Cogent,77,Cogent_77,Normal,0,NA,20120913122854_R.bmp
C:\Users\sahar\OneDrive\Desktop\EXPLAINABLE_IRIS_PAD\Data\Raw\IIITD_Contact_Lens_Iris_DB\Cogent Scanner\77\Normal\20120913122859_L.bmp,Cogent,77,Cogent_77,Normal,0,NA,20120913122859_L.bmp
C:\Users\sahar\OneDrive\Desktop\EXPLAINABLE_IRIS_PAD\Data\Raw\IIITD_Contact_Lens_Iris_DB\Cogent Scanner\77\Normal\20120913122859_R.bmp,Cogent,77,Cogent_77,Normal,0,NA,20120913122859_R.bmp
C:\Users\sahar\OneDrive\Desktop\EXPLAINABLE_IRIS_PAD\Data\Raw\IIITD_Contact_Lens_Iris_DB\Cogent Scanner\77\Normal\20120913122901_L.bmp,Cogent,77,Cogent_77,Normal,0,NA,20120913122901_L.bmp
C:\Users\sahar\OneDrive\Desktop\EXPLAINABLE_IRIS_PAD\Data\Raw\IIITD_Contact_Lens_Iris_DB\Cogent Scanner\77\Normal\20120913122901_R.bmp,Cogent,77,Cogent_77,Normal,0,NA,20120913122901_R.bmp
C:\Users\sahar\OneDrive\Desktop\EXPLAINABLE_IRIS_PAD\Data\Raw\IIITD_Contact_Lens_Iris_DB\Cogent Scanner\79\Colored\20120914141957_L.bmp,Cogent,79,Cogent_79,Colored,1,NA,20120914141957_L.bmp
C:\Users\sahar\OneDrive\Desktop\EXPLAINABLE_IRIS_PAD\Data\Raw\IIITD_Contact_Lens_Iris_DB\Cogent Scanner\79\Colored\20120914141957_R.bmp,Cogent,79,Cogent_79,Colored,1,NA,20120914141957_R.bmp
C:\Users\sahar\OneDrive\Desktop\EXPLAINABLE_IRIS_PAD\Data\Raw\IIITD_Contact_Lens_Iris_DB\Cogent Scanner\79\Colored\20120914142001_L.bmp,Cogent,79,Cogent_79,Colored,1,NA,20120914142001_L.bmp
C:\Users\sahar\OneDrive\Desktop\EXPLAINABLE_IRIS_PAD\Data\Raw\IIITD_Contact_Lens_Iris_DB\Cogent Scanner\79\Colored\20120914142001_R.bmp,Cogent,79,Cogent_79,Colored,1,NA,20120914142001_R.bmp
C:\Users\sahar\OneDrive\Desktop\EXPLAINABLE_IRIS_PAD\Data\Raw\IIITD_Contact_Lens_Iris_DB\Cogent Scanner\79\Colored\20120914142004_L.bmp,Cogent,79,Cogent_79,Colored,1,NA,20120914142004_L.bmp
C:\Users\sahar\OneDrive\Desktop\EXPLAINABLE_IRIS_PAD\Data\Raw\IIITD_Contact_Lens_Iris_DB\Cogent Scanner\79\Colored\20120914142004_R.bmp,Cogent,79,Cogent_79,Colored,1,NA,20120914142004_R.bmp
C:\Users\sahar\OneDrive\Desktop\EXPLAINABLE_IRIS_PAD\Data\Raw\IIITD_Contact_Lens_Iris_DB\Cogent Scanner\79\Colored\20120914142008_L.bmp,Cogent,79,Cogent_79,Colored,1,NA,20120914142008_L.bmp
C:\Users\sahar\OneDrive\Desktop\EXPLAINABLE_IRIS_PAD\Data\Raw\IIITD_Contact_Lens_Iris_DB\Cogent Scanner\79\Colored\20120914142008_R.bmp,Cogent,79,Cogent_79,Colored,1,NA,20120914142008_R.bmp
C:\Users\sahar\OneDrive\Desktop\EXPLAINABLE_IRIS_PAD\Data\Raw\IIITD_Contact_Lens_Iris_DB\Cogent Scanner\79\Colored\20120914142011_L.bmp,Cogent,79,Cogent_79,Colored,1,NA,20120914142011_L.bmp
C:\Users\sahar\OneDrive\Desktop\EXPLAINABLE_IRIS_PAD\Data\Raw\IIITD_Contact_Lens_Iris_DB\Cogent Scanner\79\Colored\20120914142011_R.bmp,Cogent,79,Cogent_79,Colored,1,NA,20120914142011_R.bmp
C:\Users\sahar\OneDrive\Desktop\EXPLAINABLE_IRIS_PAD\Data\Raw\IIITD_Contact_Lens_Iris_DB\Cogent Scanner\79\Normal\20120914135025_L.bmp,Cogent,79,Cogent_79,Normal,0,NA,20120914135025_L.bmp
C:\Users\sahar\OneDrive\Desktop\EXPLAINABLE_IRIS_PAD\Data\Raw\IIITD_Contact_Lens_Iris_DB\Cogent Scanner\79\Normal\20120914135025_R.bmp,Cogent,79,Cogent_79,Normal,0,NA,20120914135025_R.bmp
C:\Users\sahar\OneDrive\Desktop\EXPLAINABLE_IRIS_PAD\Data\Raw\IIITD_Contact_Lens_Iris_DB\Cogent Scanner\79\Normal\20120914135041_L.bmp,Cogent,79,Cogent_79,Normal,0,NA,20120914135041_L.bmp
C:\Users\sahar\OneDrive\Desktop\EXPLAINABLE_IRIS_PAD\Data\Raw\IIITD_Contact_Lens_Iris_DB\Cogent Scanner\79\Normal\20120914135041_R.bmp,Cogent,79,Cogent_79,Normal,0,NA,20120914135041_R.bmp
C:\Users\sahar\OneDrive\Desktop\EXPLAINABLE_IRIS_PAD\Data\Raw\IIITD_Contact_Lens_Iris_DB\Cogent Scanner\79\Normal\20120914135051_L.bmp,Cogent,79,Cogent_79,Normal,0,NA,20120914135051_L.bmp
C:\Users\sahar\OneDrive\Desktop\EXPLAINABLE_IRIS_PAD\Data\Raw\IIITD_Contact_Lens_Iris_DB\Cogent Scanner\79\Normal\20120914135051_R.bmp,Cogent,79,Cogent_79,Normal,0,NA,20120914135051_R.bmp
C:\Users\sahar\OneDrive\Desktop\EXPLAINABLE_IRIS_PAD\Data\Raw\IIITD_Contact_Lens_Iris_DB\Cogent Scanner\79\Normal\20120914135054_L.bmp,Cogent,79,Cogent_79,Normal,0,NA,20120914135054_L.bmp
C:\Users\sahar\OneDrive\Desktop\EXPLAINABLE_IRIS_PAD\Data\Raw\IIITD_Contact_Lens_Iris_DB\Cogent Scanner\79\Normal\20120914135054_R.bmp,Cogent,79,Cogent_79,Normal,0,NA,20120914135054_R.bmp
C:\Users\sahar\OneDrive\Desktop\EXPLAINABLE_IRIS_PAD\Data\Raw\IIITD_Contact_Lens_Iris_DB\Cogent Scanner\79\Normal\20120914135058_L.bmp,Cogent,79,Cogent_79,Normal,0,NA,20120914135058_L.bmp
C:\Users\sahar\OneDrive\Desktop\EXPLAINABLE_IRIS_PAD\Data\Raw\IIITD_Contact_Lens_Iris_DB\Cogent Scanner\79\Normal\20120914135058_R.bmp,Cogent,79,Cogent_79,Normal,0,NA,20120914135058_R.bmp
C:\Users\sahar\OneDrive\Desktop\EXPLAINABLE_IRIS_PAD\Data\Raw\IIITD_Contact_Lens_Iris_DB\Cogent Scanner\79\Normal\20120914135103_L.bmp,Cogent,79,Cogent_79,Normal,0,NA,20120914135103_L.bmp
C:\Users\sahar\OneDrive\Desktop\EXPLAINABLE_IRIS_PAD\Data\Raw\IIITD_Contact_Lens_Iris_DB\Cogent Scanner\79\Normal\20120914135103_R.bmp,Cogent,79,Cogent_79,Normal,0,NA,20120914135103_R.bmp
C:\Users\sahar\OneDrive\Desktop\EXPLAINABLE_IRIS_PAD\Data\Raw\IIITD_Contact_Lens_Iris_DB\Cogent Scanner\8\Colored\20120913171415_L.bmp,Cogent,8,Cogent_8,Colored,1,NA,20120913171415_L.bmp
C:\Users\sahar\OneDrive\Desktop\EXPLAINABLE_IRIS_PAD\Data\Raw\IIITD_Contact_Lens_Iris_DB\Cogent Scanner\8\Colored\20120913171415_R.bmp,Cogent,8,Cogent_8,Colored,1,NA,20120913171415_R.bmp
C:\Users\sahar\OneDrive\Desktop\EXPLAINABLE_IRIS_PAD\Data\Raw\IIITD_Contact_Lens_Iris_DB\Cogent Scanner\8\Colored\20120913171419_L.bmp,Cogent,8,Cogent_8,Colored,1,NA,20120913171419_L.bmp
C:\Users\sahar\OneDrive\Desktop\EXPLAINABLE_IRIS_PAD\Data\Raw\IIITD_Contact_Lens_Iris_DB\Cogent Scanner\8\Colored\20120913171419_R.bmp,Cogent,8,Cogent_8,Colored,1,NA,20120913171419_R.bmp
C:\Users\sahar\OneDrive\Desktop\EXPLAINABLE_IRIS_PAD\Data\Raw\IIITD_Contact_Lens_Iris_DB\Cogent Scanner\8\Colored\20120913171423_L.bmp,Cogent,8,Cogent_8,Colored,1,NA,20120913171423_L.bmp
C:\Users\sahar\OneDrive\Desktop\EXPLAINABLE_IRIS_PAD\Data\Raw\IIITD_Contact_Lens_Iris_DB\Cogent Scanner\8\Colored\20120913171423_R.bmp,Cogent,8,Cogent_8,Colored,1,NA,20120913171423_R.bmp
C:\Users\sahar\OneDrive\Desktop\EXPLAINABLE_IRIS_PAD\Data\Raw\IIITD_Contact_Lens_Iris_DB\Cogent Scanner\8\Colored\20120913171427_L.bmp,Cogent,8,Cogent_8,Colored,1,NA,20120913171427_L.bmp
C:\Users\sahar\OneDrive\Desktop\EXPLAINABLE_IRIS_PAD\Data\Raw\IIITD_Contact_Lens_Iris_DB\Cogent Scanner\8\Colored\20120913171427_R.bmp,Cogent,8,Cogent_8,Colored,1,NA,20120913171427_R.bmp
C:\Users\sahar\OneDrive\Desktop\EXPLAINABLE_IRIS_PAD\Data\Raw\IIITD_Contact_Lens_Iris_DB\Cogent Scanner\8\Colored\20120913171431_L.bmp,Cogent,8,Cogent_8,Colored,1,NA,20120913171431_L.bmp
C:\Users\sahar\OneDrive\Desktop\EXPLAINABLE_IRIS_PAD\Data\Raw\IIITD_Contact_Lens_Iris_DB\Cogent Scanner\8\Colored\20120913171431_R.bmp,Cogent,8,Cogent_8,Colored,1,NA,20120913171431_R.bmp
C:\Users\sahar\OneDrive\Desktop\EXPLAINABLE_IRIS_PAD\Data\Raw\IIITD_Contact_Lens_Iris_DB\Cogent Scanner\8\Colored\20120913171434_L.bmp,Cogent,8,Cogent_8,Colored,1,NA,20120913171434_L.bmp
C:\Users\sahar\OneDrive\Desktop\EXPLAINABLE_IRIS_PAD\Data\Raw\IIITD_Contact_Lens_Iris_DB\Cogent Scanner\8\Colored\20120913171434_R.bmp,Cogent,8,Cogent_8,Colored,1,NA,20120913171434_R.bmp
C:\Users\sahar\OneDrive\Desktop\EXPLAINABLE_IRIS_PAD\Data\Raw\IIITD_Contact_Lens_Iris_DB\Cogent Scanner\8\Normal\20120913165043_L.bmp,Cogent,8,Cogent_8,Normal,0,NA,20120913165043_L.bmp
C:\Users\sahar\OneDrive\Desktop\EXPLAINABLE_IRIS_PAD\Data\Raw\IIITD_Contact_Lens_Iris_DB\Cogent Scanner\8\Normal\20120913165043_R.bmp,Cogent,8,Cogent_8,Normal,0,NA,20120913165043_R.bmp
C:\Users\sahar\OneDrive\Desktop\EXPLAINABLE_IRIS_PAD\Data\Raw\IIITD_Contact_Lens_Iris_DB\Cogent Scanner\8\Normal\20120913165056_L.bmp,Cogent,8,Cogent_8,Normal,0,NA,20120913165056_L.bmp
C:\Users\sahar\OneDrive\Desktop\EXPLAINABLE_IRIS_PAD\Data\Raw\IIITD_Contact_Lens_Iris_DB\Cogent Scanner\8\Normal\20120913165056_R.bmp,Cogent,8,Cogent_8,Normal,0,NA,20120913165056_R.bmp
C:\Users\sahar\OneDrive\Desktop\EXPLAINABLE_IRIS_PAD\Data\Raw\IIITD_Contact_Lens_Iris_DB\Cogent Scanner\8\Normal\20120913165103_L.bmp,Cogent,8,Cogent_8,Normal,0,NA,20120913165103_L.bmp
C:\Users\sahar\OneDrive\Desktop\EXPLAINABLE_IRIS_PAD\Data\Raw\IIITD_Contact_Lens_Iris_DB\Cogent Scanner\8\Normal\20120913165103_R.bmp,Cogent,8,Cogent_8,Normal,0,NA,20120913165103_R.bmp
C:\Users\sahar\OneDrive\Desktop\EXPLAINABLE_IRIS_PAD\Data\Raw\IIITD_Contact_Lens_Iris_DB\Cogent Scanner\8\Normal\20120913165107_L.bmp,Cogent,8,Cogent_8,Normal,0,NA,20120913165107_L.bmp
C:\Users\sahar\OneDrive\Desktop\EXPLAINABLE_IRIS_PAD\Data\Raw\IIITD_Contact_Lens_Iris_DB\Cogent Scanner\8\Normal\20120913165107_R.bmp,Cogent,8,Cogent_8,Normal,0,NA,20120913165107_R.bmp
C:\Users\sahar\OneDrive\Desktop\EXPLAINABLE_IRIS_PAD\Data\Raw\IIITD_Contact_Lens_Iris_DB\Cogent Scanner\8\Normal\20120913165111_L.bmp,Cogent,8,Cogent_8,Normal,0,NA,20120913165111_L.bmp
C:\Users\sahar\OneDrive\Desktop\EXPLAINABLE_IRIS_PAD\Data\Raw\IIITD_Contact_Lens_Iris_DB\Cogent Scanner\8\Normal\20120913165111_R.bmp,Cogent,8,Cogent_8,Normal,0,NA,20120913165111_R.bmp
C:\Users\sahar\OneDrive\Desktop\EXPLAINABLE_IRIS_PAD\Data\Raw\IIITD_Contact_Lens_Iris_DB\Cogent Scanner\8\Normal\20120913165115_L.bmp,Cogent,8,Cogent_8,Normal,0,NA,20120913165115_L.bmp
C:\Users\sahar\OneDrive\Desktop\EXPLAINABLE_IRIS_PAD\Data\Raw\IIITD_Contact_Lens_Iris_DB\Cogent Scanner\80\Colored\20120914151911_L.bmp,Cogent,80,Cogent_80,Colored,1,NA,20120914151911_L.bmp
C:\Users\sahar\OneDrive\Desktop\EXPLAINABLE_IRIS_PAD\Data\Raw\IIITD_Contact_Lens_Iris_DB\Cogent Scanner\80\Colored\20120914151911_R.bmp,Cogent,80,Cogent_80,Colored,1,NA,20120914151911_R.bmp
C:\Users\sahar\OneDrive\Desktop\EXPLAINABLE_IRIS_PAD\Data\Raw\IIITD_Contact_Lens_Iris_DB\Cogent Scanner\80\Colored\20120914151915_L.bmp,Cogent,80,Cogent_80,Colored,1,NA,20120914151915_L.bmp
C:\Users\sahar\OneDrive\Desktop\EXPLAINABLE_IRIS_PAD\Data\Raw\IIITD_Contact_Lens_Iris_DB\Cogent Scanner\80\Colored\20120914151915_R.bmp,Cogent,80,Cogent_80,Colored,1,NA,20120914151915_R.bmp
C:\Users\sahar\OneDrive\Desktop\EXPLAINABLE_IRIS_PAD\Data\Raw\IIITD_Contact_Lens_Iris_DB\Cogent Scanner\80\Colored\20120914151919_L.bmp,Cogent,80,Cogent_80,Colored,1,NA,20120914151919_L.bmp
C:\Users\sahar\OneDrive\Desktop\EXPLAINABLE_IRIS_PAD\Data\Raw\IIITD_Contact_Lens_Iris_DB\Cogent Scanner\80\Colored\20120914151919_R.bmp,Cogent,80,Cogent_80,Colored,1,NA,20120914151919_R.bmp
C:\Users\sahar\OneDrive\Desktop\EXPLAINABLE_IRIS_PAD\Data\Raw\IIITD_Contact_Lens_Iris_DB\Cogent Scanner\80\Colored\20120914151923_L.bmp,Cogent,80,Cogent_80,Colored,1,NA,20120914151923_L.bmp
C:\Users\sahar\OneDrive\Desktop\EXPLAINABLE_IRIS_PAD\Data\Raw\IIITD_Contact_Lens_Iris_DB\Cogent Scanner\80\Colored\20120914151923_R.bmp,Cogent,80,Cogent_80,Colored,1,NA,20120914151923_R.bmp
C:\Users\sahar\OneDrive\Desktop\EXPLAINABLE_IRIS_PAD\Data\Raw\IIITD_Contact_Lens_Iris_DB\Cogent Scanner\80\Colored\20120914151927_L.bmp,Cogent,80,Cogent_80,Colored,1,NA,20120914151927_L.bmp
C:\Users\sahar\OneDrive\Desktop\EXPLAINABLE_IRIS_PAD\Data\Raw\IIITD_Contact_Lens_Iris_DB\Cogent Scanner\80\Colored\20120914151927_R.bmp,Cogent,80,Cogent_80,Colored,1,NA,20120914151927_R.bmp
C:\Users\sahar\OneDrive\Desktop\EXPLAINABLE_IRIS_PAD\Data\Raw\IIITD_Contact_Lens_Iris_DB\Cogent Scanner\80\Colored\20120914151933_L.bmp,Cogent,80,Cogent_80,Colored,1,NA,20120914151933_L.bmp
C:\Users\sahar\OneDrive\Desktop\EXPLAINABLE_IRIS_PAD\Data\Raw\IIITD_Contact_Lens_Iris_DB\Cogent Scanner\80\Colored\20120914151933_R.bmp,Cogent,80,Cogent_80,Colored,1,NA,20120914151933_R.bmp
C:\Users\sahar\OneDrive\Desktop\EXPLAINABLE_IRIS_PAD\Data\Raw\IIITD_Contact_Lens_Iris_DB\Cogent Scanner\80\Normal\20120914143843_L.bmp,Cogent,80,Cogent_80,Normal,0,NA,20120914143843_L.bmp
C:\Users\sahar\OneDrive\Desktop\EXPLAINABLE_IRIS_PAD\Data\Raw\IIITD_Contact_Lens_Iris_DB\Cogent Scanner\80\Normal\20120914143843_R.bmp,Cogent,80,Cogent_80,Normal,0,NA,20120914143843_R.bmp
C:\Users\sahar\OneDrive\Desktop\EXPLAINABLE_IRIS_PAD\Data\Raw\IIITD_Contact_Lens_Iris_DB\Cogent Scanner\80\Normal\20120914143849_L.bmp,Cogent,80,Cogent_80,Normal,0,NA,20120914143849_L.bmp
C:\Users\sahar\OneDrive\Desktop\EXPLAINABLE_IRIS_PAD\Data\Raw\IIITD_Contact_Lens_Iris_DB\Cogent Scanner\80\Normal\20120914143849_R.bmp,Cogent,80,Cogent_80,Normal,0,NA,20120914143849_R.bmp
C:\Users\sahar\OneDrive\Desktop\EXPLAINABLE_IRIS_PAD\Data\Raw\IIITD_Contact_Lens_Iris_DB\Cogent Scanner\80\Normal\20120914143852_L.bmp,Cogent,80,Cogent_80,Normal,0,NA,20120914143852_L.bmp
C:\Users\sahar\OneDrive\Desktop\EXPLAINABLE_IRIS_PAD\Data\Raw\IIITD_Contact_Lens_Iris_DB\Cogent Scanner\80\Normal\20120914143852_R.bmp,Cogent,80,Cogent_80,Normal,0,NA,20120914143852_R.bmp
C:\Users\sahar\OneDrive\Desktop\EXPLAINABLE_IRIS_PAD\Data\Raw\IIITD_Contact_Lens_Iris_DB\Cogent Scanner\80\Normal\20120914143855_L.bmp,Cogent,80,Cogent_80,Normal,0,NA,20120914143855_L.bmp
C:\Users\sahar\OneDrive\Desktop\EXPLAINABLE_IRIS_PAD\Data\Raw\IIITD_Contact_Lens_Iris_DB\Cogent Scanner\80\Normal\20120914143855_R.bmp,Cogent,80,Cogent_80,Normal,0,NA,20120914143855_R.bmp
C:\Users\sahar\OneDrive\Desktop\EXPLAINABLE_IRIS_PAD\Data\Raw\IIITD_Contact_Lens_Iris_DB\Cogent Scanner\80\Normal\20120914143900_L.bmp,Cogent,80,Cogent_80,Normal,0,NA,20120914143900_L.bmp
C:\Users\sahar\OneDrive\Desktop\EXPLAINABLE_IRIS_PAD\Data\Raw\IIITD_Contact_Lens_Iris_DB\Cogent Scanner\80\Normal\20120914143900_R.bmp,Cogent,80,Cogent_80,Normal,0,NA,20120914143900_R.bmp
C:\Users\sahar\OneDrive\Desktop\EXPLAINABLE_IRIS_PAD\Data\Raw\IIITD_Contact_Lens_Iris_DB\Cogent Scanner\81\Colored\20120920142325_L.bmp,Cogent,81,Cogent_81,Colored,1,NA,20120920142325_L.bmp
C:\Users\sahar\OneDrive\Desktop\EXPLAINABLE_IRIS_PAD\Data\Raw\IIITD_Contact_Lens_Iris_DB\Cogent Scanner\81\Colored\20120920142325_R.bmp,Cogent,81,Cogent_81,Colored,1,NA,20120920142325_R.bmp
C:\Users\sahar\OneDrive\Desktop\EXPLAINABLE_IRIS_PAD\Data\Raw\IIITD_Contact_Lens_Iris_DB\Cogent Scanner\81\Colored\20120920142328_L.bmp,Cogent,81,Cogent_81,Colored,1,NA,20120920142328_L.bmp
C:\Users\sahar\OneDrive\Desktop\EXPLAINABLE_IRIS_PAD\Data\Raw\IIITD_Contact_Lens_Iris_DB\Cogent Scanner\81\Colored\20120920142328_R.bmp,Cogent,81,Cogent_81,Colored,1,NA,20120920142328_R.bmp
C:\Users\sahar\OneDrive\Desktop\EXPLAINABLE_IRIS_PAD\Data\Raw\IIITD_Contact_Lens_Iris_DB\Cogent Scanner\81\Colored\20120920142330_L.bmp,Cogent,81,Cogent_81,Colored,1,NA,20120920142330_L.bmp
C:\Users\sahar\OneDrive\Desktop\EXPLAINABLE_IRIS_PAD\Data\Raw\IIITD_Contact_Lens_Iris_DB\Cogent Scanner\81\Colored\20120920142330_R.bmp,Cogent,81,Cogent_81,Colored,1,NA,20120920142330_R.bmp
C:\Users\sahar\OneDrive\Desktop\EXPLAINABLE_IRIS_PAD\Data\Raw\IIITD_Contact_Lens_Iris_DB\Cogent Scanner\81\Colored\20120920142333_L.bmp,Cogent,81,Cogent_81,Colored,1,NA,20120920142333_L.bmp
C:\Users\sahar\OneDrive\Desktop\EXPLAINABLE_IRIS_PAD\Data\Raw\IIITD_Contact_Lens_Iris_DB\Cogent Scanner\81\Colored\20120920142333_R.bmp,Cogent,81,Cogent_81,Colored,1,NA,20120920142333_R.bmp
C:\Users\sahar\OneDrive\Desktop\EXPLAINABLE_IRIS_PAD\Data\Raw\IIITD_Contact_Lens_Iris_DB\Cogent Scanner\81\Colored\20120920142336_L.bmp,Cogent,81,Cogent_81,Colored,1,NA,20120920142336_L.bmp
C:\Users\sahar\OneDrive\Desktop\EXPLAINABLE_IRIS_PAD\Data\Raw\IIITD_Contact_Lens_Iris_DB\Cogent Scanner\81\Colored\20120920142336_R.bmp,Cogent,81,Cogent_81,Colored,1,NA,20120920142336_R.bmp
C:\Users\sahar\OneDrive\Desktop\EXPLAINABLE_IRIS_PAD\Data\Raw\IIITD_Contact_Lens_Iris_DB\Cogent Scanner\81\Colored\20120920142339_L.bmp,Cogent,81,Cogent_81,Colored,1,NA,20120920142339_L.bmp
C:\Users\sahar\OneDrive\Desktop\EXPLAINABLE_IRIS_PAD\Data\Raw\IIITD_Contact_Lens_Iris_DB\Cogent Scanner\81\Colored\20120920142339_R.bmp,Cogent,81,Cogent_81,Colored,1,NA,20120920142339_R.bmp
C:\Users\sahar\OneDrive\Desktop\EXPLAINABLE_IRIS_PAD\Data\Raw\IIITD_Contact_Lens_Iris_DB\Cogent Scanner\81\Normal\20120920134932_L.bmp,Cogent,81,Cogent_81,Normal,0,NA,20120920134932_L.bmp
C:\Users\sahar\OneDrive\Desktop\EXPLAINABLE_IRIS_PAD\Data\Raw\IIITD_Contact_Lens_Iris_DB\Cogent Scanner\81\Normal\20120920134932_R.bmp,Cogent,81,Cogent_81,Normal,0,NA,20120920134932_R.bmp
C:\Users\sahar\OneDrive\Desktop\EXPLAINABLE_IRIS_PAD\Data\Raw\IIITD_Contact_Lens_Iris_DB\Cogent Scanner\81\Normal\20120920134938_L.bmp,Cogent,81,Cogent_81,Normal,0,NA,20120920134938_L.bmp
C:\Users\sahar\OneDrive\Desktop\EXPLAINABLE_IRIS_PAD\Data\Raw\IIITD_Contact_Lens_Iris_DB\Cogent Scanner\81\Normal\20120920134938_R.bmp,Cogent,81,Cogent_81,Normal,0,NA,20120920134938_R.bmp
C:\Users\sahar\OneDrive\Desktop\EXPLAINABLE_IRIS_PAD\Data\Raw\IIITD_Contact_Lens_Iris_DB\Cogent Scanner\81\Normal\20120920134941_L.bmp,Cogent,81,Cogent_81,Normal,0,NA,20120920134941_L.bmp
C:\Users\sahar\OneDrive\Desktop\EXPLAINABLE_IRIS_PAD\Data\Raw\IIITD_Contact_Lens_Iris_DB\Cogent Scanner\81\Normal\20120920134941_R.bmp,Cogent,81,Cogent_81,Normal,0,NA,20120920134941_R.bmp
C:\Users\sahar\OneDrive\Desktop\EXPLAINABLE_IRIS_PAD\Data\Raw\IIITD_Contact_Lens_Iris_DB\Cogent Scanner\81\Normal\20120920134943_L.bmp,Cogent,81,Cogent_81,Normal,0,NA,20120920134943_L.bmp
C:\Users\sahar\OneDrive\Desktop\EXPLAINABLE_IRIS_PAD\Data\Raw\IIITD_Contact_Lens_Iris_DB\Cogent Scanner\81\Normal\20120920134943_R.bmp,Cogent,81,Cogent_81,Normal,0,NA,20120920134943_R.bmp
C:\Users\sahar\OneDrive\Desktop\EXPLAINABLE_IRIS_PAD\Data\Raw\IIITD_Contact_Lens_Iris_DB\Cogent Scanner\81\Normal\20120920134949_L.bmp,Cogent,81,Cogent_81,Normal,0,NA,20120920134949_L.bmp
C:\Users\sahar\OneDrive\Desktop\EXPLAINABLE_IRIS_PAD\Data\Raw\IIITD_Contact_Lens_Iris_DB\Cogent Scanner\81\Normal\20120920134949_R.bmp,Cogent,81,Cogent_81,Normal,0,NA,20120920134949_R.bmp
C:\Users\sahar\OneDrive\Desktop\EXPLAINABLE_IRIS_PAD\Data\Raw\IIITD_Contact_Lens_Iris_DB\Cogent Scanner\82\Colored\20120913125240_L.bmp,Cogent,82,Cogent_82,Colored,1,NA,20120913125240_L.bmp
C:\Users\sahar\OneDrive\Desktop\EXPLAINABLE_IRIS_PAD\Data\Raw\IIITD_Contact_Lens_Iris_DB\Cogent Scanner\82\Colored\20120913125240_R.bmp,Cogent,82,Cogent_82,Colored,1,NA,20120913125240_R.bmp
C:\Users\sahar\OneDrive\Desktop\EXPLAINABLE_IRIS_PAD\Data\Raw\IIITD_Contact_Lens_Iris_DB\Cogent Scanner\82\Colored\20120913125248_L.bmp,Cogent,82,Cogent_82,Colored,1,NA,20120913125248_L.bmp
C:\Users\sahar\OneDrive\Desktop\EXPLAINABLE_IRIS_PAD\Data\Raw\IIITD_Contact_Lens_Iris_DB\Cogent Scanner\82\Colored\20120913125248_R.bmp,Cogent,82,Cogent_82,Colored,1,NA,20120913125248_R.bmp
C:\Users\sahar\OneDrive\Desktop\EXPLAINABLE_IRIS_PAD\Data\Raw\IIITD_Contact_Lens_Iris_DB\Cogent Scanner\82\Colored\20120913125251_L.bmp,Cogent,82,Cogent_82,Colored,1,NA,20120913125251_L.bmp
C:\Users\sahar\OneDrive\Desktop\EXPLAINABLE_IRIS_PAD\Data\Raw\IIITD_Contact_Lens_Iris_DB\Cogent Scanner\82\Colored\20120913125251_R.bmp,Cogent,82,Cogent_82,Colored,1,NA,20120913125251_R.bmp
C:\Users\sahar\OneDrive\Desktop\EXPLAINABLE_IRIS_PAD\Data\Raw\IIITD_Contact_Lens_Iris_DB\Cogent Scanner\82\Colored\20120913125257_L.bmp,Cogent,82,Cogent_82,Colored,1,NA,20120913125257_L.bmp
C:\Users\sahar\OneDrive\Desktop\EXPLAINABLE_IRIS_PAD\Data\Raw\IIITD_Contact_Lens_Iris_DB\Cogent Scanner\82\Colored\20120913125257_R.bmp,Cogent,82,Cogent_82,Colored,1,NA,20120913125257_R.bmp
C:\Users\sahar\OneDrive\Desktop\EXPLAINABLE_IRIS_PAD\Data\Raw\IIITD_Contact_Lens_Iris_DB\Cogent Scanner\82\Colored\20120913125302_L.bmp,Cogent,82,Cogent_82,Colored,1,NA,20120913125302_L.bmp
C:\Users\sahar\OneDrive\Desktop\EXPLAINABLE_IRIS_PAD\Data\Raw\IIITD_Contact_Lens_Iris_DB\Cogent Scanner\82\Colored\20120913125302_R.bmp,Cogent,82,Cogent_82,Colored,1,NA,20120913125302_R.bmp
C:\Users\sahar\OneDrive\Desktop\EXPLAINABLE_IRIS_PAD\Data\Raw\IIITD_Contact_Lens_Iris_DB\Cogent Scanner\82\Colored\20120913125306_L.bmp,Cogent,82,Cogent_82,Colored,1,NA,20120913125306_L.bmp
C:\Users\sahar\OneDrive\Desktop\EXPLAINABLE_IRIS_PAD\Data\Raw\IIITD_Contact_Lens_Iris_DB\Cogent Scanner\82\Colored\20120913125306_R.bmp,Cogent,82,Cogent_82,Colored,1,NA,20120913125306_R.bmp
C:\Users\sahar\OneDrive\Desktop\EXPLAINABLE_IRIS_PAD\Data\Raw\IIITD_Contact_Lens_Iris_DB\Cogent Scanner\82\Colored\20120913125310_L.bmp,Cogent,82,Cogent_82,Colored,1,NA,20120913125310_L.bmp
C:\Users\sahar\OneDrive\Desktop\EXPLAINABLE_IRIS_PAD\Data\Raw\IIITD_Contact_Lens_Iris_DB\Cogent Scanner\82\Colored\20120913125310_R.bmp,Cogent,82,Cogent_82,Colored,1,NA,20120913125310_R.bmp
C:\Users\sahar\OneDrive\Desktop\EXPLAINABLE_IRIS_PAD\Data\Raw\IIITD_Contact_Lens_Iris_DB\Cogent Scanner\82\Colored\20120913125316_L.bmp,Cogent,82,Cogent_82,Colored,1,NA,20120913125316_L.bmp
C:\Users\sahar\OneDrive\Desktop\EXPLAINABLE_IRIS_PAD\Data\Raw\IIITD_Contact_Lens_Iris_DB\Cogent Scanner\82\Colored\20120913125316_R.bmp,Cogent,82,Cogent_82,Colored,1,NA,20120913125316_R.bmp
C:\Users\sahar\OneDrive\Desktop\EXPLAINABLE_IRIS_PAD\Data\Raw\IIITD_Contact_Lens_Iris_DB\Cogent Scanner\82\Normal\20120913115624_L.bmp,Cogent,82,Cogent_82,Normal,0,NA,20120913115624_L.bmp
C:\Users\sahar\OneDrive\Desktop\EXPLAINABLE_IRIS_PAD\Data\Raw\IIITD_Contact_Lens_Iris_DB\Cogent Scanner\82\Normal\20120913115624_R.bmp,Cogent,82,Cogent_82,Normal,0,NA,20120913115624_R.bmp
C:\Users\sahar\OneDrive\Desktop\EXPLAINABLE_IRIS_PAD\Data\Raw\IIITD_Contact_Lens_Iris_DB\Cogent Scanner\82\Normal\20120913115639_L.bmp,Cogent,82,Cogent_82,Normal,0,NA,20120913115639_L.bmp
C:\Users\sahar\OneDrive\Desktop\EXPLAINABLE_IRIS_PAD\Data\Raw\IIITD_Contact_Lens_Iris_DB\Cogent Scanner\82\Normal\20120913115639_R.bmp,Cogent,82,Cogent_82,Normal,0,NA,20120913115639_R.bmp
C:\Users\sahar\OneDrive\Desktop\EXPLAINABLE_IRIS_PAD\Data\Raw\IIITD_Contact_Lens_Iris_DB\Cogent Scanner\82\Normal\20120913115650_L.bmp,Cogent,82,Cogent_82,Normal,0,NA,20120913115650_L.bmp
C:\Users\sahar\OneDrive\Desktop\EXPLAINABLE_IRIS_PAD\Data\Raw\IIITD_Contact_Lens_Iris_DB\Cogent Scanner\82\Normal\20120913115650_R.bmp,Cogent,82,Cogent_82,Normal,0,NA,20120913115650_R.bmp
C:\Users\sahar\OneDrive\Desktop\EXPLAINABLE_IRIS_PAD\Data\Raw\IIITD_Contact_Lens_Iris_DB\Cogent Scanner\82\Normal\20120913115654_L.bmp,Cogent,82,Cogent_82,Normal,0,NA,20120913115654_L.bmp
C:\Users\sahar\OneDrive\Desktop\EXPLAINABLE_IRIS_PAD\Data\Raw\IIITD_Contact_Lens_Iris_DB\Cogent Scanner\82\Normal\20120913115654_R.bmp,Cogent,82,Cogent_82,Normal,0,NA,20120913115654_R.bmp
C:\Users\sahar\OneDrive\Desktop\EXPLAINABLE_IRIS_PAD\Data\Raw\IIITD_Contact_Lens_Iris_DB\Cogent Scanner\82\Normal\20120913115657_L.bmp,Cogent,82,Cogent_82,Normal,0,NA,20120913115657_L.bmp
C:\Users\sahar\OneDrive\Desktop\EXPLAINABLE_IRIS_PAD\Data\Raw\IIITD_Contact_Lens_Iris_DB\Cogent Scanner\82\Normal\20120913115657_R.bmp,Cogent,82,Cogent_82,Normal,0,NA,20120913115657_R.bmp
C:\Users\sahar\OneDrive\Desktop\EXPLAINABLE_IRIS_PAD\Data\Raw\IIITD_Contact_Lens_Iris_DB\Cogent Scanner\82\Normal\20120913115701_L.bmp,Cogent,82,Cogent_82,Normal,0,NA,20120913115701_L.bmp
C:\Users\sahar\OneDrive\Desktop\EXPLAINABLE_IRIS_PAD\Data\Raw\IIITD_Contact_Lens_Iris_DB\Cogent Scanner\82\Normal\20120913115701_R.bmp,Cogent,82,Cogent_82,Normal,0,NA,20120913115701_R.bmp
C:\Users\sahar\OneDrive\Desktop\EXPLAINABLE_IRIS_PAD\Data\Raw\IIITD_Contact_Lens_Iris_DB\Cogent Scanner\83\Colored\20120912164106_L.bmp,Cogent,83,Cogent_83,Colored,1,NA,20120912164106_L.bmp
C:\Users\sahar\OneDrive\Desktop\EXPLAINABLE_IRIS_PAD\Data\Raw\IIITD_Contact_Lens_Iris_DB\Cogent Scanner\83\Colored\20120912164106_R.bmp,Cogent,83,Cogent_83,Colored,1,NA,20120912164106_R.bmp
C:\Users\sahar\OneDrive\Desktop\EXPLAINABLE_IRIS_PAD\Data\Raw\IIITD_Contact_Lens_Iris_DB\Cogent Scanner\83\Colored\20120912164110_L.bmp,Cogent,83,Cogent_83,Colored,1,NA,20120912164110_L.bmp
C:\Users\sahar\OneDrive\Desktop\EXPLAINABLE_IRIS_PAD\Data\Raw\IIITD_Contact_Lens_Iris_DB\Cogent Scanner\83\Colored\20120912164110_R.bmp,Cogent,83,Cogent_83,Colored,1,NA,20120912164110_R.bmp
C:\Users\sahar\OneDrive\Desktop\EXPLAINABLE_IRIS_PAD\Data\Raw\IIITD_Contact_Lens_Iris_DB\Cogent Scanner\83\Colored\20120912164114_L.bmp,Cogent,83,Cogent_83,Colored,1,NA,20120912164114_L.bmp
C:\Users\sahar\OneDrive\Desktop\EXPLAINABLE_IRIS_PAD\Data\Raw\IIITD_Contact_Lens_Iris_DB\Cogent Scanner\83\Colored\20120912164114_R.bmp,Cogent,83,Cogent_83,Colored,1,NA,20120912164114_R.bmp
C:\Users\sahar\OneDrive\Desktop\EXPLAINABLE_IRIS_PAD\Data\Raw\IIITD_Contact_Lens_Iris_DB\Cogent Scanner\83\Colored\20120912164118_L.bmp,Cogent,83,Cogent_83,Colored,1,NA,20120912164118_L.bmp
C:\Users\sahar\OneDrive\Desktop\EXPLAINABLE_IRIS_PAD\Data\Raw\IIITD_Contact_Lens_Iris_DB\Cogent Scanner\83\Colored\20120912164118_R.bmp,Cogent,83,Cogent_83,Colored,1,NA,20120912164118_R.bmp
C:\Users\sahar\OneDrive\Desktop\EXPLAINABLE_IRIS_PAD\Data\Raw\IIITD_Contact_Lens_Iris_DB\Cogent Scanner\83\Colored\20120912164121_L.bmp,Cogent,83,Cogent_83,Colored,1,NA,20120912164121_L.bmp
C:\Users\sahar\OneDrive\Desktop\EXPLAINABLE_IRIS_PAD\Data\Raw\IIITD_Contact_Lens_Iris_DB\Cogent Scanner\83\Colored\20120912164121_R.bmp,Cogent,83,Cogent_83,Colored,1,NA,20120912164121_R.bmp
C:\Users\sahar\OneDrive\Desktop\EXPLAINABLE_IRIS_PAD\Data\Raw\IIITD_Contact_Lens_Iris_DB\Cogent Scanner\83\Colored\20120912164125_L.bmp,Cogent,83,Cogent_83,Colored,1,NA,20120912164125_L.bmp
C:\Users\sahar\OneDrive\Desktop\EXPLAINABLE_IRIS_PAD\Data\Raw\IIITD_Contact_Lens_Iris_DB\Cogent Scanner\83\Colored\20120912164125_R.bmp,Cogent,83,Cogent_83,Colored,1,NA,20120912164125_R.bmp
C:\Users\sahar\OneDrive\Desktop\EXPLAINABLE_IRIS_PAD\Data\Raw\IIITD_Contact_Lens_Iris_DB\Cogent Scanner\83\Normal\20120912153025_L.bmp,Cogent,83,Cogent_83,Normal,0,NA,20120912153025_L.bmp
C:\Users\sahar\OneDrive\Desktop\EXPLAINABLE_IRIS_PAD\Data\Raw\IIITD_Contact_Lens_Iris_DB\Cogent Scanner\83\Normal\20120912153025_R.bmp,Cogent,83,Cogent_83,Normal,0,NA,20120912153025_R.bmp
C:\Users\sahar\OneDrive\Desktop\EXPLAINABLE_IRIS_PAD\Data\Raw\IIITD_Contact_Lens_Iris_DB\Cogent Scanner\83\Normal\20120912153028_L.bmp,Cogent,83,Cogent_83,Normal,0,NA,20120912153028_L.bmp
C:\Users\sahar\OneDrive\Desktop\EXPLAINABLE_IRIS_PAD\Data\Raw\IIITD_Contact_Lens_Iris_DB\Cogent Scanner\83\Normal\20120912153028_R.bmp,Cogent,83,Cogent_83,Normal,0,NA,20120912153028_R.bmp
C:\Users\sahar\OneDrive\Desktop\EXPLAINABLE_IRIS_PAD\Data\Raw\IIITD_Contact_Lens_Iris_DB\Cogent Scanner\83\Normal\20120912153031_L.bmp,Cogent,83,Cogent_83,Normal,0,NA,20120912153031_L.bmp
C:\Users\sahar\OneDrive\Desktop\EXPLAINABLE_IRIS_PAD\Data\Raw\IIITD_Contact_Lens_Iris_DB\Cogent Scanner\83\Normal\20120912153031_R.bmp,Cogent,83,Cogent_83,Normal,0,NA,20120912153031_R.bmp
C:\Users\sahar\OneDrive\Desktop\EXPLAINABLE_IRIS_PAD\Data\Raw\IIITD_Contact_Lens_Iris_DB\Cogent Scanner\83\Normal\20120912153034_L.bmp,Cogent,83,Cogent_83,Normal,0,NA,20120912153034_L.bmp
C:\Users\sahar\OneDrive\Desktop\EXPLAINABLE_IRIS_PAD\Data\Raw\IIITD_Contact_Lens_Iris_DB\Cogent Scanner\83\Normal\20120912153034_R.bmp,Cogent,83,Cogent_83,Normal,0,NA,20120912153034_R.bmp
C:\Users\sahar\OneDrive\Desktop\EXPLAINABLE_IRIS_PAD\Data\Raw\IIITD_Contact_Lens_Iris_DB\Cogent Scanner\83\Normal\20120912153039_L.bmp,Cogent,83,Cogent_83,Normal,0,NA,20120912153039_L.bmp
C:\Users\sahar\OneDrive\Desktop\EXPLAINABLE_IRIS_PAD\Data\Raw\IIITD_Contact_Lens_Iris_DB\Cogent Scanner\83\Normal\20120912153039_R.bmp,Cogent,83,Cogent_83,Normal,0,NA,20120912153039_R.bmp
C:\Users\sahar\OneDrive\Desktop\EXPLAINABLE_IRIS_PAD\Data\Raw\IIITD_Contact_Lens_Iris_DB\Cogent Scanner\85\Colored\20120919161655_L.bmp,Cogent,85,Cogent_85,Colored,1,NA,20120919161655_L.bmp
C:\Users\sahar\OneDrive\Desktop\EXPLAINABLE_IRIS_PAD\Data\Raw\IIITD_Contact_Lens_Iris_DB\Cogent Scanner\85\Colored\20120919161655_R.bmp,Cogent,85,Cogent_85,Colored,1,NA,20120919161655_R.bmp
C:\Users\sahar\OneDrive\Desktop\EXPLAINABLE_IRIS_PAD\Data\Raw\IIITD_Contact_Lens_Iris_DB\Cogent Scanner\85\Colored\20120919161659_L.bmp,Cogent,85,Cogent_85,Colored,1,NA,20120919161659_L.bmp
C:\Users\sahar\OneDrive\Desktop\EXPLAINABLE_IRIS_PAD\Data\Raw\IIITD_Contact_Lens_Iris_DB\Cogent Scanner\85\Colored\20120919161659_R.bmp,Cogent,85,Cogent_85,Colored,1,NA,20120919161659_R.bmp
C:\Users\sahar\OneDrive\Desktop\EXPLAINABLE_IRIS_PAD\Data\Raw\IIITD_Contact_Lens_Iris_DB\Cogent Scanner\85\Colored\20120919161709_L.bmp,Cogent,85,Cogent_85,Colored,1,NA,20120919161709_L.bmp
C:\Users\sahar\OneDrive\Desktop\EXPLAINABLE_IRIS_PAD\Data\Raw\IIITD_Contact_Lens_Iris_DB\Cogent Scanner\85\Colored\20120919161709_R.bmp,Cogent,85,Cogent_85,Colored,1,NA,20120919161709_R.bmp
C:\Users\sahar\OneDrive\Desktop\EXPLAINABLE_IRIS_PAD\Data\Raw\IIITD_Contact_Lens_Iris_DB\Cogent Scanner\85\Colored\20120919161713_L.bmp,Cogent,85,Cogent_85,Colored,1,NA,20120919161713_L.bmp
C:\Users\sahar\OneDrive\Desktop\EXPLAINABLE_IRIS_PAD\Data\Raw\IIITD_Contact_Lens_Iris_DB\Cogent Scanner\85\Colored\20120919161713_R.bmp,Cogent,85,Cogent_85,Colored,1,NA,20120919161713_R.bmp
C:\Users\sahar\OneDrive\Desktop\EXPLAINABLE_IRIS_PAD\Data\Raw\IIITD_Contact_Lens_Iris_DB\Cogent Scanner\85\Colored\20120919161718_L.bmp,Cogent,85,Cogent_85,Colored,1,NA,20120919161718_L.bmp
C:\Users\sahar\OneDrive\Desktop\EXPLAINABLE_IRIS_PAD\Data\Raw\IIITD_Contact_Lens_Iris_DB\Cogent Scanner\85\Colored\20120919161718_R.bmp,Cogent,85,Cogent_85,Colored,1,NA,20120919161718_R.bmp
C:\Users\sahar\OneDrive\Desktop\EXPLAINABLE_IRIS_PAD\Data\Raw\IIITD_Contact_Lens_Iris_DB\Cogent Scanner\85\Normal\20120919152124_L.bmp,Cogent,85,Cogent_85,Normal,0,NA,20120919152124_L.bmp
C:\Users\sahar\OneDrive\Desktop\EXPLAINABLE_IRIS_PAD\Data\Raw\IIITD_Contact_Lens_Iris_DB\Cogent Scanner\85\Normal\20120919152124_R.bmp,Cogent,85,Cogent_85,Normal,0,NA,20120919152124_R.bmp
C:\Users\sahar\OneDrive\Desktop\EXPLAINABLE_IRIS_PAD\Data\Raw\IIITD_Contact_Lens_Iris_DB\Cogent Scanner\85\Normal\20120919152127_L.bmp,Cogent,85,Cogent_85,Normal,0,NA,20120919152127_L.bmp
C:\Users\sahar\OneDrive\Desktop\EXPLAINABLE_IRIS_PAD\Data\Raw\IIITD_Contact_Lens_Iris_DB\Cogent Scanner\85\Normal\20120919152127_R.bmp,Cogent,85,Cogent_85,Normal,0,NA,20120919152127_R.bmp
C:\Users\sahar\OneDrive\Desktop\EXPLAINABLE_IRIS_PAD\Data\Raw\IIITD_Contact_Lens_Iris_DB\Cogent Scanner\85\Normal\20120919152130_L.bmp,Cogent,85,Cogent_85,Normal,0,NA,20120919152130_L.bmp
C:\Users\sahar\OneDrive\Desktop\EXPLAINABLE_IRIS_PAD\Data\Raw\IIITD_Contact_Lens_Iris_DB\Cogent Scanner\85\Normal\20120919152130_R.bmp,Cogent,85,Cogent_85,Normal,0,NA,20120919152130_R.bmp
C:\Users\sahar\OneDrive\Desktop\EXPLAINABLE_IRIS_PAD\Data\Raw\IIITD_Contact_Lens_Iris_DB\Cogent Scanner\85\Normal\20120919152134_L.bmp,Cogent,85,Cogent_85,Normal,0,NA,20120919152134_L.bmp
C:\Users\sahar\OneDrive\Desktop\EXPLAINABLE_IRIS_PAD\Data\Raw\IIITD_Contact_Lens_Iris_DB\Cogent Scanner\85\Normal\20120919152134_R.bmp,Cogent,85,Cogent_85,Normal,0,NA,20120919152134_R.bmp
C:\Users\sahar\OneDrive\Desktop\EXPLAINABLE_IRIS_PAD\Data\Raw\IIITD_Contact_Lens_Iris_DB\Cogent Scanner\85\Normal\20120919152137_L.bmp,Cogent,85,Cogent_85,Normal,0,NA,20120919152137_L.bmp
C:\Users\sahar\OneDrive\Desktop\EXPLAINABLE_IRIS_PAD\Data\Raw\IIITD_Contact_Lens_Iris_DB\Cogent Scanner\85\Normal\20120919152137_R.bmp,Cogent,85,Cogent_85,Normal,0,NA,20120919152137_R.bmp
C:\Users\sahar\OneDrive\Desktop\EXPLAINABLE_IRIS_PAD\Data\Raw\IIITD_Contact_Lens_Iris_DB\Cogent Scanner\85\Normal\20120919152140_L.bmp,Cogent,85,Cogent_85,Normal,0,NA,20120919152140_L.bmp
C:\Users\sahar\OneDrive\Desktop\EXPLAINABLE_IRIS_PAD\Data\Raw\IIITD_Contact_Lens_Iris_DB\Cogent Scanner\85\Normal\20120919152140_R.bmp,Cogent,85,Cogent_85,Normal,0,NA,20120919152140_R.bmp
C:\Users\sahar\OneDrive\Desktop\EXPLAINABLE_IRIS_PAD\Data\Raw\IIITD_Contact_Lens_Iris_DB\Cogent Scanner\86\Colored\20120920154538_L.bmp,Cogent,86,Cogent_86,Colored,1,NA,20120920154538_L.bmp
C:\Users\sahar\OneDrive\Desktop\EXPLAINABLE_IRIS_PAD\Data\Raw\IIITD_Contact_Lens_Iris_DB\Cogent Scanner\86\Colored\20120920154538_R.bmp,Cogent,86,Cogent_86,Colored,1,NA,20120920154538_R.bmp
C:\Users\sahar\OneDrive\Desktop\EXPLAINABLE_IRIS_PAD\Data\Raw\IIITD_Contact_Lens_Iris_DB\Cogent Scanner\86\Colored\20120920154543_L.bmp,Cogent,86,Cogent_86,Colored,1,NA,20120920154543_L.bmp
C:\Users\sahar\OneDrive\Desktop\EXPLAINABLE_IRIS_PAD\Data\Raw\IIITD_Contact_Lens_Iris_DB\Cogent Scanner\86\Colored\20120920154543_R.bmp,Cogent,86,Cogent_86,Colored,1,NA,20120920154543_R.bmp
C:\Users\sahar\OneDrive\Desktop\EXPLAINABLE_IRIS_PAD\Data\Raw\IIITD_Contact_Lens_Iris_DB\Cogent Scanner\86\Colored\20120920154547_L.bmp,Cogent,86,Cogent_86,Colored,1,NA,20120920154547_L.bmp
C:\Users\sahar\OneDrive\Desktop\EXPLAINABLE_IRIS_PAD\Data\Raw\IIITD_Contact_Lens_Iris_DB\Cogent Scanner\86\Colored\20120920154547_R.bmp,Cogent,86,Cogent_86,Colored,1,NA,20120920154547_R.bmp
C:\Users\sahar\OneDrive\Desktop\EXPLAINABLE_IRIS_PAD\Data\Raw\IIITD_Contact_Lens_Iris_DB\Cogent Scanner\86\Colored\20120920154550_L.bmp,Cogent,86,Cogent_86,Colored,1,NA,20120920154550_L.bmp
C:\Users\sahar\OneDrive\Desktop\EXPLAINABLE_IRIS_PAD\Data\Raw\IIITD_Contact_Lens_Iris_DB\Cogent Scanner\86\Colored\20120920154550_R.bmp,Cogent,86,Cogent_86,Colored,1,NA,20120920154550_R.bmp
C:\Users\sahar\OneDrive\Desktop\EXPLAINABLE_IRIS_PAD\Data\Raw\IIITD_Contact_Lens_Iris_DB\Cogent Scanner\86\Colored\20120920154553_L.bmp,Cogent,86,Cogent_86,Colored,1,NA,20120920154553_L.bmp
C:\Users\sahar\OneDrive\Desktop\EXPLAINABLE_IRIS_PAD\Data\Raw\IIITD_Contact_Lens_Iris_DB\Cogent Scanner\86\Colored\20120920154553_R.bmp,Cogent,86,Cogent_86,Colored,1,NA,20120920154553_R.bmp
C:\Users\sahar\OneDrive\Desktop\EXPLAINABLE_IRIS_PAD\Data\Raw\IIITD_Contact_Lens_Iris_DB\Cogent Scanner\86\Colored\20120920154556_L.bmp,Cogent,86,Cogent_86,Colored,1,NA,20120920154556_L.bmp
C:\Users\sahar\OneDrive\Desktop\EXPLAINABLE_IRIS_PAD\Data\Raw\IIITD_Contact_Lens_Iris_DB\Cogent Scanner\86\Colored\20120920154556_R.bmp,Cogent,86,Cogent_86,Colored,1,NA,20120920154556_R.bmp
C:\Users\sahar\OneDrive\Desktop\EXPLAINABLE_IRIS_PAD\Data\Raw\IIITD_Contact_Lens_Iris_DB\Cogent Scanner\86\Normal\20120920151315_L.bmp,Cogent,86,Cogent_86,Normal,0,NA,20120920151315_L.bmp
C:\Users\sahar\OneDrive\Desktop\EXPLAINABLE_IRIS_PAD\Data\Raw\IIITD_Contact_Lens_Iris_DB\Cogent Scanner\86\Normal\20120920151315_R.bmp,Cogent,86,Cogent_86,Normal,0,NA,20120920151315_R.bmp
C:\Users\sahar\OneDrive\Desktop\EXPLAINABLE_IRIS_PAD\Data\Raw\IIITD_Contact_Lens_Iris_DB\Cogent Scanner\86\Normal\20120920151318_L.bmp,Cogent,86,Cogent_86,Normal,0,NA,20120920151318_L.bmp
C:\Users\sahar\OneDrive\Desktop\EXPLAINABLE_IRIS_PAD\Data\Raw\IIITD_Contact_Lens_Iris_DB\Cogent Scanner\86\Normal\20120920151318_R.bmp,Cogent,86,Cogent_86,Normal,0,NA,20120920151318_R.bmp
C:\Users\sahar\OneDrive\Desktop\EXPLAINABLE_IRIS_PAD\Data\Raw\IIITD_Contact_Lens_Iris_DB\Cogent Scanner\86\Normal\20120920151322_L.bmp,Cogent,86,Cogent_86,Normal,0,NA,20120920151322_L.bmp
C:\Users\sahar\OneDrive\Desktop\EXPLAINABLE_IRIS_PAD\Data\Raw\IIITD_Contact_Lens_Iris_DB\Cogent Scanner\86\Normal\20120920151322_R.bmp,Cogent,86,Cogent_86,Normal,0,NA,20120920151322_R.bmp
C:\Users\sahar\OneDrive\Desktop\EXPLAINABLE_IRIS_PAD\Data\Raw\IIITD_Contact_Lens_Iris_DB\Cogent Scanner\86\Normal\20120920151325_L.bmp,Cogent,86,Cogent_86,Normal,0,NA,20120920151325_L.bmp
C:\Users\sahar\OneDrive\Desktop\EXPLAINABLE_IRIS_PAD\Data\Raw\IIITD_Contact_Lens_Iris_DB\Cogent Scanner\86\Normal\20120920151325_R.bmp,Cogent,86,Cogent_86,Normal,0,NA,20120920151325_R.bmp
C:\Users\sahar\OneDrive\Desktop\EXPLAINABLE_IRIS_PAD\Data\Raw\IIITD_Contact_Lens_Iris_DB\Cogent Scanner\86\Normal\20120920151328_L.bmp,Cogent,86,Cogent_86,Normal,0,NA,20120920151328_L.bmp
C:\Users\sahar\OneDrive\Desktop\EXPLAINABLE_IRIS_PAD\Data\Raw\IIITD_Contact_Lens_Iris_DB\Cogent Scanner\86\Normal\20120920151328_R.bmp,Cogent,86,Cogent_86,Normal,0,NA,20120920151328_R.bmp
C:\Users\sahar\OneDrive\Desktop\EXPLAINABLE_IRIS_PAD\Data\Raw\IIITD_Contact_Lens_Iris_DB\Cogent Scanner\87\Colored\20120919160150_L.bmp,Cogent,87,Cogent_87,Colored,1,NA,20120919160150_L.bmp
C:\Users\sahar\OneDrive\Desktop\EXPLAINABLE_IRIS_PAD\Data\Raw\IIITD_Contact_Lens_Iris_DB\Cogent Scanner\87\Colored\20120919160150_R.bmp,Cogent,87,Cogent_87,Colored,1,NA,20120919160150_R.bmp
C:\Users\sahar\OneDrive\Desktop\EXPLAINABLE_IRIS_PAD\Data\Raw\IIITD_Contact_Lens_Iris_DB\Cogent Scanner\87\Colored\20120919160153_L.bmp,Cogent,87,Cogent_87,Colored,1,NA,20120919160153_L.bmp
C:\Users\sahar\OneDrive\Desktop\EXPLAINABLE_IRIS_PAD\Data\Raw\IIITD_Contact_Lens_Iris_DB\Cogent Scanner\87\Colored\20120919160153_R.bmp,Cogent,87,Cogent_87,Colored,1,NA,20120919160153_R.bmp
C:\Users\sahar\OneDrive\Desktop\EXPLAINABLE_IRIS_PAD\Data\Raw\IIITD_Contact_Lens_Iris_DB\Cogent Scanner\87\Colored\20120919160201_L.bmp,Cogent,87,Cogent_87,Colored,1,NA,20120919160201_L.bmp
C:\Users\sahar\OneDrive\Desktop\EXPLAINABLE_IRIS_PAD\Data\Raw\IIITD_Contact_Lens_Iris_DB\Cogent Scanner\87\Colored\20120919160201_R.bmp,Cogent,87,Cogent_87,Colored,1,NA,20120919160201_R.bmp
C:\Users\sahar\OneDrive\Desktop\EXPLAINABLE_IRIS_PAD\Data\Raw\IIITD_Contact_Lens_Iris_DB\Cogent Scanner\87\Colored\20120919160205_L.bmp,Cogent,87,Cogent_87,Colored,1,NA,20120919160205_L.bmp
C:\Users\sahar\OneDrive\Desktop\EXPLAINABLE_IRIS_PAD\Data\Raw\IIITD_Contact_Lens_Iris_DB\Cogent Scanner\87\Colored\20120919160205_R.bmp,Cogent,87,Cogent_87,Colored,1,NA,20120919160205_R.bmp
C:\Users\sahar\OneDrive\Desktop\EXPLAINABLE_IRIS_PAD\Data\Raw\IIITD_Contact_Lens_Iris_DB\Cogent Scanner\87\Colored\20120919160208_L.bmp,Cogent,87,Cogent_87,Colored,1,NA,20120919160208_L.bmp
C:\Users\sahar\OneDrive\Desktop\EXPLAINABLE_IRIS_PAD\Data\Raw\IIITD_Contact_Lens_Iris_DB\Cogent Scanner\87\Colored\20120919160208_R.bmp,Cogent,87,Cogent_87,Colored,1,NA,20120919160208_R.bmp
C:\Users\sahar\OneDrive\Desktop\EXPLAINABLE_IRIS_PAD\Data\Raw\IIITD_Contact_Lens_Iris_DB\Cogent Scanner\87\Normal\20120919153103_L.bmp,Cogent,87,Cogent_87,Normal,0,NA,20120919153103_L.bmp
C:\Users\sahar\OneDrive\Desktop\EXPLAINABLE_IRIS_PAD\Data\Raw\IIITD_Contact_Lens_Iris_DB\Cogent Scanner\87\Normal\20120919153103_R.bmp,Cogent,87,Cogent_87,Normal,0,NA,20120919153103_R.bmp
C:\Users\sahar\OneDrive\Desktop\EXPLAINABLE_IRIS_PAD\Data\Raw\IIITD_Contact_Lens_Iris_DB\Cogent Scanner\87\Normal\20120919153114_L.bmp,Cogent,87,Cogent_87,Normal,0,NA,20120919153114_L.bmp
C:\Users\sahar\OneDrive\Desktop\EXPLAINABLE_IRIS_PAD\Data\Raw\IIITD_Contact_Lens_Iris_DB\Cogent Scanner\87\Normal\20120919153114_R.bmp,Cogent,87,Cogent_87,Normal,0,NA,20120919153114_R.bmp
C:\Users\sahar\OneDrive\Desktop\EXPLAINABLE_IRIS_PAD\Data\Raw\IIITD_Contact_Lens_Iris_DB\Cogent Scanner\87\Normal\20120919153120_L.bmp,Cogent,87,Cogent_87,Normal,0,NA,20120919153120_L.bmp
C:\Users\sahar\OneDrive\Desktop\EXPLAINABLE_IRIS_PAD\Data\Raw\IIITD_Contact_Lens_Iris_DB\Cogent Scanner\87\Normal\20120919153120_R.bmp,Cogent,87,Cogent_87,Normal,0,NA,20120919153120_R.bmp
C:\Users\sahar\OneDrive\Desktop\EXPLAINABLE_IRIS_PAD\Data\Raw\IIITD_Contact_Lens_Iris_DB\Cogent Scanner\87\Normal\20120919153122_L.bmp,Cogent,87,Cogent_87,Normal,0,NA,20120919153122_L.bmp
C:\Users\sahar\OneDrive\Desktop\EXPLAINABLE_IRIS_PAD\Data\Raw\IIITD_Contact_Lens_Iris_DB\Cogent Scanner\87\Normal\20120919153122_R.bmp,Cogent,87,Cogent_87,Normal,0,NA,20120919153122_R.bmp
C:\Users\sahar\OneDrive\Desktop\EXPLAINABLE_IRIS_PAD\Data\Raw\IIITD_Contact_Lens_Iris_DB\Cogent Scanner\87\Normal\20120919153125_L.bmp,Cogent,87,Cogent_87,Normal,0,NA,20120919153125_L.bmp
C:\Users\sahar\OneDrive\Desktop\EXPLAINABLE_IRIS_PAD\Data\Raw\IIITD_Contact_Lens_Iris_DB\Cogent Scanner\87\Normal\20120919153125_R.bmp,Cogent,87,Cogent_87,Normal,0,NA,20120919153125_R.bmp
C:\Users\sahar\OneDrive\Desktop\EXPLAINABLE_IRIS_PAD\Data\Raw\IIITD_Contact_Lens_Iris_DB\Cogent Scanner\88\Colored\20120919162358_L.bmp,Cogent,88,Cogent_88,Colored,1,NA,20120919162358_L.bmp
C:\Users\sahar\OneDrive\Desktop\EXPLAINABLE_IRIS_PAD\Data\Raw\IIITD_Contact_Lens_Iris_DB\Cogent Scanner\88\Colored\20120919162358_R.bmp,Cogent,88,Cogent_88,Colored,1,NA,20120919162358_R.bmp
C:\Users\sahar\OneDrive\Desktop\EXPLAINABLE_IRIS_PAD\Data\Raw\IIITD_Contact_Lens_Iris_DB\Cogent Scanner\88\Colored\20120919162402_L.bmp,Cogent,88,Cogent_88,Colored,1,NA,20120919162402_L.bmp
C:\Users\sahar\OneDrive\Desktop\EXPLAINABLE_IRIS_PAD\Data\Raw\IIITD_Contact_Lens_Iris_DB\Cogent Scanner\88\Colored\20120919162402_R.bmp,Cogent,88,Cogent_88,Colored,1,NA,20120919162402_R.bmp
C:\Users\sahar\OneDrive\Desktop\EXPLAINABLE_IRIS_PAD\Data\Raw\IIITD_Contact_Lens_Iris_DB\Cogent Scanner\88\Colored\20120919162407_L.bmp,Cogent,88,Cogent_88,Colored,1,NA,20120919162407_L.bmp
C:\Users\sahar\OneDrive\Desktop\EXPLAINABLE_IRIS_PAD\Data\Raw\IIITD_Contact_Lens_Iris_DB\Cogent Scanner\88\Colored\20120919162407_R.bmp,Cogent,88,Cogent_88,Colored,1,NA,20120919162407_R.bmp
C:\Users\sahar\OneDrive\Desktop\EXPLAINABLE_IRIS_PAD\Data\Raw\IIITD_Contact_Lens_Iris_DB\Cogent Scanner\88\Colored\20120919162410_L.bmp,Cogent,88,Cogent_88,Colored,1,NA,20120919162410_L.bmp
C:\Users\sahar\OneDrive\Desktop\EXPLAINABLE_IRIS_PAD\Data\Raw\IIITD_Contact_Lens_Iris_DB\Cogent Scanner\88\Colored\20120919162410_R.bmp,Cogent,88,Cogent_88,Colored,1,NA,20120919162410_R.bmp
C:\Users\sahar\OneDrive\Desktop\EXPLAINABLE_IRIS_PAD\Data\Raw\IIITD_Contact_Lens_Iris_DB\Cogent Scanner\88\Colored\20120919162414_L.bmp,Cogent,88,Cogent_88,Colored,1,NA,20120919162414_L.bmp
C:\Users\sahar\OneDrive\Desktop\EXPLAINABLE_IRIS_PAD\Data\Raw\IIITD_Contact_Lens_Iris_DB\Cogent Scanner\88\Colored\20120919162414_R.bmp,Cogent,88,Cogent_88,Colored,1,NA,20120919162414_R.bmp
C:\Users\sahar\OneDrive\Desktop\EXPLAINABLE_IRIS_PAD\Data\Raw\IIITD_Contact_Lens_Iris_DB\Cogent Scanner\88\Colored\20120919162417_L.bmp,Cogent,88,Cogent_88,Colored,1,NA,20120919162417_L.bmp
C:\Users\sahar\OneDrive\Desktop\EXPLAINABLE_IRIS_PAD\Data\Raw\IIITD_Contact_Lens_Iris_DB\Cogent Scanner\88\Colored\20120919162417_R.bmp,Cogent,88,Cogent_88,Colored,1,NA,20120919162417_R.bmp
C:\Users\sahar\OneDrive\Desktop\EXPLAINABLE_IRIS_PAD\Data\Raw\IIITD_Contact_Lens_Iris_DB\Cogent Scanner\88\Colored\20120919162420_L.bmp,Cogent,88,Cogent_88,Colored,1,NA,20120919162420_L.bmp
C:\Users\sahar\OneDrive\Desktop\EXPLAINABLE_IRIS_PAD\Data\Raw\IIITD_Contact_Lens_Iris_DB\Cogent Scanner\88\Colored\20120919162420_R.bmp,Cogent,88,Cogent_88,Colored,1,NA,20120919162420_R.bmp
C:\Users\sahar\OneDrive\Desktop\EXPLAINABLE_IRIS_PAD\Data\Raw\IIITD_Contact_Lens_Iris_DB\Cogent Scanner\88\Normal\20120919154557_L.bmp,Cogent,88,Cogent_88,Normal,0,NA,20120919154557_L.bmp
C:\Users\sahar\OneDrive\Desktop\EXPLAINABLE_IRIS_PAD\Data\Raw\IIITD_Contact_Lens_Iris_DB\Cogent Scanner\88\Normal\20120919154557_R.bmp,Cogent,88,Cogent_88,Normal,0,NA,20120919154557_R.bmp
C:\Users\sahar\OneDrive\Desktop\EXPLAINABLE_IRIS_PAD\Data\Raw\IIITD_Contact_Lens_Iris_DB\Cogent Scanner\88\Normal\20120919154600_L.bmp,Cogent,88,Cogent_88,Normal,0,NA,20120919154600_L.bmp
C:\Users\sahar\OneDrive\Desktop\EXPLAINABLE_IRIS_PAD\Data\Raw\IIITD_Contact_Lens_Iris_DB\Cogent Scanner\88\Normal\20120919154600_R.bmp,Cogent,88,Cogent_88,Normal,0,NA,20120919154600_R.bmp
C:\Users\sahar\OneDrive\Desktop\EXPLAINABLE_IRIS_PAD\Data\Raw\IIITD_Contact_Lens_Iris_DB\Cogent Scanner\88\Normal\20120919154605_L.bmp,Cogent,88,Cogent_88,Normal,0,NA,20120919154605_L.bmp
C:\Users\sahar\OneDrive\Desktop\EXPLAINABLE_IRIS_PAD\Data\Raw\IIITD_Contact_Lens_Iris_DB\Cogent Scanner\88\Normal\20120919154605_R.bmp,Cogent,88,Cogent_88,Normal,0,NA,20120919154605_R.bmp
C:\Users\sahar\OneDrive\Desktop\EXPLAINABLE_IRIS_PAD\Data\Raw\IIITD_Contact_Lens_Iris_DB\Cogent Scanner\88\Normal\20120919154609_L.bmp,Cogent,88,Cogent_88,Normal,0,NA,20120919154609_L.bmp
C:\Users\sahar\OneDrive\Desktop\EXPLAINABLE_IRIS_PAD\Data\Raw\IIITD_Contact_Lens_Iris_DB\Cogent Scanner\88\Normal\20120919154609_R.bmp,Cogent,88,Cogent_88,Normal,0,NA,20120919154609_R.bmp
C:\Users\sahar\OneDrive\Desktop\EXPLAINABLE_IRIS_PAD\Data\Raw\IIITD_Contact_Lens_Iris_DB\Cogent Scanner\88\Normal\20120919154631_L.bmp,Cogent,88,Cogent_88,Normal,0,NA,20120919154631_L.bmp
C:\Users\sahar\OneDrive\Desktop\EXPLAINABLE_IRIS_PAD\Data\Raw\IIITD_Contact_Lens_Iris_DB\Cogent Scanner\88\Normal\20120919154631_R.bmp,Cogent,88,Cogent_88,Normal,0,NA,20120919154631_R.bmp
C:\Users\sahar\OneDrive\Desktop\EXPLAINABLE_IRIS_PAD\Data\Raw\IIITD_Contact_Lens_Iris_DB\Cogent Scanner\88\Normal\20120919154636_L.bmp,Cogent,88,Cogent_88,Normal,0,NA,20120919154636_L.bmp
C:\Users\sahar\OneDrive\Desktop\EXPLAINABLE_IRIS_PAD\Data\Raw\IIITD_Contact_Lens_Iris_DB\Cogent Scanner\88\Normal\20120919154636_R.bmp,Cogent,88,Cogent_88,Normal,0,NA,20120919154636_R.bmp
C:\Users\sahar\OneDrive\Desktop\EXPLAINABLE_IRIS_PAD\Data\Raw\IIITD_Contact_Lens_Iris_DB\Cogent Scanner\88\Normal\20120919154642_L.bmp,Cogent,88,Cogent_88,Normal,0,NA,20120919154642_L.bmp
C:\Users\sahar\OneDrive\Desktop\EXPLAINABLE_IRIS_PAD\Data\Raw\IIITD_Contact_Lens_Iris_DB\Cogent Scanner\88\Normal\20120919154642_R.bmp,Cogent,88,Cogent_88,Normal,0,NA,20120919154642_R.bmp
C:\Users\sahar\OneDrive\Desktop\EXPLAINABLE_IRIS_PAD\Data\Raw\IIITD_Contact_Lens_Iris_DB\Cogent Scanner\89\Colored\20120913154824_L.bmp,Cogent,89,Cogent_89,Colored,1,NA,20120913154824_L.bmp
C:\Users\sahar\OneDrive\Desktop\EXPLAINABLE_IRIS_PAD\Data\Raw\IIITD_Contact_Lens_Iris_DB\Cogent Scanner\89\Colored\20120913154824_R.bmp,Cogent,89,Cogent_89,Colored,1,NA,20120913154824_R.bmp
C:\Users\sahar\OneDrive\Desktop\EXPLAINABLE_IRIS_PAD\Data\Raw\IIITD_Contact_Lens_Iris_DB\Cogent Scanner\89\Colored\20120913154828_L.bmp,Cogent,89,Cogent_89,Colored,1,NA,20120913154828_L.bmp
C:\Users\sahar\OneDrive\Desktop\EXPLAINABLE_IRIS_PAD\Data\Raw\IIITD_Contact_Lens_Iris_DB\Cogent Scanner\89\Colored\20120913154828_R.bmp,Cogent,89,Cogent_89,Colored,1,NA,20120913154828_R.bmp
C:\Users\sahar\OneDrive\Desktop\EXPLAINABLE_IRIS_PAD\Data\Raw\IIITD_Contact_Lens_Iris_DB\Cogent Scanner\89\Colored\20120913154831_L.bmp,Cogent,89,Cogent_89,Colored,1,NA,20120913154831_L.bmp
C:\Users\sahar\OneDrive\Desktop\EXPLAINABLE_IRIS_PAD\Data\Raw\IIITD_Contact_Lens_Iris_DB\Cogent Scanner\89\Colored\20120913154831_R.bmp,Cogent,89,Cogent_89,Colored,1,NA,20120913154831_R.bmp
C:\Users\sahar\OneDrive\Desktop\EXPLAINABLE_IRIS_PAD\Data\Raw\IIITD_Contact_Lens_Iris_DB\Cogent Scanner\89\Colored\20120913154841_L.bmp,Cogent,89,Cogent_89,Colored,1,NA,20120913154841_L.bmp
C:\Users\sahar\OneDrive\Desktop\EXPLAINABLE_IRIS_PAD\Data\Raw\IIITD_Contact_Lens_Iris_DB\Cogent Scanner\89\Colored\20120913154841_R.bmp,Cogent,89,Cogent_89,Colored,1,NA,20120913154841_R.bmp
C:\Users\sahar\OneDrive\Desktop\EXPLAINABLE_IRIS_PAD\Data\Raw\IIITD_Contact_Lens_Iris_DB\Cogent Scanner\89\Colored\20120913154846_L.bmp,Cogent,89,Cogent_89,Colored,1,NA,20120913154846_L.bmp
C:\Users\sahar\OneDrive\Desktop\EXPLAINABLE_IRIS_PAD\Data\Raw\IIITD_Contact_Lens_Iris_DB\Cogent Scanner\89\Colored\20120913154846_R.bmp,Cogent,89,Cogent_89,Colored,1,NA,20120913154846_R.bmp
C:\Users\sahar\OneDrive\Desktop\EXPLAINABLE_IRIS_PAD\Data\Raw\IIITD_Contact_Lens_Iris_DB\Cogent Scanner\89\Normal\20120913141528_L.bmp,Cogent,89,Cogent_89,Normal,0,NA,20120913141528_L.bmp
C:\Users\sahar\OneDrive\Desktop\EXPLAINABLE_IRIS_PAD\Data\Raw\IIITD_Contact_Lens_Iris_DB\Cogent Scanner\89\Normal\20120913141529_R.bmp,Cogent,89,Cogent_89,Normal,0,NA,20120913141529_R.bmp
C:\Users\sahar\OneDrive\Desktop\EXPLAINABLE_IRIS_PAD\Data\Raw\IIITD_Contact_Lens_Iris_DB\Cogent Scanner\89\Normal\20120913141532_L.bmp,Cogent,89,Cogent_89,Normal,0,NA,20120913141532_L.bmp
C:\Users\sahar\OneDrive\Desktop\EXPLAINABLE_IRIS_PAD\Data\Raw\IIITD_Contact_Lens_Iris_DB\Cogent Scanner\89\Normal\20120913141532_R.bmp,Cogent,89,Cogent_89,Normal,0,NA,20120913141532_R.bmp
C:\Users\sahar\OneDrive\Desktop\EXPLAINABLE_IRIS_PAD\Data\Raw\IIITD_Contact_Lens_Iris_DB\Cogent Scanner\89\Normal\20120913141537_L.bmp,Cogent,89,Cogent_89,Normal,0,NA,20120913141537_L.bmp
C:\Users\sahar\OneDrive\Desktop\EXPLAINABLE_IRIS_PAD\Data\Raw\IIITD_Contact_Lens_Iris_DB\Cogent Scanner\89\Normal\20120913141537_R.bmp,Cogent,89,Cogent_89,Normal,0,NA,20120913141537_R.bmp
C:\Users\sahar\OneDrive\Desktop\EXPLAINABLE_IRIS_PAD\Data\Raw\IIITD_Contact_Lens_Iris_DB\Cogent Scanner\89\Normal\20120913141542_L.bmp,Cogent,89,Cogent_89,Normal,0,NA,20120913141542_L.bmp
C:\Users\sahar\OneDrive\Desktop\EXPLAINABLE_IRIS_PAD\Data\Raw\IIITD_Contact_Lens_Iris_DB\Cogent Scanner\89\Normal\20120913141542_R.bmp,Cogent,89,Cogent_89,Normal,0,NA,20120913141542_R.bmp
C:\Users\sahar\OneDrive\Desktop\EXPLAINABLE_IRIS_PAD\Data\Raw\IIITD_Contact_Lens_Iris_DB\Cogent Scanner\89\Normal\20120913141547_L.bmp,Cogent,89,Cogent_89,Normal,0,NA,20120913141547_L.bmp
C:\Users\sahar\OneDrive\Desktop\EXPLAINABLE_IRIS_PAD\Data\Raw\IIITD_Contact_Lens_Iris_DB\Cogent Scanner\89\Normal\20120913141547_R.bmp,Cogent,89,Cogent_89,Normal,0,NA,20120913141547_R.bmp
C:\Users\sahar\OneDrive\Desktop\EXPLAINABLE_IRIS_PAD\Data\Raw\IIITD_Contact_Lens_Iris_DB\Cogent Scanner\9\Colored\20120912144729_L.bmp,Cogent,9,Cogent_9,Colored,1,NA,20120912144729_L.bmp
C:\Users\sahar\OneDrive\Desktop\EXPLAINABLE_IRIS_PAD\Data\Raw\IIITD_Contact_Lens_Iris_DB\Cogent Scanner\9\Colored\20120912144729_R.bmp,Cogent,9,Cogent_9,Colored,1,NA,20120912144729_R.bmp
C:\Users\sahar\OneDrive\Desktop\EXPLAINABLE_IRIS_PAD\Data\Raw\IIITD_Contact_Lens_Iris_DB\Cogent Scanner\9\Colored\20120912144735_L.bmp,Cogent,9,Cogent_9,Colored,1,NA,20120912144735_L.bmp
C:\Users\sahar\OneDrive\Desktop\EXPLAINABLE_IRIS_PAD\Data\Raw\IIITD_Contact_Lens_Iris_DB\Cogent Scanner\9\Colored\20120912144735_R.bmp,Cogent,9,Cogent_9,Colored,1,NA,20120912144735_R.bmp
C:\Users\sahar\OneDrive\Desktop\EXPLAINABLE_IRIS_PAD\Data\Raw\IIITD_Contact_Lens_Iris_DB\Cogent Scanner\9\Colored\20120912144744_L.bmp,Cogent,9,Cogent_9,Colored,1,NA,20120912144744_L.bmp
C:\Users\sahar\OneDrive\Desktop\EXPLAINABLE_IRIS_PAD\Data\Raw\IIITD_Contact_Lens_Iris_DB\Cogent Scanner\9\Colored\20120912144744_R.bmp,Cogent,9,Cogent_9,Colored,1,NA,20120912144744_R.bmp
C:\Users\sahar\OneDrive\Desktop\EXPLAINABLE_IRIS_PAD\Data\Raw\IIITD_Contact_Lens_Iris_DB\Cogent Scanner\9\Colored\20120912144748_L.bmp,Cogent,9,Cogent_9,Colored,1,NA,20120912144748_L.bmp
C:\Users\sahar\OneDrive\Desktop\EXPLAINABLE_IRIS_PAD\Data\Raw\IIITD_Contact_Lens_Iris_DB\Cogent Scanner\9\Colored\20120912144748_R.bmp,Cogent,9,Cogent_9,Colored,1,NA,20120912144748_R.bmp
C:\Users\sahar\OneDrive\Desktop\EXPLAINABLE_IRIS_PAD\Data\Raw\IIITD_Contact_Lens_Iris_DB\Cogent Scanner\9\Colored\20120912144754_L.bmp,Cogent,9,Cogent_9,Colored,1,NA,20120912144754_L.bmp
C:\Users\sahar\OneDrive\Desktop\EXPLAINABLE_IRIS_PAD\Data\Raw\IIITD_Contact_Lens_Iris_DB\Cogent Scanner\9\Colored\20120912144754_R.bmp,Cogent,9,Cogent_9,Colored,1,NA,20120912144754_R.bmp
C:\Users\sahar\OneDrive\Desktop\EXPLAINABLE_IRIS_PAD\Data\Raw\IIITD_Contact_Lens_Iris_DB\Cogent Scanner\9\Colored\20120912144759_L.bmp,Cogent,9,Cogent_9,Colored,1,NA,20120912144759_L.bmp
C:\Users\sahar\OneDrive\Desktop\EXPLAINABLE_IRIS_PAD\Data\Raw\IIITD_Contact_Lens_Iris_DB\Cogent Scanner\9\Colored\20120912144759_R.bmp,Cogent,9,Cogent_9,Colored,1,NA,20120912144759_R.bmp
C:\Users\sahar\OneDrive\Desktop\EXPLAINABLE_IRIS_PAD\Data\Raw\IIITD_Contact_Lens_Iris_DB\Cogent Scanner\9\Normal\20120912140440_L.bmp,Cogent,9,Cogent_9,Normal,0,NA,20120912140440_L.bmp
C:\Users\sahar\OneDrive\Desktop\EXPLAINABLE_IRIS_PAD\Data\Raw\IIITD_Contact_Lens_Iris_DB\Cogent Scanner\9\Normal\20120912140440_R.bmp,Cogent,9,Cogent_9,Normal,0,NA,20120912140440_R.bmp
C:\Users\sahar\OneDrive\Desktop\EXPLAINABLE_IRIS_PAD\Data\Raw\IIITD_Contact_Lens_Iris_DB\Cogent Scanner\9\Normal\20120912140444_L.bmp,Cogent,9,Cogent_9,Normal,0,NA,20120912140444_L.bmp
C:\Users\sahar\OneDrive\Desktop\EXPLAINABLE_IRIS_PAD\Data\Raw\IIITD_Contact_Lens_Iris_DB\Cogent Scanner\9\Normal\20120912140444_R.bmp,Cogent,9,Cogent_9,Normal,0,NA,20120912140444_R.bmp
C:\Users\sahar\OneDrive\Desktop\EXPLAINABLE_IRIS_PAD\Data\Raw\IIITD_Contact_Lens_Iris_DB\Cogent Scanner\9\Normal\20120912140449_L.bmp,Cogent,9,Cogent_9,Normal,0,NA,20120912140449_L.bmp
C:\Users\sahar\OneDrive\Desktop\EXPLAINABLE_IRIS_PAD\Data\Raw\IIITD_Contact_Lens_Iris_DB\Cogent Scanner\9\Normal\20120912140449_R.bmp,Cogent,9,Cogent_9,Normal,0,NA,20120912140449_R.bmp
C:\Users\sahar\OneDrive\Desktop\EXPLAINABLE_IRIS_PAD\Data\Raw\IIITD_Contact_Lens_Iris_DB\Cogent Scanner\9\Normal\20120912140453_L.bmp,Cogent,9,Cogent_9,Normal,0,NA,20120912140453_L.bmp
C:\Users\sahar\OneDrive\Desktop\EXPLAINABLE_IRIS_PAD\Data\Raw\IIITD_Contact_Lens_Iris_DB\Cogent Scanner\9\Normal\20120912140453_R.bmp,Cogent,9,Cogent_9,Normal,0,NA,20120912140453_R.bmp
C:\Users\sahar\OneDrive\Desktop\EXPLAINABLE_IRIS_PAD\Data\Raw\IIITD_Contact_Lens_Iris_DB\Cogent Scanner\9\Normal\20120912140456_L.bmp,Cogent,9,Cogent_9,Normal,0,NA,20120912140456_L.bmp
C:\Users\sahar\OneDrive\Desktop\EXPLAINABLE_IRIS_PAD\Data\Raw\IIITD_Contact_Lens_Iris_DB\Cogent Scanner\9\Normal\20120912140456_R.bmp,Cogent,9,Cogent_9,Normal,0,NA,20120912140456_R.bmp
C:\Users\sahar\OneDrive\Desktop\EXPLAINABLE_IRIS_PAD\Data\Raw\IIITD_Contact_Lens_Iris_DB\Cogent Scanner\9\Normal\20120912140502_L.bmp,Cogent,9,Cogent_9,Normal,0,NA,20120912140502_L.bmp
C:\Users\sahar\OneDrive\Desktop\EXPLAINABLE_IRIS_PAD\Data\Raw\IIITD_Contact_Lens_Iris_DB\Cogent Scanner\9\Normal\20120912140502_R.bmp,Cogent,9,Cogent_9,Normal,0,NA,20120912140502_R.bmp
C:\Users\sahar\OneDrive\Desktop\EXPLAINABLE_IRIS_PAD\Data\Raw\IIITD_Contact_Lens_Iris_DB\Cogent Scanner\90\Colored\20120913154303_L.bmp,Cogent,90,Cogent_90,Colored,1,NA,20120913154303_L.bmp
C:\Users\sahar\OneDrive\Desktop\EXPLAINABLE_IRIS_PAD\Data\Raw\IIITD_Contact_Lens_Iris_DB\Cogent Scanner\90\Colored\20120913154303_R.bmp,Cogent,90,Cogent_90,Colored,1,NA,20120913154303_R.bmp
C:\Users\sahar\OneDrive\Desktop\EXPLAINABLE_IRIS_PAD\Data\Raw\IIITD_Contact_Lens_Iris_DB\Cogent Scanner\90\Colored\20120913154307_L.bmp,Cogent,90,Cogent_90,Colored,1,NA,20120913154307_L.bmp
C:\Users\sahar\OneDrive\Desktop\EXPLAINABLE_IRIS_PAD\Data\Raw\IIITD_Contact_Lens_Iris_DB\Cogent Scanner\90\Colored\20120913154307_R.bmp,Cogent,90,Cogent_90,Colored,1,NA,20120913154307_R.bmp
C:\Users\sahar\OneDrive\Desktop\EXPLAINABLE_IRIS_PAD\Data\Raw\IIITD_Contact_Lens_Iris_DB\Cogent Scanner\90\Colored\20120913154311_L.bmp,Cogent,90,Cogent_90,Colored,1,NA,20120913154311_L.bmp
C:\Users\sahar\OneDrive\Desktop\EXPLAINABLE_IRIS_PAD\Data\Raw\IIITD_Contact_Lens_Iris_DB\Cogent Scanner\90\Colored\20120913154311_R.bmp,Cogent,90,Cogent_90,Colored,1,NA,20120913154311_R.bmp
C:\Users\sahar\OneDrive\Desktop\EXPLAINABLE_IRIS_PAD\Data\Raw\IIITD_Contact_Lens_Iris_DB\Cogent Scanner\90\Colored\20120913154315_L.bmp,Cogent,90,Cogent_90,Colored,1,NA,20120913154315_L.bmp
C:\Users\sahar\OneDrive\Desktop\EXPLAINABLE_IRIS_PAD\Data\Raw\IIITD_Contact_Lens_Iris_DB\Cogent Scanner\90\Colored\20120913154315_R.bmp,Cogent,90,Cogent_90,Colored,1,NA,20120913154315_R.bmp
C:\Users\sahar\OneDrive\Desktop\EXPLAINABLE_IRIS_PAD\Data\Raw\IIITD_Contact_Lens_Iris_DB\Cogent Scanner\90\Colored\20120913154320_L.bmp,Cogent,90,Cogent_90,Colored,1,NA,20120913154320_L.bmp
C:\Users\sahar\OneDrive\Desktop\EXPLAINABLE_IRIS_PAD\Data\Raw\IIITD_Contact_Lens_Iris_DB\Cogent Scanner\90\Colored\20120913154320_R.bmp,Cogent,90,Cogent_90,Colored,1,NA,20120913154320_R.bmp
C:\Users\sahar\OneDrive\Desktop\EXPLAINABLE_IRIS_PAD\Data\Raw\IIITD_Contact_Lens_Iris_DB\Cogent Scanner\90\Colored\20120913154323_L.bmp,Cogent,90,Cogent_90,Colored,1,NA,20120913154323_L.bmp
C:\Users\sahar\OneDrive\Desktop\EXPLAINABLE_IRIS_PAD\Data\Raw\IIITD_Contact_Lens_Iris_DB\Cogent Scanner\90\Colored\20120913154323_R.bmp,Cogent,90,Cogent_90,Colored,1,NA,20120913154323_R.bmp
C:\Users\sahar\OneDrive\Desktop\EXPLAINABLE_IRIS_PAD\Data\Raw\IIITD_Contact_Lens_Iris_DB\Cogent Scanner\90\Normal\20120913153230_L.bmp,Cogent,90,Cogent_90,Normal,0,NA,20120913153230_L.bmp
C:\Users\sahar\OneDrive\Desktop\EXPLAINABLE_IRIS_PAD\Data\Raw\IIITD_Contact_Lens_Iris_DB\Cogent Scanner\90\Normal\20120913153230_R.bmp,Cogent,90,Cogent_90,Normal,0,NA,20120913153230_R.bmp
C:\Users\sahar\OneDrive\Desktop\EXPLAINABLE_IRIS_PAD\Data\Raw\IIITD_Contact_Lens_Iris_DB\Cogent Scanner\90\Normal\20120913153236_L.bmp,Cogent,90,Cogent_90,Normal,0,NA,20120913153236_L.bmp
C:\Users\sahar\OneDrive\Desktop\EXPLAINABLE_IRIS_PAD\Data\Raw\IIITD_Contact_Lens_Iris_DB\Cogent Scanner\90\Normal\20120913153236_R.bmp,Cogent,90,Cogent_90,Normal,0,NA,20120913153236_R.bmp
C:\Users\sahar\OneDrive\Desktop\EXPLAINABLE_IRIS_PAD\Data\Raw\IIITD_Contact_Lens_Iris_DB\Cogent Scanner\90\Normal\20120913153239_L.bmp,Cogent,90,Cogent_90,Normal,0,NA,20120913153239_L.bmp
C:\Users\sahar\OneDrive\Desktop\EXPLAINABLE_IRIS_PAD\Data\Raw\IIITD_Contact_Lens_Iris_DB\Cogent Scanner\90\Normal\20120913153239_R.bmp,Cogent,90,Cogent_90,Normal,0,NA,20120913153239_R.bmp
C:\Users\sahar\OneDrive\Desktop\EXPLAINABLE_IRIS_PAD\Data\Raw\IIITD_Contact_Lens_Iris_DB\Cogent Scanner\90\Normal\20120913153243_L.bmp,Cogent,90,Cogent_90,Normal,0,NA,20120913153243_L.bmp
C:\Users\sahar\OneDrive\Desktop\EXPLAINABLE_IRIS_PAD\Data\Raw\IIITD_Contact_Lens_Iris_DB\Cogent Scanner\90\Normal\20120913153243_R.bmp,Cogent,90,Cogent_90,Normal,0,NA,20120913153243_R.bmp
C:\Users\sahar\OneDrive\Desktop\EXPLAINABLE_IRIS_PAD\Data\Raw\IIITD_Contact_Lens_Iris_DB\Cogent Scanner\90\Normal\20120913153246_L.bmp,Cogent,90,Cogent_90,Normal,0,NA,20120913153246_L.bmp
C:\Users\sahar\OneDrive\Desktop\EXPLAINABLE_IRIS_PAD\Data\Raw\IIITD_Contact_Lens_Iris_DB\Cogent Scanner\90\Normal\20120913153246_R.bmp,Cogent,90,Cogent_90,Normal,0,NA,20120913153246_R.bmp
C:\Users\sahar\OneDrive\Desktop\EXPLAINABLE_IRIS_PAD\Data\Raw\IIITD_Contact_Lens_Iris_DB\Cogent Scanner\91\Colored\20120912144943_L.bmp,Cogent,91,Cogent_91,Colored,1,NA,20120912144943_L.bmp
C:\Users\sahar\OneDrive\Desktop\EXPLAINABLE_IRIS_PAD\Data\Raw\IIITD_Contact_Lens_Iris_DB\Cogent Scanner\91\Colored\20120912144943_R.bmp,Cogent,91,Cogent_91,Colored,1,NA,20120912144943_R.bmp
C:\Users\sahar\OneDrive\Desktop\EXPLAINABLE_IRIS_PAD\Data\Raw\IIITD_Contact_Lens_Iris_DB\Cogent Scanner\91\Colored\20120912144948_L.bmp,Cogent,91,Cogent_91,Colored,1,NA,20120912144948_L.bmp
C:\Users\sahar\OneDrive\Desktop\EXPLAINABLE_IRIS_PAD\Data\Raw\IIITD_Contact_Lens_Iris_DB\Cogent Scanner\91\Colored\20120912144948_R.bmp,Cogent,91,Cogent_91,Colored,1,NA,20120912144948_R.bmp
C:\Users\sahar\OneDrive\Desktop\EXPLAINABLE_IRIS_PAD\Data\Raw\IIITD_Contact_Lens_Iris_DB\Cogent Scanner\91\Colored\20120912144951_L.bmp,Cogent,91,Cogent_91,Colored,1,NA,20120912144951_L.bmp
C:\Users\sahar\OneDrive\Desktop\EXPLAINABLE_IRIS_PAD\Data\Raw\IIITD_Contact_Lens_Iris_DB\Cogent Scanner\91\Colored\20120912144951_R.bmp,Cogent,91,Cogent_91,Colored,1,NA,20120912144951_R.bmp
C:\Users\sahar\OneDrive\Desktop\EXPLAINABLE_IRIS_PAD\Data\Raw\IIITD_Contact_Lens_Iris_DB\Cogent Scanner\91\Colored\20120912144955_L.bmp,Cogent,91,Cogent_91,Colored,1,NA,20120912144955_L.bmp
C:\Users\sahar\OneDrive\Desktop\EXPLAINABLE_IRIS_PAD\Data\Raw\IIITD_Contact_Lens_Iris_DB\Cogent Scanner\91\Colored\20120912144955_R.bmp,Cogent,91,Cogent_91,Colored,1,NA,20120912144955_R.bmp
C:\Users\sahar\OneDrive\Desktop\EXPLAINABLE_IRIS_PAD\Data\Raw\IIITD_Contact_Lens_Iris_DB\Cogent Scanner\91\Colored\20120912144958_L.bmp,Cogent,91,Cogent_91,Colored,1,NA,20120912144958_L.bmp
C:\Users\sahar\OneDrive\Desktop\EXPLAINABLE_IRIS_PAD\Data\Raw\IIITD_Contact_Lens_Iris_DB\Cogent Scanner\91\Colored\20120912144958_R.bmp,Cogent,91,Cogent_91,Colored,1,NA,20120912144958_R.bmp
C:\Users\sahar\OneDrive\Desktop\EXPLAINABLE_IRIS_PAD\Data\Raw\IIITD_Contact_Lens_Iris_DB\Cogent Scanner\91\Colored\20120912145002_L.bmp,Cogent,91,Cogent_91,Colored,1,NA,20120912145002_L.bmp
C:\Users\sahar\OneDrive\Desktop\EXPLAINABLE_IRIS_PAD\Data\Raw\IIITD_Contact_Lens_Iris_DB\Cogent Scanner\91\Colored\20120912145003_R.bmp,Cogent,91,Cogent_91,Colored,1,NA,20120912145003_R.bmp
C:\Users\sahar\OneDrive\Desktop\EXPLAINABLE_IRIS_PAD\Data\Raw\IIITD_Contact_Lens_Iris_DB\Cogent Scanner\91\Normal\20120912141346_L.bmp,Cogent,91,Cogent_91,Normal,0,NA,20120912141346_L.bmp
C:\Users\sahar\OneDrive\Desktop\EXPLAINABLE_IRIS_PAD\Data\Raw\IIITD_Contact_Lens_Iris_DB\Cogent Scanner\91\Normal\20120912141346_R.bmp,Cogent,91,Cogent_91,Normal,0,NA,20120912141346_R.bmp
C:\Users\sahar\OneDrive\Desktop\EXPLAINABLE_IRIS_PAD\Data\Raw\IIITD_Contact_Lens_Iris_DB\Cogent Scanner\91\Normal\20120912141351_L.bmp,Cogent,91,Cogent_91,Normal,0,NA,20120912141351_L.bmp
C:\Users\sahar\OneDrive\Desktop\EXPLAINABLE_IRIS_PAD\Data\Raw\IIITD_Contact_Lens_Iris_DB\Cogent Scanner\91\Normal\20120912141351_R.bmp,Cogent,91,Cogent_91,Normal,0,NA,20120912141351_R.bmp
C:\Users\sahar\OneDrive\Desktop\EXPLAINABLE_IRIS_PAD\Data\Raw\IIITD_Contact_Lens_Iris_DB\Cogent Scanner\91\Normal\20120912141354_L.bmp,Cogent,91,Cogent_91,Normal,0,NA,20120912141354_L.bmp
C:\Users\sahar\OneDrive\Desktop\EXPLAINABLE_IRIS_PAD\Data\Raw\IIITD_Contact_Lens_Iris_DB\Cogent Scanner\91\Normal\20120912141354_R.bmp,Cogent,91,Cogent_91,Normal,0,NA,20120912141354_R.bmp
C:\Users\sahar\OneDrive\Desktop\EXPLAINABLE_IRIS_PAD\Data\Raw\IIITD_Contact_Lens_Iris_DB\Cogent Scanner\91\Normal\20120912141357_L.bmp,Cogent,91,Cogent_91,Normal,0,NA,20120912141357_L.bmp
C:\Users\sahar\OneDrive\Desktop\EXPLAINABLE_IRIS_PAD\Data\Raw\IIITD_Contact_Lens_Iris_DB\Cogent Scanner\91\Normal\20120912141357_R.bmp,Cogent,91,Cogent_91,Normal,0,NA,20120912141357_R.bmp
C:\Users\sahar\OneDrive\Desktop\EXPLAINABLE_IRIS_PAD\Data\Raw\IIITD_Contact_Lens_Iris_DB\Cogent Scanner\91\Normal\20120912141400_L.bmp,Cogent,91,Cogent_91,Normal,0,NA,20120912141400_L.bmp
C:\Users\sahar\OneDrive\Desktop\EXPLAINABLE_IRIS_PAD\Data\Raw\IIITD_Contact_Lens_Iris_DB\Cogent Scanner\91\Normal\20120912141400_R.bmp,Cogent,91,Cogent_91,Normal,0,NA,20120912141400_R.bmp
C:\Users\sahar\OneDrive\Desktop\EXPLAINABLE_IRIS_PAD\Data\Raw\IIITD_Contact_Lens_Iris_DB\Cogent Scanner\91\Normal\20120912141402_L.bmp,Cogent,91,Cogent_91,Normal,0,NA,20120912141402_L.bmp
C:\Users\sahar\OneDrive\Desktop\EXPLAINABLE_IRIS_PAD\Data\Raw\IIITD_Contact_Lens_Iris_DB\Cogent Scanner\91\Normal\20120912141402_R.bmp,Cogent,91,Cogent_91,Normal,0,NA,20120912141402_R.bmp
C:\Users\sahar\OneDrive\Desktop\EXPLAINABLE_IRIS_PAD\Data\Raw\IIITD_Contact_Lens_Iris_DB\Cogent Scanner\91\Normal\20120912141405_L.bmp,Cogent,91,Cogent_91,Normal,0,NA,20120912141405_L.bmp
C:\Users\sahar\OneDrive\Desktop\EXPLAINABLE_IRIS_PAD\Data\Raw\IIITD_Contact_Lens_Iris_DB\Cogent Scanner\91\Normal\20120912141405_R.bmp,Cogent,91,Cogent_91,Normal,0,NA,20120912141405_R.bmp
C:\Users\sahar\OneDrive\Desktop\EXPLAINABLE_IRIS_PAD\Data\Raw\IIITD_Contact_Lens_Iris_DB\Cogent Scanner\92\Colored\20120913162201_L.bmp,Cogent,92,Cogent_92,Colored,1,NA,20120913162201_L.bmp
C:\Users\sahar\OneDrive\Desktop\EXPLAINABLE_IRIS_PAD\Data\Raw\IIITD_Contact_Lens_Iris_DB\Cogent Scanner\92\Colored\20120913162201_R.bmp,Cogent,92,Cogent_92,Colored,1,NA,20120913162201_R.bmp
C:\Users\sahar\OneDrive\Desktop\EXPLAINABLE_IRIS_PAD\Data\Raw\IIITD_Contact_Lens_Iris_DB\Cogent Scanner\92\Colored\20120913162207_L.bmp,Cogent,92,Cogent_92,Colored,1,NA,20120913162207_L.bmp
C:\Users\sahar\OneDrive\Desktop\EXPLAINABLE_IRIS_PAD\Data\Raw\IIITD_Contact_Lens_Iris_DB\Cogent Scanner\92\Colored\20120913162207_R.bmp,Cogent,92,Cogent_92,Colored,1,NA,20120913162207_R.bmp
C:\Users\sahar\OneDrive\Desktop\EXPLAINABLE_IRIS_PAD\Data\Raw\IIITD_Contact_Lens_Iris_DB\Cogent Scanner\92\Colored\20120913162213_L.bmp,Cogent,92,Cogent_92,Colored,1,NA,20120913162213_L.bmp
C:\Users\sahar\OneDrive\Desktop\EXPLAINABLE_IRIS_PAD\Data\Raw\IIITD_Contact_Lens_Iris_DB\Cogent Scanner\92\Colored\20120913162213_R.bmp,Cogent,92,Cogent_92,Colored,1,NA,20120913162213_R.bmp
C:\Users\sahar\OneDrive\Desktop\EXPLAINABLE_IRIS_PAD\Data\Raw\IIITD_Contact_Lens_Iris_DB\Cogent Scanner\92\Colored\20120913162216_L.bmp,Cogent,92,Cogent_92,Colored,1,NA,20120913162216_L.bmp
C:\Users\sahar\OneDrive\Desktop\EXPLAINABLE_IRIS_PAD\Data\Raw\IIITD_Contact_Lens_Iris_DB\Cogent Scanner\92\Colored\20120913162216_R.bmp,Cogent,92,Cogent_92,Colored,1,NA,20120913162216_R.bmp
C:\Users\sahar\OneDrive\Desktop\EXPLAINABLE_IRIS_PAD\Data\Raw\IIITD_Contact_Lens_Iris_DB\Cogent Scanner\92\Colored\20120913162219_L.bmp,Cogent,92,Cogent_92,Colored,1,NA,20120913162219_L.bmp
C:\Users\sahar\OneDrive\Desktop\EXPLAINABLE_IRIS_PAD\Data\Raw\IIITD_Contact_Lens_Iris_DB\Cogent Scanner\92\Colored\20120913162219_R.bmp,Cogent,92,Cogent_92,Colored,1,NA,20120913162219_R.bmp
C:\Users\sahar\OneDrive\Desktop\EXPLAINABLE_IRIS_PAD\Data\Raw\IIITD_Contact_Lens_Iris_DB\Cogent Scanner\92\Colored\20120913162221_L.bmp,Cogent,92,Cogent_92,Colored,1,NA,20120913162221_L.bmp
C:\Users\sahar\OneDrive\Desktop\EXPLAINABLE_IRIS_PAD\Data\Raw\IIITD_Contact_Lens_Iris_DB\Cogent Scanner\92\Colored\20120913162221_R.bmp,Cogent,92,Cogent_92,Colored,1,NA,20120913162221_R.bmp
C:\Users\sahar\OneDrive\Desktop\EXPLAINABLE_IRIS_PAD\Data\Raw\IIITD_Contact_Lens_Iris_DB\Cogent Scanner\92\Colored\20120913162223_L.bmp,Cogent,92,Cogent_92,Colored,1,NA,20120913162223_L.bmp
C:\Users\sahar\OneDrive\Desktop\EXPLAINABLE_IRIS_PAD\Data\Raw\IIITD_Contact_Lens_Iris_DB\Cogent Scanner\92\Colored\20120913162223_R.bmp,Cogent,92,Cogent_92,Colored,1,NA,20120913162223_R.bmp
C:\Users\sahar\OneDrive\Desktop\EXPLAINABLE_IRIS_PAD\Data\Raw\IIITD_Contact_Lens_Iris_DB\Cogent Scanner\92\Normal\20120913154603_L.bmp,Cogent,92,Cogent_92,Normal,0,NA,20120913154603_L.bmp
C:\Users\sahar\OneDrive\Desktop\EXPLAINABLE_IRIS_PAD\Data\Raw\IIITD_Contact_Lens_Iris_DB\Cogent Scanner\92\Normal\20120913154603_R.bmp,Cogent,92,Cogent_92,Normal,0,NA,20120913154603_R.bmp
C:\Users\sahar\OneDrive\Desktop\EXPLAINABLE_IRIS_PAD\Data\Raw\IIITD_Contact_Lens_Iris_DB\Cogent Scanner\92\Normal\20120913154607_L.bmp,Cogent,92,Cogent_92,Normal,0,NA,20120913154607_L.bmp
C:\Users\sahar\OneDrive\Desktop\EXPLAINABLE_IRIS_PAD\Data\Raw\IIITD_Contact_Lens_Iris_DB\Cogent Scanner\92\Normal\20120913154607_R.bmp,Cogent,92,Cogent_92,Normal,0,NA,20120913154607_R.bmp
C:\Users\sahar\OneDrive\Desktop\EXPLAINABLE_IRIS_PAD\Data\Raw\IIITD_Contact_Lens_Iris_DB\Cogent Scanner\92\Normal\20120913154610_L.bmp,Cogent,92,Cogent_92,Normal,0,NA,20120913154610_L.bmp
C:\Users\sahar\OneDrive\Desktop\EXPLAINABLE_IRIS_PAD\Data\Raw\IIITD_Contact_Lens_Iris_DB\Cogent Scanner\92\Normal\20120913154610_R.bmp,Cogent,92,Cogent_92,Normal,0,NA,20120913154610_R.bmp
C:\Users\sahar\OneDrive\Desktop\EXPLAINABLE_IRIS_PAD\Data\Raw\IIITD_Contact_Lens_Iris_DB\Cogent Scanner\92\Normal\20120913154614_L.bmp,Cogent,92,Cogent_92,Normal,0,NA,20120913154614_L.bmp
C:\Users\sahar\OneDrive\Desktop\EXPLAINABLE_IRIS_PAD\Data\Raw\IIITD_Contact_Lens_Iris_DB\Cogent Scanner\92\Normal\20120913154614_R.bmp,Cogent,92,Cogent_92,Normal,0,NA,20120913154614_R.bmp
C:\Users\sahar\OneDrive\Desktop\EXPLAINABLE_IRIS_PAD\Data\Raw\IIITD_Contact_Lens_Iris_DB\Cogent Scanner\92\Normal\20120913154618_L.bmp,Cogent,92,Cogent_92,Normal,0,NA,20120913154618_L.bmp
C:\Users\sahar\OneDrive\Desktop\EXPLAINABLE_IRIS_PAD\Data\Raw\IIITD_Contact_Lens_Iris_DB\Cogent Scanner\92\Normal\20120913154618_R.bmp,Cogent,92,Cogent_92,Normal,0,NA,20120913154618_R.bmp
C:\Users\sahar\OneDrive\Desktop\EXPLAINABLE_IRIS_PAD\Data\Raw\IIITD_Contact_Lens_Iris_DB\Cogent Scanner\93\Colored\20120912165120_L.bmp,Cogent,93,Cogent_93,Colored,1,NA,20120912165120_L.bmp
C:\Users\sahar\OneDrive\Desktop\EXPLAINABLE_IRIS_PAD\Data\Raw\IIITD_Contact_Lens_Iris_DB\Cogent Scanner\93\Colored\20120912165120_R.bmp,Cogent,93,Cogent_93,Colored,1,NA,20120912165120_R.bmp
C:\Users\sahar\OneDrive\Desktop\EXPLAINABLE_IRIS_PAD\Data\Raw\IIITD_Contact_Lens_Iris_DB\Cogent Scanner\93\Colored\20120912165123_L.bmp,Cogent,93,Cogent_93,Colored,1,NA,20120912165123_L.bmp
C:\Users\sahar\OneDrive\Desktop\EXPLAINABLE_IRIS_PAD\Data\Raw\IIITD_Contact_Lens_Iris_DB\Cogent Scanner\93\Colored\20120912165123_R.bmp,Cogent,93,Cogent_93,Colored,1,NA,20120912165123_R.bmp
C:\Users\sahar\OneDrive\Desktop\EXPLAINABLE_IRIS_PAD\Data\Raw\IIITD_Contact_Lens_Iris_DB\Cogent Scanner\93\Colored\20120912165127_L.bmp,Cogent,93,Cogent_93,Colored,1,NA,20120912165127_L.bmp
C:\Users\sahar\OneDrive\Desktop\EXPLAINABLE_IRIS_PAD\Data\Raw\IIITD_Contact_Lens_Iris_DB\Cogent Scanner\93\Colored\20120912165127_R.bmp,Cogent,93,Cogent_93,Colored,1,NA,20120912165127_R.bmp
C:\Users\sahar\OneDrive\Desktop\EXPLAINABLE_IRIS_PAD\Data\Raw\IIITD_Contact_Lens_Iris_DB\Cogent Scanner\93\Colored\20120912165131_L.bmp,Cogent,93,Cogent_93,Colored,1,NA,20120912165131_L.bmp
C:\Users\sahar\OneDrive\Desktop\EXPLAINABLE_IRIS_PAD\Data\Raw\IIITD_Contact_Lens_Iris_DB\Cogent Scanner\93\Colored\20120912165131_R.bmp,Cogent,93,Cogent_93,Colored,1,NA,20120912165131_R.bmp
C:\Users\sahar\OneDrive\Desktop\EXPLAINABLE_IRIS_PAD\Data\Raw\IIITD_Contact_Lens_Iris_DB\Cogent Scanner\93\Colored\20120912165137_L.bmp,Cogent,93,Cogent_93,Colored,1,NA,20120912165137_L.bmp
C:\Users\sahar\OneDrive\Desktop\EXPLAINABLE_IRIS_PAD\Data\Raw\IIITD_Contact_Lens_Iris_DB\Cogent Scanner\93\Colored\20120912165137_R.bmp,Cogent,93,Cogent_93,Colored,1,NA,20120912165137_R.bmp
C:\Users\sahar\OneDrive\Desktop\EXPLAINABLE_IRIS_PAD\Data\Raw\IIITD_Contact_Lens_Iris_DB\Cogent Scanner\93\Normal\20120912164634_L.bmp,Cogent,93,Cogent_93,Normal,0,NA,20120912164634_L.bmp
C:\Users\sahar\OneDrive\Desktop\EXPLAINABLE_IRIS_PAD\Data\Raw\IIITD_Contact_Lens_Iris_DB\Cogent Scanner\93\Normal\20120912164634_R.bmp,Cogent,93,Cogent_93,Normal,0,NA,20120912164634_R.bmp
C:\Users\sahar\OneDrive\Desktop\EXPLAINABLE_IRIS_PAD\Data\Raw\IIITD_Contact_Lens_Iris_DB\Cogent Scanner\93\Normal\20120912164638_L.bmp,Cogent,93,Cogent_93,Normal,0,NA,20120912164638_L.bmp
C:\Users\sahar\OneDrive\Desktop\EXPLAINABLE_IRIS_PAD\Data\Raw\IIITD_Contact_Lens_Iris_DB\Cogent Scanner\93\Normal\20120912164638_R.bmp,Cogent,93,Cogent_93,Normal,0,NA,20120912164638_R.bmp
C:\Users\sahar\OneDrive\Desktop\EXPLAINABLE_IRIS_PAD\Data\Raw\IIITD_Contact_Lens_Iris_DB\Cogent Scanner\93\Normal\20120912164641_L.bmp,Cogent,93,Cogent_93,Normal,0,NA,20120912164641_L.bmp
C:\Users\sahar\OneDrive\Desktop\EXPLAINABLE_IRIS_PAD\Data\Raw\IIITD_Contact_Lens_Iris_DB\Cogent Scanner\93\Normal\20120912164641_R.bmp,Cogent,93,Cogent_93,Normal,0,NA,20120912164641_R.bmp
C:\Users\sahar\OneDrive\Desktop\EXPLAINABLE_IRIS_PAD\Data\Raw\IIITD_Contact_Lens_Iris_DB\Cogent Scanner\93\Normal\20120912164648_L.bmp,Cogent,93,Cogent_93,Normal,0,NA,20120912164648_L.bmp
C:\Users\sahar\OneDrive\Desktop\EXPLAINABLE_IRIS_PAD\Data\Raw\IIITD_Contact_Lens_Iris_DB\Cogent Scanner\93\Normal\20120912164648_R.bmp,Cogent,93,Cogent_93,Normal,0,NA,20120912164648_R.bmp
C:\Users\sahar\OneDrive\Desktop\EXPLAINABLE_IRIS_PAD\Data\Raw\IIITD_Contact_Lens_Iris_DB\Cogent Scanner\93\Normal\20120912164651_L.bmp,Cogent,93,Cogent_93,Normal,0,NA,20120912164651_L.bmp
C:\Users\sahar\OneDrive\Desktop\EXPLAINABLE_IRIS_PAD\Data\Raw\IIITD_Contact_Lens_Iris_DB\Cogent Scanner\93\Normal\20120912164651_R.bmp,Cogent,93,Cogent_93,Normal,0,NA,20120912164651_R.bmp
C:\Users\sahar\OneDrive\Desktop\EXPLAINABLE_IRIS_PAD\Data\Raw\IIITD_Contact_Lens_Iris_DB\Cogent Scanner\94\Colored\20120913121101_L.bmp,Cogent,94,Cogent_94,Colored,1,NA,20120913121101_L.bmp
C:\Users\sahar\OneDrive\Desktop\EXPLAINABLE_IRIS_PAD\Data\Raw\IIITD_Contact_Lens_Iris_DB\Cogent Scanner\94\Colored\20120913121101_R.bmp,Cogent,94,Cogent_94,Colored,1,NA,20120913121101_R.bmp
C:\Users\sahar\OneDrive\Desktop\EXPLAINABLE_IRIS_PAD\Data\Raw\IIITD_Contact_Lens_Iris_DB\Cogent Scanner\94\Colored\20120913121105_L.bmp,Cogent,94,Cogent_94,Colored,1,NA,20120913121105_L.bmp
C:\Users\sahar\OneDrive\Desktop\EXPLAINABLE_IRIS_PAD\Data\Raw\IIITD_Contact_Lens_Iris_DB\Cogent Scanner\94\Colored\20120913121105_R.bmp,Cogent,94,Cogent_94,Colored,1,NA,20120913121105_R.bmp
C:\Users\sahar\OneDrive\Desktop\EXPLAINABLE_IRIS_PAD\Data\Raw\IIITD_Contact_Lens_Iris_DB\Cogent Scanner\94\Colored\20120913121108_L.bmp,Cogent,94,Cogent_94,Colored,1,NA,20120913121108_L.bmp
C:\Users\sahar\OneDrive\Desktop\EXPLAINABLE_IRIS_PAD\Data\Raw\IIITD_Contact_Lens_Iris_DB\Cogent Scanner\94\Colored\20120913121108_R.bmp,Cogent,94,Cogent_94,Colored,1,NA,20120913121108_R.bmp
C:\Users\sahar\OneDrive\Desktop\EXPLAINABLE_IRIS_PAD\Data\Raw\IIITD_Contact_Lens_Iris_DB\Cogent Scanner\94\Colored\20120913121111_L.bmp,Cogent,94,Cogent_94,Colored,1,NA,20120913121111_L.bmp
C:\Users\sahar\OneDrive\Desktop\EXPLAINABLE_IRIS_PAD\Data\Raw\IIITD_Contact_Lens_Iris_DB\Cogent Scanner\94\Colored\20120913121111_R.bmp,Cogent,94,Cogent_94,Colored,1,NA,20120913121111_R.bmp
C:\Users\sahar\OneDrive\Desktop\EXPLAINABLE_IRIS_PAD\Data\Raw\IIITD_Contact_Lens_Iris_DB\Cogent Scanner\94\Colored\20120913121113_L.bmp,Cogent,94,Cogent_94,Colored,1,NA,20120913121113_L.bmp
C:\Users\sahar\OneDrive\Desktop\EXPLAINABLE_IRIS_PAD\Data\Raw\IIITD_Contact_Lens_Iris_DB\Cogent Scanner\94\Colored\20120913121113_R.bmp,Cogent,94,Cogent_94,Colored,1,NA,20120913121113_R.bmp
C:\Users\sahar\OneDrive\Desktop\EXPLAINABLE_IRIS_PAD\Data\Raw\IIITD_Contact_Lens_Iris_DB\Cogent Scanner\94\Colored\20120913121115_L.bmp,Cogent,94,Cogent_94,Colored,1,NA,20120913121115_L.bmp
C:\Users\sahar\OneDrive\Desktop\EXPLAINABLE_IRIS_PAD\Data\Raw\IIITD_Contact_Lens_Iris_DB\Cogent Scanner\94\Colored\20120913121115_R.bmp,Cogent,94,Cogent_94,Colored,1,NA,20120913121115_R.bmp
C:\Users\sahar\OneDrive\Desktop\EXPLAINABLE_IRIS_PAD\Data\Raw\IIITD_Contact_Lens_Iris_DB\Cogent Scanner\94\Colored\20120913121118_L.bmp,Cogent,94,Cogent_94,Colored,1,NA,20120913121118_L.bmp
C:\Users\sahar\OneDrive\Desktop\EXPLAINABLE_IRIS_PAD\Data\Raw\IIITD_Contact_Lens_Iris_DB\Cogent Scanner\94\Colored\20120913121118_R.bmp,Cogent,94,Cogent_94,Colored,1,NA,20120913121118_R.bmp
C:\Users\sahar\OneDrive\Desktop\EXPLAINABLE_IRIS_PAD\Data\Raw\IIITD_Contact_Lens_Iris_DB\Cogent Scanner\94\Normal\20120913113342_L.bmp,Cogent,94,Cogent_94,Normal,0,NA,20120913113342_L.bmp
C:\Users\sahar\OneDrive\Desktop\EXPLAINABLE_IRIS_PAD\Data\Raw\IIITD_Contact_Lens_Iris_DB\Cogent Scanner\94\Normal\20120913113342_R.bmp,Cogent,94,Cogent_94,Normal,0,NA,20120913113342_R.bmp
C:\Users\sahar\OneDrive\Desktop\EXPLAINABLE_IRIS_PAD\Data\Raw\IIITD_Contact_Lens_Iris_DB\Cogent Scanner\94\Normal\20120913113347_L.bmp,Cogent,94,Cogent_94,Normal,0,NA,20120913113347_L.bmp
C:\Users\sahar\OneDrive\Desktop\EXPLAINABLE_IRIS_PAD\Data\Raw\IIITD_Contact_Lens_Iris_DB\Cogent Scanner\94\Normal\20120913113347_R.bmp,Cogent,94,Cogent_94,Normal,0,NA,20120913113347_R.bmp
C:\Users\sahar\OneDrive\Desktop\EXPLAINABLE_IRIS_PAD\Data\Raw\IIITD_Contact_Lens_Iris_DB\Cogent Scanner\94\Normal\20120913113351_L.bmp,Cogent,94,Cogent_94,Normal,0,NA,20120913113351_L.bmp
C:\Users\sahar\OneDrive\Desktop\EXPLAINABLE_IRIS_PAD\Data\Raw\IIITD_Contact_Lens_Iris_DB\Cogent Scanner\94\Normal\20120913113351_R.bmp,Cogent,94,Cogent_94,Normal,0,NA,20120913113351_R.bmp
C:\Users\sahar\OneDrive\Desktop\EXPLAINABLE_IRIS_PAD\Data\Raw\IIITD_Contact_Lens_Iris_DB\Cogent Scanner\94\Normal\20120913113355_L.bmp,Cogent,94,Cogent_94,Normal,0,NA,20120913113355_L.bmp
C:\Users\sahar\OneDrive\Desktop\EXPLAINABLE_IRIS_PAD\Data\Raw\IIITD_Contact_Lens_Iris_DB\Cogent Scanner\94\Normal\20120913113355_R.bmp,Cogent,94,Cogent_94,Normal,0,NA,20120913113355_R.bmp
C:\Users\sahar\OneDrive\Desktop\EXPLAINABLE_IRIS_PAD\Data\Raw\IIITD_Contact_Lens_Iris_DB\Cogent Scanner\94\Normal\20120913113400_L.bmp,Cogent,94,Cogent_94,Normal,0,NA,20120913113400_L.bmp
C:\Users\sahar\OneDrive\Desktop\EXPLAINABLE_IRIS_PAD\Data\Raw\IIITD_Contact_Lens_Iris_DB\Cogent Scanner\94\Normal\20120913113400_R.bmp,Cogent,94,Cogent_94,Normal,0,NA,20120913113400_R.bmp
C:\Users\sahar\OneDrive\Desktop\EXPLAINABLE_IRIS_PAD\Data\Raw\IIITD_Contact_Lens_Iris_DB\Cogent Scanner\95\Colored\20120914142036_L.bmp,Cogent,95,Cogent_95,Colored,1,NA,20120914142036_L.bmp
C:\Users\sahar\OneDrive\Desktop\EXPLAINABLE_IRIS_PAD\Data\Raw\IIITD_Contact_Lens_Iris_DB\Cogent Scanner\95\Colored\20120914142036_R.bmp,Cogent,95,Cogent_95,Colored,1,NA,20120914142036_R.bmp
C:\Users\sahar\OneDrive\Desktop\EXPLAINABLE_IRIS_PAD\Data\Raw\IIITD_Contact_Lens_Iris_DB\Cogent Scanner\95\Colored\20120914142039_L.bmp,Cogent,95,Cogent_95,Colored,1,NA,20120914142039_L.bmp
C:\Users\sahar\OneDrive\Desktop\EXPLAINABLE_IRIS_PAD\Data\Raw\IIITD_Contact_Lens_Iris_DB\Cogent Scanner\95\Colored\20120914142039_R.bmp,Cogent,95,Cogent_95,Colored,1,NA,20120914142039_R.bmp
C:\Users\sahar\OneDrive\Desktop\EXPLAINABLE_IRIS_PAD\Data\Raw\IIITD_Contact_Lens_Iris_DB\Cogent Scanner\95\Colored\20120914142042_L.bmp,Cogent,95,Cogent_95,Colored,1,NA,20120914142042_L.bmp
C:\Users\sahar\OneDrive\Desktop\EXPLAINABLE_IRIS_PAD\Data\Raw\IIITD_Contact_Lens_Iris_DB\Cogent Scanner\95\Colored\20120914142042_R.bmp,Cogent,95,Cogent_95,Colored,1,NA,20120914142042_R.bmp
C:\Users\sahar\OneDrive\Desktop\EXPLAINABLE_IRIS_PAD\Data\Raw\IIITD_Contact_Lens_Iris_DB\Cogent Scanner\95\Colored\20120914142047_L.bmp,Cogent,95,Cogent_95,Colored,1,NA,20120914142047_L.bmp
C:\Users\sahar\OneDrive\Desktop\EXPLAINABLE_IRIS_PAD\Data\Raw\IIITD_Contact_Lens_Iris_DB\Cogent Scanner\95\Colored\20120914142047_R.bmp,Cogent,95,Cogent_95,Colored,1,NA,20120914142047_R.bmp
C:\Users\sahar\OneDrive\Desktop\EXPLAINABLE_IRIS_PAD\Data\Raw\IIITD_Contact_Lens_Iris_DB\Cogent Scanner\95\Colored\20120914142050_L.bmp,Cogent,95,Cogent_95,Colored,1,NA,20120914142050_L.bmp
C:\Users\sahar\OneDrive\Desktop\EXPLAINABLE_IRIS_PAD\Data\Raw\IIITD_Contact_Lens_Iris_DB\Cogent Scanner\95\Colored\20120914142050_R.bmp,Cogent,95,Cogent_95,Colored,1,NA,20120914142050_R.bmp
C:\Users\sahar\OneDrive\Desktop\EXPLAINABLE_IRIS_PAD\Data\Raw\IIITD_Contact_Lens_Iris_DB\Cogent Scanner\95\Normal\20120913123619_L.bmp,Cogent,95,Cogent_95,Normal,0,NA,20120913123619_L.bmp
C:\Users\sahar\OneDrive\Desktop\EXPLAINABLE_IRIS_PAD\Data\Raw\IIITD_Contact_Lens_Iris_DB\Cogent Scanner\95\Normal\20120913123619_R.bmp,Cogent,95,Cogent_95,Normal,0,NA,20120913123619_R.bmp
C:\Users\sahar\OneDrive\Desktop\EXPLAINABLE_IRIS_PAD\Data\Raw\IIITD_Contact_Lens_Iris_DB\Cogent Scanner\95\Normal\20120913123624_L.bmp,Cogent,95,Cogent_95,Normal,0,NA,20120913123624_L.bmp
C:\Users\sahar\OneDrive\Desktop\EXPLAINABLE_IRIS_PAD\Data\Raw\IIITD_Contact_Lens_Iris_DB\Cogent Scanner\95\Normal\20120913123624_R.bmp,Cogent,95,Cogent_95,Normal,0,NA,20120913123624_R.bmp
C:\Users\sahar\OneDrive\Desktop\EXPLAINABLE_IRIS_PAD\Data\Raw\IIITD_Contact_Lens_Iris_DB\Cogent Scanner\95\Normal\20120913123627_L.bmp,Cogent,95,Cogent_95,Normal,0,NA,20120913123627_L.bmp
C:\Users\sahar\OneDrive\Desktop\EXPLAINABLE_IRIS_PAD\Data\Raw\IIITD_Contact_Lens_Iris_DB\Cogent Scanner\95\Normal\20120913123627_R.bmp,Cogent,95,Cogent_95,Normal,0,NA,20120913123627_R.bmp
C:\Users\sahar\OneDrive\Desktop\EXPLAINABLE_IRIS_PAD\Data\Raw\IIITD_Contact_Lens_Iris_DB\Cogent Scanner\95\Normal\20120913123629_L.bmp,Cogent,95,Cogent_95,Normal,0,NA,20120913123629_L.bmp
C:\Users\sahar\OneDrive\Desktop\EXPLAINABLE_IRIS_PAD\Data\Raw\IIITD_Contact_Lens_Iris_DB\Cogent Scanner\95\Normal\20120913123629_R.bmp,Cogent,95,Cogent_95,Normal,0,NA,20120913123629_R.bmp
C:\Users\sahar\OneDrive\Desktop\EXPLAINABLE_IRIS_PAD\Data\Raw\IIITD_Contact_Lens_Iris_DB\Cogent Scanner\95\Normal\20120913123632_L.bmp,Cogent,95,Cogent_95,Normal,0,NA,20120913123632_L.bmp
C:\Users\sahar\OneDrive\Desktop\EXPLAINABLE_IRIS_PAD\Data\Raw\IIITD_Contact_Lens_Iris_DB\Cogent Scanner\95\Normal\20120913123632_R.bmp,Cogent,95,Cogent_95,Normal,0,NA,20120913123632_R.bmp
C:\Users\sahar\OneDrive\Desktop\EXPLAINABLE_IRIS_PAD\Data\Raw\IIITD_Contact_Lens_Iris_DB\Cogent Scanner\95\Normal\20120913123634_L.bmp,Cogent,95,Cogent_95,Normal,0,NA,20120913123634_L.bmp
C:\Users\sahar\OneDrive\Desktop\EXPLAINABLE_IRIS_PAD\Data\Raw\IIITD_Contact_Lens_Iris_DB\Cogent Scanner\95\Normal\20120913123634_R.bmp,Cogent,95,Cogent_95,Normal,0,NA,20120913123634_R.bmp
C:\Users\sahar\OneDrive\Desktop\EXPLAINABLE_IRIS_PAD\Data\Raw\IIITD_Contact_Lens_Iris_DB\Cogent Scanner\95\Normal\20120913123637_L.bmp,Cogent,95,Cogent_95,Normal,0,NA,20120913123637_L.bmp
C:\Users\sahar\OneDrive\Desktop\EXPLAINABLE_IRIS_PAD\Data\Raw\IIITD_Contact_Lens_Iris_DB\Cogent Scanner\95\Normal\20120913123637_R.bmp,Cogent,95,Cogent_95,Normal,0,NA,20120913123637_R.bmp
C:\Users\sahar\OneDrive\Desktop\EXPLAINABLE_IRIS_PAD\Data\Raw\IIITD_Contact_Lens_Iris_DB\Cogent Scanner\97\Colored\20120912164337_L.bmp,Cogent,97,Cogent_97,Colored,1,NA,20120912164337_L.bmp
C:\Users\sahar\OneDrive\Desktop\EXPLAINABLE_IRIS_PAD\Data\Raw\IIITD_Contact_Lens_Iris_DB\Cogent Scanner\97\Colored\20120912164337_R.bmp,Cogent,97,Cogent_97,Colored,1,NA,20120912164337_R.bmp
C:\Users\sahar\OneDrive\Desktop\EXPLAINABLE_IRIS_PAD\Data\Raw\IIITD_Contact_Lens_Iris_DB\Cogent Scanner\97\Colored\20120912164342_L.bmp,Cogent,97,Cogent_97,Colored,1,NA,20120912164342_L.bmp
C:\Users\sahar\OneDrive\Desktop\EXPLAINABLE_IRIS_PAD\Data\Raw\IIITD_Contact_Lens_Iris_DB\Cogent Scanner\97\Colored\20120912164342_R.bmp,Cogent,97,Cogent_97,Colored,1,NA,20120912164342_R.bmp
C:\Users\sahar\OneDrive\Desktop\EXPLAINABLE_IRIS_PAD\Data\Raw\IIITD_Contact_Lens_Iris_DB\Cogent Scanner\97\Colored\20120912164347_L.bmp,Cogent,97,Cogent_97,Colored,1,NA,20120912164347_L.bmp
C:\Users\sahar\OneDrive\Desktop\EXPLAINABLE_IRIS_PAD\Data\Raw\IIITD_Contact_Lens_Iris_DB\Cogent Scanner\97\Colored\20120912164347_R.bmp,Cogent,97,Cogent_97,Colored,1,NA,20120912164347_R.bmp
C:\Users\sahar\OneDrive\Desktop\EXPLAINABLE_IRIS_PAD\Data\Raw\IIITD_Contact_Lens_Iris_DB\Cogent Scanner\97\Colored\20120912164352_L.bmp,Cogent,97,Cogent_97,Colored,1,NA,20120912164352_L.bmp
C:\Users\sahar\OneDrive\Desktop\EXPLAINABLE_IRIS_PAD\Data\Raw\IIITD_Contact_Lens_Iris_DB\Cogent Scanner\97\Colored\20120912164352_R.bmp,Cogent,97,Cogent_97,Colored,1,NA,20120912164352_R.bmp
C:\Users\sahar\OneDrive\Desktop\EXPLAINABLE_IRIS_PAD\Data\Raw\IIITD_Contact_Lens_Iris_DB\Cogent Scanner\97\Colored\20120912164357_L.bmp,Cogent,97,Cogent_97,Colored,1,NA,20120912164357_L.bmp
C:\Users\sahar\OneDrive\Desktop\EXPLAINABLE_IRIS_PAD\Data\Raw\IIITD_Contact_Lens_Iris_DB\Cogent Scanner\97\Colored\20120912164357_R.bmp,Cogent,97,Cogent_97,Colored,1,NA,20120912164357_R.bmp
C:\Users\sahar\OneDrive\Desktop\EXPLAINABLE_IRIS_PAD\Data\Raw\IIITD_Contact_Lens_Iris_DB\Cogent Scanner\97\Normal\20120912153229_L.bmp,Cogent,97,Cogent_97,Normal,0,NA,20120912153229_L.bmp
C:\Users\sahar\OneDrive\Desktop\EXPLAINABLE_IRIS_PAD\Data\Raw\IIITD_Contact_Lens_Iris_DB\Cogent Scanner\97\Normal\20120912153229_R.bmp,Cogent,97,Cogent_97,Normal,0,NA,20120912153229_R.bmp
C:\Users\sahar\OneDrive\Desktop\EXPLAINABLE_IRIS_PAD\Data\Raw\IIITD_Contact_Lens_Iris_DB\Cogent Scanner\97\Normal\20120912153238_L.bmp,Cogent,97,Cogent_97,Normal,0,NA,20120912153238_L.bmp
C:\Users\sahar\OneDrive\Desktop\EXPLAINABLE_IRIS_PAD\Data\Raw\IIITD_Contact_Lens_Iris_DB\Cogent Scanner\97\Normal\20120912153238_R.bmp,Cogent,97,Cogent_97,Normal,0,NA,20120912153238_R.bmp
C:\Users\sahar\OneDrive\Desktop\EXPLAINABLE_IRIS_PAD\Data\Raw\IIITD_Contact_Lens_Iris_DB\Cogent Scanner\97\Normal\20120912153243_L.bmp,Cogent,97,Cogent_97,Normal,0,NA,20120912153243_L.bmp
C:\Users\sahar\OneDrive\Desktop\EXPLAINABLE_IRIS_PAD\Data\Raw\IIITD_Contact_Lens_Iris_DB\Cogent Scanner\97\Normal\20120912153243_R.bmp,Cogent,97,Cogent_97,Normal,0,NA,20120912153243_R.bmp
C:\Users\sahar\OneDrive\Desktop\EXPLAINABLE_IRIS_PAD\Data\Raw\IIITD_Contact_Lens_Iris_DB\Cogent Scanner\97\Normal\20120912153247_L.bmp,Cogent,97,Cogent_97,Normal,0,NA,20120912153247_L.bmp
C:\Users\sahar\OneDrive\Desktop\EXPLAINABLE_IRIS_PAD\Data\Raw\IIITD_Contact_Lens_Iris_DB\Cogent Scanner\97\Normal\20120912153247_R.bmp,Cogent,97,Cogent_97,Normal,0,NA,20120912153247_R.bmp
C:\Users\sahar\OneDrive\Desktop\EXPLAINABLE_IRIS_PAD\Data\Raw\IIITD_Contact_Lens_Iris_DB\Cogent Scanner\97\Normal\20120912153251_L.bmp,Cogent,97,Cogent_97,Normal,0,NA,20120912153251_L.bmp
C:\Users\sahar\OneDrive\Desktop\EXPLAINABLE_IRIS_PAD\Data\Raw\IIITD_Contact_Lens_Iris_DB\Cogent Scanner\97\Normal\20120912153251_R.bmp,Cogent,97,Cogent_97,Normal,0,NA,20120912153251_R.bmp
C:\Users\sahar\OneDrive\Desktop\EXPLAINABLE_IRIS_PAD\Data\Raw\IIITD_Contact_Lens_Iris_DB\Cogent Scanner\98\Colored\20120914150408_L.bmp,Cogent,98,Cogent_98,Colored,1,NA,20120914150408_L.bmp
C:\Users\sahar\OneDrive\Desktop\EXPLAINABLE_IRIS_PAD\Data\Raw\IIITD_Contact_Lens_Iris_DB\Cogent Scanner\98\Colored\20120914150408_R.bmp,Cogent,98,Cogent_98,Colored,1,NA,20120914150408_R.bmp
C:\Users\sahar\OneDrive\Desktop\EXPLAINABLE_IRIS_PAD\Data\Raw\IIITD_Contact_Lens_Iris_DB\Cogent Scanner\98\Colored\20120914150412_L.bmp,Cogent,98,Cogent_98,Colored,1,NA,20120914150412_L.bmp
C:\Users\sahar\OneDrive\Desktop\EXPLAINABLE_IRIS_PAD\Data\Raw\IIITD_Contact_Lens_Iris_DB\Cogent Scanner\98\Colored\20120914150412_R.bmp,Cogent,98,Cogent_98,Colored,1,NA,20120914150412_R.bmp
C:\Users\sahar\OneDrive\Desktop\EXPLAINABLE_IRIS_PAD\Data\Raw\IIITD_Contact_Lens_Iris_DB\Cogent Scanner\98\Colored\20120914150417_L.bmp,Cogent,98,Cogent_98,Colored,1,NA,20120914150417_L.bmp
C:\Users\sahar\OneDrive\Desktop\EXPLAINABLE_IRIS_PAD\Data\Raw\IIITD_Contact_Lens_Iris_DB\Cogent Scanner\98\Colored\20120914150417_R.bmp,Cogent,98,Cogent_98,Colored,1,NA,20120914150417_R.bmp
C:\Users\sahar\OneDrive\Desktop\EXPLAINABLE_IRIS_PAD\Data\Raw\IIITD_Contact_Lens_Iris_DB\Cogent Scanner\98\Colored\20120914150421_L.bmp,Cogent,98,Cogent_98,Colored,1,NA,20120914150421_L.bmp
C:\Users\sahar\OneDrive\Desktop\EXPLAINABLE_IRIS_PAD\Data\Raw\IIITD_Contact_Lens_Iris_DB\Cogent Scanner\98\Colored\20120914150421_R.bmp,Cogent,98,Cogent_98,Colored,1,NA,20120914150421_R.bmp
C:\Users\sahar\OneDrive\Desktop\EXPLAINABLE_IRIS_PAD\Data\Raw\IIITD_Contact_Lens_Iris_DB\Cogent Scanner\98\Colored\20120914150425_L.bmp,Cogent,98,Cogent_98,Colored,1,NA,20120914150425_L.bmp
C:\Users\sahar\OneDrive\Desktop\EXPLAINABLE_IRIS_PAD\Data\Raw\IIITD_Contact_Lens_Iris_DB\Cogent Scanner\98\Colored\20120914150425_R.bmp,Cogent,98,Cogent_98,Colored,1,NA,20120914150425_R.bmp
C:\Users\sahar\OneDrive\Desktop\EXPLAINABLE_IRIS_PAD\Data\Raw\IIITD_Contact_Lens_Iris_DB\Cogent Scanner\98\Normal\20120914142634_L.bmp,Cogent,98,Cogent_98,Normal,0,NA,20120914142634_L.bmp
C:\Users\sahar\OneDrive\Desktop\EXPLAINABLE_IRIS_PAD\Data\Raw\IIITD_Contact_Lens_Iris_DB\Cogent Scanner\98\Normal\20120914142634_R.bmp,Cogent,98,Cogent_98,Normal,0,NA,20120914142634_R.bmp
C:\Users\sahar\OneDrive\Desktop\EXPLAINABLE_IRIS_PAD\Data\Raw\IIITD_Contact_Lens_Iris_DB\Cogent Scanner\98\Normal\20120914142638_L.bmp,Cogent,98,Cogent_98,Normal,0,NA,20120914142638_L.bmp
C:\Users\sahar\OneDrive\Desktop\EXPLAINABLE_IRIS_PAD\Data\Raw\IIITD_Contact_Lens_Iris_DB\Cogent Scanner\98\Normal\20120914142638_R.bmp,Cogent,98,Cogent_98,Normal,0,NA,20120914142638_R.bmp
C:\Users\sahar\OneDrive\Desktop\EXPLAINABLE_IRIS_PAD\Data\Raw\IIITD_Contact_Lens_Iris_DB\Cogent Scanner\98\Normal\20120914142641_L.bmp,Cogent,98,Cogent_98,Normal,0,NA,20120914142641_L.bmp
C:\Users\sahar\OneDrive\Desktop\EXPLAINABLE_IRIS_PAD\Data\Raw\IIITD_Contact_Lens_Iris_DB\Cogent Scanner\98\Normal\20120914142641_R.bmp,Cogent,98,Cogent_98,Normal,0,NA,20120914142641_R.bmp
C:\Users\sahar\OneDrive\Desktop\EXPLAINABLE_IRIS_PAD\Data\Raw\IIITD_Contact_Lens_Iris_DB\Cogent Scanner\98\Normal\20120914142644_L.bmp,Cogent,98,Cogent_98,Normal,0,NA,20120914142644_L.bmp
C:\Users\sahar\OneDrive\Desktop\EXPLAINABLE_IRIS_PAD\Data\Raw\IIITD_Contact_Lens_Iris_DB\Cogent Scanner\98\Normal\20120914142644_R.bmp,Cogent,98,Cogent_98,Normal,0,NA,20120914142644_R.bmp
C:\Users\sahar\OneDrive\Desktop\EXPLAINABLE_IRIS_PAD\Data\Raw\IIITD_Contact_Lens_Iris_DB\Cogent Scanner\98\Normal\20120914142647_L.bmp,Cogent,98,Cogent_98,Normal,0,NA,20120914142647_L.bmp
C:\Users\sahar\OneDrive\Desktop\EXPLAINABLE_IRIS_PAD\Data\Raw\IIITD_Contact_Lens_Iris_DB\Cogent Scanner\98\Normal\20120914142647_R.bmp,Cogent,98,Cogent_98,Normal,0,NA,20120914142647_R.bmp
C:\Users\sahar\OneDrive\Desktop\EXPLAINABLE_IRIS_PAD\Data\Raw\IIITD_Contact_Lens_Iris_DB\Cogent Scanner\98\Normal\20120914142654_L.bmp,Cogent,98,Cogent_98,Normal,0,NA,20120914142654_L.bmp
C:\Users\sahar\OneDrive\Desktop\EXPLAINABLE_IRIS_PAD\Data\Raw\IIITD_Contact_Lens_Iris_DB\Cogent Scanner\98\Normal\20120914142654_R.bmp,Cogent,98,Cogent_98,Normal,0,NA,20120914142654_R.bmp
C:\Users\sahar\OneDrive\Desktop\EXPLAINABLE_IRIS_PAD\Data\Raw\IIITD_Contact_Lens_Iris_DB\Cogent Scanner\98\Normal\20120914142658_L.bmp,Cogent,98,Cogent_98,Normal,0,NA,20120914142658_L.bmp
C:\Users\sahar\OneDrive\Desktop\EXPLAINABLE_IRIS_PAD\Data\Raw\IIITD_Contact_Lens_Iris_DB\Cogent Scanner\98\Normal\20120914142658_R.bmp,Cogent,98,Cogent_98,Normal,0,NA,20120914142658_R.bmp
C:\Users\sahar\OneDrive\Desktop\EXPLAINABLE_IRIS_PAD\Data\Raw\IIITD_Contact_Lens_Iris_DB\Cogent Scanner\99\Colored\20120911163940_L.bmp,Cogent,99,Cogent_99,Colored,1,NA,20120911163940_L.bmp
C:\Users\sahar\OneDrive\Desktop\EXPLAINABLE_IRIS_PAD\Data\Raw\IIITD_Contact_Lens_Iris_DB\Cogent Scanner\99\Colored\20120911163940_R.bmp,Cogent,99,Cogent_99,Colored,1,NA,20120911163940_R.bmp
C:\Users\sahar\OneDrive\Desktop\EXPLAINABLE_IRIS_PAD\Data\Raw\IIITD_Contact_Lens_Iris_DB\Cogent Scanner\99\Colored\20120911163942_L.bmp,Cogent,99,Cogent_99,Colored,1,NA,20120911163942_L.bmp
C:\Users\sahar\OneDrive\Desktop\EXPLAINABLE_IRIS_PAD\Data\Raw\IIITD_Contact_Lens_Iris_DB\Cogent Scanner\99\Colored\20120911163942_R.bmp,Cogent,99,Cogent_99,Colored,1,NA,20120911163942_R.bmp
C:\Users\sahar\OneDrive\Desktop\EXPLAINABLE_IRIS_PAD\Data\Raw\IIITD_Contact_Lens_Iris_DB\Cogent Scanner\99\Colored\20120911163944_L.bmp,Cogent,99,Cogent_99,Colored,1,NA,20120911163944_L.bmp
C:\Users\sahar\OneDrive\Desktop\EXPLAINABLE_IRIS_PAD\Data\Raw\IIITD_Contact_Lens_Iris_DB\Cogent Scanner\99\Colored\20120911163944_R.bmp,Cogent,99,Cogent_99,Colored,1,NA,20120911163944_R.bmp
C:\Users\sahar\OneDrive\Desktop\EXPLAINABLE_IRIS_PAD\Data\Raw\IIITD_Contact_Lens_Iris_DB\Cogent Scanner\99\Colored\20120911163945_L.bmp,Cogent,99,Cogent_99,Colored,1,NA,20120911163945_L.bmp
C:\Users\sahar\OneDrive\Desktop\EXPLAINABLE_IRIS_PAD\Data\Raw\IIITD_Contact_Lens_Iris_DB\Cogent Scanner\99\Colored\20120911163946_R.bmp,Cogent,99,Cogent_99,Colored,1,NA,20120911163946_R.bmp
C:\Users\sahar\OneDrive\Desktop\EXPLAINABLE_IRIS_PAD\Data\Raw\IIITD_Contact_Lens_Iris_DB\Cogent Scanner\99\Colored\20120911163947_L.bmp,Cogent,99,Cogent_99,Colored,1,NA,20120911163947_L.bmp
C:\Users\sahar\OneDrive\Desktop\EXPLAINABLE_IRIS_PAD\Data\Raw\IIITD_Contact_Lens_Iris_DB\Cogent Scanner\99\Colored\20120911163947_R.bmp,Cogent,99,Cogent_99,Colored,1,NA,20120911163947_R.bmp
C:\Users\sahar\OneDrive\Desktop\EXPLAINABLE_IRIS_PAD\Data\Raw\IIITD_Contact_Lens_Iris_DB\Cogent Scanner\99\Colored\20120911163950_L.bmp,Cogent,99,Cogent_99,Colored,1,NA,20120911163950_L.bmp
C:\Users\sahar\OneDrive\Desktop\EXPLAINABLE_IRIS_PAD\Data\Raw\IIITD_Contact_Lens_Iris_DB\Cogent Scanner\99\Colored\20120911163950_R.bmp,Cogent,99,Cogent_99,Colored,1,NA,20120911163950_R.bmp
C:\Users\sahar\OneDrive\Desktop\EXPLAINABLE_IRIS_PAD\Data\Raw\IIITD_Contact_Lens_Iris_DB\Cogent Scanner\99\Normal\20120913113611_L.bmp,Cogent,99,Cogent_99,Normal,0,NA,20120913113611_L.bmp
C:\Users\sahar\OneDrive\Desktop\EXPLAINABLE_IRIS_PAD\Data\Raw\IIITD_Contact_Lens_Iris_DB\Cogent Scanner\99\Normal\20120913113611_R.bmp,Cogent,99,Cogent_99,Normal,0,NA,20120913113611_R.bmp
C:\Users\sahar\OneDrive\Desktop\EXPLAINABLE_IRIS_PAD\Data\Raw\IIITD_Contact_Lens_Iris_DB\Cogent Scanner\99\Normal\20120913113614_L.bmp,Cogent,99,Cogent_99,Normal,0,NA,20120913113614_L.bmp
C:\Users\sahar\OneDrive\Desktop\EXPLAINABLE_IRIS_PAD\Data\Raw\IIITD_Contact_Lens_Iris_DB\Cogent Scanner\99\Normal\20120913113614_R.bmp,Cogent,99,Cogent_99,Normal,0,NA,20120913113614_R.bmp
C:\Users\sahar\OneDrive\Desktop\EXPLAINABLE_IRIS_PAD\Data\Raw\IIITD_Contact_Lens_Iris_DB\Cogent Scanner\99\Normal\20120913113618_L.bmp,Cogent,99,Cogent_99,Normal,0,NA,20120913113618_L.bmp
C:\Users\sahar\OneDrive\Desktop\EXPLAINABLE_IRIS_PAD\Data\Raw\IIITD_Contact_Lens_Iris_DB\Cogent Scanner\99\Normal\20120913113618_R.bmp,Cogent,99,Cogent_99,Normal,0,NA,20120913113618_R.bmp
C:\Users\sahar\OneDrive\Desktop\EXPLAINABLE_IRIS_PAD\Data\Raw\IIITD_Contact_Lens_Iris_DB\Cogent Scanner\99\Normal\20120913113623_L.bmp,Cogent,99,Cogent_99,Normal,0,NA,20120913113623_L.bmp
C:\Users\sahar\OneDrive\Desktop\EXPLAINABLE_IRIS_PAD\Data\Raw\IIITD_Contact_Lens_Iris_DB\Cogent Scanner\99\Normal\20120913113623_R.bmp,Cogent,99,Cogent_99,Normal,0,NA,20120913113623_R.bmp
C:\Users\sahar\OneDrive\Desktop\EXPLAINABLE_IRIS_PAD\Data\Raw\IIITD_Contact_Lens_Iris_DB\Cogent Scanner\99\Normal\20120913113629_L.bmp,Cogent,99,Cogent_99,Normal,0,NA,20120913113629_L.bmp
C:\Users\sahar\OneDrive\Desktop\EXPLAINABLE_IRIS_PAD\Data\Raw\IIITD_Contact_Lens_Iris_DB\Cogent Scanner\99\Normal\20120913113629_R.bmp,Cogent,99,Cogent_99,Normal,0,NA,20120913113629_R.bmp
C:\Users\sahar\OneDrive\Desktop\EXPLAINABLE_IRIS_PAD\Data\Raw\IIITD_Contact_Lens_Iris_DB\Cogent Scanner\99\Normal\20120913113634_L.bmp,Cogent,99,Cogent_99,Normal,0,NA,20120913113634_L.bmp
C:\Users\sahar\OneDrive\Desktop\EXPLAINABLE_IRIS_PAD\Data\Raw\IIITD_Contact_Lens_Iris_DB\Cogent Scanner\99\Normal\20120913113634_R.bmp,Cogent,99,Cogent_99,Normal,0,NA,20120913113634_R.bmp
