path,label,pred,prob
C:\Users\sahar\OneDrive\Desktop\EXPLAINABLE_IRIS_PAD\Data\Raw\IIITD_Contact_Lens_Iris_DB\Cogent Scanner\1\Colored\20120914164317_L.bmp,1,1,0.9999976
C:\Users\sahar\OneDrive\Desktop\EXPLAINABLE_IRIS_PAD\Data\Raw\IIITD_Contact_Lens_Iris_DB\Cogent Scanner\1\Colored\20120914164317_R.bmp,1,1,1.0
C:\Users\sahar\OneDrive\Desktop\EXPLAINABLE_IRIS_PAD\Data\Raw\IIITD_Contact_Lens_Iris_DB\Cogent Scanner\1\Colored\20120914164320_L.bmp,1,1,0.99999976
C:\Users\sahar\OneDrive\Desktop\EXPLAINABLE_IRIS_PAD\Data\Raw\IIITD_Contact_Lens_Iris_DB\Cogent Scanner\1\Colored\20120914164320_R.bmp,1,1,0.9999982
C:\Users\sahar\OneDrive\Desktop\EXPLAINABLE_IRIS_PAD\Data\Raw\IIITD_Contact_Lens_Iris_DB\Cogent Scanner\1\Colored\20120914164322_L.bmp,1,1,0.9999976
C:\Users\sahar\OneDrive\Desktop\EXPLAINABLE_IRIS_PAD\Data\Raw\IIITD_Contact_Lens_Iris_DB\Cogent Scanner\1\Colored\20120914164322_R.bmp,1,1,0.9999999
C:\Users\sahar\OneDrive\Desktop\EXPLAINABLE_IRIS_PAD\Data\Raw\IIITD_Contact_Lens_Iris_DB\Cogent Scanner\1\Colored\20120914164325_L.bmp,1,1,0.9999995
C:\Users\sahar\OneDrive\Desktop\EXPLAINABLE_IRIS_PAD\Data\Raw\IIITD_Contact_Lens_Iris_DB\Cogent Scanner\1\Colored\20120914164325_R.bmp,1,1,0.9999999
C:\Users\sahar\OneDrive\Desktop\EXPLAINABLE_IRIS_PAD\Data\Raw\IIITD_Contact_Lens_Iris_DB\Cogent Scanner\1\Colored\20120914164328_L.bmp,1,1,1.0
C:\Users\sahar\OneDrive\Desktop\EXPLAINABLE_IRIS_PAD\Data\Raw\IIITD_Contact_Lens_Iris_DB\Cogent Scanner\1\Colored\20120914164328_R.bmp,1,1,0.9999887
C:\Users\sahar\OneDrive\Desktop\EXPLAINABLE_IRIS_PAD\Data\Raw\IIITD_Contact_Lens_Iris_DB\Cogent Scanner\1\Colored\20120914164331_L.bmp,1,1,1.0
C:\Users\sahar\OneDrive\Desktop\EXPLAINABLE_IRIS_PAD\Data\Raw\IIITD_Contact_Lens_Iris_DB\Cogent Scanner\1\Colored\20120914164331_R.bmp,1,1,0.9999988
C:\Users\sahar\OneDrive\Desktop\EXPLAINABLE_IRIS_PAD\Data\Raw\IIITD_Contact_Lens_Iris_DB\Cogent Scanner\1\Colored\20120914164333_L.bmp,1,1,1.0
C:\Users\sahar\OneDrive\Desktop\EXPLAINABLE_IRIS_PAD\Data\Raw\IIITD_Contact_Lens_Iris_DB\Cogent Scanner\1\Colored\20120914164333_R.bmp,1,1,0.9999889
C:\Users\sahar\OneDrive\Desktop\EXPLAINABLE_IRIS_PAD\Data\Raw\IIITD_Contact_Lens_Iris_DB\Cogent Scanner\1\Normal\20120914163848_L.bmp,0,0,4.822689e-08
C:\Users\sahar\OneDrive\Desktop\EXPLAINABLE_IRIS_PAD\Data\Raw\IIITD_Contact_Lens_Iris_DB\Cogent Scanner\1\Normal\20120914163848_R.bmp,0,0,6.505079e-06
C:\Users\sahar\OneDrive\Desktop\EXPLAINABLE_IRIS_PAD\Data\Raw\IIITD_Contact_Lens_Iris_DB\Cogent Scanner\1\Normal\20120914163856_L.bmp,0,0,6.561862e-09
C:\Users\sahar\OneDrive\Desktop\EXPLAINABLE_IRIS_PAD\Data\Raw\IIITD_Contact_Lens_Iris_DB\Cogent Scanner\1\Normal\20120914163856_R.bmp,0,0,2.34644e-08
C:\Users\sahar\OneDrive\Desktop\EXPLAINABLE_IRIS_PAD\Data\Raw\IIITD_Contact_Lens_Iris_DB\Cogent Scanner\1\Normal\20120914163901_L.bmp,0,0,3.44639e-08
C:\Users\sahar\OneDrive\Desktop\EXPLAINABLE_IRIS_PAD\Data\Raw\IIITD_Contact_Lens_Iris_DB\Cogent Scanner\1\Normal\20120914163901_R.bmp,0,0,3.2448918e-07
C:\Users\sahar\OneDrive\Desktop\EXPLAINABLE_IRIS_PAD\Data\Raw\IIITD_Contact_Lens_Iris_DB\Cogent Scanner\1\Normal\20120914163905_L.bmp,0,0,6.5982584e-09
C:\Users\sahar\OneDrive\Desktop\EXPLAINABLE_IRIS_PAD\Data\Raw\IIITD_Contact_Lens_Iris_DB\Cogent Scanner\1\Normal\20120914163905_R.bmp,0,0,1.6173049e-10
C:\Users\sahar\OneDrive\Desktop\EXPLAINABLE_IRIS_PAD\Data\Raw\IIITD_Contact_Lens_Iris_DB\Cogent Scanner\1\Normal\20120914163907_L.bmp,0,0,2.0270002e-06
C:\Users\sahar\OneDrive\Desktop\EXPLAINABLE_IRIS_PAD\Data\Raw\IIITD_Contact_Lens_Iris_DB\Cogent Scanner\1\Normal\20120914163907_R.bmp,0,0,2.1060158e-09
C:\Users\sahar\OneDrive\Desktop\EXPLAINABLE_IRIS_PAD\Data\Raw\IIITD_Contact_Lens_Iris_DB\Cogent Scanner\18\Colored\20120919150418_L.bmp,1,1,0.99999964
C:\Users\sahar\OneDrive\Desktop\EXPLAINABLE_IRIS_PAD\Data\Raw\IIITD_Contact_Lens_Iris_DB\Cogent Scanner\18\Colored\20120919150418_R.bmp,1,1,0.9999969
C:\Users\sahar\OneDrive\Desktop\EXPLAINABLE_IRIS_PAD\Data\Raw\IIITD_Contact_Lens_Iris_DB\Cogent Scanner\18\Colored\20120919150420_L.bmp,1,1,0.99999726
C:\Users\sahar\OneDrive\Desktop\EXPLAINABLE_IRIS_PAD\Data\Raw\IIITD_Contact_Lens_Iris_DB\Cogent Scanner\18\Colored\20120919150420_R.bmp,1,1,0.9999933
C:\Users\sahar\OneDrive\Desktop\EXPLAINABLE_IRIS_PAD\Data\Raw\IIITD_Contact_Lens_Iris_DB\Cogent Scanner\18\Colored\20120919150423_L.bmp,1,1,0.99993026
C:\Users\sahar\OneDrive\Desktop\EXPLAINABLE_IRIS_PAD\Data\Raw\IIITD_Contact_Lens_Iris_DB\Cogent Scanner\18\Colored\20120919150423_R.bmp,1,1,0.99999976
C:\Users\sahar\OneDrive\Desktop\EXPLAINABLE_IRIS_PAD\Data\Raw\IIITD_Contact_Lens_Iris_DB\Cogent Scanner\18\Colored\20120919150426_L.bmp,1,1,0.9997681
C:\Users\sahar\OneDrive\Desktop\EXPLAINABLE_IRIS_PAD\Data\Raw\IIITD_Contact_Lens_Iris_DB\Cogent Scanner\18\Colored\20120919150426_R.bmp,1,1,1.0
C:\Users\sahar\OneDrive\Desktop\EXPLAINABLE_IRIS_PAD\Data\Raw\IIITD_Contact_Lens_Iris_DB\Cogent Scanner\18\Colored\20120919150434_L.bmp,1,1,0.99863833
C:\Users\sahar\OneDrive\Desktop\EXPLAINABLE_IRIS_PAD\Data\Raw\IIITD_Contact_Lens_Iris_DB\Cogent Scanner\18\Colored\20120919150434_R.bmp,1,1,0.9999944
C:\Users\sahar\OneDrive\Desktop\EXPLAINABLE_IRIS_PAD\Data\Raw\IIITD_Contact_Lens_Iris_DB\Cogent Scanner\18\Colored\20120919150437_L.bmp,1,1,0.9998203
C:\Users\sahar\OneDrive\Desktop\EXPLAINABLE_IRIS_PAD\Data\Raw\IIITD_Contact_Lens_Iris_DB\Cogent Scanner\18\Colored\20120919150437_R.bmp,1,1,0.9999999
C:\Users\sahar\OneDrive\Desktop\EXPLAINABLE_IRIS_PAD\Data\Raw\IIITD_Contact_Lens_Iris_DB\Cogent Scanner\18\Colored\20120919150440_L.bmp,1,1,0.99983966
C:\Users\sahar\OneDrive\Desktop\EXPLAINABLE_IRIS_PAD\Data\Raw\IIITD_Contact_Lens_Iris_DB\Cogent Scanner\18\Colored\20120919150440_R.bmp,1,1,0.99999833
C:\Users\sahar\OneDrive\Desktop\EXPLAINABLE_IRIS_PAD\Data\Raw\IIITD_Contact_Lens_Iris_DB\Cogent Scanner\18\Colored\20120919150443_L.bmp,1,1,0.99987876
C:\Users\sahar\OneDrive\Desktop\EXPLAINABLE_IRIS_PAD\Data\Raw\IIITD_Contact_Lens_Iris_DB\Cogent Scanner\18\Colored\20120919150443_R.bmp,1,1,0.9999999
C:\Users\sahar\OneDrive\Desktop\EXPLAINABLE_IRIS_PAD\Data\Raw\IIITD_Contact_Lens_Iris_DB\Cogent Scanner\18\Normal\20120919145006_L.bmp,0,0,6.899846e-06
C:\Users\sahar\OneDrive\Desktop\EXPLAINABLE_IRIS_PAD\Data\Raw\IIITD_Contact_Lens_Iris_DB\Cogent Scanner\18\Normal\20120919145006_R.bmp,0,0,1.5954969e-06
C:\Users\sahar\OneDrive\Desktop\EXPLAINABLE_IRIS_PAD\Data\Raw\IIITD_Contact_Lens_Iris_DB\Cogent Scanner\18\Normal\20120919145009_L.bmp,0,0,1.356896e-05
C:\Users\sahar\OneDrive\Desktop\EXPLAINABLE_IRIS_PAD\Data\Raw\IIITD_Contact_Lens_Iris_DB\Cogent Scanner\18\Normal\20120919145009_R.bmp,0,0,8.004288e-06
C:\Users\sahar\OneDrive\Desktop\EXPLAINABLE_IRIS_PAD\Data\Raw\IIITD_Contact_Lens_Iris_DB\Cogent Scanner\18\Normal\20120919145013_L.bmp,0,0,4.7967637e-06
C:\Users\sahar\OneDrive\Desktop\EXPLAINABLE_IRIS_PAD\Data\Raw\IIITD_Contact_Lens_Iris_DB\Cogent Scanner\18\Normal\20120919145013_R.bmp,0,0,2.5260952e-05
C:\Users\sahar\OneDrive\Desktop\EXPLAINABLE_IRIS_PAD\Data\Raw\IIITD_Contact_Lens_Iris_DB\Cogent Scanner\18\Normal\20120919145016_L.bmp,0,0,3.0375464e-05
C:\Users\sahar\OneDrive\Desktop\EXPLAINABLE_IRIS_PAD\Data\Raw\IIITD_Contact_Lens_Iris_DB\Cogent Scanner\18\Normal\20120919145016_R.bmp,0,0,1.5434915e-05
C:\Users\sahar\OneDrive\Desktop\EXPLAINABLE_IRIS_PAD\Data\Raw\IIITD_Contact_Lens_Iris_DB\Cogent Scanner\18\Normal\20120919145019_L.bmp,0,0,8.615906e-06
C:\Users\sahar\OneDrive\Desktop\EXPLAINABLE_IRIS_PAD\Data\Raw\IIITD_Contact_Lens_Iris_DB\Cogent Scanner\18\Normal\20120919145019_R.bmp,0,0,1.02966505e-05
C:\Users\sahar\OneDrive\Desktop\EXPLAINABLE_IRIS_PAD\Data\Raw\IIITD_Contact_Lens_Iris_DB\Cogent Scanner\18\Normal\20120919145023_L.bmp,0,0,2.6159992e-06
C:\Users\sahar\OneDrive\Desktop\EXPLAINABLE_IRIS_PAD\Data\Raw\IIITD_Contact_Lens_Iris_DB\Cogent Scanner\18\Normal\20120919145023_R.bmp,0,0,1.5062216e-06
C:\Users\sahar\OneDrive\Desktop\EXPLAINABLE_IRIS_PAD\Data\Raw\IIITD_Contact_Lens_Iris_DB\Cogent Scanner\18\Normal\20120919145027_L.bmp,0,0,4.82596e-06
C:\Users\sahar\OneDrive\Desktop\EXPLAINABLE_IRIS_PAD\Data\Raw\IIITD_Contact_Lens_Iris_DB\Cogent Scanner\18\Normal\20120919145027_R.bmp,0,0,2.3840533e-07
C:\Users\sahar\OneDrive\Desktop\EXPLAINABLE_IRIS_PAD\Data\Raw\IIITD_Contact_Lens_Iris_DB\Cogent Scanner\19\Colored\20120920165809_L.bmp,1,1,0.99999416
C:\Users\sahar\OneDrive\Desktop\EXPLAINABLE_IRIS_PAD\Data\Raw\IIITD_Contact_Lens_Iris_DB\Cogent Scanner\19\Colored\20120920165809_R.bmp,1,1,0.99998903
C:\Users\sahar\OneDrive\Desktop\EXPLAINABLE_IRIS_PAD\Data\Raw\IIITD_Contact_Lens_Iris_DB\Cogent Scanner\19\Colored\20120920170213_L.bmp,1,1,0.99958676
C:\Users\sahar\OneDrive\Desktop\EXPLAINABLE_IRIS_PAD\Data\Raw\IIITD_Contact_Lens_Iris_DB\Cogent Scanner\19\Colored\20120920170213_R.bmp,1,1,0.9999764
C:\Users\sahar\OneDrive\Desktop\EXPLAINABLE_IRIS_PAD\Data\Raw\IIITD_Contact_Lens_Iris_DB\Cogent Scanner\19\Colored\20120920170217_L.bmp,1,1,0.9999815
C:\Users\sahar\OneDrive\Desktop\EXPLAINABLE_IRIS_PAD\Data\Raw\IIITD_Contact_Lens_Iris_DB\Cogent Scanner\19\Colored\20120920170217_R.bmp,1,1,0.99999857
C:\Users\sahar\OneDrive\Desktop\EXPLAINABLE_IRIS_PAD\Data\Raw\IIITD_Contact_Lens_Iris_DB\Cogent Scanner\19\Colored\20120920170221_L.bmp,1,1,0.99972075
C:\Users\sahar\OneDrive\Desktop\EXPLAINABLE_IRIS_PAD\Data\Raw\IIITD_Contact_Lens_Iris_DB\Cogent Scanner\19\Colored\20120920170221_R.bmp,1,1,0.9998864
C:\Users\sahar\OneDrive\Desktop\EXPLAINABLE_IRIS_PAD\Data\Raw\IIITD_Contact_Lens_Iris_DB\Cogent Scanner\19\Colored\20120920170225_L.bmp,1,1,0.99982506
C:\Users\sahar\OneDrive\Desktop\EXPLAINABLE_IRIS_PAD\Data\Raw\IIITD_Contact_Lens_Iris_DB\Cogent Scanner\19\Colored\20120920170225_R.bmp,1,1,0.9999896
C:\Users\sahar\OneDrive\Desktop\EXPLAINABLE_IRIS_PAD\Data\Raw\IIITD_Contact_Lens_Iris_DB\Cogent Scanner\19\Colored\20120920170229_L.bmp,1,1,0.9999758
C:\Users\sahar\OneDrive\Desktop\EXPLAINABLE_IRIS_PAD\Data\Raw\IIITD_Contact_Lens_Iris_DB\Cogent Scanner\19\Colored\20120920170229_R.bmp,1,1,0.9999933
C:\Users\sahar\OneDrive\Desktop\EXPLAINABLE_IRIS_PAD\Data\Raw\IIITD_Contact_Lens_Iris_DB\Cogent Scanner\19\Normal\20120920134437_L.bmp,0,0,6.8965954e-07
C:\Users\sahar\OneDrive\Desktop\EXPLAINABLE_IRIS_PAD\Data\Raw\IIITD_Contact_Lens_Iris_DB\Cogent Scanner\19\Normal\20120920134438_R.bmp,0,0,2.6932084e-05
C:\Users\sahar\OneDrive\Desktop\EXPLAINABLE_IRIS_PAD\Data\Raw\IIITD_Contact_Lens_Iris_DB\Cogent Scanner\19\Normal\20120920134440_L.bmp,0,0,2.4033042e-07
C:\Users\sahar\OneDrive\Desktop\EXPLAINABLE_IRIS_PAD\Data\Raw\IIITD_Contact_Lens_Iris_DB\Cogent Scanner\19\Normal\20120920134440_R.bmp,0,0,8.9269404e-11
C:\Users\sahar\OneDrive\Desktop\EXPLAINABLE_IRIS_PAD\Data\Raw\IIITD_Contact_Lens_Iris_DB\Cogent Scanner\19\Normal\20120920134443_L.bmp,0,0,7.59028e-08
C:\Users\sahar\OneDrive\Desktop\EXPLAINABLE_IRIS_PAD\Data\Raw\IIITD_Contact_Lens_Iris_DB\Cogent Scanner\19\Normal\20120920134443_R.bmp,0,0,1.3585431e-07
C:\Users\sahar\OneDrive\Desktop\EXPLAINABLE_IRIS_PAD\Data\Raw\IIITD_Contact_Lens_Iris_DB\Cogent Scanner\19\Normal\20120920134446_L.bmp,0,0,6.3382157e-07
C:\Users\sahar\OneDrive\Desktop\EXPLAINABLE_IRIS_PAD\Data\Raw\IIITD_Contact_Lens_Iris_DB\Cogent Scanner\19\Normal\20120920134446_R.bmp,0,0,1.5921361e-07
C:\Users\sahar\OneDrive\Desktop\EXPLAINABLE_IRIS_PAD\Data\Raw\IIITD_Contact_Lens_Iris_DB\Cogent Scanner\19\Normal\20120920134449_L.bmp,0,0,2.6531309e-06
C:\Users\sahar\OneDrive\Desktop\EXPLAINABLE_IRIS_PAD\Data\Raw\IIITD_Contact_Lens_Iris_DB\Cogent Scanner\19\Normal\20120920134449_R.bmp,0,0,1.9183e-08
C:\Users\sahar\OneDrive\Desktop\EXPLAINABLE_IRIS_PAD\Data\Raw\IIITD_Contact_Lens_Iris_DB\Cogent Scanner\28\Colored\20120914141902_L.bmp,1,1,0.9999999
C:\Users\sahar\OneDrive\Desktop\EXPLAINABLE_IRIS_PAD\Data\Raw\IIITD_Contact_Lens_Iris_DB\Cogent Scanner\28\Colored\20120914141902_R.bmp,1,1,0.9999995
C:\Users\sahar\OneDrive\Desktop\EXPLAINABLE_IRIS_PAD\Data\Raw\IIITD_Contact_Lens_Iris_DB\Cogent Scanner\28\Colored\20120914141905_L.bmp,1,1,1.0
C:\Users\sahar\OneDrive\Desktop\EXPLAINABLE_IRIS_PAD\Data\Raw\IIITD_Contact_Lens_Iris_DB\Cogent Scanner\28\Colored\20120914141905_R.bmp,1,1,1.0
C:\Users\sahar\OneDrive\Desktop\EXPLAINABLE_IRIS_PAD\Data\Raw\IIITD_Contact_Lens_Iris_DB\Cogent Scanner\28\Colored\20120914141910_L.bmp,1,1,1.0
C:\Users\sahar\OneDrive\Desktop\EXPLAINABLE_IRIS_PAD\Data\Raw\IIITD_Contact_Lens_Iris_DB\Cogent Scanner\28\Colored\20120914141910_R.bmp,1,1,1.0
C:\Users\sahar\OneDrive\Desktop\EXPLAINABLE_IRIS_PAD\Data\Raw\IIITD_Contact_Lens_Iris_DB\Cogent Scanner\28\Colored\20120914141923_L.bmp,1,1,1.0
C:\Users\sahar\OneDrive\Desktop\EXPLAINABLE_IRIS_PAD\Data\Raw\IIITD_Contact_Lens_Iris_DB\Cogent Scanner\28\Colored\20120914141923_R.bmp,1,1,1.0
C:\Users\sahar\OneDrive\Desktop\EXPLAINABLE_IRIS_PAD\Data\Raw\IIITD_Contact_Lens_Iris_DB\Cogent Scanner\28\Colored\20120914141926_L.bmp,1,1,0.99999964
C:\Users\sahar\OneDrive\Desktop\EXPLAINABLE_IRIS_PAD\Data\Raw\IIITD_Contact_Lens_Iris_DB\Cogent Scanner\28\Colored\20120914141926_R.bmp,1,1,1.0
C:\Users\sahar\OneDrive\Desktop\EXPLAINABLE_IRIS_PAD\Data\Raw\IIITD_Contact_Lens_Iris_DB\Cogent Scanner\28\Colored\20120914141930_L.bmp,1,1,0.9999999
C:\Users\sahar\OneDrive\Desktop\EXPLAINABLE_IRIS_PAD\Data\Raw\IIITD_Contact_Lens_Iris_DB\Cogent Scanner\28\Colored\20120914141930_R.bmp,1,1,1.0
C:\Users\sahar\OneDrive\Desktop\EXPLAINABLE_IRIS_PAD\Data\Raw\IIITD_Contact_Lens_Iris_DB\Cogent Scanner\28\Normal\20120912125701_L.bmp,0,0,1.0344348e-06
C:\Users\sahar\OneDrive\Desktop\EXPLAINABLE_IRIS_PAD\Data\Raw\IIITD_Contact_Lens_Iris_DB\Cogent Scanner\28\Normal\20120912125701_R.bmp,0,0,2.8185225e-06
C:\Users\sahar\OneDrive\Desktop\EXPLAINABLE_IRIS_PAD\Data\Raw\IIITD_Contact_Lens_Iris_DB\Cogent Scanner\28\Normal\20120912125705_L.bmp,0,0,8.830188e-07
C:\Users\sahar\OneDrive\Desktop\EXPLAINABLE_IRIS_PAD\Data\Raw\IIITD_Contact_Lens_Iris_DB\Cogent Scanner\28\Normal\20120912125705_R.bmp,0,0,6.7504834e-07
C:\Users\sahar\OneDrive\Desktop\EXPLAINABLE_IRIS_PAD\Data\Raw\IIITD_Contact_Lens_Iris_DB\Cogent Scanner\28\Normal\20120912125716_L.bmp,0,0,1.0129793e-07
C:\Users\sahar\OneDrive\Desktop\EXPLAINABLE_IRIS_PAD\Data\Raw\IIITD_Contact_Lens_Iris_DB\Cogent Scanner\28\Normal\20120912125716_R.bmp,0,0,1.6755408e-08
C:\Users\sahar\OneDrive\Desktop\EXPLAINABLE_IRIS_PAD\Data\Raw\IIITD_Contact_Lens_Iris_DB\Cogent Scanner\28\Normal\20120912125721_L.bmp,0,0,1.3723802e-07
C:\Users\sahar\OneDrive\Desktop\EXPLAINABLE_IRIS_PAD\Data\Raw\IIITD_Contact_Lens_Iris_DB\Cogent Scanner\28\Normal\20120912125721_R.bmp,0,0,7.485828e-08
C:\Users\sahar\OneDrive\Desktop\EXPLAINABLE_IRIS_PAD\Data\Raw\IIITD_Contact_Lens_Iris_DB\Cogent Scanner\28\Normal\20120912125736_L.bmp,0,0,1.10730314e-10
C:\Users\sahar\OneDrive\Desktop\EXPLAINABLE_IRIS_PAD\Data\Raw\IIITD_Contact_Lens_Iris_DB\Cogent Scanner\28\Normal\20120912125736_R.bmp,0,0,4.498744e-10
C:\Users\sahar\OneDrive\Desktop\EXPLAINABLE_IRIS_PAD\Data\Raw\IIITD_Contact_Lens_Iris_DB\Cogent Scanner\31\Colored\20120912123709_L.bmp,1,1,0.9976502
C:\Users\sahar\OneDrive\Desktop\EXPLAINABLE_IRIS_PAD\Data\Raw\IIITD_Contact_Lens_Iris_DB\Cogent Scanner\31\Colored\20120912123709_R.bmp,1,1,0.99182594
C:\Users\sahar\OneDrive\Desktop\EXPLAINABLE_IRIS_PAD\Data\Raw\IIITD_Contact_Lens_Iris_DB\Cogent Scanner\31\Colored\20120912123713_L.bmp,1,1,0.9999753
C:\Users\sahar\OneDrive\Desktop\EXPLAINABLE_IRIS_PAD\Data\Raw\IIITD_Contact_Lens_Iris_DB\Cogent Scanner\31\Colored\20120912123713_R.bmp,1,1,0.9999993
C:\Users\sahar\OneDrive\Desktop\EXPLAINABLE_IRIS_PAD\Data\Raw\IIITD_Contact_Lens_Iris_DB\Cogent Scanner\31\Colored\20120912123719_L.bmp,1,1,0.9999877
C:\Users\sahar\OneDrive\Desktop\EXPLAINABLE_IRIS_PAD\Data\Raw\IIITD_Contact_Lens_Iris_DB\Cogent Scanner\31\Colored\20120912123719_R.bmp,1,1,0.99999917
C:\Users\sahar\OneDrive\Desktop\EXPLAINABLE_IRIS_PAD\Data\Raw\IIITD_Contact_Lens_Iris_DB\Cogent Scanner\31\Colored\20120912123731_L.bmp,1,1,0.9999578
C:\Users\sahar\OneDrive\Desktop\EXPLAINABLE_IRIS_PAD\Data\Raw\IIITD_Contact_Lens_Iris_DB\Cogent Scanner\31\Colored\20120912123731_R.bmp,1,1,1.0
C:\Users\sahar\OneDrive\Desktop\EXPLAINABLE_IRIS_PAD\Data\Raw\IIITD_Contact_Lens_Iris_DB\Cogent Scanner\31\Colored\20120912123737_L.bmp,1,1,0.99999833
C:\Users\sahar\OneDrive\Desktop\EXPLAINABLE_IRIS_PAD\Data\Raw\IIITD_Contact_Lens_Iris_DB\Cogent Scanner\31\Colored\20120912123737_R.bmp,1,1,0.9999999
C:\Users\sahar\OneDrive\Desktop\EXPLAINABLE_IRIS_PAD\Data\Raw\IIITD_Contact_Lens_Iris_DB\Cogent Scanner\31\Normal\20120912122205_L.bmp,0,0,2.001456e-06
C:\Users\sahar\OneDrive\Desktop\EXPLAINABLE_IRIS_PAD\Data\Raw\IIITD_Contact_Lens_Iris_DB\Cogent Scanner\31\Normal\20120912122206_R.bmp,0,0,4.8938443e-07
C:\Users\sahar\OneDrive\Desktop\EXPLAINABLE_IRIS_PAD\Data\Raw\IIITD_Contact_Lens_Iris_DB\Cogent Scanner\31\Normal\20120912122213_L.bmp,0,0,9.349653e-06
C:\Users\sahar\OneDrive\Desktop\EXPLAINABLE_IRIS_PAD\Data\Raw\IIITD_Contact_Lens_Iris_DB\Cogent Scanner\31\Normal\20120912122213_R.bmp,0,0,4.7953432e-09
C:\Users\sahar\OneDrive\Desktop\EXPLAINABLE_IRIS_PAD\Data\Raw\IIITD_Contact_Lens_Iris_DB\Cogent Scanner\31\Normal\20120912122220_L.bmp,0,0,2.4042807e-05
C:\Users\sahar\OneDrive\Desktop\EXPLAINABLE_IRIS_PAD\Data\Raw\IIITD_Contact_Lens_Iris_DB\Cogent Scanner\31\Normal\20120912122220_R.bmp,0,0,4.8350004e-09
C:\Users\sahar\OneDrive\Desktop\EXPLAINABLE_IRIS_PAD\Data\Raw\IIITD_Contact_Lens_Iris_DB\Cogent Scanner\31\Normal\20120912122223_L.bmp,0,0,2.4772062e-06
C:\Users\sahar\OneDrive\Desktop\EXPLAINABLE_IRIS_PAD\Data\Raw\IIITD_Contact_Lens_Iris_DB\Cogent Scanner\31\Normal\20120912122223_R.bmp,0,0,8.5077666e-08
C:\Users\sahar\OneDrive\Desktop\EXPLAINABLE_IRIS_PAD\Data\Raw\IIITD_Contact_Lens_Iris_DB\Cogent Scanner\31\Normal\20120912122231_L.bmp,0,0,1.1881103e-05
C:\Users\sahar\OneDrive\Desktop\EXPLAINABLE_IRIS_PAD\Data\Raw\IIITD_Contact_Lens_Iris_DB\Cogent Scanner\31\Normal\20120912122231_R.bmp,0,0,2.007982e-07
C:\Users\sahar\OneDrive\Desktop\EXPLAINABLE_IRIS_PAD\Data\Raw\IIITD_Contact_Lens_Iris_DB\Cogent Scanner\36\Colored\20120919165135_L.bmp,1,1,1.0
C:\Users\sahar\OneDrive\Desktop\EXPLAINABLE_IRIS_PAD\Data\Raw\IIITD_Contact_Lens_Iris_DB\Cogent Scanner\36\Colored\20120919165135_R.bmp,1,1,1.0
C:\Users\sahar\OneDrive\Desktop\EXPLAINABLE_IRIS_PAD\Data\Raw\IIITD_Contact_Lens_Iris_DB\Cogent Scanner\36\Colored\20120919165138_L.bmp,1,1,1.0
C:\Users\sahar\OneDrive\Desktop\EXPLAINABLE_IRIS_PAD\Data\Raw\IIITD_Contact_Lens_Iris_DB\Cogent Scanner\36\Colored\20120919165138_R.bmp,1,1,1.0
C:\Users\sahar\OneDrive\Desktop\EXPLAINABLE_IRIS_PAD\Data\Raw\IIITD_Contact_Lens_Iris_DB\Cogent Scanner\36\Colored\20120919165142_L.bmp,1,1,1.0
C:\Users\sahar\OneDrive\Desktop\EXPLAINABLE_IRIS_PAD\Data\Raw\IIITD_Contact_Lens_Iris_DB\Cogent Scanner\36\Colored\20120919165142_R.bmp,1,1,1.0
C:\Users\sahar\OneDrive\Desktop\EXPLAINABLE_IRIS_PAD\Data\Raw\IIITD_Contact_Lens_Iris_DB\Cogent Scanner\36\Colored\20120919165145_L.bmp,1,1,1.0
C:\Users\sahar\OneDrive\Desktop\EXPLAINABLE_IRIS_PAD\Data\Raw\IIITD_Contact_Lens_Iris_DB\Cogent Scanner\36\Colored\20120919165145_R.bmp,1,1,1.0
C:\Users\sahar\OneDrive\Desktop\EXPLAINABLE_IRIS_PAD\Data\Raw\IIITD_Contact_Lens_Iris_DB\Cogent Scanner\36\Colored\20120919165151_L.bmp,1,1,1.0
C:\Users\sahar\OneDrive\Desktop\EXPLAINABLE_IRIS_PAD\Data\Raw\IIITD_Contact_Lens_Iris_DB\Cogent Scanner\36\Colored\20120919165151_R.bmp,1,1,1.0
C:\Users\sahar\OneDrive\Desktop\EXPLAINABLE_IRIS_PAD\Data\Raw\IIITD_Contact_Lens_Iris_DB\Cogent Scanner\36\Colored\20120919165155_L.bmp,1,1,1.0
C:\Users\sahar\OneDrive\Desktop\EXPLAINABLE_IRIS_PAD\Data\Raw\IIITD_Contact_Lens_Iris_DB\Cogent Scanner\36\Colored\20120919165155_R.bmp,1,1,1.0
C:\Users\sahar\OneDrive\Desktop\EXPLAINABLE_IRIS_PAD\Data\Raw\IIITD_Contact_Lens_Iris_DB\Cogent Scanner\36\Normal\20120912115940_L.bmp,0,0,1.4508863e-06
C:\Users\sahar\OneDrive\Desktop\EXPLAINABLE_IRIS_PAD\Data\Raw\IIITD_Contact_Lens_Iris_DB\Cogent Scanner\36\Normal\20120912115940_R.bmp,0,0,3.5427533e-05
C:\Users\sahar\OneDrive\Desktop\EXPLAINABLE_IRIS_PAD\Data\Raw\IIITD_Contact_Lens_Iris_DB\Cogent Scanner\36\Normal\20120912115943_L.bmp,0,0,8.398962e-09
C:\Users\sahar\OneDrive\Desktop\EXPLAINABLE_IRIS_PAD\Data\Raw\IIITD_Contact_Lens_Iris_DB\Cogent Scanner\36\Normal\20120912115943_R.bmp,0,0,2.1987897e-05
C:\Users\sahar\OneDrive\Desktop\EXPLAINABLE_IRIS_PAD\Data\Raw\IIITD_Contact_Lens_Iris_DB\Cogent Scanner\36\Normal\20120912115946_L.bmp,0,0,2.0269482e-08
C:\Users\sahar\OneDrive\Desktop\EXPLAINABLE_IRIS_PAD\Data\Raw\IIITD_Contact_Lens_Iris_DB\Cogent Scanner\36\Normal\20120912115946_R.bmp,0,0,4.4524936e-07
C:\Users\sahar\OneDrive\Desktop\EXPLAINABLE_IRIS_PAD\Data\Raw\IIITD_Contact_Lens_Iris_DB\Cogent Scanner\36\Normal\20120912115949_L.bmp,0,0,9.408689e-07
C:\Users\sahar\OneDrive\Desktop\EXPLAINABLE_IRIS_PAD\Data\Raw\IIITD_Contact_Lens_Iris_DB\Cogent Scanner\36\Normal\20120912115949_R.bmp,0,0,6.980833e-08
C:\Users\sahar\OneDrive\Desktop\EXPLAINABLE_IRIS_PAD\Data\Raw\IIITD_Contact_Lens_Iris_DB\Cogent Scanner\36\Normal\20120912115952_L.bmp,0,0,5.660502e-07
C:\Users\sahar\OneDrive\Desktop\EXPLAINABLE_IRIS_PAD\Data\Raw\IIITD_Contact_Lens_Iris_DB\Cogent Scanner\36\Normal\20120912115952_R.bmp,0,0,5.593096e-11
C:\Users\sahar\OneDrive\Desktop\EXPLAINABLE_IRIS_PAD\Data\Raw\IIITD_Contact_Lens_Iris_DB\Cogent Scanner\38\Colored\20120914140756_L.bmp,1,1,0.9999999
C:\Users\sahar\OneDrive\Desktop\EXPLAINABLE_IRIS_PAD\Data\Raw\IIITD_Contact_Lens_Iris_DB\Cogent Scanner\38\Colored\20120914140756_R.bmp,1,1,0.9999999
C:\Users\sahar\OneDrive\Desktop\EXPLAINABLE_IRIS_PAD\Data\Raw\IIITD_Contact_Lens_Iris_DB\Cogent Scanner\38\Colored\20120914140759_L.bmp,1,1,0.99998546
C:\Users\sahar\OneDrive\Desktop\EXPLAINABLE_IRIS_PAD\Data\Raw\IIITD_Contact_Lens_Iris_DB\Cogent Scanner\38\Colored\20120914140759_R.bmp,1,1,0.99999976
C:\Users\sahar\OneDrive\Desktop\EXPLAINABLE_IRIS_PAD\Data\Raw\IIITD_Contact_Lens_Iris_DB\Cogent Scanner\38\Colored\20120914140830_L.bmp,1,1,0.9999994
C:\Users\sahar\OneDrive\Desktop\EXPLAINABLE_IRIS_PAD\Data\Raw\IIITD_Contact_Lens_Iris_DB\Cogent Scanner\38\Colored\20120914140830_R.bmp,1,1,0.99969554
C:\Users\sahar\OneDrive\Desktop\EXPLAINABLE_IRIS_PAD\Data\Raw\IIITD_Contact_Lens_Iris_DB\Cogent Scanner\38\Colored\20120914140833_L.bmp,1,1,0.9999987
C:\Users\sahar\OneDrive\Desktop\EXPLAINABLE_IRIS_PAD\Data\Raw\IIITD_Contact_Lens_Iris_DB\Cogent Scanner\38\Colored\20120914140833_R.bmp,1,1,0.9999999
C:\Users\sahar\OneDrive\Desktop\EXPLAINABLE_IRIS_PAD\Data\Raw\IIITD_Contact_Lens_Iris_DB\Cogent Scanner\38\Colored\20120914140837_L.bmp,1,1,0.9999982
C:\Users\sahar\OneDrive\Desktop\EXPLAINABLE_IRIS_PAD\Data\Raw\IIITD_Contact_Lens_Iris_DB\Cogent Scanner\38\Colored\20120914140837_R.bmp,1,1,0.99999297
C:\Users\sahar\OneDrive\Desktop\EXPLAINABLE_IRIS_PAD\Data\Raw\IIITD_Contact_Lens_Iris_DB\Cogent Scanner\38\Colored\20120914140842_L.bmp,1,1,0.99999535
C:\Users\sahar\OneDrive\Desktop\EXPLAINABLE_IRIS_PAD\Data\Raw\IIITD_Contact_Lens_Iris_DB\Cogent Scanner\38\Colored\20120914140842_R.bmp,1,1,0.99999976
C:\Users\sahar\OneDrive\Desktop\EXPLAINABLE_IRIS_PAD\Data\Raw\IIITD_Contact_Lens_Iris_DB\Cogent Scanner\38\Normal\20120912130445_L.bmp,0,1,0.5154496
C:\Users\sahar\OneDrive\Desktop\EXPLAINABLE_IRIS_PAD\Data\Raw\IIITD_Contact_Lens_Iris_DB\Cogent Scanner\38\Normal\20120912130445_R.bmp,0,0,0.28174287
C:\Users\sahar\OneDrive\Desktop\EXPLAINABLE_IRIS_PAD\Data\Raw\IIITD_Contact_Lens_Iris_DB\Cogent Scanner\38\Normal\20120912130451_L.bmp,0,0,1.7371963e-08
C:\Users\sahar\OneDrive\Desktop\EXPLAINABLE_IRIS_PAD\Data\Raw\IIITD_Contact_Lens_Iris_DB\Cogent Scanner\38\Normal\20120912130451_R.bmp,0,0,3.0824587e-05
C:\Users\sahar\OneDrive\Desktop\EXPLAINABLE_IRIS_PAD\Data\Raw\IIITD_Contact_Lens_Iris_DB\Cogent Scanner\38\Normal\20120912130455_L.bmp,0,0,2.351302e-06
C:\Users\sahar\OneDrive\Desktop\EXPLAINABLE_IRIS_PAD\Data\Raw\IIITD_Contact_Lens_Iris_DB\Cogent Scanner\38\Normal\20120912130455_R.bmp,0,0,3.6022087e-05
C:\Users\sahar\OneDrive\Desktop\EXPLAINABLE_IRIS_PAD\Data\Raw\IIITD_Contact_Lens_Iris_DB\Cogent Scanner\38\Normal\20120912130457_L.bmp,0,0,2.0687528e-07
C:\Users\sahar\OneDrive\Desktop\EXPLAINABLE_IRIS_PAD\Data\Raw\IIITD_Contact_Lens_Iris_DB\Cogent Scanner\38\Normal\20120912130457_R.bmp,0,0,0.00034193046
C:\Users\sahar\OneDrive\Desktop\EXPLAINABLE_IRIS_PAD\Data\Raw\IIITD_Contact_Lens_Iris_DB\Cogent Scanner\38\Normal\20120912130501_L.bmp,0,0,1.1077235e-06
C:\Users\sahar\OneDrive\Desktop\EXPLAINABLE_IRIS_PAD\Data\Raw\IIITD_Contact_Lens_Iris_DB\Cogent Scanner\38\Normal\20120912130501_R.bmp,0,0,1.9856195e-06
C:\Users\sahar\OneDrive\Desktop\EXPLAINABLE_IRIS_PAD\Data\Raw\IIITD_Contact_Lens_Iris_DB\Cogent Scanner\38\Normal\20120912130503_L.bmp,0,0,9.347125e-08
C:\Users\sahar\OneDrive\Desktop\EXPLAINABLE_IRIS_PAD\Data\Raw\IIITD_Contact_Lens_Iris_DB\Cogent Scanner\38\Normal\20120912130503_R.bmp,0,0,1.8957162e-06
C:\Users\sahar\OneDrive\Desktop\EXPLAINABLE_IRIS_PAD\Data\Raw\IIITD_Contact_Lens_Iris_DB\Cogent Scanner\43\Colored\20120919172819_L.bmp,1,1,0.99961686
C:\Users\sahar\OneDrive\Desktop\EXPLAINABLE_IRIS_PAD\Data\Raw\IIITD_Contact_Lens_Iris_DB\Cogent Scanner\43\Colored\20120919172819_R.bmp,1,1,0.99993527
C:\Users\sahar\OneDrive\Desktop\EXPLAINABLE_IRIS_PAD\Data\Raw\IIITD_Contact_Lens_Iris_DB\Cogent Scanner\43\Colored\20120919172822_L.bmp,1,1,1.0
C:\Users\sahar\OneDrive\Desktop\EXPLAINABLE_IRIS_PAD\Data\Raw\IIITD_Contact_Lens_Iris_DB\Cogent Scanner\43\Colored\20120919172822_R.bmp,1,1,0.9999956
C:\Users\sahar\OneDrive\Desktop\EXPLAINABLE_IRIS_PAD\Data\Raw\IIITD_Contact_Lens_Iris_DB\Cogent Scanner\43\Colored\20120919172827_L.bmp,1,1,1.0
C:\Users\sahar\OneDrive\Desktop\EXPLAINABLE_IRIS_PAD\Data\Raw\IIITD_Contact_Lens_Iris_DB\Cogent Scanner\43\Colored\20120919172827_R.bmp,1,1,1.0
C:\Users\sahar\OneDrive\Desktop\EXPLAINABLE_IRIS_PAD\Data\Raw\IIITD_Contact_Lens_Iris_DB\Cogent Scanner\43\Colored\20120919172831_L.bmp,1,1,1.0
C:\Users\sahar\OneDrive\Desktop\EXPLAINABLE_IRIS_PAD\Data\Raw\IIITD_Contact_Lens_Iris_DB\Cogent Scanner\43\Colored\20120919172831_R.bmp,1,1,1.0
C:\Users\sahar\OneDrive\Desktop\EXPLAINABLE_IRIS_PAD\Data\Raw\IIITD_Contact_Lens_Iris_DB\Cogent Scanner\43\Colored\20120919172834_L.bmp,1,1,1.0
C:\Users\sahar\OneDrive\Desktop\EXPLAINABLE_IRIS_PAD\Data\Raw\IIITD_Contact_Lens_Iris_DB\Cogent Scanner\43\Colored\20120919172834_R.bmp,1,1,1.0
C:\Users\sahar\OneDrive\Desktop\EXPLAINABLE_IRIS_PAD\Data\Raw\IIITD_Contact_Lens_Iris_DB\Cogent Scanner\43\Colored\20120919172840_L.bmp,1,1,1.0
C:\Users\sahar\OneDrive\Desktop\EXPLAINABLE_IRIS_PAD\Data\Raw\IIITD_Contact_Lens_Iris_DB\Cogent Scanner\43\Colored\20120919172840_R.bmp,1,1,1.0
C:\Users\sahar\OneDrive\Desktop\EXPLAINABLE_IRIS_PAD\Data\Raw\IIITD_Contact_Lens_Iris_DB\Cogent Scanner\43\Colored\20120919172845_L.bmp,1,1,1.0
C:\Users\sahar\OneDrive\Desktop\EXPLAINABLE_IRIS_PAD\Data\Raw\IIITD_Contact_Lens_Iris_DB\Cogent Scanner\43\Colored\20120919172845_R.bmp,1,1,1.0
C:\Users\sahar\OneDrive\Desktop\EXPLAINABLE_IRIS_PAD\Data\Raw\IIITD_Contact_Lens_Iris_DB\Cogent Scanner\43\Colored\20120919172848_L.bmp,1,1,1.0
C:\Users\sahar\OneDrive\Desktop\EXPLAINABLE_IRIS_PAD\Data\Raw\IIITD_Contact_Lens_Iris_DB\Cogent Scanner\43\Colored\20120919172848_R.bmp,1,1,1.0
C:\Users\sahar\OneDrive\Desktop\EXPLAINABLE_IRIS_PAD\Data\Raw\IIITD_Contact_Lens_Iris_DB\Cogent Scanner\43\Normal\20120919165733_L.bmp,0,0,6.8991445e-05
C:\Users\sahar\OneDrive\Desktop\EXPLAINABLE_IRIS_PAD\Data\Raw\IIITD_Contact_Lens_Iris_DB\Cogent Scanner\43\Normal\20120919165733_R.bmp,0,0,1.7988605e-06
C:\Users\sahar\OneDrive\Desktop\EXPLAINABLE_IRIS_PAD\Data\Raw\IIITD_Contact_Lens_Iris_DB\Cogent Scanner\43\Normal\20120919165736_L.bmp,0,0,3.6415906e-05
C:\Users\sahar\OneDrive\Desktop\EXPLAINABLE_IRIS_PAD\Data\Raw\IIITD_Contact_Lens_Iris_DB\Cogent Scanner\43\Normal\20120919165736_R.bmp,0,0,2.7835747e-06
C:\Users\sahar\OneDrive\Desktop\EXPLAINABLE_IRIS_PAD\Data\Raw\IIITD_Contact_Lens_Iris_DB\Cogent Scanner\43\Normal\20120919165739_L.bmp,0,0,3.6032772e-05
C:\Users\sahar\OneDrive\Desktop\EXPLAINABLE_IRIS_PAD\Data\Raw\IIITD_Contact_Lens_Iris_DB\Cogent Scanner\43\Normal\20120919165739_R.bmp,0,0,4.0509e-07
C:\Users\sahar\OneDrive\Desktop\EXPLAINABLE_IRIS_PAD\Data\Raw\IIITD_Contact_Lens_Iris_DB\Cogent Scanner\43\Normal\20120919165743_L.bmp,0,0,5.2668884e-07
C:\Users\sahar\OneDrive\Desktop\EXPLAINABLE_IRIS_PAD\Data\Raw\IIITD_Contact_Lens_Iris_DB\Cogent Scanner\43\Normal\20120919165743_R.bmp,0,0,5.146234e-06
C:\Users\sahar\OneDrive\Desktop\EXPLAINABLE_IRIS_PAD\Data\Raw\IIITD_Contact_Lens_Iris_DB\Cogent Scanner\43\Normal\20120919165747_L.bmp,0,0,8.6302197e-07
C:\Users\sahar\OneDrive\Desktop\EXPLAINABLE_IRIS_PAD\Data\Raw\IIITD_Contact_Lens_Iris_DB\Cogent Scanner\43\Normal\20120919165747_R.bmp,0,0,2.0139967e-05
C:\Users\sahar\OneDrive\Desktop\EXPLAINABLE_IRIS_PAD\Data\Raw\IIITD_Contact_Lens_Iris_DB\Cogent Scanner\46\Colored\20120919140649_L.bmp,1,1,0.99999535
C:\Users\sahar\OneDrive\Desktop\EXPLAINABLE_IRIS_PAD\Data\Raw\IIITD_Contact_Lens_Iris_DB\Cogent Scanner\46\Colored\20120919140649_R.bmp,1,1,1.0
C:\Users\sahar\OneDrive\Desktop\EXPLAINABLE_IRIS_PAD\Data\Raw\IIITD_Contact_Lens_Iris_DB\Cogent Scanner\46\Colored\20120919140653_L.bmp,1,1,1.0
C:\Users\sahar\OneDrive\Desktop\EXPLAINABLE_IRIS_PAD\Data\Raw\IIITD_Contact_Lens_Iris_DB\Cogent Scanner\46\Colored\20120919140653_R.bmp,1,1,1.0
C:\Users\sahar\OneDrive\Desktop\EXPLAINABLE_IRIS_PAD\Data\Raw\IIITD_Contact_Lens_Iris_DB\Cogent Scanner\46\Colored\20120919140657_L.bmp,1,1,1.0
C:\Users\sahar\OneDrive\Desktop\EXPLAINABLE_IRIS_PAD\Data\Raw\IIITD_Contact_Lens_Iris_DB\Cogent Scanner\46\Colored\20120919140657_R.bmp,1,1,1.0
C:\Users\sahar\OneDrive\Desktop\EXPLAINABLE_IRIS_PAD\Data\Raw\IIITD_Contact_Lens_Iris_DB\Cogent Scanner\46\Colored\20120919140702_L.bmp,1,1,0.9999999
C:\Users\sahar\OneDrive\Desktop\EXPLAINABLE_IRIS_PAD\Data\Raw\IIITD_Contact_Lens_Iris_DB\Cogent Scanner\46\Colored\20120919140708_R.bmp,1,1,1.0
C:\Users\sahar\OneDrive\Desktop\EXPLAINABLE_IRIS_PAD\Data\Raw\IIITD_Contact_Lens_Iris_DB\Cogent Scanner\46\Colored\20120919140715_L.bmp,1,1,1.0
C:\Users\sahar\OneDrive\Desktop\EXPLAINABLE_IRIS_PAD\Data\Raw\IIITD_Contact_Lens_Iris_DB\Cogent Scanner\46\Colored\20120919140715_R.bmp,1,1,0.99999905
C:\Users\sahar\OneDrive\Desktop\EXPLAINABLE_IRIS_PAD\Data\Raw\IIITD_Contact_Lens_Iris_DB\Cogent Scanner\46\Normal\20120919130959_L.bmp,0,0,0.00019261905
C:\Users\sahar\OneDrive\Desktop\EXPLAINABLE_IRIS_PAD\Data\Raw\IIITD_Contact_Lens_Iris_DB\Cogent Scanner\46\Normal\20120919130959_R.bmp,0,0,1.4117474e-05
C:\Users\sahar\OneDrive\Desktop\EXPLAINABLE_IRIS_PAD\Data\Raw\IIITD_Contact_Lens_Iris_DB\Cogent Scanner\46\Normal\20120919131002_L.bmp,0,0,0.000114696566
C:\Users\sahar\OneDrive\Desktop\EXPLAINABLE_IRIS_PAD\Data\Raw\IIITD_Contact_Lens_Iris_DB\Cogent Scanner\46\Normal\20120919131002_R.bmp,0,0,1.8372219e-05
C:\Users\sahar\OneDrive\Desktop\EXPLAINABLE_IRIS_PAD\Data\Raw\IIITD_Contact_Lens_Iris_DB\Cogent Scanner\46\Normal\20120919131005_L.bmp,0,0,0.00106875
C:\Users\sahar\OneDrive\Desktop\EXPLAINABLE_IRIS_PAD\Data\Raw\IIITD_Contact_Lens_Iris_DB\Cogent Scanner\46\Normal\20120919131005_R.bmp,0,0,0.00018269329
C:\Users\sahar\OneDrive\Desktop\EXPLAINABLE_IRIS_PAD\Data\Raw\IIITD_Contact_Lens_Iris_DB\Cogent Scanner\46\Normal\20120919131009_L.bmp,0,0,0.0006510125
C:\Users\sahar\OneDrive\Desktop\EXPLAINABLE_IRIS_PAD\Data\Raw\IIITD_Contact_Lens_Iris_DB\Cogent Scanner\46\Normal\20120919131009_R.bmp,0,0,4.5484016e-05
C:\Users\sahar\OneDrive\Desktop\EXPLAINABLE_IRIS_PAD\Data\Raw\IIITD_Contact_Lens_Iris_DB\Cogent Scanner\46\Normal\20120919131013_L.bmp,0,0,0.00014035132
C:\Users\sahar\OneDrive\Desktop\EXPLAINABLE_IRIS_PAD\Data\Raw\IIITD_Contact_Lens_Iris_DB\Cogent Scanner\46\Normal\20120919131013_R.bmp,0,0,0.00032862907
C:\Users\sahar\OneDrive\Desktop\EXPLAINABLE_IRIS_PAD\Data\Raw\IIITD_Contact_Lens_Iris_DB\Cogent Scanner\48\Colored\20120912131439_L.bmp,1,0,7.948526e-05
C:\Users\sahar\OneDrive\Desktop\EXPLAINABLE_IRIS_PAD\Data\Raw\IIITD_Contact_Lens_Iris_DB\Cogent Scanner\48\Colored\20120912131439_R.bmp,1,0,7.954714e-05
C:\Users\sahar\OneDrive\Desktop\EXPLAINABLE_IRIS_PAD\Data\Raw\IIITD_Contact_Lens_Iris_DB\Cogent Scanner\48\Colored\20120912131448_L.bmp,1,1,0.85004103
C:\Users\sahar\OneDrive\Desktop\EXPLAINABLE_IRIS_PAD\Data\Raw\IIITD_Contact_Lens_Iris_DB\Cogent Scanner\48\Colored\20120912131448_R.bmp,1,1,0.99929416
C:\Users\sahar\OneDrive\Desktop\EXPLAINABLE_IRIS_PAD\Data\Raw\IIITD_Contact_Lens_Iris_DB\Cogent Scanner\48\Colored\20120912131454_L.bmp,1,0,0.013066129
C:\Users\sahar\OneDrive\Desktop\EXPLAINABLE_IRIS_PAD\Data\Raw\IIITD_Contact_Lens_Iris_DB\Cogent Scanner\48\Colored\20120912131454_R.bmp,1,1,0.9999521
C:\Users\sahar\OneDrive\Desktop\EXPLAINABLE_IRIS_PAD\Data\Raw\IIITD_Contact_Lens_Iris_DB\Cogent Scanner\48\Colored\20120912131505_L.bmp,1,0,0.0038465904
C:\Users\sahar\OneDrive\Desktop\EXPLAINABLE_IRIS_PAD\Data\Raw\IIITD_Contact_Lens_Iris_DB\Cogent Scanner\48\Colored\20120912131505_R.bmp,1,1,0.99717546
C:\Users\sahar\OneDrive\Desktop\EXPLAINABLE_IRIS_PAD\Data\Raw\IIITD_Contact_Lens_Iris_DB\Cogent Scanner\48\Colored\20120912131509_L.bmp,1,0,0.16912456
C:\Users\sahar\OneDrive\Desktop\EXPLAINABLE_IRIS_PAD\Data\Raw\IIITD_Contact_Lens_Iris_DB\Cogent Scanner\48\Colored\20120912131509_R.bmp,1,1,0.99025494
C:\Users\sahar\OneDrive\Desktop\EXPLAINABLE_IRIS_PAD\Data\Raw\IIITD_Contact_Lens_Iris_DB\Cogent Scanner\48\Normal\20120921164426_L.bmp,0,0,4.7059562e-05
C:\Users\sahar\OneDrive\Desktop\EXPLAINABLE_IRIS_PAD\Data\Raw\IIITD_Contact_Lens_Iris_DB\Cogent Scanner\48\Normal\20120921164426_R.bmp,0,0,3.7576805e-07
C:\Users\sahar\OneDrive\Desktop\EXPLAINABLE_IRIS_PAD\Data\Raw\IIITD_Contact_Lens_Iris_DB\Cogent Scanner\48\Normal\20120921164430_L.bmp,0,0,2.2444697e-06
C:\Users\sahar\OneDrive\Desktop\EXPLAINABLE_IRIS_PAD\Data\Raw\IIITD_Contact_Lens_Iris_DB\Cogent Scanner\48\Normal\20120921164430_R.bmp,0,0,2.9436396e-08
C:\Users\sahar\OneDrive\Desktop\EXPLAINABLE_IRIS_PAD\Data\Raw\IIITD_Contact_Lens_Iris_DB\Cogent Scanner\48\Normal\20120921164434_L.bmp,0,0,7.086535e-05
C:\Users\sahar\OneDrive\Desktop\EXPLAINABLE_IRIS_PAD\Data\Raw\IIITD_Contact_Lens_Iris_DB\Cogent Scanner\48\Normal\20120921164434_R.bmp,0,0,1.1412729e-05
C:\Users\sahar\OneDrive\Desktop\EXPLAINABLE_IRIS_PAD\Data\Raw\IIITD_Contact_Lens_Iris_DB\Cogent Scanner\48\Normal\20120921164437_L.bmp,0,0,6.0360103e-06
C:\Users\sahar\OneDrive\Desktop\EXPLAINABLE_IRIS_PAD\Data\Raw\IIITD_Contact_Lens_Iris_DB\Cogent Scanner\48\Normal\20120921164437_R.bmp,0,0,2.8669788e-06
C:\Users\sahar\OneDrive\Desktop\EXPLAINABLE_IRIS_PAD\Data\Raw\IIITD_Contact_Lens_Iris_DB\Cogent Scanner\48\Normal\20120921164441_L.bmp,0,0,1.3719879e-06
C:\Users\sahar\OneDrive\Desktop\EXPLAINABLE_IRIS_PAD\Data\Raw\IIITD_Contact_Lens_Iris_DB\Cogent Scanner\48\Normal\20120921164441_R.bmp,0,0,1.0527989e-06
C:\Users\sahar\OneDrive\Desktop\EXPLAINABLE_IRIS_PAD\Data\Raw\IIITD_Contact_Lens_Iris_DB\Cogent Scanner\48\Normal\20120921164444_L.bmp,0,0,9.771994e-06
C:\Users\sahar\OneDrive\Desktop\EXPLAINABLE_IRIS_PAD\Data\Raw\IIITD_Contact_Lens_Iris_DB\Cogent Scanner\48\Normal\20120921164444_R.bmp,0,0,1.1452591e-05
C:\Users\sahar\OneDrive\Desktop\EXPLAINABLE_IRIS_PAD\Data\Raw\IIITD_Contact_Lens_Iris_DB\Cogent Scanner\49\Colored\20120914142848_L.bmp,1,1,1.0
C:\Users\sahar\OneDrive\Desktop\EXPLAINABLE_IRIS_PAD\Data\Raw\IIITD_Contact_Lens_Iris_DB\Cogent Scanner\49\Colored\20120914142848_R.bmp,1,1,0.9999981
C:\Users\sahar\OneDrive\Desktop\EXPLAINABLE_IRIS_PAD\Data\Raw\IIITD_Contact_Lens_Iris_DB\Cogent Scanner\49\Colored\20120914142852_L.bmp,1,1,1.0
C:\Users\sahar\OneDrive\Desktop\EXPLAINABLE_IRIS_PAD\Data\Raw\IIITD_Contact_Lens_Iris_DB\Cogent Scanner\49\Colored\20120914142852_R.bmp,1,1,0.99999917
C:\Users\sahar\OneDrive\Desktop\EXPLAINABLE_IRIS_PAD\Data\Raw\IIITD_Contact_Lens_Iris_DB\Cogent Scanner\49\Colored\20120914142856_L.bmp,1,1,0.99999976
C:\Users\sahar\OneDrive\Desktop\EXPLAINABLE_IRIS_PAD\Data\Raw\IIITD_Contact_Lens_Iris_DB\Cogent Scanner\49\Colored\20120914142856_R.bmp,1,1,1.0
C:\Users\sahar\OneDrive\Desktop\EXPLAINABLE_IRIS_PAD\Data\Raw\IIITD_Contact_Lens_Iris_DB\Cogent Scanner\49\Colored\20120914142859_L.bmp,1,1,1.0
C:\Users\sahar\OneDrive\Desktop\EXPLAINABLE_IRIS_PAD\Data\Raw\IIITD_Contact_Lens_Iris_DB\Cogent Scanner\49\Colored\20120914142859_R.bmp,1,1,0.999998
C:\Users\sahar\OneDrive\Desktop\EXPLAINABLE_IRIS_PAD\Data\Raw\IIITD_Contact_Lens_Iris_DB\Cogent Scanner\49\Colored\20120914142905_L.bmp,1,1,1.0
C:\Users\sahar\OneDrive\Desktop\EXPLAINABLE_IRIS_PAD\Data\Raw\IIITD_Contact_Lens_Iris_DB\Cogent Scanner\49\Colored\20120914142905_R.bmp,1,1,0.99999917
C:\Users\sahar\OneDrive\Desktop\EXPLAINABLE_IRIS_PAD\Data\Raw\IIITD_Contact_Lens_Iris_DB\Cogent Scanner\49\Normal\20120912123230_L.bmp,0,0,5.5745045e-06
C:\Users\sahar\OneDrive\Desktop\EXPLAINABLE_IRIS_PAD\Data\Raw\IIITD_Contact_Lens_Iris_DB\Cogent Scanner\49\Normal\20120912123230_R.bmp,0,0,5.9965137e-06
C:\Users\sahar\OneDrive\Desktop\EXPLAINABLE_IRIS_PAD\Data\Raw\IIITD_Contact_Lens_Iris_DB\Cogent Scanner\49\Normal\20120912123233_L.bmp,0,0,5.5696582e-06
C:\Users\sahar\OneDrive\Desktop\EXPLAINABLE_IRIS_PAD\Data\Raw\IIITD_Contact_Lens_Iris_DB\Cogent Scanner\49\Normal\20120912123233_R.bmp,0,0,3.7524521e-06
C:\Users\sahar\OneDrive\Desktop\EXPLAINABLE_IRIS_PAD\Data\Raw\IIITD_Contact_Lens_Iris_DB\Cogent Scanner\49\Normal\20120912123237_L.bmp,0,0,2.5342904e-06
C:\Users\sahar\OneDrive\Desktop\EXPLAINABLE_IRIS_PAD\Data\Raw\IIITD_Contact_Lens_Iris_DB\Cogent Scanner\49\Normal\20120912123237_R.bmp,0,0,5.754635e-06
C:\Users\sahar\OneDrive\Desktop\EXPLAINABLE_IRIS_PAD\Data\Raw\IIITD_Contact_Lens_Iris_DB\Cogent Scanner\49\Normal\20120912123240_L.bmp,0,0,4.7429506e-07
C:\Users\sahar\OneDrive\Desktop\EXPLAINABLE_IRIS_PAD\Data\Raw\IIITD_Contact_Lens_Iris_DB\Cogent Scanner\49\Normal\20120912123240_R.bmp,0,0,9.128455e-06
C:\Users\sahar\OneDrive\Desktop\EXPLAINABLE_IRIS_PAD\Data\Raw\IIITD_Contact_Lens_Iris_DB\Cogent Scanner\49\Normal\20120912123242_L.bmp,0,0,1.0070494e-05
C:\Users\sahar\OneDrive\Desktop\EXPLAINABLE_IRIS_PAD\Data\Raw\IIITD_Contact_Lens_Iris_DB\Cogent Scanner\49\Normal\20120912123242_R.bmp,0,0,1.26682435e-05
C:\Users\sahar\OneDrive\Desktop\EXPLAINABLE_IRIS_PAD\Data\Raw\IIITD_Contact_Lens_Iris_DB\Cogent Scanner\49\Normal\20120912123244_L.bmp,0,0,1.2546832e-05
C:\Users\sahar\OneDrive\Desktop\EXPLAINABLE_IRIS_PAD\Data\Raw\IIITD_Contact_Lens_Iris_DB\Cogent Scanner\49\Normal\20120912123244_R.bmp,0,0,2.3870958e-05
C:\Users\sahar\OneDrive\Desktop\EXPLAINABLE_IRIS_PAD\Data\Raw\IIITD_Contact_Lens_Iris_DB\Cogent Scanner\73\Colored\20120920130157_L.bmp,1,1,0.9999999
C:\Users\sahar\OneDrive\Desktop\EXPLAINABLE_IRIS_PAD\Data\Raw\IIITD_Contact_Lens_Iris_DB\Cogent Scanner\73\Colored\20120920130157_R.bmp,1,1,0.9999999
C:\Users\sahar\OneDrive\Desktop\EXPLAINABLE_IRIS_PAD\Data\Raw\IIITD_Contact_Lens_Iris_DB\Cogent Scanner\73\Colored\20120920130201_L.bmp,1,1,0.9999988
C:\Users\sahar\OneDrive\Desktop\EXPLAINABLE_IRIS_PAD\Data\Raw\IIITD_Contact_Lens_Iris_DB\Cogent Scanner\73\Colored\20120920130201_R.bmp,1,1,0.9999993
C:\Users\sahar\OneDrive\Desktop\EXPLAINABLE_IRIS_PAD\Data\Raw\IIITD_Contact_Lens_Iris_DB\Cogent Scanner\73\Colored\20120920130204_L.bmp,1,1,1.0
C:\Users\sahar\OneDrive\Desktop\EXPLAINABLE_IRIS_PAD\Data\Raw\IIITD_Contact_Lens_Iris_DB\Cogent Scanner\73\Colored\20120920130204_R.bmp,1,1,1.0
C:\Users\sahar\OneDrive\Desktop\EXPLAINABLE_IRIS_PAD\Data\Raw\IIITD_Contact_Lens_Iris_DB\Cogent Scanner\73\Colored\20120920130208_L.bmp,1,1,1.0
C:\Users\sahar\OneDrive\Desktop\EXPLAINABLE_IRIS_PAD\Data\Raw\IIITD_Contact_Lens_Iris_DB\Cogent Scanner\73\Colored\20120920130208_R.bmp,1,1,1.0
C:\Users\sahar\OneDrive\Desktop\EXPLAINABLE_IRIS_PAD\Data\Raw\IIITD_Contact_Lens_Iris_DB\Cogent Scanner\73\Colored\20120920130212_L.bmp,1,1,1.0
C:\Users\sahar\OneDrive\Desktop\EXPLAINABLE_IRIS_PAD\Data\Raw\IIITD_Contact_Lens_Iris_DB\Cogent Scanner\73\Colored\20120920130212_R.bmp,1,1,1.0
C:\Users\sahar\OneDrive\Desktop\EXPLAINABLE_IRIS_PAD\Data\Raw\IIITD_Contact_Lens_Iris_DB\Cogent Scanner\73\Normal\20120920123153_L.bmp,0,0,5.5351888e-05
C:\Users\sahar\OneDrive\Desktop\EXPLAINABLE_IRIS_PAD\Data\Raw\IIITD_Contact_Lens_Iris_DB\Cogent Scanner\73\Normal\20120920123153_R.bmp,0,0,4.9266422e-08
C:\Users\sahar\OneDrive\Desktop\EXPLAINABLE_IRIS_PAD\Data\Raw\IIITD_Contact_Lens_Iris_DB\Cogent Scanner\73\Normal\20120920123156_L.bmp,0,0,0.00010357611
C:\Users\sahar\OneDrive\Desktop\EXPLAINABLE_IRIS_PAD\Data\Raw\IIITD_Contact_Lens_Iris_DB\Cogent Scanner\73\Normal\20120920123156_R.bmp,0,0,1.5068543e-05
C:\Users\sahar\OneDrive\Desktop\EXPLAINABLE_IRIS_PAD\Data\Raw\IIITD_Contact_Lens_Iris_DB\Cogent Scanner\73\Normal\20120920123159_L.bmp,0,0,8.2191706e-05
C:\Users\sahar\OneDrive\Desktop\EXPLAINABLE_IRIS_PAD\Data\Raw\IIITD_Contact_Lens_Iris_DB\Cogent Scanner\73\Normal\20120920123159_R.bmp,0,0,4.928141e-06
C:\Users\sahar\OneDrive\Desktop\EXPLAINABLE_IRIS_PAD\Data\Raw\IIITD_Contact_Lens_Iris_DB\Cogent Scanner\73\Normal\20120920123202_L.bmp,0,0,8.0332e-05
C:\Users\sahar\OneDrive\Desktop\EXPLAINABLE_IRIS_PAD\Data\Raw\IIITD_Contact_Lens_Iris_DB\Cogent Scanner\73\Normal\20120920123202_R.bmp,0,0,2.7212414e-07
C:\Users\sahar\OneDrive\Desktop\EXPLAINABLE_IRIS_PAD\Data\Raw\IIITD_Contact_Lens_Iris_DB\Cogent Scanner\73\Normal\20120920123205_L.bmp,0,0,7.431512e-08
C:\Users\sahar\OneDrive\Desktop\EXPLAINABLE_IRIS_PAD\Data\Raw\IIITD_Contact_Lens_Iris_DB\Cogent Scanner\73\Normal\20120920123205_R.bmp,0,0,0.0012120623
C:\Users\sahar\OneDrive\Desktop\EXPLAINABLE_IRIS_PAD\Data\Raw\IIITD_Contact_Lens_Iris_DB\Cogent Scanner\77\Colored\20120913150209_L.bmp,1,1,0.9999895
C:\Users\sahar\OneDrive\Desktop\EXPLAINABLE_IRIS_PAD\Data\Raw\IIITD_Contact_Lens_Iris_DB\Cogent Scanner\77\Colored\20120913150209_R.bmp,1,1,0.999997
C:\Users\sahar\OneDrive\Desktop\EXPLAINABLE_IRIS_PAD\Data\Raw\IIITD_Contact_Lens_Iris_DB\Cogent Scanner\77\Colored\20120913150213_L.bmp,1,1,0.99998295
C:\Users\sahar\OneDrive\Desktop\EXPLAINABLE_IRIS_PAD\Data\Raw\IIITD_Contact_Lens_Iris_DB\Cogent Scanner\77\Colored\20120913150213_R.bmp,1,1,0.9999988
C:\Users\sahar\OneDrive\Desktop\EXPLAINABLE_IRIS_PAD\Data\Raw\IIITD_Contact_Lens_Iris_DB\Cogent Scanner\77\Colored\20120913150219_L.bmp,1,1,0.99979144
C:\Users\sahar\OneDrive\Desktop\EXPLAINABLE_IRIS_PAD\Data\Raw\IIITD_Contact_Lens_Iris_DB\Cogent Scanner\77\Colored\20120913150219_R.bmp,1,1,0.9999994
C:\Users\sahar\OneDrive\Desktop\EXPLAINABLE_IRIS_PAD\Data\Raw\IIITD_Contact_Lens_Iris_DB\Cogent Scanner\77\Colored\20120913150222_L.bmp,1,1,0.9999957
C:\Users\sahar\OneDrive\Desktop\EXPLAINABLE_IRIS_PAD\Data\Raw\IIITD_Contact_Lens_Iris_DB\Cogent Scanner\77\Colored\20120913150222_R.bmp,1,1,0.9999956
C:\Users\sahar\OneDrive\Desktop\EXPLAINABLE_IRIS_PAD\Data\Raw\IIITD_Contact_Lens_Iris_DB\Cogent Scanner\77\Colored\20120913150226_L.bmp,1,1,0.9999931
C:\Users\sahar\OneDrive\Desktop\EXPLAINABLE_IRIS_PAD\Data\Raw\IIITD_Contact_Lens_Iris_DB\Cogent Scanner\77\Colored\20120913150226_R.bmp,1,1,0.99999976
C:\Users\sahar\OneDrive\Desktop\EXPLAINABLE_IRIS_PAD\Data\Raw\IIITD_Contact_Lens_Iris_DB\Cogent Scanner\77\Normal\20120913122722_L.bmp,0,0,5.531829e-10
C:\Users\sahar\OneDrive\Desktop\EXPLAINABLE_IRIS_PAD\Data\Raw\IIITD_Contact_Lens_Iris_DB\Cogent Scanner\77\Normal\20120913122722_R.bmp,0,0,3.993626e-10
C:\Users\sahar\OneDrive\Desktop\EXPLAINABLE_IRIS_PAD\Data\Raw\IIITD_Contact_Lens_Iris_DB\Cogent Scanner\77\Normal\20120913122753_L.bmp,0,0,4.2845165e-11
C:\Users\sahar\OneDrive\Desktop\EXPLAINABLE_IRIS_PAD\Data\Raw\IIITD_Contact_Lens_Iris_DB\Cogent Scanner\77\Normal\20120913122753_R.bmp,0,0,3.476373e-10
C:\Users\sahar\OneDrive\Desktop\EXPLAINABLE_IRIS_PAD\Data\Raw\IIITD_Contact_Lens_Iris_DB\Cogent Scanner\77\Normal\20120913122832_L.bmp,0,0,7.547893e-12
C:\Users\sahar\OneDrive\Desktop\EXPLAINABLE_IRIS_PAD\Data\Raw\IIITD_Contact_Lens_Iris_DB\Cogent Scanner\77\Normal\20120913122832_R.bmp,0,0,2.1513609e-10
C:\Users\sahar\OneDrive\Desktop\EXPLAINABLE_IRIS_PAD\Data\Raw\IIITD_Contact_Lens_Iris_DB\Cogent Scanner\77\Normal\20120913122839_L.bmp,0,0,6.5069488e-09
C:\Users\sahar\OneDrive\Desktop\EXPLAINABLE_IRIS_PAD\Data\Raw\IIITD_Contact_Lens_Iris_DB\Cogent Scanner\77\Normal\20120913122839_R.bmp,0,0,6.660751e-08
C:\Users\sahar\OneDrive\Desktop\EXPLAINABLE_IRIS_PAD\Data\Raw\IIITD_Contact_Lens_Iris_DB\Cogent Scanner\77\Normal\20120913122849_L.bmp,0,0,3.9941632e-08
C:\Users\sahar\OneDrive\Desktop\EXPLAINABLE_IRIS_PAD\Data\Raw\IIITD_Contact_Lens_Iris_DB\Cogent Scanner\77\Normal\20120913122849_R.bmp,0,0,4.6292303e-06
C:\Users\sahar\OneDrive\Desktop\EXPLAINABLE_IRIS_PAD\Data\Raw\IIITD_Contact_Lens_Iris_DB\Cogent Scanner\77\Normal\20120913122854_L.bmp,0,0,1.5475216e-12
C:\Users\sahar\OneDrive\Desktop\EXPLAINABLE_IRIS_PAD\Data\Raw\IIITD_Contact_Lens_Iris_DB\Cogent Scanner\77\Normal\20120913122854_R.bmp,0,0,5.00037e-06
C:\Users\sahar\OneDrive\Desktop\EXPLAINABLE_IRIS_PAD\Data\Raw\IIITD_Contact_Lens_Iris_DB\Cogent Scanner\77\Normal\20120913122859_L.bmp,0,0,2.6980123e-08
C:\Users\sahar\OneDrive\Desktop\EXPLAINABLE_IRIS_PAD\Data\Raw\IIITD_Contact_Lens_Iris_DB\Cogent Scanner\77\Normal\20120913122859_R.bmp,0,0,1.4008566e-07
C:\Users\sahar\OneDrive\Desktop\EXPLAINABLE_IRIS_PAD\Data\Raw\IIITD_Contact_Lens_Iris_DB\Cogent Scanner\77\Normal\20120913122901_L.bmp,0,0,2.5292891e-08
C:\Users\sahar\OneDrive\Desktop\EXPLAINABLE_IRIS_PAD\Data\Raw\IIITD_Contact_Lens_Iris_DB\Cogent Scanner\77\Normal\20120913122901_R.bmp,0,0,2.7650149e-06
C:\Users\sahar\OneDrive\Desktop\EXPLAINABLE_IRIS_PAD\Data\Raw\IIITD_Contact_Lens_Iris_DB\Cogent Scanner\78\Colored\20120920142445_L.bmp,1,0,0.025448622
C:\Users\sahar\OneDrive\Desktop\EXPLAINABLE_IRIS_PAD\Data\Raw\IIITD_Contact_Lens_Iris_DB\Cogent Scanner\78\Colored\20120920142446_R.bmp,1,0,3.1615903e-07
C:\Users\sahar\OneDrive\Desktop\EXPLAINABLE_IRIS_PAD\Data\Raw\IIITD_Contact_Lens_Iris_DB\Cogent Scanner\78\Colored\20120920142454_L.bmp,1,1,0.9999988
C:\Users\sahar\OneDrive\Desktop\EXPLAINABLE_IRIS_PAD\Data\Raw\IIITD_Contact_Lens_Iris_DB\Cogent Scanner\78\Colored\20120920142454_R.bmp,1,1,1.0
C:\Users\sahar\OneDrive\Desktop\EXPLAINABLE_IRIS_PAD\Data\Raw\IIITD_Contact_Lens_Iris_DB\Cogent Scanner\78\Colored\20120920142502_L.bmp,1,1,1.0
C:\Users\sahar\OneDrive\Desktop\EXPLAINABLE_IRIS_PAD\Data\Raw\IIITD_Contact_Lens_Iris_DB\Cogent Scanner\78\Colored\20120920142502_R.bmp,1,1,1.0
C:\Users\sahar\OneDrive\Desktop\EXPLAINABLE_IRIS_PAD\Data\Raw\IIITD_Contact_Lens_Iris_DB\Cogent Scanner\78\Colored\20120920142505_L.bmp,1,1,1.0
C:\Users\sahar\OneDrive\Desktop\EXPLAINABLE_IRIS_PAD\Data\Raw\IIITD_Contact_Lens_Iris_DB\Cogent Scanner\78\Colored\20120920142505_R.bmp,1,1,1.0
C:\Users\sahar\OneDrive\Desktop\EXPLAINABLE_IRIS_PAD\Data\Raw\IIITD_Contact_Lens_Iris_DB\Cogent Scanner\78\Colored\20120920142512_L.bmp,1,1,0.99999976
C:\Users\sahar\OneDrive\Desktop\EXPLAINABLE_IRIS_PAD\Data\Raw\IIITD_Contact_Lens_Iris_DB\Cogent Scanner\78\Colored\20120920142512_R.bmp,1,1,1.0
C:\Users\sahar\OneDrive\Desktop\EXPLAINABLE_IRIS_PAD\Data\Raw\IIITD_Contact_Lens_Iris_DB\Cogent Scanner\78\Colored\20120920142519_L.bmp,1,1,0.9999999
C:\Users\sahar\OneDrive\Desktop\EXPLAINABLE_IRIS_PAD\Data\Raw\IIITD_Contact_Lens_Iris_DB\Cogent Scanner\78\Colored\20120920142519_R.bmp,1,1,1.0
C:\Users\sahar\OneDrive\Desktop\EXPLAINABLE_IRIS_PAD\Data\Raw\IIITD_Contact_Lens_Iris_DB\Cogent Scanner\78\Normal\20120920135228_L.bmp,0,0,5.263937e-05
C:\Users\sahar\OneDrive\Desktop\EXPLAINABLE_IRIS_PAD\Data\Raw\IIITD_Contact_Lens_Iris_DB\Cogent Scanner\78\Normal\20120920135228_R.bmp,0,0,0.17132866
C:\Users\sahar\OneDrive\Desktop\EXPLAINABLE_IRIS_PAD\Data\Raw\IIITD_Contact_Lens_Iris_DB\Cogent Scanner\78\Normal\20120920135231_L.bmp,0,0,0.00043209177
C:\Users\sahar\OneDrive\Desktop\EXPLAINABLE_IRIS_PAD\Data\Raw\IIITD_Contact_Lens_Iris_DB\Cogent Scanner\78\Normal\20120920135231_R.bmp,0,1,0.9997367
C:\Users\sahar\OneDrive\Desktop\EXPLAINABLE_IRIS_PAD\Data\Raw\IIITD_Contact_Lens_Iris_DB\Cogent Scanner\78\Normal\20120920135234_L.bmp,0,0,1.6299362e-05
C:\Users\sahar\OneDrive\Desktop\EXPLAINABLE_IRIS_PAD\Data\Raw\IIITD_Contact_Lens_Iris_DB\Cogent Scanner\78\Normal\20120920135234_R.bmp,0,0,0.0004022472
C:\Users\sahar\OneDrive\Desktop\EXPLAINABLE_IRIS_PAD\Data\Raw\IIITD_Contact_Lens_Iris_DB\Cogent Scanner\78\Normal\20120920135236_L.bmp,0,0,3.9785187e-05
C:\Users\sahar\OneDrive\Desktop\EXPLAINABLE_IRIS_PAD\Data\Raw\IIITD_Contact_Lens_Iris_DB\Cogent Scanner\78\Normal\20120920135236_R.bmp,0,0,0.00036422253
C:\Users\sahar\OneDrive\Desktop\EXPLAINABLE_IRIS_PAD\Data\Raw\IIITD_Contact_Lens_Iris_DB\Cogent Scanner\78\Normal\20120920135239_L.bmp,0,0,1.663407e-05
C:\Users\sahar\OneDrive\Desktop\EXPLAINABLE_IRIS_PAD\Data\Raw\IIITD_Contact_Lens_Iris_DB\Cogent Scanner\78\Normal\20120920135239_R.bmp,0,0,4.0019164e-05
C:\Users\sahar\OneDrive\Desktop\EXPLAINABLE_IRIS_PAD\Data\Raw\IIITD_Contact_Lens_Iris_DB\Cogent Scanner\78\Normal\20120920135241_L.bmp,0,0,2.7028804e-05
C:\Users\sahar\OneDrive\Desktop\EXPLAINABLE_IRIS_PAD\Data\Raw\IIITD_Contact_Lens_Iris_DB\Cogent Scanner\78\Normal\20120920135241_R.bmp,0,0,2.880724e-05
C:\Users\sahar\OneDrive\Desktop\EXPLAINABLE_IRIS_PAD\Data\Raw\IIITD_Contact_Lens_Iris_DB\Cogent Scanner\78\Normal\20120920135244_L.bmp,0,0,3.1828872e-06
C:\Users\sahar\OneDrive\Desktop\EXPLAINABLE_IRIS_PAD\Data\Raw\IIITD_Contact_Lens_Iris_DB\Cogent Scanner\78\Normal\20120920135244_R.bmp,0,0,0.0007428614
C:\Users\sahar\OneDrive\Desktop\EXPLAINABLE_IRIS_PAD\Data\Raw\IIITD_Contact_Lens_Iris_DB\Cogent Scanner\89\Colored\20120913154824_L.bmp,1,1,0.9999988
C:\Users\sahar\OneDrive\Desktop\EXPLAINABLE_IRIS_PAD\Data\Raw\IIITD_Contact_Lens_Iris_DB\Cogent Scanner\89\Colored\20120913154824_R.bmp,1,1,0.9999999
C:\Users\sahar\OneDrive\Desktop\EXPLAINABLE_IRIS_PAD\Data\Raw\IIITD_Contact_Lens_Iris_DB\Cogent Scanner\89\Colored\20120913154828_L.bmp,1,1,0.99999964
C:\Users\sahar\OneDrive\Desktop\EXPLAINABLE_IRIS_PAD\Data\Raw\IIITD_Contact_Lens_Iris_DB\Cogent Scanner\89\Colored\20120913154828_R.bmp,1,1,1.0
C:\Users\sahar\OneDrive\Desktop\EXPLAINABLE_IRIS_PAD\Data\Raw\IIITD_Contact_Lens_Iris_DB\Cogent Scanner\89\Colored\20120913154831_L.bmp,1,1,0.9999999
C:\Users\sahar\OneDrive\Desktop\EXPLAINABLE_IRIS_PAD\Data\Raw\IIITD_Contact_Lens_Iris_DB\Cogent Scanner\89\Colored\20120913154831_R.bmp,1,1,1.0
C:\Users\sahar\OneDrive\Desktop\EXPLAINABLE_IRIS_PAD\Data\Raw\IIITD_Contact_Lens_Iris_DB\Cogent Scanner\89\Colored\20120913154841_L.bmp,1,1,1.0
C:\Users\sahar\OneDrive\Desktop\EXPLAINABLE_IRIS_PAD\Data\Raw\IIITD_Contact_Lens_Iris_DB\Cogent Scanner\89\Colored\20120913154841_R.bmp,1,1,1.0
C:\Users\sahar\OneDrive\Desktop\EXPLAINABLE_IRIS_PAD\Data\Raw\IIITD_Contact_Lens_Iris_DB\Cogent Scanner\89\Colored\20120913154846_L.bmp,1,1,1.0
C:\Users\sahar\OneDrive\Desktop\EXPLAINABLE_IRIS_PAD\Data\Raw\IIITD_Contact_Lens_Iris_DB\Cogent Scanner\89\Colored\20120913154846_R.bmp,1,1,1.0
C:\Users\sahar\OneDrive\Desktop\EXPLAINABLE_IRIS_PAD\Data\Raw\IIITD_Contact_Lens_Iris_DB\Cogent Scanner\89\Normal\20120913141528_L.bmp,0,0,1.238107e-06
C:\Users\sahar\OneDrive\Desktop\EXPLAINABLE_IRIS_PAD\Data\Raw\IIITD_Contact_Lens_Iris_DB\Cogent Scanner\89\Normal\20120913141529_R.bmp,0,0,2.3749739e-07
C:\Users\sahar\OneDrive\Desktop\EXPLAINABLE_IRIS_PAD\Data\Raw\IIITD_Contact_Lens_Iris_DB\Cogent Scanner\89\Normal\20120913141532_L.bmp,0,0,4.5361256e-05
C:\Users\sahar\OneDrive\Desktop\EXPLAINABLE_IRIS_PAD\Data\Raw\IIITD_Contact_Lens_Iris_DB\Cogent Scanner\89\Normal\20120913141532_R.bmp,0,0,3.272223e-05
C:\Users\sahar\OneDrive\Desktop\EXPLAINABLE_IRIS_PAD\Data\Raw\IIITD_Contact_Lens_Iris_DB\Cogent Scanner\89\Normal\20120913141537_L.bmp,0,0,7.620502e-05
C:\Users\sahar\OneDrive\Desktop\EXPLAINABLE_IRIS_PAD\Data\Raw\IIITD_Contact_Lens_Iris_DB\Cogent Scanner\89\Normal\20120913141537_R.bmp,0,0,3.0156255e-07
C:\Users\sahar\OneDrive\Desktop\EXPLAINABLE_IRIS_PAD\Data\Raw\IIITD_Contact_Lens_Iris_DB\Cogent Scanner\89\Normal\20120913141542_L.bmp,0,0,7.498789e-08
C:\Users\sahar\OneDrive\Desktop\EXPLAINABLE_IRIS_PAD\Data\Raw\IIITD_Contact_Lens_Iris_DB\Cogent Scanner\89\Normal\20120913141542_R.bmp,0,0,0.000102312835
C:\Users\sahar\OneDrive\Desktop\EXPLAINABLE_IRIS_PAD\Data\Raw\IIITD_Contact_Lens_Iris_DB\Cogent Scanner\89\Normal\20120913141547_L.bmp,0,0,6.839169e-06
C:\Users\sahar\OneDrive\Desktop\EXPLAINABLE_IRIS_PAD\Data\Raw\IIITD_Contact_Lens_Iris_DB\Cogent Scanner\89\Normal\20120913141547_R.bmp,0,0,3.648225e-07
C:\Users\sahar\OneDrive\Desktop\EXPLAINABLE_IRIS_PAD\Data\Raw\IIITD_Contact_Lens_Iris_DB\Cogent Scanner\95\Colored\20120914142036_L.bmp,1,1,0.99999905
C:\Users\sahar\OneDrive\Desktop\EXPLAINABLE_IRIS_PAD\Data\Raw\IIITD_Contact_Lens_Iris_DB\Cogent Scanner\95\Colored\20120914142036_R.bmp,1,1,0.99996114
C:\Users\sahar\OneDrive\Desktop\EXPLAINABLE_IRIS_PAD\Data\Raw\IIITD_Contact_Lens_Iris_DB\Cogent Scanner\95\Colored\20120914142039_L.bmp,1,1,0.9999988
C:\Users\sahar\OneDrive\Desktop\EXPLAINABLE_IRIS_PAD\Data\Raw\IIITD_Contact_Lens_Iris_DB\Cogent Scanner\95\Colored\20120914142039_R.bmp,1,1,0.99997675
C:\Users\sahar\OneDrive\Desktop\EXPLAINABLE_IRIS_PAD\Data\Raw\IIITD_Contact_Lens_Iris_DB\Cogent Scanner\95\Colored\20120914142042_L.bmp,1,1,1.0
C:\Users\sahar\OneDrive\Desktop\EXPLAINABLE_IRIS_PAD\Data\Raw\IIITD_Contact_Lens_Iris_DB\Cogent Scanner\95\Colored\20120914142042_R.bmp,1,1,1.0
C:\Users\sahar\OneDrive\Desktop\EXPLAINABLE_IRIS_PAD\Data\Raw\IIITD_Contact_Lens_Iris_DB\Cogent Scanner\95\Colored\20120914142047_L.bmp,1,1,0.99999964
C:\Users\sahar\OneDrive\Desktop\EXPLAINABLE_IRIS_PAD\Data\Raw\IIITD_Contact_Lens_Iris_DB\Cogent Scanner\95\Colored\20120914142047_R.bmp,1,1,0.99999774
C:\Users\sahar\OneDrive\Desktop\EXPLAINABLE_IRIS_PAD\Data\Raw\IIITD_Contact_Lens_Iris_DB\Cogent Scanner\95\Colored\20120914142050_L.bmp,1,1,0.99999964
C:\Users\sahar\OneDrive\Desktop\EXPLAINABLE_IRIS_PAD\Data\Raw\IIITD_Contact_Lens_Iris_DB\Cogent Scanner\95\Colored\20120914142050_R.bmp,1,1,0.99999595
C:\Users\sahar\OneDrive\Desktop\EXPLAINABLE_IRIS_PAD\Data\Raw\IIITD_Contact_Lens_Iris_DB\Cogent Scanner\95\Normal\20120913123619_L.bmp,0,0,7.381087e-07
C:\Users\sahar\OneDrive\Desktop\EXPLAINABLE_IRIS_PAD\Data\Raw\IIITD_Contact_Lens_Iris_DB\Cogent Scanner\95\Normal\20120913123619_R.bmp,0,0,2.4534927e-06
C:\Users\sahar\OneDrive\Desktop\EXPLAINABLE_IRIS_PAD\Data\Raw\IIITD_Contact_Lens_Iris_DB\Cogent Scanner\95\Normal\20120913123624_L.bmp,0,0,5.5862984e-06
C:\Users\sahar\OneDrive\Desktop\EXPLAINABLE_IRIS_PAD\Data\Raw\IIITD_Contact_Lens_Iris_DB\Cogent Scanner\95\Normal\20120913123624_R.bmp,0,0,2.1301364e-06
C:\Users\sahar\OneDrive\Desktop\EXPLAINABLE_IRIS_PAD\Data\Raw\IIITD_Contact_Lens_Iris_DB\Cogent Scanner\95\Normal\20120913123627_L.bmp,0,0,1.07580654e-07
C:\Users\sahar\OneDrive\Desktop\EXPLAINABLE_IRIS_PAD\Data\Raw\IIITD_Contact_Lens_Iris_DB\Cogent Scanner\95\Normal\20120913123627_R.bmp,0,0,9.904235e-07
C:\Users\sahar\OneDrive\Desktop\EXPLAINABLE_IRIS_PAD\Data\Raw\IIITD_Contact_Lens_Iris_DB\Cogent Scanner\95\Normal\20120913123629_L.bmp,0,0,7.105264e-07
C:\Users\sahar\OneDrive\Desktop\EXPLAINABLE_IRIS_PAD\Data\Raw\IIITD_Contact_Lens_Iris_DB\Cogent Scanner\95\Normal\20120913123629_R.bmp,0,0,2.2482593e-06
C:\Users\sahar\OneDrive\Desktop\EXPLAINABLE_IRIS_PAD\Data\Raw\IIITD_Contact_Lens_Iris_DB\Cogent Scanner\95\Normal\20120913123632_L.bmp,0,0,2.619047e-06
C:\Users\sahar\OneDrive\Desktop\EXPLAINABLE_IRIS_PAD\Data\Raw\IIITD_Contact_Lens_Iris_DB\Cogent Scanner\95\Normal\20120913123632_R.bmp,0,0,8.905115e-07
C:\Users\sahar\OneDrive\Desktop\EXPLAINABLE_IRIS_PAD\Data\Raw\IIITD_Contact_Lens_Iris_DB\Cogent Scanner\95\Normal\20120913123634_L.bmp,0,0,8.147841e-07
C:\Users\sahar\OneDrive\Desktop\EXPLAINABLE_IRIS_PAD\Data\Raw\IIITD_Contact_Lens_Iris_DB\Cogent Scanner\95\Normal\20120913123634_R.bmp,0,0,3.6344453e-08
C:\Users\sahar\OneDrive\Desktop\EXPLAINABLE_IRIS_PAD\Data\Raw\IIITD_Contact_Lens_Iris_DB\Cogent Scanner\95\Normal\20120913123637_L.bmp,0,0,1.3362649e-06
C:\Users\sahar\OneDrive\Desktop\EXPLAINABLE_IRIS_PAD\Data\Raw\IIITD_Contact_Lens_Iris_DB\Cogent Scanner\95\Normal\20120913123637_R.bmp,0,0,7.2147884e-07
C:\Users\sahar\OneDrive\Desktop\EXPLAINABLE_IRIS_PAD\Data\Raw\IIITD_Contact_Lens_Iris_DB\Vista Scanner\1\Colored\Left\1.bmp,1,1,1.0
C:\Users\sahar\OneDrive\Desktop\EXPLAINABLE_IRIS_PAD\Data\Raw\IIITD_Contact_Lens_Iris_DB\Vista Scanner\1\Colored\Left\2.bmp,1,1,1.0
C:\Users\sahar\OneDrive\Desktop\EXPLAINABLE_IRIS_PAD\Data\Raw\IIITD_Contact_Lens_Iris_DB\Vista Scanner\1\Colored\Left\3.bmp,1,1,1.0
C:\Users\sahar\OneDrive\Desktop\EXPLAINABLE_IRIS_PAD\Data\Raw\IIITD_Contact_Lens_Iris_DB\Vista Scanner\1\Colored\Left\4.bmp,1,1,1.0
C:\Users\sahar\OneDrive\Desktop\EXPLAINABLE_IRIS_PAD\Data\Raw\IIITD_Contact_Lens_Iris_DB\Vista Scanner\1\Colored\Left\5.bmp,1,1,1.0
C:\Users\sahar\OneDrive\Desktop\EXPLAINABLE_IRIS_PAD\Data\Raw\IIITD_Contact_Lens_Iris_DB\Vista Scanner\1\Colored\Right\1.bmp,1,1,0.9999999
C:\Users\sahar\OneDrive\Desktop\EXPLAINABLE_IRIS_PAD\Data\Raw\IIITD_Contact_Lens_Iris_DB\Vista Scanner\1\Colored\Right\2.bmp,1,1,0.9999994
C:\Users\sahar\OneDrive\Desktop\EXPLAINABLE_IRIS_PAD\Data\Raw\IIITD_Contact_Lens_Iris_DB\Vista Scanner\1\Colored\Right\3.bmp,1,1,0.99999905
C:\Users\sahar\OneDrive\Desktop\EXPLAINABLE_IRIS_PAD\Data\Raw\IIITD_Contact_Lens_Iris_DB\Vista Scanner\1\Colored\Right\4.bmp,1,1,0.99999976
C:\Users\sahar\OneDrive\Desktop\EXPLAINABLE_IRIS_PAD\Data\Raw\IIITD_Contact_Lens_Iris_DB\Vista Scanner\1\Colored\Right\5.bmp,1,1,0.9999976
C:\Users\sahar\OneDrive\Desktop\EXPLAINABLE_IRIS_PAD\Data\Raw\IIITD_Contact_Lens_Iris_DB\Vista Scanner\1\Normal\Left\1.bmp,0,0,2.3289931e-05
C:\Users\sahar\OneDrive\Desktop\EXPLAINABLE_IRIS_PAD\Data\Raw\IIITD_Contact_Lens_Iris_DB\Vista Scanner\1\Normal\Left\2.bmp,0,0,2.704528e-05
C:\Users\sahar\OneDrive\Desktop\EXPLAINABLE_IRIS_PAD\Data\Raw\IIITD_Contact_Lens_Iris_DB\Vista Scanner\1\Normal\Left\3.bmp,0,0,1.2176291e-05
C:\Users\sahar\OneDrive\Desktop\EXPLAINABLE_IRIS_PAD\Data\Raw\IIITD_Contact_Lens_Iris_DB\Vista Scanner\1\Normal\Left\4.bmp,0,0,3.6361977e-05
C:\Users\sahar\OneDrive\Desktop\EXPLAINABLE_IRIS_PAD\Data\Raw\IIITD_Contact_Lens_Iris_DB\Vista Scanner\1\Normal\Left\5.bmp,0,0,1.0632701e-05
C:\Users\sahar\OneDrive\Desktop\EXPLAINABLE_IRIS_PAD\Data\Raw\IIITD_Contact_Lens_Iris_DB\Vista Scanner\1\Normal\Right\1.bmp,0,0,2.929431e-07
C:\Users\sahar\OneDrive\Desktop\EXPLAINABLE_IRIS_PAD\Data\Raw\IIITD_Contact_Lens_Iris_DB\Vista Scanner\1\Normal\Right\2.bmp,0,0,4.0021014e-08
C:\Users\sahar\OneDrive\Desktop\EXPLAINABLE_IRIS_PAD\Data\Raw\IIITD_Contact_Lens_Iris_DB\Vista Scanner\1\Normal\Right\3.bmp,0,0,3.5834052e-08
C:\Users\sahar\OneDrive\Desktop\EXPLAINABLE_IRIS_PAD\Data\Raw\IIITD_Contact_Lens_Iris_DB\Vista Scanner\1\Normal\Right\4.bmp,0,0,3.0697356e-07
C:\Users\sahar\OneDrive\Desktop\EXPLAINABLE_IRIS_PAD\Data\Raw\IIITD_Contact_Lens_Iris_DB\Vista Scanner\1\Normal\Right\5.bmp,0,0,4.3850739e-07
C:\Users\sahar\OneDrive\Desktop\EXPLAINABLE_IRIS_PAD\Data\Raw\IIITD_Contact_Lens_Iris_DB\Vista Scanner\18\Colored\Left\1.bmp,1,1,0.99999857
C:\Users\sahar\OneDrive\Desktop\EXPLAINABLE_IRIS_PAD\Data\Raw\IIITD_Contact_Lens_Iris_DB\Vista Scanner\18\Colored\Left\2.bmp,1,1,0.9999994
C:\Users\sahar\OneDrive\Desktop\EXPLAINABLE_IRIS_PAD\Data\Raw\IIITD_Contact_Lens_Iris_DB\Vista Scanner\18\Colored\Left\3.bmp,1,1,0.99999976
C:\Users\sahar\OneDrive\Desktop\EXPLAINABLE_IRIS_PAD\Data\Raw\IIITD_Contact_Lens_Iris_DB\Vista Scanner\18\Colored\Left\4.bmp,1,1,0.99999666
C:\Users\sahar\OneDrive\Desktop\EXPLAINABLE_IRIS_PAD\Data\Raw\IIITD_Contact_Lens_Iris_DB\Vista Scanner\18\Colored\Left\5.bmp,1,1,1.0
C:\Users\sahar\OneDrive\Desktop\EXPLAINABLE_IRIS_PAD\Data\Raw\IIITD_Contact_Lens_Iris_DB\Vista Scanner\18\Colored\Right\1.bmp,1,1,1.0
C:\Users\sahar\OneDrive\Desktop\EXPLAINABLE_IRIS_PAD\Data\Raw\IIITD_Contact_Lens_Iris_DB\Vista Scanner\18\Colored\Right\2.bmp,1,1,1.0
C:\Users\sahar\OneDrive\Desktop\EXPLAINABLE_IRIS_PAD\Data\Raw\IIITD_Contact_Lens_Iris_DB\Vista Scanner\18\Colored\Right\3.bmp,1,1,1.0
C:\Users\sahar\OneDrive\Desktop\EXPLAINABLE_IRIS_PAD\Data\Raw\IIITD_Contact_Lens_Iris_DB\Vista Scanner\18\Colored\Right\4.bmp,1,1,1.0
C:\Users\sahar\OneDrive\Desktop\EXPLAINABLE_IRIS_PAD\Data\Raw\IIITD_Contact_Lens_Iris_DB\Vista Scanner\18\Colored\Right\5.bmp,1,1,0.99999976
C:\Users\sahar\OneDrive\Desktop\EXPLAINABLE_IRIS_PAD\Data\Raw\IIITD_Contact_Lens_Iris_DB\Vista Scanner\18\Normal\Left\1.bmp,0,0,7.896053e-05
C:\Users\sahar\OneDrive\Desktop\EXPLAINABLE_IRIS_PAD\Data\Raw\IIITD_Contact_Lens_Iris_DB\Vista Scanner\18\Normal\Left\2.bmp,0,0,1.8267598e-06
C:\Users\sahar\OneDrive\Desktop\EXPLAINABLE_IRIS_PAD\Data\Raw\IIITD_Contact_Lens_Iris_DB\Vista Scanner\18\Normal\Left\3.bmp,0,0,8.788527e-06
C:\Users\sahar\OneDrive\Desktop\EXPLAINABLE_IRIS_PAD\Data\Raw\IIITD_Contact_Lens_Iris_DB\Vista Scanner\18\Normal\Left\4.bmp,0,0,2.5127989e-05
C:\Users\sahar\OneDrive\Desktop\EXPLAINABLE_IRIS_PAD\Data\Raw\IIITD_Contact_Lens_Iris_DB\Vista Scanner\18\Normal\Left\5.bmp,0,0,1.3053366e-05
C:\Users\sahar\OneDrive\Desktop\EXPLAINABLE_IRIS_PAD\Data\Raw\IIITD_Contact_Lens_Iris_DB\Vista Scanner\18\Normal\Right\1.bmp,0,0,6.050367e-08
C:\Users\sahar\OneDrive\Desktop\EXPLAINABLE_IRIS_PAD\Data\Raw\IIITD_Contact_Lens_Iris_DB\Vista Scanner\18\Normal\Right\2.bmp,0,0,3.1586662e-06
C:\Users\sahar\OneDrive\Desktop\EXPLAINABLE_IRIS_PAD\Data\Raw\IIITD_Contact_Lens_Iris_DB\Vista Scanner\18\Normal\Right\3.bmp,0,0,1.1282019e-06
C:\Users\sahar\OneDrive\Desktop\EXPLAINABLE_IRIS_PAD\Data\Raw\IIITD_Contact_Lens_Iris_DB\Vista Scanner\18\Normal\Right\4.bmp,0,0,3.9720817e-05
C:\Users\sahar\OneDrive\Desktop\EXPLAINABLE_IRIS_PAD\Data\Raw\IIITD_Contact_Lens_Iris_DB\Vista Scanner\18\Normal\Right\5.bmp,0,0,8.498453e-05
C:\Users\sahar\OneDrive\Desktop\EXPLAINABLE_IRIS_PAD\Data\Raw\IIITD_Contact_Lens_Iris_DB\Vista Scanner\19\Colored\Left\1.bmp,1,1,0.9999999
C:\Users\sahar\OneDrive\Desktop\EXPLAINABLE_IRIS_PAD\Data\Raw\IIITD_Contact_Lens_Iris_DB\Vista Scanner\19\Colored\Left\2.bmp,1,1,0.9999999
C:\Users\sahar\OneDrive\Desktop\EXPLAINABLE_IRIS_PAD\Data\Raw\IIITD_Contact_Lens_Iris_DB\Vista Scanner\19\Colored\Left\3.bmp,1,1,0.99999845
C:\Users\sahar\OneDrive\Desktop\EXPLAINABLE_IRIS_PAD\Data\Raw\IIITD_Contact_Lens_Iris_DB\Vista Scanner\19\Colored\Left\4.bmp,1,1,0.99999976
C:\Users\sahar\OneDrive\Desktop\EXPLAINABLE_IRIS_PAD\Data\Raw\IIITD_Contact_Lens_Iris_DB\Vista Scanner\19\Colored\Left\5.bmp,1,1,0.99999917
C:\Users\sahar\OneDrive\Desktop\EXPLAINABLE_IRIS_PAD\Data\Raw\IIITD_Contact_Lens_Iris_DB\Vista Scanner\19\Colored\Right\1.bmp,1,1,0.9999975
C:\Users\sahar\OneDrive\Desktop\EXPLAINABLE_IRIS_PAD\Data\Raw\IIITD_Contact_Lens_Iris_DB\Vista Scanner\19\Colored\Right\2.bmp,1,1,0.99999654
C:\Users\sahar\OneDrive\Desktop\EXPLAINABLE_IRIS_PAD\Data\Raw\IIITD_Contact_Lens_Iris_DB\Vista Scanner\19\Colored\Right\3.bmp,1,1,0.99999475
C:\Users\sahar\OneDrive\Desktop\EXPLAINABLE_IRIS_PAD\Data\Raw\IIITD_Contact_Lens_Iris_DB\Vista Scanner\19\Colored\Right\4.bmp,1,1,0.99999964
C:\Users\sahar\OneDrive\Desktop\EXPLAINABLE_IRIS_PAD\Data\Raw\IIITD_Contact_Lens_Iris_DB\Vista Scanner\19\Colored\Right\5.bmp,1,1,0.999998
C:\Users\sahar\OneDrive\Desktop\EXPLAINABLE_IRIS_PAD\Data\Raw\IIITD_Contact_Lens_Iris_DB\Vista Scanner\19\Normal\Left\1.bmp,0,0,1.502897e-07
C:\Users\sahar\OneDrive\Desktop\EXPLAINABLE_IRIS_PAD\Data\Raw\IIITD_Contact_Lens_Iris_DB\Vista Scanner\19\Normal\Left\2.bmp,0,0,1.1059935e-06
C:\Users\sahar\OneDrive\Desktop\EXPLAINABLE_IRIS_PAD\Data\Raw\IIITD_Contact_Lens_Iris_DB\Vista Scanner\19\Normal\Left\3.bmp,0,0,1.1402516e-06
C:\Users\sahar\OneDrive\Desktop\EXPLAINABLE_IRIS_PAD\Data\Raw\IIITD_Contact_Lens_Iris_DB\Vista Scanner\19\Normal\Left\4.bmp,0,0,2.0650668e-07
C:\Users\sahar\OneDrive\Desktop\EXPLAINABLE_IRIS_PAD\Data\Raw\IIITD_Contact_Lens_Iris_DB\Vista Scanner\19\Normal\Left\5.bmp,0,0,2.8586112e-07
C:\Users\sahar\OneDrive\Desktop\EXPLAINABLE_IRIS_PAD\Data\Raw\IIITD_Contact_Lens_Iris_DB\Vista Scanner\19\Normal\Right\1.bmp,0,0,1.25388415e-05
C:\Users\sahar\OneDrive\Desktop\EXPLAINABLE_IRIS_PAD\Data\Raw\IIITD_Contact_Lens_Iris_DB\Vista Scanner\19\Normal\Right\2.bmp,0,0,3.773521e-07
C:\Users\sahar\OneDrive\Desktop\EXPLAINABLE_IRIS_PAD\Data\Raw\IIITD_Contact_Lens_Iris_DB\Vista Scanner\19\Normal\Right\3.bmp,0,0,2.237431e-07
C:\Users\sahar\OneDrive\Desktop\EXPLAINABLE_IRIS_PAD\Data\Raw\IIITD_Contact_Lens_Iris_DB\Vista Scanner\19\Normal\Right\4.bmp,0,0,1.2629546e-07
C:\Users\sahar\OneDrive\Desktop\EXPLAINABLE_IRIS_PAD\Data\Raw\IIITD_Contact_Lens_Iris_DB\Vista Scanner\19\Normal\Right\5.bmp,0,0,6.6653385e-08
C:\Users\sahar\OneDrive\Desktop\EXPLAINABLE_IRIS_PAD\Data\Raw\IIITD_Contact_Lens_Iris_DB\Vista Scanner\28\Colored\Left\1.bmp,1,1,1.0
C:\Users\sahar\OneDrive\Desktop\EXPLAINABLE_IRIS_PAD\Data\Raw\IIITD_Contact_Lens_Iris_DB\Vista Scanner\28\Colored\Left\2.bmp,1,1,1.0
C:\Users\sahar\OneDrive\Desktop\EXPLAINABLE_IRIS_PAD\Data\Raw\IIITD_Contact_Lens_Iris_DB\Vista Scanner\28\Colored\Left\3.bmp,1,1,1.0
C:\Users\sahar\OneDrive\Desktop\EXPLAINABLE_IRIS_PAD\Data\Raw\IIITD_Contact_Lens_Iris_DB\Vista Scanner\28\Colored\Left\4.bmp,1,1,1.0
C:\Users\sahar\OneDrive\Desktop\EXPLAINABLE_IRIS_PAD\Data\Raw\IIITD_Contact_Lens_Iris_DB\Vista Scanner\28\Colored\Left\5.bmp,1,1,1.0
C:\Users\sahar\OneDrive\Desktop\EXPLAINABLE_IRIS_PAD\Data\Raw\IIITD_Contact_Lens_Iris_DB\Vista Scanner\28\Colored\Right\1.bmp,1,1,1.0
C:\Users\sahar\OneDrive\Desktop\EXPLAINABLE_IRIS_PAD\Data\Raw\IIITD_Contact_Lens_Iris_DB\Vista Scanner\28\Colored\Right\2.bmp,1,1,1.0
C:\Users\sahar\OneDrive\Desktop\EXPLAINABLE_IRIS_PAD\Data\Raw\IIITD_Contact_Lens_Iris_DB\Vista Scanner\28\Colored\Right\3.bmp,1,1,1.0
C:\Users\sahar\OneDrive\Desktop\EXPLAINABLE_IRIS_PAD\Data\Raw\IIITD_Contact_Lens_Iris_DB\Vista Scanner\28\Colored\Right\4.bmp,1,1,1.0
C:\Users\sahar\OneDrive\Desktop\EXPLAINABLE_IRIS_PAD\Data\Raw\IIITD_Contact_Lens_Iris_DB\Vista Scanner\28\Colored\Right\5.bmp,1,1,0.9999999
C:\Users\sahar\OneDrive\Desktop\EXPLAINABLE_IRIS_PAD\Data\Raw\IIITD_Contact_Lens_Iris_DB\Vista Scanner\28\Normal\Left\1.bmp,0,0,4.0560332e-07
C:\Users\sahar\OneDrive\Desktop\EXPLAINABLE_IRIS_PAD\Data\Raw\IIITD_Contact_Lens_Iris_DB\Vista Scanner\28\Normal\Left\2.bmp,0,0,3.4617583e-06
C:\Users\sahar\OneDrive\Desktop\EXPLAINABLE_IRIS_PAD\Data\Raw\IIITD_Contact_Lens_Iris_DB\Vista Scanner\28\Normal\Left\3.bmp,0,0,6.3590833e-06
C:\Users\sahar\OneDrive\Desktop\EXPLAINABLE_IRIS_PAD\Data\Raw\IIITD_Contact_Lens_Iris_DB\Vista Scanner\28\Normal\Left\4.bmp,0,0,3.2497555e-06
C:\Users\sahar\OneDrive\Desktop\EXPLAINABLE_IRIS_PAD\Data\Raw\IIITD_Contact_Lens_Iris_DB\Vista Scanner\28\Normal\Left\5.bmp,0,0,1.466238e-05
C:\Users\sahar\OneDrive\Desktop\EXPLAINABLE_IRIS_PAD\Data\Raw\IIITD_Contact_Lens_Iris_DB\Vista Scanner\28\Normal\Right\1.bmp,0,0,1.531544e-06
C:\Users\sahar\OneDrive\Desktop\EXPLAINABLE_IRIS_PAD\Data\Raw\IIITD_Contact_Lens_Iris_DB\Vista Scanner\28\Normal\Right\2.bmp,0,0,5.1889992e-06
C:\Users\sahar\OneDrive\Desktop\EXPLAINABLE_IRIS_PAD\Data\Raw\IIITD_Contact_Lens_Iris_DB\Vista Scanner\28\Normal\Right\3.bmp,0,0,2.990554e-06
C:\Users\sahar\OneDrive\Desktop\EXPLAINABLE_IRIS_PAD\Data\Raw\IIITD_Contact_Lens_Iris_DB\Vista Scanner\28\Normal\Right\4.bmp,0,0,7.264818e-07
C:\Users\sahar\OneDrive\Desktop\EXPLAINABLE_IRIS_PAD\Data\Raw\IIITD_Contact_Lens_Iris_DB\Vista Scanner\28\Normal\Right\5.bmp,0,0,8.007274e-06
C:\Users\sahar\OneDrive\Desktop\EXPLAINABLE_IRIS_PAD\Data\Raw\IIITD_Contact_Lens_Iris_DB\Vista Scanner\31\Colored\Left\1.bmp,1,1,0.9997377
C:\Users\sahar\OneDrive\Desktop\EXPLAINABLE_IRIS_PAD\Data\Raw\IIITD_Contact_Lens_Iris_DB\Vista Scanner\31\Colored\Left\2.bmp,1,1,0.9997887
C:\Users\sahar\OneDrive\Desktop\EXPLAINABLE_IRIS_PAD\Data\Raw\IIITD_Contact_Lens_Iris_DB\Vista Scanner\31\Colored\Left\3.bmp,1,1,0.99959725
C:\Users\sahar\OneDrive\Desktop\EXPLAINABLE_IRIS_PAD\Data\Raw\IIITD_Contact_Lens_Iris_DB\Vista Scanner\31\Colored\Left\4.bmp,1,1,0.9999391
C:\Users\sahar\OneDrive\Desktop\EXPLAINABLE_IRIS_PAD\Data\Raw\IIITD_Contact_Lens_Iris_DB\Vista Scanner\31\Colored\Left\5.bmp,1,1,0.9999857
C:\Users\sahar\OneDrive\Desktop\EXPLAINABLE_IRIS_PAD\Data\Raw\IIITD_Contact_Lens_Iris_DB\Vista Scanner\31\Colored\Right\1.bmp,1,1,0.9999782
C:\Users\sahar\OneDrive\Desktop\EXPLAINABLE_IRIS_PAD\Data\Raw\IIITD_Contact_Lens_Iris_DB\Vista Scanner\31\Colored\Right\2.bmp,1,1,0.9999598
C:\Users\sahar\OneDrive\Desktop\EXPLAINABLE_IRIS_PAD\Data\Raw\IIITD_Contact_Lens_Iris_DB\Vista Scanner\31\Colored\Right\3.bmp,1,1,0.9999876
C:\Users\sahar\OneDrive\Desktop\EXPLAINABLE_IRIS_PAD\Data\Raw\IIITD_Contact_Lens_Iris_DB\Vista Scanner\31\Colored\Right\4.bmp,1,1,0.9999964
C:\Users\sahar\OneDrive\Desktop\EXPLAINABLE_IRIS_PAD\Data\Raw\IIITD_Contact_Lens_Iris_DB\Vista Scanner\31\Colored\Right\5.bmp,1,1,0.9998325
C:\Users\sahar\OneDrive\Desktop\EXPLAINABLE_IRIS_PAD\Data\Raw\IIITD_Contact_Lens_Iris_DB\Vista Scanner\31\Normal\Left\1.bmp,0,0,3.9326068e-08
C:\Users\sahar\OneDrive\Desktop\EXPLAINABLE_IRIS_PAD\Data\Raw\IIITD_Contact_Lens_Iris_DB\Vista Scanner\31\Normal\Left\2.bmp,0,0,1.2667305e-06
C:\Users\sahar\OneDrive\Desktop\EXPLAINABLE_IRIS_PAD\Data\Raw\IIITD_Contact_Lens_Iris_DB\Vista Scanner\31\Normal\Left\3.bmp,0,0,1.010329e-09
C:\Users\sahar\OneDrive\Desktop\EXPLAINABLE_IRIS_PAD\Data\Raw\IIITD_Contact_Lens_Iris_DB\Vista Scanner\31\Normal\Left\4.bmp,0,0,2.882623e-07
C:\Users\sahar\OneDrive\Desktop\EXPLAINABLE_IRIS_PAD\Data\Raw\IIITD_Contact_Lens_Iris_DB\Vista Scanner\31\Normal\Left\5.bmp,0,0,3.4369618e-06
C:\Users\sahar\OneDrive\Desktop\EXPLAINABLE_IRIS_PAD\Data\Raw\IIITD_Contact_Lens_Iris_DB\Vista Scanner\31\Normal\Right\1.bmp,0,0,1.9762512e-08
C:\Users\sahar\OneDrive\Desktop\EXPLAINABLE_IRIS_PAD\Data\Raw\IIITD_Contact_Lens_Iris_DB\Vista Scanner\31\Normal\Right\2.bmp,0,0,3.2781605e-07
C:\Users\sahar\OneDrive\Desktop\EXPLAINABLE_IRIS_PAD\Data\Raw\IIITD_Contact_Lens_Iris_DB\Vista Scanner\31\Normal\Right\3.bmp,0,0,1.885984e-06
C:\Users\sahar\OneDrive\Desktop\EXPLAINABLE_IRIS_PAD\Data\Raw\IIITD_Contact_Lens_Iris_DB\Vista Scanner\31\Normal\Right\4.bmp,0,0,4.469387e-07
C:\Users\sahar\OneDrive\Desktop\EXPLAINABLE_IRIS_PAD\Data\Raw\IIITD_Contact_Lens_Iris_DB\Vista Scanner\31\Normal\Right\5.bmp,0,0,3.2564705e-07
C:\Users\sahar\OneDrive\Desktop\EXPLAINABLE_IRIS_PAD\Data\Raw\IIITD_Contact_Lens_Iris_DB\Vista Scanner\36\Colored\Left\1.bmp,1,1,1.0
C:\Users\sahar\OneDrive\Desktop\EXPLAINABLE_IRIS_PAD\Data\Raw\IIITD_Contact_Lens_Iris_DB\Vista Scanner\36\Colored\Left\2.bmp,1,1,1.0
C:\Users\sahar\OneDrive\Desktop\EXPLAINABLE_IRIS_PAD\Data\Raw\IIITD_Contact_Lens_Iris_DB\Vista Scanner\36\Colored\Left\3.bmp,1,1,1.0
C:\Users\sahar\OneDrive\Desktop\EXPLAINABLE_IRIS_PAD\Data\Raw\IIITD_Contact_Lens_Iris_DB\Vista Scanner\36\Colored\Left\4.bmp,1,1,1.0
C:\Users\sahar\OneDrive\Desktop\EXPLAINABLE_IRIS_PAD\Data\Raw\IIITD_Contact_Lens_Iris_DB\Vista Scanner\36\Colored\Left\5.bmp,1,1,1.0
C:\Users\sahar\OneDrive\Desktop\EXPLAINABLE_IRIS_PAD\Data\Raw\IIITD_Contact_Lens_Iris_DB\Vista Scanner\36\Colored\Right\1.bmp,1,1,1.0
C:\Users\sahar\OneDrive\Desktop\EXPLAINABLE_IRIS_PAD\Data\Raw\IIITD_Contact_Lens_Iris_DB\Vista Scanner\36\Colored\Right\2.bmp,1,1,1.0
C:\Users\sahar\OneDrive\Desktop\EXPLAINABLE_IRIS_PAD\Data\Raw\IIITD_Contact_Lens_Iris_DB\Vista Scanner\36\Colored\Right\3.bmp,1,1,1.0
C:\Users\sahar\OneDrive\Desktop\EXPLAINABLE_IRIS_PAD\Data\Raw\IIITD_Contact_Lens_Iris_DB\Vista Scanner\36\Colored\Right\4.bmp,1,1,1.0
C:\Users\sahar\OneDrive\Desktop\EXPLAINABLE_IRIS_PAD\Data\Raw\IIITD_Contact_Lens_Iris_DB\Vista Scanner\36\Colored\Right\5.bmp,1,1,1.0
C:\Users\sahar\OneDrive\Desktop\EXPLAINABLE_IRIS_PAD\Data\Raw\IIITD_Contact_Lens_Iris_DB\Vista Scanner\36\Normal\Left\1.bmp,0,0,1.3524892e-07
C:\Users\sahar\OneDrive\Desktop\EXPLAINABLE_IRIS_PAD\Data\Raw\IIITD_Contact_Lens_Iris_DB\Vista Scanner\36\Normal\Left\2.bmp,0,0,4.1384405e-06
C:\Users\sahar\OneDrive\Desktop\EXPLAINABLE_IRIS_PAD\Data\Raw\IIITD_Contact_Lens_Iris_DB\Vista Scanner\36\Normal\Left\3.bmp,0,0,1.4915057e-11
C:\Users\sahar\OneDrive\Desktop\EXPLAINABLE_IRIS_PAD\Data\Raw\IIITD_Contact_Lens_Iris_DB\Vista Scanner\36\Normal\Left\4.bmp,0,0,1.2608187e-06
C:\Users\sahar\OneDrive\Desktop\EXPLAINABLE_IRIS_PAD\Data\Raw\IIITD_Contact_Lens_Iris_DB\Vista Scanner\36\Normal\Left\5.bmp,0,0,7.7214645e-06
C:\Users\sahar\OneDrive\Desktop\EXPLAINABLE_IRIS_PAD\Data\Raw\IIITD_Contact_Lens_Iris_DB\Vista Scanner\36\Normal\Right\1.bmp,0,0,2.5098413e-07
C:\Users\sahar\OneDrive\Desktop\EXPLAINABLE_IRIS_PAD\Data\Raw\IIITD_Contact_Lens_Iris_DB\Vista Scanner\36\Normal\Right\2.bmp,0,0,6.8148046e-07
C:\Users\sahar\OneDrive\Desktop\EXPLAINABLE_IRIS_PAD\Data\Raw\IIITD_Contact_Lens_Iris_DB\Vista Scanner\36\Normal\Right\3.bmp,0,0,5.1114e-07
C:\Users\sahar\OneDrive\Desktop\EXPLAINABLE_IRIS_PAD\Data\Raw\IIITD_Contact_Lens_Iris_DB\Vista Scanner\36\Normal\Right\4.bmp,0,0,2.0235004e-06
C:\Users\sahar\OneDrive\Desktop\EXPLAINABLE_IRIS_PAD\Data\Raw\IIITD_Contact_Lens_Iris_DB\Vista Scanner\36\Normal\Right\5.bmp,0,0,2.226123e-07
C:\Users\sahar\OneDrive\Desktop\EXPLAINABLE_IRIS_PAD\Data\Raw\IIITD_Contact_Lens_Iris_DB\Vista Scanner\38\Colored\Left\1.bmp,1,1,0.99999726
C:\Users\sahar\OneDrive\Desktop\EXPLAINABLE_IRIS_PAD\Data\Raw\IIITD_Contact_Lens_Iris_DB\Vista Scanner\38\Colored\Left\2.bmp,1,1,0.9999274
C:\Users\sahar\OneDrive\Desktop\EXPLAINABLE_IRIS_PAD\Data\Raw\IIITD_Contact_Lens_Iris_DB\Vista Scanner\38\Colored\Left\3.bmp,1,1,0.99999845
C:\Users\sahar\OneDrive\Desktop\EXPLAINABLE_IRIS_PAD\Data\Raw\IIITD_Contact_Lens_Iris_DB\Vista Scanner\38\Colored\Left\4.bmp,1,1,0.99997044
C:\Users\sahar\OneDrive\Desktop\EXPLAINABLE_IRIS_PAD\Data\Raw\IIITD_Contact_Lens_Iris_DB\Vista Scanner\38\Colored\Left\5.bmp,1,1,0.9999186
C:\Users\sahar\OneDrive\Desktop\EXPLAINABLE_IRIS_PAD\Data\Raw\IIITD_Contact_Lens_Iris_DB\Vista Scanner\38\Colored\Right\1.bmp,1,1,0.9999995
C:\Users\sahar\OneDrive\Desktop\EXPLAINABLE_IRIS_PAD\Data\Raw\IIITD_Contact_Lens_Iris_DB\Vista Scanner\38\Colored\Right\2.bmp,1,1,0.99999917
C:\Users\sahar\OneDrive\Desktop\EXPLAINABLE_IRIS_PAD\Data\Raw\IIITD_Contact_Lens_Iris_DB\Vista Scanner\38\Colored\Right\3.bmp,1,1,0.99999964
C:\Users\sahar\OneDrive\Desktop\EXPLAINABLE_IRIS_PAD\Data\Raw\IIITD_Contact_Lens_Iris_DB\Vista Scanner\38\Colored\Right\4.bmp,1,1,0.9999995
C:\Users\sahar\OneDrive\Desktop\EXPLAINABLE_IRIS_PAD\Data\Raw\IIITD_Contact_Lens_Iris_DB\Vista Scanner\38\Colored\Right\5.bmp,1,1,0.9999988
C:\Users\sahar\OneDrive\Desktop\EXPLAINABLE_IRIS_PAD\Data\Raw\IIITD_Contact_Lens_Iris_DB\Vista Scanner\38\Normal\Left\1.bmp,0,0,8.050526e-06
C:\Users\sahar\OneDrive\Desktop\EXPLAINABLE_IRIS_PAD\Data\Raw\IIITD_Contact_Lens_Iris_DB\Vista Scanner\38\Normal\Left\2.bmp,0,0,5.851938e-07
C:\Users\sahar\OneDrive\Desktop\EXPLAINABLE_IRIS_PAD\Data\Raw\IIITD_Contact_Lens_Iris_DB\Vista Scanner\38\Normal\Left\3.bmp,0,0,1.557304e-06
C:\Users\sahar\OneDrive\Desktop\EXPLAINABLE_IRIS_PAD\Data\Raw\IIITD_Contact_Lens_Iris_DB\Vista Scanner\38\Normal\Left\4.bmp,0,0,0.00020440963
C:\Users\sahar\OneDrive\Desktop\EXPLAINABLE_IRIS_PAD\Data\Raw\IIITD_Contact_Lens_Iris_DB\Vista Scanner\38\Normal\Left\5.bmp,0,0,0.0001696369
C:\Users\sahar\OneDrive\Desktop\EXPLAINABLE_IRIS_PAD\Data\Raw\IIITD_Contact_Lens_Iris_DB\Vista Scanner\38\Normal\Right\1.bmp,0,0,8.935044e-05
C:\Users\sahar\OneDrive\Desktop\EXPLAINABLE_IRIS_PAD\Data\Raw\IIITD_Contact_Lens_Iris_DB\Vista Scanner\38\Normal\Right\2.bmp,0,0,0.00010100572
C:\Users\sahar\OneDrive\Desktop\EXPLAINABLE_IRIS_PAD\Data\Raw\IIITD_Contact_Lens_Iris_DB\Vista Scanner\38\Normal\Right\3.bmp,0,0,0.00013951602
C:\Users\sahar\OneDrive\Desktop\EXPLAINABLE_IRIS_PAD\Data\Raw\IIITD_Contact_Lens_Iris_DB\Vista Scanner\38\Normal\Right\4.bmp,0,0,2.3825425e-05
C:\Users\sahar\OneDrive\Desktop\EXPLAINABLE_IRIS_PAD\Data\Raw\IIITD_Contact_Lens_Iris_DB\Vista Scanner\38\Normal\Right\5.bmp,0,0,0.00031032457
C:\Users\sahar\OneDrive\Desktop\EXPLAINABLE_IRIS_PAD\Data\Raw\IIITD_Contact_Lens_Iris_DB\Vista Scanner\43\Colored\Left\1.bmp,1,1,0.9999975
C:\Users\sahar\OneDrive\Desktop\EXPLAINABLE_IRIS_PAD\Data\Raw\IIITD_Contact_Lens_Iris_DB\Vista Scanner\43\Colored\Left\2.bmp,1,1,1.0
C:\Users\sahar\OneDrive\Desktop\EXPLAINABLE_IRIS_PAD\Data\Raw\IIITD_Contact_Lens_Iris_DB\Vista Scanner\43\Colored\Left\3.bmp,1,1,0.9999989
C:\Users\sahar\OneDrive\Desktop\EXPLAINABLE_IRIS_PAD\Data\Raw\IIITD_Contact_Lens_Iris_DB\Vista Scanner\43\Colored\Left\4.bmp,1,1,0.9999989
C:\Users\sahar\OneDrive\Desktop\EXPLAINABLE_IRIS_PAD\Data\Raw\IIITD_Contact_Lens_Iris_DB\Vista Scanner\43\Colored\Left\5.bmp,1,1,0.99999976
C:\Users\sahar\OneDrive\Desktop\EXPLAINABLE_IRIS_PAD\Data\Raw\IIITD_Contact_Lens_Iris_DB\Vista Scanner\43\Colored\Right\1.bmp,1,1,1.0
C:\Users\sahar\OneDrive\Desktop\EXPLAINABLE_IRIS_PAD\Data\Raw\IIITD_Contact_Lens_Iris_DB\Vista Scanner\43\Colored\Right\2.bmp,1,1,1.0
C:\Users\sahar\OneDrive\Desktop\EXPLAINABLE_IRIS_PAD\Data\Raw\IIITD_Contact_Lens_Iris_DB\Vista Scanner\43\Colored\Right\3.bmp,1,1,1.0
C:\Users\sahar\OneDrive\Desktop\EXPLAINABLE_IRIS_PAD\Data\Raw\IIITD_Contact_Lens_Iris_DB\Vista Scanner\43\Colored\Right\4.bmp,1,1,1.0
C:\Users\sahar\OneDrive\Desktop\EXPLAINABLE_IRIS_PAD\Data\Raw\IIITD_Contact_Lens_Iris_DB\Vista Scanner\43\Colored\Right\5.bmp,1,1,1.0
C:\Users\sahar\OneDrive\Desktop\EXPLAINABLE_IRIS_PAD\Data\Raw\IIITD_Contact_Lens_Iris_DB\Vista Scanner\43\Normal\Left\1.bmp,0,0,4.403825e-06
C:\Users\sahar\OneDrive\Desktop\EXPLAINABLE_IRIS_PAD\Data\Raw\IIITD_Contact_Lens_Iris_DB\Vista Scanner\43\Normal\Left\2.bmp,0,0,8.5254745e-05
C:\Users\sahar\OneDrive\Desktop\EXPLAINABLE_IRIS_PAD\Data\Raw\IIITD_Contact_Lens_Iris_DB\Vista Scanner\43\Normal\Left\3.bmp,0,0,6.5087283e-06
C:\Users\sahar\OneDrive\Desktop\EXPLAINABLE_IRIS_PAD\Data\Raw\IIITD_Contact_Lens_Iris_DB\Vista Scanner\43\Normal\Left\4.bmp,0,0,9.65725e-07
C:\Users\sahar\OneDrive\Desktop\EXPLAINABLE_IRIS_PAD\Data\Raw\IIITD_Contact_Lens_Iris_DB\Vista Scanner\43\Normal\Left\5.bmp,0,0,7.5200216e-05
C:\Users\sahar\OneDrive\Desktop\EXPLAINABLE_IRIS_PAD\Data\Raw\IIITD_Contact_Lens_Iris_DB\Vista Scanner\43\Normal\Right\1.bmp,0,0,7.4790005e-06
C:\Users\sahar\OneDrive\Desktop\EXPLAINABLE_IRIS_PAD\Data\Raw\IIITD_Contact_Lens_Iris_DB\Vista Scanner\43\Normal\Right\2.bmp,0,0,1.9513022e-06
C:\Users\sahar\OneDrive\Desktop\EXPLAINABLE_IRIS_PAD\Data\Raw\IIITD_Contact_Lens_Iris_DB\Vista Scanner\43\Normal\Right\3.bmp,0,0,3.887739e-05
C:\Users\sahar\OneDrive\Desktop\EXPLAINABLE_IRIS_PAD\Data\Raw\IIITD_Contact_Lens_Iris_DB\Vista Scanner\43\Normal\Right\4.bmp,0,0,4.124837e-05
C:\Users\sahar\OneDrive\Desktop\EXPLAINABLE_IRIS_PAD\Data\Raw\IIITD_Contact_Lens_Iris_DB\Vista Scanner\43\Normal\Right\5.bmp,0,0,1.3479374e-05
C:\Users\sahar\OneDrive\Desktop\EXPLAINABLE_IRIS_PAD\Data\Raw\IIITD_Contact_Lens_Iris_DB\Vista Scanner\46\Colored\Left\1.bmp,1,1,0.9999995
C:\Users\sahar\OneDrive\Desktop\EXPLAINABLE_IRIS_PAD\Data\Raw\IIITD_Contact_Lens_Iris_DB\Vista Scanner\46\Colored\Left\2.bmp,1,1,0.9999994
C:\Users\sahar\OneDrive\Desktop\EXPLAINABLE_IRIS_PAD\Data\Raw\IIITD_Contact_Lens_Iris_DB\Vista Scanner\46\Colored\Left\3.bmp,1,1,0.9999988
C:\Users\sahar\OneDrive\Desktop\EXPLAINABLE_IRIS_PAD\Data\Raw\IIITD_Contact_Lens_Iris_DB\Vista Scanner\46\Colored\Left\4.bmp,1,1,0.9999999
C:\Users\sahar\OneDrive\Desktop\EXPLAINABLE_IRIS_PAD\Data\Raw\IIITD_Contact_Lens_Iris_DB\Vista Scanner\46\Colored\Left\5.bmp,1,1,0.99999976
C:\Users\sahar\OneDrive\Desktop\EXPLAINABLE_IRIS_PAD\Data\Raw\IIITD_Contact_Lens_Iris_DB\Vista Scanner\46\Colored\Right\1.bmp,1,1,0.9999999
C:\Users\sahar\OneDrive\Desktop\EXPLAINABLE_IRIS_PAD\Data\Raw\IIITD_Contact_Lens_Iris_DB\Vista Scanner\46\Colored\Right\2.bmp,1,1,1.0
C:\Users\sahar\OneDrive\Desktop\EXPLAINABLE_IRIS_PAD\Data\Raw\IIITD_Contact_Lens_Iris_DB\Vista Scanner\46\Colored\Right\3.bmp,1,1,1.0
C:\Users\sahar\OneDrive\Desktop\EXPLAINABLE_IRIS_PAD\Data\Raw\IIITD_Contact_Lens_Iris_DB\Vista Scanner\46\Colored\Right\4.bmp,1,1,1.0
C:\Users\sahar\OneDrive\Desktop\EXPLAINABLE_IRIS_PAD\Data\Raw\IIITD_Contact_Lens_Iris_DB\Vista Scanner\46\Colored\Right\5.bmp,1,1,0.9999999
C:\Users\sahar\OneDrive\Desktop\EXPLAINABLE_IRIS_PAD\Data\Raw\IIITD_Contact_Lens_Iris_DB\Vista Scanner\46\Normal\Left\1.bmp,0,0,0.0014922242
C:\Users\sahar\OneDrive\Desktop\EXPLAINABLE_IRIS_PAD\Data\Raw\IIITD_Contact_Lens_Iris_DB\Vista Scanner\46\Normal\Left\2.bmp,0,0,0.00019560252
C:\Users\sahar\OneDrive\Desktop\EXPLAINABLE_IRIS_PAD\Data\Raw\IIITD_Contact_Lens_Iris_DB\Vista Scanner\46\Normal\Left\3.bmp,0,0,0.00013839403
C:\Users\sahar\OneDrive\Desktop\EXPLAINABLE_IRIS_PAD\Data\Raw\IIITD_Contact_Lens_Iris_DB\Vista Scanner\46\Normal\Left\4.bmp,0,0,0.0008576477
C:\Users\sahar\OneDrive\Desktop\EXPLAINABLE_IRIS_PAD\Data\Raw\IIITD_Contact_Lens_Iris_DB\Vista Scanner\46\Normal\Left\5.bmp,0,0,8.754908e-05
C:\Users\sahar\OneDrive\Desktop\EXPLAINABLE_IRIS_PAD\Data\Raw\IIITD_Contact_Lens_Iris_DB\Vista Scanner\46\Normal\Right\1.bmp,0,0,0.00021429539
C:\Users\sahar\OneDrive\Desktop\EXPLAINABLE_IRIS_PAD\Data\Raw\IIITD_Contact_Lens_Iris_DB\Vista Scanner\46\Normal\Right\2.bmp,0,0,1.4532026e-05
C:\Users\sahar\OneDrive\Desktop\EXPLAINABLE_IRIS_PAD\Data\Raw\IIITD_Contact_Lens_Iris_DB\Vista Scanner\46\Normal\Right\3.bmp,0,0,8.7261345e-05
C:\Users\sahar\OneDrive\Desktop\EXPLAINABLE_IRIS_PAD\Data\Raw\IIITD_Contact_Lens_Iris_DB\Vista Scanner\46\Normal\Right\4.bmp,0,0,1.8690866e-05
C:\Users\sahar\OneDrive\Desktop\EXPLAINABLE_IRIS_PAD\Data\Raw\IIITD_Contact_Lens_Iris_DB\Vista Scanner\46\Normal\Right\5.bmp,0,0,0.00051470066
C:\Users\sahar\OneDrive\Desktop\EXPLAINABLE_IRIS_PAD\Data\Raw\IIITD_Contact_Lens_Iris_DB\Vista Scanner\48\Colored\Left\1.bmp,1,0,0.0873974
C:\Users\sahar\OneDrive\Desktop\EXPLAINABLE_IRIS_PAD\Data\Raw\IIITD_Contact_Lens_Iris_DB\Vista Scanner\48\Colored\Left\2.bmp,1,0,0.010959324
C:\Users\sahar\OneDrive\Desktop\EXPLAINABLE_IRIS_PAD\Data\Raw\IIITD_Contact_Lens_Iris_DB\Vista Scanner\48\Colored\Left\3.bmp,1,0,0.36259514
C:\Users\sahar\OneDrive\Desktop\EXPLAINABLE_IRIS_PAD\Data\Raw\IIITD_Contact_Lens_Iris_DB\Vista Scanner\48\Colored\Left\4.bmp,1,0,0.017349362
C:\Users\sahar\OneDrive\Desktop\EXPLAINABLE_IRIS_PAD\Data\Raw\IIITD_Contact_Lens_Iris_DB\Vista Scanner\48\Colored\Left\5.bmp,1,0,0.0015457261
C:\Users\sahar\OneDrive\Desktop\EXPLAINABLE_IRIS_PAD\Data\Raw\IIITD_Contact_Lens_Iris_DB\Vista Scanner\48\Colored\Right\1.bmp,1,1,0.8063888
C:\Users\sahar\OneDrive\Desktop\EXPLAINABLE_IRIS_PAD\Data\Raw\IIITD_Contact_Lens_Iris_DB\Vista Scanner\48\Colored\Right\2.bmp,1,0,0.00038638615
C:\Users\sahar\OneDrive\Desktop\EXPLAINABLE_IRIS_PAD\Data\Raw\IIITD_Contact_Lens_Iris_DB\Vista Scanner\48\Colored\Right\3.bmp,1,0,0.016160833
C:\Users\sahar\OneDrive\Desktop\EXPLAINABLE_IRIS_PAD\Data\Raw\IIITD_Contact_Lens_Iris_DB\Vista Scanner\48\Colored\Right\4.bmp,1,0,0.06484251
C:\Users\sahar\OneDrive\Desktop\EXPLAINABLE_IRIS_PAD\Data\Raw\IIITD_Contact_Lens_Iris_DB\Vista Scanner\48\Colored\Right\5.bmp,1,0,0.26279005
C:\Users\sahar\OneDrive\Desktop\EXPLAINABLE_IRIS_PAD\Data\Raw\IIITD_Contact_Lens_Iris_DB\Vista Scanner\48\Normal\Left\1.bmp,0,0,5.074293e-07
C:\Users\sahar\OneDrive\Desktop\EXPLAINABLE_IRIS_PAD\Data\Raw\IIITD_Contact_Lens_Iris_DB\Vista Scanner\48\Normal\Left\2.bmp,0,0,1.0643647e-07
C:\Users\sahar\OneDrive\Desktop\EXPLAINABLE_IRIS_PAD\Data\Raw\IIITD_Contact_Lens_Iris_DB\Vista Scanner\48\Normal\Left\3.bmp,0,0,1.1536871e-06
C:\Users\sahar\OneDrive\Desktop\EXPLAINABLE_IRIS_PAD\Data\Raw\IIITD_Contact_Lens_Iris_DB\Vista Scanner\48\Normal\Left\4.bmp,0,0,2.7368858e-07
C:\Users\sahar\OneDrive\Desktop\EXPLAINABLE_IRIS_PAD\Data\Raw\IIITD_Contact_Lens_Iris_DB\Vista Scanner\48\Normal\Left\5.bmp,0,0,2.4742073e-07
C:\Users\sahar\OneDrive\Desktop\EXPLAINABLE_IRIS_PAD\Data\Raw\IIITD_Contact_Lens_Iris_DB\Vista Scanner\48\Normal\Right\1.bmp,0,0,7.912544e-05
C:\Users\sahar\OneDrive\Desktop\EXPLAINABLE_IRIS_PAD\Data\Raw\IIITD_Contact_Lens_Iris_DB\Vista Scanner\48\Normal\Right\2.bmp,0,0,4.153194e-07
C:\Users\sahar\OneDrive\Desktop\EXPLAINABLE_IRIS_PAD\Data\Raw\IIITD_Contact_Lens_Iris_DB\Vista Scanner\48\Normal\Right\3.bmp,0,0,1.3157915e-05
C:\Users\sahar\OneDrive\Desktop\EXPLAINABLE_IRIS_PAD\Data\Raw\IIITD_Contact_Lens_Iris_DB\Vista Scanner\48\Normal\Right\4.bmp,0,0,4.4369117e-05
C:\Users\sahar\OneDrive\Desktop\EXPLAINABLE_IRIS_PAD\Data\Raw\IIITD_Contact_Lens_Iris_DB\Vista Scanner\48\Normal\Right\5.bmp,0,0,6.1603237e-07
C:\Users\sahar\OneDrive\Desktop\EXPLAINABLE_IRIS_PAD\Data\Raw\IIITD_Contact_Lens_Iris_DB\Vista Scanner\49\Colored\Left\1.bmp,1,1,1.0
C:\Users\sahar\OneDrive\Desktop\EXPLAINABLE_IRIS_PAD\Data\Raw\IIITD_Contact_Lens_Iris_DB\Vista Scanner\49\Colored\Left\2.bmp,1,1,0.9999999
C:\Users\sahar\OneDrive\Desktop\EXPLAINABLE_IRIS_PAD\Data\Raw\IIITD_Contact_Lens_Iris_DB\Vista Scanner\49\Colored\Left\3.bmp,1,1,1.0
C:\Users\sahar\OneDrive\Desktop\EXPLAINABLE_IRIS_PAD\Data\Raw\IIITD_Contact_Lens_Iris_DB\Vista Scanner\49\Colored\Left\4.bmp,1,1,1.0
C:\Users\sahar\OneDrive\Desktop\EXPLAINABLE_IRIS_PAD\Data\Raw\IIITD_Contact_Lens_Iris_DB\Vista Scanner\49\Colored\Left\5.bmp,1,1,1.0
C:\Users\sahar\OneDrive\Desktop\EXPLAINABLE_IRIS_PAD\Data\Raw\IIITD_Contact_Lens_Iris_DB\Vista Scanner\49\Colored\Right\1.bmp,1,1,0.9999869
C:\Users\sahar\OneDrive\Desktop\EXPLAINABLE_IRIS_PAD\Data\Raw\IIITD_Contact_Lens_Iris_DB\Vista Scanner\49\Colored\Right\2.bmp,1,1,0.9999889
C:\Users\sahar\OneDrive\Desktop\EXPLAINABLE_IRIS_PAD\Data\Raw\IIITD_Contact_Lens_Iris_DB\Vista Scanner\49\Colored\Right\3.bmp,1,1,0.9999651
C:\Users\sahar\OneDrive\Desktop\EXPLAINABLE_IRIS_PAD\Data\Raw\IIITD_Contact_Lens_Iris_DB\Vista Scanner\49\Colored\Right\4.bmp,1,1,0.9998764
C:\Users\sahar\OneDrive\Desktop\EXPLAINABLE_IRIS_PAD\Data\Raw\IIITD_Contact_Lens_Iris_DB\Vista Scanner\49\Colored\Right\5.bmp,1,1,0.99995244
C:\Users\sahar\OneDrive\Desktop\EXPLAINABLE_IRIS_PAD\Data\Raw\IIITD_Contact_Lens_Iris_DB\Vista Scanner\49\Normal\Left\1.bmp,0,0,5.5712877e-07
C:\Users\sahar\OneDrive\Desktop\EXPLAINABLE_IRIS_PAD\Data\Raw\IIITD_Contact_Lens_Iris_DB\Vista Scanner\49\Normal\Left\2.bmp,0,0,5.230817e-07
C:\Users\sahar\OneDrive\Desktop\EXPLAINABLE_IRIS_PAD\Data\Raw\IIITD_Contact_Lens_Iris_DB\Vista Scanner\49\Normal\Left\3.bmp,0,0,2.5083243e-06
C:\Users\sahar\OneDrive\Desktop\EXPLAINABLE_IRIS_PAD\Data\Raw\IIITD_Contact_Lens_Iris_DB\Vista Scanner\49\Normal\Left\4.bmp,0,0,4.98671e-09
C:\Users\sahar\OneDrive\Desktop\EXPLAINABLE_IRIS_PAD\Data\Raw\IIITD_Contact_Lens_Iris_DB\Vista Scanner\49\Normal\Left\5.bmp,0,0,1.07646954e-07
C:\Users\sahar\OneDrive\Desktop\EXPLAINABLE_IRIS_PAD\Data\Raw\IIITD_Contact_Lens_Iris_DB\Vista Scanner\49\Normal\Right\1.bmp,0,0,3.2631722e-10
C:\Users\sahar\OneDrive\Desktop\EXPLAINABLE_IRIS_PAD\Data\Raw\IIITD_Contact_Lens_Iris_DB\Vista Scanner\49\Normal\Right\2.bmp,0,0,6.9588024e-09
C:\Users\sahar\OneDrive\Desktop\EXPLAINABLE_IRIS_PAD\Data\Raw\IIITD_Contact_Lens_Iris_DB\Vista Scanner\49\Normal\Right\3.bmp,0,0,1.6201781e-08
C:\Users\sahar\OneDrive\Desktop\EXPLAINABLE_IRIS_PAD\Data\Raw\IIITD_Contact_Lens_Iris_DB\Vista Scanner\49\Normal\Right\4.bmp,0,0,1.1030199e-10
C:\Users\sahar\OneDrive\Desktop\EXPLAINABLE_IRIS_PAD\Data\Raw\IIITD_Contact_Lens_Iris_DB\Vista Scanner\49\Normal\Right\5.bmp,0,0,2.2226445e-09
C:\Users\sahar\OneDrive\Desktop\EXPLAINABLE_IRIS_PAD\Data\Raw\IIITD_Contact_Lens_Iris_DB\Vista Scanner\73\Colored\Left\1.bmp,1,1,1.0
C:\Users\sahar\OneDrive\Desktop\EXPLAINABLE_IRIS_PAD\Data\Raw\IIITD_Contact_Lens_Iris_DB\Vista Scanner\73\Colored\Left\2.bmp,1,1,1.0
C:\Users\sahar\OneDrive\Desktop\EXPLAINABLE_IRIS_PAD\Data\Raw\IIITD_Contact_Lens_Iris_DB\Vista Scanner\73\Colored\Left\3.bmp,1,1,0.9999999
C:\Users\sahar\OneDrive\Desktop\EXPLAINABLE_IRIS_PAD\Data\Raw\IIITD_Contact_Lens_Iris_DB\Vista Scanner\73\Colored\Left\4.bmp,1,1,0.99999976
C:\Users\sahar\OneDrive\Desktop\EXPLAINABLE_IRIS_PAD\Data\Raw\IIITD_Contact_Lens_Iris_DB\Vista Scanner\73\Colored\Left\5.bmp,1,1,1.0
C:\Users\sahar\OneDrive\Desktop\EXPLAINABLE_IRIS_PAD\Data\Raw\IIITD_Contact_Lens_Iris_DB\Vista Scanner\73\Colored\Right\1.bmp,1,1,0.9999999
C:\Users\sahar\OneDrive\Desktop\EXPLAINABLE_IRIS_PAD\Data\Raw\IIITD_Contact_Lens_Iris_DB\Vista Scanner\73\Colored\Right\2.bmp,1,1,0.99999976
C:\Users\sahar\OneDrive\Desktop\EXPLAINABLE_IRIS_PAD\Data\Raw\IIITD_Contact_Lens_Iris_DB\Vista Scanner\73\Colored\Right\3.bmp,1,1,0.9999993
C:\Users\sahar\OneDrive\Desktop\EXPLAINABLE_IRIS_PAD\Data\Raw\IIITD_Contact_Lens_Iris_DB\Vista Scanner\73\Colored\Right\4.bmp,1,1,1.0
C:\Users\sahar\OneDrive\Desktop\EXPLAINABLE_IRIS_PAD\Data\Raw\IIITD_Contact_Lens_Iris_DB\Vista Scanner\73\Colored\Right\5.bmp,1,1,1.0
C:\Users\sahar\OneDrive\Desktop\EXPLAINABLE_IRIS_PAD\Data\Raw\IIITD_Contact_Lens_Iris_DB\Vista Scanner\73\Normal\Left\1.bmp,0,0,2.3873188e-06
C:\Users\sahar\OneDrive\Desktop\EXPLAINABLE_IRIS_PAD\Data\Raw\IIITD_Contact_Lens_Iris_DB\Vista Scanner\73\Normal\Left\2.bmp,0,0,0.00010881283
C:\Users\sahar\OneDrive\Desktop\EXPLAINABLE_IRIS_PAD\Data\Raw\IIITD_Contact_Lens_Iris_DB\Vista Scanner\73\Normal\Left\3.bmp,0,0,1.348057e-05
C:\Users\sahar\OneDrive\Desktop\EXPLAINABLE_IRIS_PAD\Data\Raw\IIITD_Contact_Lens_Iris_DB\Vista Scanner\73\Normal\Left\4.bmp,0,0,8.427589e-06
C:\Users\sahar\OneDrive\Desktop\EXPLAINABLE_IRIS_PAD\Data\Raw\IIITD_Contact_Lens_Iris_DB\Vista Scanner\73\Normal\Left\5.bmp,0,0,2.8728342e-05
C:\Users\sahar\OneDrive\Desktop\EXPLAINABLE_IRIS_PAD\Data\Raw\IIITD_Contact_Lens_Iris_DB\Vista Scanner\73\Normal\Right\1.bmp,0,0,8.614772e-06
C:\Users\sahar\OneDrive\Desktop\EXPLAINABLE_IRIS_PAD\Data\Raw\IIITD_Contact_Lens_Iris_DB\Vista Scanner\73\Normal\Right\2.bmp,0,0,1.2896089e-05
C:\Users\sahar\OneDrive\Desktop\EXPLAINABLE_IRIS_PAD\Data\Raw\IIITD_Contact_Lens_Iris_DB\Vista Scanner\73\Normal\Right\3.bmp,0,0,1.7608803e-05
C:\Users\sahar\OneDrive\Desktop\EXPLAINABLE_IRIS_PAD\Data\Raw\IIITD_Contact_Lens_Iris_DB\Vista Scanner\73\Normal\Right\4.bmp,0,0,1.5363291e-06
C:\Users\sahar\OneDrive\Desktop\EXPLAINABLE_IRIS_PAD\Data\Raw\IIITD_Contact_Lens_Iris_DB\Vista Scanner\73\Normal\Right\5.bmp,0,0,6.213014e-05
C:\Users\sahar\OneDrive\Desktop\EXPLAINABLE_IRIS_PAD\Data\Raw\IIITD_Contact_Lens_Iris_DB\Vista Scanner\77\Colored\Left\1.bmp,1,1,0.9999999
C:\Users\sahar\OneDrive\Desktop\EXPLAINABLE_IRIS_PAD\Data\Raw\IIITD_Contact_Lens_Iris_DB\Vista Scanner\77\Colored\Left\2.bmp,1,1,0.9999913
C:\Users\sahar\OneDrive\Desktop\EXPLAINABLE_IRIS_PAD\Data\Raw\IIITD_Contact_Lens_Iris_DB\Vista Scanner\77\Colored\Left\3.bmp,1,1,0.99998236
C:\Users\sahar\OneDrive\Desktop\EXPLAINABLE_IRIS_PAD\Data\Raw\IIITD_Contact_Lens_Iris_DB\Vista Scanner\77\Colored\Left\4.bmp,1,1,0.99997985
C:\Users\sahar\OneDrive\Desktop\EXPLAINABLE_IRIS_PAD\Data\Raw\IIITD_Contact_Lens_Iris_DB\Vista Scanner\77\Colored\Left\5.bmp,1,1,0.99998784
C:\Users\sahar\OneDrive\Desktop\EXPLAINABLE_IRIS_PAD\Data\Raw\IIITD_Contact_Lens_Iris_DB\Vista Scanner\77\Colored\Right\1.bmp,1,1,0.9999876
C:\Users\sahar\OneDrive\Desktop\EXPLAINABLE_IRIS_PAD\Data\Raw\IIITD_Contact_Lens_Iris_DB\Vista Scanner\77\Colored\Right\2.bmp,1,1,0.9999994
C:\Users\sahar\OneDrive\Desktop\EXPLAINABLE_IRIS_PAD\Data\Raw\IIITD_Contact_Lens_Iris_DB\Vista Scanner\77\Colored\Right\3.bmp,1,1,0.99999964
C:\Users\sahar\OneDrive\Desktop\EXPLAINABLE_IRIS_PAD\Data\Raw\IIITD_Contact_Lens_Iris_DB\Vista Scanner\77\Colored\Right\4.bmp,1,1,0.9999999
C:\Users\sahar\OneDrive\Desktop\EXPLAINABLE_IRIS_PAD\Data\Raw\IIITD_Contact_Lens_Iris_DB\Vista Scanner\77\Colored\Right\5.bmp,1,1,1.0
C:\Users\sahar\OneDrive\Desktop\EXPLAINABLE_IRIS_PAD\Data\Raw\IIITD_Contact_Lens_Iris_DB\Vista Scanner\77\Normal\Left\1.bmp,0,0,1.6999288e-06
C:\Users\sahar\OneDrive\Desktop\EXPLAINABLE_IRIS_PAD\Data\Raw\IIITD_Contact_Lens_Iris_DB\Vista Scanner\77\Normal\Left\2.bmp,0,0,3.328926e-08
C:\Users\sahar\OneDrive\Desktop\EXPLAINABLE_IRIS_PAD\Data\Raw\IIITD_Contact_Lens_Iris_DB\Vista Scanner\77\Normal\Left\3.bmp,0,0,4.6404074e-07
C:\Users\sahar\OneDrive\Desktop\EXPLAINABLE_IRIS_PAD\Data\Raw\IIITD_Contact_Lens_Iris_DB\Vista Scanner\77\Normal\Left\4.bmp,0,0,2.6633117e-07
C:\Users\sahar\OneDrive\Desktop\EXPLAINABLE_IRIS_PAD\Data\Raw\IIITD_Contact_Lens_Iris_DB\Vista Scanner\77\Normal\Left\5.bmp,0,0,2.018852e-07
C:\Users\sahar\OneDrive\Desktop\EXPLAINABLE_IRIS_PAD\Data\Raw\IIITD_Contact_Lens_Iris_DB\Vista Scanner\77\Normal\Right\1.bmp,0,0,7.028443e-10
C:\Users\sahar\OneDrive\Desktop\EXPLAINABLE_IRIS_PAD\Data\Raw\IIITD_Contact_Lens_Iris_DB\Vista Scanner\77\Normal\Right\2.bmp,0,0,6.268659e-10
C:\Users\sahar\OneDrive\Desktop\EXPLAINABLE_IRIS_PAD\Data\Raw\IIITD_Contact_Lens_Iris_DB\Vista Scanner\77\Normal\Right\3.bmp,0,0,3.5200877e-11
C:\Users\sahar\OneDrive\Desktop\EXPLAINABLE_IRIS_PAD\Data\Raw\IIITD_Contact_Lens_Iris_DB\Vista Scanner\77\Normal\Right\4.bmp,0,0,1.5857468e-08
C:\Users\sahar\OneDrive\Desktop\EXPLAINABLE_IRIS_PAD\Data\Raw\IIITD_Contact_Lens_Iris_DB\Vista Scanner\77\Normal\Right\5.bmp,0,0,8.288076e-09
C:\Users\sahar\OneDrive\Desktop\EXPLAINABLE_IRIS_PAD\Data\Raw\IIITD_Contact_Lens_Iris_DB\Vista Scanner\78\Colored\Left\1.bmp,1,1,1.0
C:\Users\sahar\OneDrive\Desktop\EXPLAINABLE_IRIS_PAD\Data\Raw\IIITD_Contact_Lens_Iris_DB\Vista Scanner\78\Colored\Left\2.bmp,1,1,0.99999976
C:\Users\sahar\OneDrive\Desktop\EXPLAINABLE_IRIS_PAD\Data\Raw\IIITD_Contact_Lens_Iris_DB\Vista Scanner\78\Colored\Left\3.bmp,1,1,1.0
C:\Users\sahar\OneDrive\Desktop\EXPLAINABLE_IRIS_PAD\Data\Raw\IIITD_Contact_Lens_Iris_DB\Vista Scanner\78\Colored\Left\4.bmp,1,1,1.0
C:\Users\sahar\OneDrive\Desktop\EXPLAINABLE_IRIS_PAD\Data\Raw\IIITD_Contact_Lens_Iris_DB\Vista Scanner\78\Colored\Left\5.bmp,1,1,1.0
C:\Users\sahar\OneDrive\Desktop\EXPLAINABLE_IRIS_PAD\Data\Raw\IIITD_Contact_Lens_Iris_DB\Vista Scanner\78\Colored\Right\1.bmp,1,1,1.0
C:\Users\sahar\OneDrive\Desktop\EXPLAINABLE_IRIS_PAD\Data\Raw\IIITD_Contact_Lens_Iris_DB\Vista Scanner\78\Colored\Right\2.bmp,1,1,1.0
C:\Users\sahar\OneDrive\Desktop\EXPLAINABLE_IRIS_PAD\Data\Raw\IIITD_Contact_Lens_Iris_DB\Vista Scanner\78\Colored\Right\3.bmp,1,1,1.0
C:\Users\sahar\OneDrive\Desktop\EXPLAINABLE_IRIS_PAD\Data\Raw\IIITD_Contact_Lens_Iris_DB\Vista Scanner\78\Colored\Right\4.bmp,1,1,1.0
C:\Users\sahar\OneDrive\Desktop\EXPLAINABLE_IRIS_PAD\Data\Raw\IIITD_Contact_Lens_Iris_DB\Vista Scanner\78\Colored\Right\5.bmp,1,1,0.9999999
C:\Users\sahar\OneDrive\Desktop\EXPLAINABLE_IRIS_PAD\Data\Raw\IIITD_Contact_Lens_Iris_DB\Vista Scanner\78\Normal\Left\1.bmp,0,0,1.7988863e-07
C:\Users\sahar\OneDrive\Desktop\EXPLAINABLE_IRIS_PAD\Data\Raw\IIITD_Contact_Lens_Iris_DB\Vista Scanner\78\Normal\Left\2.bmp,0,0,2.0277118e-06
C:\Users\sahar\OneDrive\Desktop\EXPLAINABLE_IRIS_PAD\Data\Raw\IIITD_Contact_Lens_Iris_DB\Vista Scanner\78\Normal\Left\3.bmp,0,0,5.356688e-06
C:\Users\sahar\OneDrive\Desktop\EXPLAINABLE_IRIS_PAD\Data\Raw\IIITD_Contact_Lens_Iris_DB\Vista Scanner\78\Normal\Left\4.bmp,0,0,8.7615535e-07
C:\Users\sahar\OneDrive\Desktop\EXPLAINABLE_IRIS_PAD\Data\Raw\IIITD_Contact_Lens_Iris_DB\Vista Scanner\78\Normal\Left\5.bmp,0,0,2.9961842e-07
C:\Users\sahar\OneDrive\Desktop\EXPLAINABLE_IRIS_PAD\Data\Raw\IIITD_Contact_Lens_Iris_DB\Vista Scanner\78\Normal\Right\1.bmp,0,0,2.0850428e-05
C:\Users\sahar\OneDrive\Desktop\EXPLAINABLE_IRIS_PAD\Data\Raw\IIITD_Contact_Lens_Iris_DB\Vista Scanner\78\Normal\Right\2.bmp,0,0,2.5604282e-05
C:\Users\sahar\OneDrive\Desktop\EXPLAINABLE_IRIS_PAD\Data\Raw\IIITD_Contact_Lens_Iris_DB\Vista Scanner\78\Normal\Right\3.bmp,0,0,5.0539977e-05
C:\Users\sahar\OneDrive\Desktop\EXPLAINABLE_IRIS_PAD\Data\Raw\IIITD_Contact_Lens_Iris_DB\Vista Scanner\78\Normal\Right\4.bmp,0,0,7.407158e-05
C:\Users\sahar\OneDrive\Desktop\EXPLAINABLE_IRIS_PAD\Data\Raw\IIITD_Contact_Lens_Iris_DB\Vista Scanner\78\Normal\Right\5.bmp,0,0,2.0606945e-05
C:\Users\sahar\OneDrive\Desktop\EXPLAINABLE_IRIS_PAD\Data\Raw\IIITD_Contact_Lens_Iris_DB\Vista Scanner\89\Colored\Left\1.bmp,1,1,0.9999627
C:\Users\sahar\OneDrive\Desktop\EXPLAINABLE_IRIS_PAD\Data\Raw\IIITD_Contact_Lens_Iris_DB\Vista Scanner\89\Colored\Left\2.bmp,1,1,0.9999608
C:\Users\sahar\OneDrive\Desktop\EXPLAINABLE_IRIS_PAD\Data\Raw\IIITD_Contact_Lens_Iris_DB\Vista Scanner\89\Colored\Left\3.bmp,1,1,0.9998332
C:\Users\sahar\OneDrive\Desktop\EXPLAINABLE_IRIS_PAD\Data\Raw\IIITD_Contact_Lens_Iris_DB\Vista Scanner\89\Colored\Left\4.bmp,1,1,0.9999603
C:\Users\sahar\OneDrive\Desktop\EXPLAINABLE_IRIS_PAD\Data\Raw\IIITD_Contact_Lens_Iris_DB\Vista Scanner\89\Colored\Left\5.bmp,1,1,0.9999691
C:\Users\sahar\OneDrive\Desktop\EXPLAINABLE_IRIS_PAD\Data\Raw\IIITD_Contact_Lens_Iris_DB\Vista Scanner\89\Colored\Right\1.bmp,1,1,1.0
C:\Users\sahar\OneDrive\Desktop\EXPLAINABLE_IRIS_PAD\Data\Raw\IIITD_Contact_Lens_Iris_DB\Vista Scanner\89\Colored\Right\2.bmp,1,1,1.0
C:\Users\sahar\OneDrive\Desktop\EXPLAINABLE_IRIS_PAD\Data\Raw\IIITD_Contact_Lens_Iris_DB\Vista Scanner\89\Colored\Right\3.bmp,1,1,1.0
C:\Users\sahar\OneDrive\Desktop\EXPLAINABLE_IRIS_PAD\Data\Raw\IIITD_Contact_Lens_Iris_DB\Vista Scanner\89\Colored\Right\4.bmp,1,1,1.0
C:\Users\sahar\OneDrive\Desktop\EXPLAINABLE_IRIS_PAD\Data\Raw\IIITD_Contact_Lens_Iris_DB\Vista Scanner\89\Colored\Right\5.bmp,1,1,1.0
C:\Users\sahar\OneDrive\Desktop\EXPLAINABLE_IRIS_PAD\Data\Raw\IIITD_Contact_Lens_Iris_DB\Vista Scanner\89\Normal\Left\1.bmp,0,0,4.990356e-06
C:\Users\sahar\OneDrive\Desktop\EXPLAINABLE_IRIS_PAD\Data\Raw\IIITD_Contact_Lens_Iris_DB\Vista Scanner\89\Normal\Left\2.bmp,0,0,7.074351e-07
C:\Users\sahar\OneDrive\Desktop\EXPLAINABLE_IRIS_PAD\Data\Raw\IIITD_Contact_Lens_Iris_DB\Vista Scanner\89\Normal\Left\3.bmp,0,0,9.842271e-06
C:\Users\sahar\OneDrive\Desktop\EXPLAINABLE_IRIS_PAD\Data\Raw\IIITD_Contact_Lens_Iris_DB\Vista Scanner\89\Normal\Left\4.bmp,0,0,3.4729285e-06
C:\Users\sahar\OneDrive\Desktop\EXPLAINABLE_IRIS_PAD\Data\Raw\IIITD_Contact_Lens_Iris_DB\Vista Scanner\89\Normal\Left\5.bmp,0,0,1.0644698e-06
C:\Users\sahar\OneDrive\Desktop\EXPLAINABLE_IRIS_PAD\Data\Raw\IIITD_Contact_Lens_Iris_DB\Vista Scanner\89\Normal\Right\1.bmp,0,0,1.0447191e-09
C:\Users\sahar\OneDrive\Desktop\EXPLAINABLE_IRIS_PAD\Data\Raw\IIITD_Contact_Lens_Iris_DB\Vista Scanner\89\Normal\Right\2.bmp,0,0,3.057954e-08
C:\Users\sahar\OneDrive\Desktop\EXPLAINABLE_IRIS_PAD\Data\Raw\IIITD_Contact_Lens_Iris_DB\Vista Scanner\89\Normal\Right\3.bmp,0,0,1.4209794e-06
C:\Users\sahar\OneDrive\Desktop\EXPLAINABLE_IRIS_PAD\Data\Raw\IIITD_Contact_Lens_Iris_DB\Vista Scanner\89\Normal\Right\4.bmp,0,0,8.51511e-07
C:\Users\sahar\OneDrive\Desktop\EXPLAINABLE_IRIS_PAD\Data\Raw\IIITD_Contact_Lens_Iris_DB\Vista Scanner\89\Normal\Right\5.bmp,0,0,1.5848413e-05
C:\Users\sahar\OneDrive\Desktop\EXPLAINABLE_IRIS_PAD\Data\Raw\IIITD_Contact_Lens_Iris_DB\Vista Scanner\95\Colored\Left\1.bmp,1,1,0.9999645
C:\Users\sahar\OneDrive\Desktop\EXPLAINABLE_IRIS_PAD\Data\Raw\IIITD_Contact_Lens_Iris_DB\Vista Scanner\95\Colored\Left\2.bmp,1,1,0.9999901
C:\Users\sahar\OneDrive\Desktop\EXPLAINABLE_IRIS_PAD\Data\Raw\IIITD_Contact_Lens_Iris_DB\Vista Scanner\95\Colored\Left\3.bmp,1,1,0.9999999
C:\Users\sahar\OneDrive\Desktop\EXPLAINABLE_IRIS_PAD\Data\Raw\IIITD_Contact_Lens_Iris_DB\Vista Scanner\95\Colored\Left\4.bmp,1,1,0.9999933
C:\Users\sahar\OneDrive\Desktop\EXPLAINABLE_IRIS_PAD\Data\Raw\IIITD_Contact_Lens_Iris_DB\Vista Scanner\95\Colored\Left\5.bmp,1,1,0.9999968
C:\Users\sahar\OneDrive\Desktop\EXPLAINABLE_IRIS_PAD\Data\Raw\IIITD_Contact_Lens_Iris_DB\Vista Scanner\95\Colored\Right\1.bmp,1,1,0.99999976
C:\Users\sahar\OneDrive\Desktop\EXPLAINABLE_IRIS_PAD\Data\Raw\IIITD_Contact_Lens_Iris_DB\Vista Scanner\95\Colored\Right\2.bmp,1,1,0.9999999
C:\Users\sahar\OneDrive\Desktop\EXPLAINABLE_IRIS_PAD\Data\Raw\IIITD_Contact_Lens_Iris_DB\Vista Scanner\95\Colored\Right\3.bmp,1,1,0.9999995
C:\Users\sahar\OneDrive\Desktop\EXPLAINABLE_IRIS_PAD\Data\Raw\IIITD_Contact_Lens_Iris_DB\Vista Scanner\95\Colored\Right\4.bmp,1,1,0.99999905
C:\Users\sahar\OneDrive\Desktop\EXPLAINABLE_IRIS_PAD\Data\Raw\IIITD_Contact_Lens_Iris_DB\Vista Scanner\95\Colored\Right\5.bmp,1,1,0.99999976
C:\Users\sahar\OneDrive\Desktop\EXPLAINABLE_IRIS_PAD\Data\Raw\IIITD_Contact_Lens_Iris_DB\Vista Scanner\95\Normal\Left\1.bmp,0,0,3.9874624e-09
C:\Users\sahar\OneDrive\Desktop\EXPLAINABLE_IRIS_PAD\Data\Raw\IIITD_Contact_Lens_Iris_DB\Vista Scanner\95\Normal\Left\2.bmp,0,0,3.808436e-09
C:\Users\sahar\OneDrive\Desktop\EXPLAINABLE_IRIS_PAD\Data\Raw\IIITD_Contact_Lens_Iris_DB\Vista Scanner\95\Normal\Left\3.bmp,0,0,5.113916e-07
C:\Users\sahar\OneDrive\Desktop\EXPLAINABLE_IRIS_PAD\Data\Raw\IIITD_Contact_Lens_Iris_DB\Vista Scanner\95\Normal\Left\4.bmp,0,0,1.4657539e-08
C:\Users\sahar\OneDrive\Desktop\EXPLAINABLE_IRIS_PAD\Data\Raw\IIITD_Contact_Lens_Iris_DB\Vista Scanner\95\Normal\Left\5.bmp,0,0,1.3932093e-06
C:\Users\sahar\OneDrive\Desktop\EXPLAINABLE_IRIS_PAD\Data\Raw\IIITD_Contact_Lens_Iris_DB\Vista Scanner\95\Normal\Right\1.bmp,0,0,3.4365176e-08
C:\Users\sahar\OneDrive\Desktop\EXPLAINABLE_IRIS_PAD\Data\Raw\IIITD_Contact_Lens_Iris_DB\Vista Scanner\95\Normal\Right\2.bmp,0,0,4.147756e-11
C:\Users\sahar\OneDrive\Desktop\EXPLAINABLE_IRIS_PAD\Data\Raw\IIITD_Contact_Lens_Iris_DB\Vista Scanner\95\Normal\Right\3.bmp,0,0,9.2334545e-08
C:\Users\sahar\OneDrive\Desktop\EXPLAINABLE_IRIS_PAD\Data\Raw\IIITD_Contact_Lens_Iris_DB\Vista Scanner\95\Normal\Right\4.bmp,0,0,5.0695887e-09
C:\Users\sahar\OneDrive\Desktop\EXPLAINABLE_IRIS_PAD\Data\Raw\IIITD_Contact_Lens_Iris_DB\Vista Scanner\95\Normal\Right\5.bmp,0,0,9.7686495e-08
