path,label,pred,prob
C:\Users\sahar\OneDrive\Desktop\EXPLAINABLE_IRIS_PAD\Data\Raw\IIITD_Contact_Lens_Iris_DB\Cogent Scanner\1\Colored\20120914164317_L.bmp,1,1,0.99998176
C:\Users\sahar\OneDrive\Desktop\EXPLAINABLE_IRIS_PAD\Data\Raw\IIITD_Contact_Lens_Iris_DB\Cogent Scanner\1\Colored\20120914164317_R.bmp,1,1,0.99992025
C:\Users\sahar\OneDrive\Desktop\EXPLAINABLE_IRIS_PAD\Data\Raw\IIITD_Contact_Lens_Iris_DB\Cogent Scanner\1\Colored\20120914164320_L.bmp,1,1,0.9999919
C:\Users\sahar\OneDrive\Desktop\EXPLAINABLE_IRIS_PAD\Data\Raw\IIITD_Contact_Lens_Iris_DB\Cogent Scanner\1\Colored\20120914164320_R.bmp,1,1,0.99994075
C:\Users\sahar\OneDrive\Desktop\EXPLAINABLE_IRIS_PAD\Data\Raw\IIITD_Contact_Lens_Iris_DB\Cogent Scanner\1\Colored\20120914164322_L.bmp,1,1,0.99998486
C:\Users\sahar\OneDrive\Desktop\EXPLAINABLE_IRIS_PAD\Data\Raw\IIITD_Contact_Lens_Iris_DB\Cogent Scanner\1\Colored\20120914164322_R.bmp,1,1,0.9999907
C:\Users\sahar\OneDrive\Desktop\EXPLAINABLE_IRIS_PAD\Data\Raw\IIITD_Contact_Lens_Iris_DB\Cogent Scanner\1\Colored\20120914164325_L.bmp,1,1,0.9999933
C:\Users\sahar\OneDrive\Desktop\EXPLAINABLE_IRIS_PAD\Data\Raw\IIITD_Contact_Lens_Iris_DB\Cogent Scanner\1\Colored\20120914164325_R.bmp,1,1,0.9999856
C:\Users\sahar\OneDrive\Desktop\EXPLAINABLE_IRIS_PAD\Data\Raw\IIITD_Contact_Lens_Iris_DB\Cogent Scanner\1\Colored\20120914164328_L.bmp,1,1,0.99999857
C:\Users\sahar\OneDrive\Desktop\EXPLAINABLE_IRIS_PAD\Data\Raw\IIITD_Contact_Lens_Iris_DB\Cogent Scanner\1\Colored\20120914164328_R.bmp,1,1,0.99981076
C:\Users\sahar\OneDrive\Desktop\EXPLAINABLE_IRIS_PAD\Data\Raw\IIITD_Contact_Lens_Iris_DB\Cogent Scanner\1\Colored\20120914164331_L.bmp,1,1,0.99999905
C:\Users\sahar\OneDrive\Desktop\EXPLAINABLE_IRIS_PAD\Data\Raw\IIITD_Contact_Lens_Iris_DB\Cogent Scanner\1\Colored\20120914164331_R.bmp,1,1,0.99999344
C:\Users\sahar\OneDrive\Desktop\EXPLAINABLE_IRIS_PAD\Data\Raw\IIITD_Contact_Lens_Iris_DB\Cogent Scanner\1\Colored\20120914164333_L.bmp,1,1,0.99999905
C:\Users\sahar\OneDrive\Desktop\EXPLAINABLE_IRIS_PAD\Data\Raw\IIITD_Contact_Lens_Iris_DB\Cogent Scanner\1\Colored\20120914164333_R.bmp,1,1,0.9999906
C:\Users\sahar\OneDrive\Desktop\EXPLAINABLE_IRIS_PAD\Data\Raw\IIITD_Contact_Lens_Iris_DB\Cogent Scanner\1\Normal\20120914163848_L.bmp,0,0,1.3959957e-06
C:\Users\sahar\OneDrive\Desktop\EXPLAINABLE_IRIS_PAD\Data\Raw\IIITD_Contact_Lens_Iris_DB\Cogent Scanner\1\Normal\20120914163848_R.bmp,0,0,0.00032775642
C:\Users\sahar\OneDrive\Desktop\EXPLAINABLE_IRIS_PAD\Data\Raw\IIITD_Contact_Lens_Iris_DB\Cogent Scanner\1\Normal\20120914163856_L.bmp,0,0,1.6349865e-07
C:\Users\sahar\OneDrive\Desktop\EXPLAINABLE_IRIS_PAD\Data\Raw\IIITD_Contact_Lens_Iris_DB\Cogent Scanner\1\Normal\20120914163856_R.bmp,0,0,4.261556e-07
C:\Users\sahar\OneDrive\Desktop\EXPLAINABLE_IRIS_PAD\Data\Raw\IIITD_Contact_Lens_Iris_DB\Cogent Scanner\1\Normal\20120914163901_L.bmp,0,0,8.414905e-08
C:\Users\sahar\OneDrive\Desktop\EXPLAINABLE_IRIS_PAD\Data\Raw\IIITD_Contact_Lens_Iris_DB\Cogent Scanner\1\Normal\20120914163901_R.bmp,0,0,2.7796245e-06
C:\Users\sahar\OneDrive\Desktop\EXPLAINABLE_IRIS_PAD\Data\Raw\IIITD_Contact_Lens_Iris_DB\Cogent Scanner\1\Normal\20120914163905_L.bmp,0,0,1.4188891e-08
C:\Users\sahar\OneDrive\Desktop\EXPLAINABLE_IRIS_PAD\Data\Raw\IIITD_Contact_Lens_Iris_DB\Cogent Scanner\1\Normal\20120914163905_R.bmp,0,0,6.360487e-08
C:\Users\sahar\OneDrive\Desktop\EXPLAINABLE_IRIS_PAD\Data\Raw\IIITD_Contact_Lens_Iris_DB\Cogent Scanner\1\Normal\20120914163907_L.bmp,0,0,3.1531357e-07
C:\Users\sahar\OneDrive\Desktop\EXPLAINABLE_IRIS_PAD\Data\Raw\IIITD_Contact_Lens_Iris_DB\Cogent Scanner\1\Normal\20120914163907_R.bmp,0,0,8.5486434e-08
C:\Users\sahar\OneDrive\Desktop\EXPLAINABLE_IRIS_PAD\Data\Raw\IIITD_Contact_Lens_Iris_DB\Cogent Scanner\18\Colored\20120919150418_L.bmp,1,1,0.99970645
C:\Users\sahar\OneDrive\Desktop\EXPLAINABLE_IRIS_PAD\Data\Raw\IIITD_Contact_Lens_Iris_DB\Cogent Scanner\18\Colored\20120919150418_R.bmp,1,1,0.9983606
C:\Users\sahar\OneDrive\Desktop\EXPLAINABLE_IRIS_PAD\Data\Raw\IIITD_Contact_Lens_Iris_DB\Cogent Scanner\18\Colored\20120919150420_L.bmp,1,1,0.99970704
C:\Users\sahar\OneDrive\Desktop\EXPLAINABLE_IRIS_PAD\Data\Raw\IIITD_Contact_Lens_Iris_DB\Cogent Scanner\18\Colored\20120919150420_R.bmp,1,1,0.99040496
C:\Users\sahar\OneDrive\Desktop\EXPLAINABLE_IRIS_PAD\Data\Raw\IIITD_Contact_Lens_Iris_DB\Cogent Scanner\18\Colored\20120919150423_L.bmp,1,1,0.99977845
C:\Users\sahar\OneDrive\Desktop\EXPLAINABLE_IRIS_PAD\Data\Raw\IIITD_Contact_Lens_Iris_DB\Cogent Scanner\18\Colored\20120919150423_R.bmp,1,1,0.99999714
C:\Users\sahar\OneDrive\Desktop\EXPLAINABLE_IRIS_PAD\Data\Raw\IIITD_Contact_Lens_Iris_DB\Cogent Scanner\18\Colored\20120919150426_L.bmp,1,1,0.9997292
C:\Users\sahar\OneDrive\Desktop\EXPLAINABLE_IRIS_PAD\Data\Raw\IIITD_Contact_Lens_Iris_DB\Cogent Scanner\18\Colored\20120919150426_R.bmp,1,1,0.9999987
C:\Users\sahar\OneDrive\Desktop\EXPLAINABLE_IRIS_PAD\Data\Raw\IIITD_Contact_Lens_Iris_DB\Cogent Scanner\18\Colored\20120919150434_L.bmp,1,1,0.99927074
C:\Users\sahar\OneDrive\Desktop\EXPLAINABLE_IRIS_PAD\Data\Raw\IIITD_Contact_Lens_Iris_DB\Cogent Scanner\18\Colored\20120919150434_R.bmp,1,1,0.9997695
C:\Users\sahar\OneDrive\Desktop\EXPLAINABLE_IRIS_PAD\Data\Raw\IIITD_Contact_Lens_Iris_DB\Cogent Scanner\18\Colored\20120919150437_L.bmp,1,1,0.9996557
C:\Users\sahar\OneDrive\Desktop\EXPLAINABLE_IRIS_PAD\Data\Raw\IIITD_Contact_Lens_Iris_DB\Cogent Scanner\18\Colored\20120919150437_R.bmp,1,1,0.9999858
C:\Users\sahar\OneDrive\Desktop\EXPLAINABLE_IRIS_PAD\Data\Raw\IIITD_Contact_Lens_Iris_DB\Cogent Scanner\18\Colored\20120919150440_L.bmp,1,1,0.9998325
C:\Users\sahar\OneDrive\Desktop\EXPLAINABLE_IRIS_PAD\Data\Raw\IIITD_Contact_Lens_Iris_DB\Cogent Scanner\18\Colored\20120919150440_R.bmp,1,1,0.99989486
C:\Users\sahar\OneDrive\Desktop\EXPLAINABLE_IRIS_PAD\Data\Raw\IIITD_Contact_Lens_Iris_DB\Cogent Scanner\18\Colored\20120919150443_L.bmp,1,1,0.9999777
C:\Users\sahar\OneDrive\Desktop\EXPLAINABLE_IRIS_PAD\Data\Raw\IIITD_Contact_Lens_Iris_DB\Cogent Scanner\18\Colored\20120919150443_R.bmp,1,1,0.99999833
C:\Users\sahar\OneDrive\Desktop\EXPLAINABLE_IRIS_PAD\Data\Raw\IIITD_Contact_Lens_Iris_DB\Cogent Scanner\18\Normal\20120919145006_L.bmp,0,0,0.00035363052
C:\Users\sahar\OneDrive\Desktop\EXPLAINABLE_IRIS_PAD\Data\Raw\IIITD_Contact_Lens_Iris_DB\Cogent Scanner\18\Normal\20120919145006_R.bmp,0,0,3.5892995e-06
C:\Users\sahar\OneDrive\Desktop\EXPLAINABLE_IRIS_PAD\Data\Raw\IIITD_Contact_Lens_Iris_DB\Cogent Scanner\18\Normal\20120919145009_L.bmp,0,0,6.5418455e-05
C:\Users\sahar\OneDrive\Desktop\EXPLAINABLE_IRIS_PAD\Data\Raw\IIITD_Contact_Lens_Iris_DB\Cogent Scanner\18\Normal\20120919145009_R.bmp,0,0,2.8536886e-06
C:\Users\sahar\OneDrive\Desktop\EXPLAINABLE_IRIS_PAD\Data\Raw\IIITD_Contact_Lens_Iris_DB\Cogent Scanner\18\Normal\20120919145013_L.bmp,0,0,3.32671e-05
C:\Users\sahar\OneDrive\Desktop\EXPLAINABLE_IRIS_PAD\Data\Raw\IIITD_Contact_Lens_Iris_DB\Cogent Scanner\18\Normal\20120919145013_R.bmp,0,0,0.000100017736
C:\Users\sahar\OneDrive\Desktop\EXPLAINABLE_IRIS_PAD\Data\Raw\IIITD_Contact_Lens_Iris_DB\Cogent Scanner\18\Normal\20120919145016_L.bmp,0,0,0.00017757523
C:\Users\sahar\OneDrive\Desktop\EXPLAINABLE_IRIS_PAD\Data\Raw\IIITD_Contact_Lens_Iris_DB\Cogent Scanner\18\Normal\20120919145016_R.bmp,0,0,1.8286108e-06
C:\Users\sahar\OneDrive\Desktop\EXPLAINABLE_IRIS_PAD\Data\Raw\IIITD_Contact_Lens_Iris_DB\Cogent Scanner\18\Normal\20120919145019_L.bmp,0,0,2.6129495e-05
C:\Users\sahar\OneDrive\Desktop\EXPLAINABLE_IRIS_PAD\Data\Raw\IIITD_Contact_Lens_Iris_DB\Cogent Scanner\18\Normal\20120919145019_R.bmp,0,0,3.5639285e-05
C:\Users\sahar\OneDrive\Desktop\EXPLAINABLE_IRIS_PAD\Data\Raw\IIITD_Contact_Lens_Iris_DB\Cogent Scanner\18\Normal\20120919145023_L.bmp,0,0,2.708916e-06
C:\Users\sahar\OneDrive\Desktop\EXPLAINABLE_IRIS_PAD\Data\Raw\IIITD_Contact_Lens_Iris_DB\Cogent Scanner\18\Normal\20120919145023_R.bmp,0,0,5.8698074e-06
C:\Users\sahar\OneDrive\Desktop\EXPLAINABLE_IRIS_PAD\Data\Raw\IIITD_Contact_Lens_Iris_DB\Cogent Scanner\18\Normal\20120919145027_L.bmp,0,0,2.2901853e-05
C:\Users\sahar\OneDrive\Desktop\EXPLAINABLE_IRIS_PAD\Data\Raw\IIITD_Contact_Lens_Iris_DB\Cogent Scanner\18\Normal\20120919145027_R.bmp,0,0,6.656839e-08
C:\Users\sahar\OneDrive\Desktop\EXPLAINABLE_IRIS_PAD\Data\Raw\IIITD_Contact_Lens_Iris_DB\Cogent Scanner\19\Colored\20120920165809_L.bmp,1,1,0.99997497
C:\Users\sahar\OneDrive\Desktop\EXPLAINABLE_IRIS_PAD\Data\Raw\IIITD_Contact_Lens_Iris_DB\Cogent Scanner\19\Colored\20120920165809_R.bmp,1,1,0.9999976
C:\Users\sahar\OneDrive\Desktop\EXPLAINABLE_IRIS_PAD\Data\Raw\IIITD_Contact_Lens_Iris_DB\Cogent Scanner\19\Colored\20120920170213_L.bmp,1,1,0.9961443
C:\Users\sahar\OneDrive\Desktop\EXPLAINABLE_IRIS_PAD\Data\Raw\IIITD_Contact_Lens_Iris_DB\Cogent Scanner\19\Colored\20120920170213_R.bmp,1,1,0.9999926
C:\Users\sahar\OneDrive\Desktop\EXPLAINABLE_IRIS_PAD\Data\Raw\IIITD_Contact_Lens_Iris_DB\Cogent Scanner\19\Colored\20120920170217_L.bmp,1,1,0.9999428
C:\Users\sahar\OneDrive\Desktop\EXPLAINABLE_IRIS_PAD\Data\Raw\IIITD_Contact_Lens_Iris_DB\Cogent Scanner\19\Colored\20120920170217_R.bmp,1,1,0.9999628
C:\Users\sahar\OneDrive\Desktop\EXPLAINABLE_IRIS_PAD\Data\Raw\IIITD_Contact_Lens_Iris_DB\Cogent Scanner\19\Colored\20120920170221_L.bmp,1,1,0.99995446
C:\Users\sahar\OneDrive\Desktop\EXPLAINABLE_IRIS_PAD\Data\Raw\IIITD_Contact_Lens_Iris_DB\Cogent Scanner\19\Colored\20120920170221_R.bmp,1,1,0.99994016
C:\Users\sahar\OneDrive\Desktop\EXPLAINABLE_IRIS_PAD\Data\Raw\IIITD_Contact_Lens_Iris_DB\Cogent Scanner\19\Colored\20120920170225_L.bmp,1,1,0.9997074
C:\Users\sahar\OneDrive\Desktop\EXPLAINABLE_IRIS_PAD\Data\Raw\IIITD_Contact_Lens_Iris_DB\Cogent Scanner\19\Colored\20120920170225_R.bmp,1,1,0.99999094
C:\Users\sahar\OneDrive\Desktop\EXPLAINABLE_IRIS_PAD\Data\Raw\IIITD_Contact_Lens_Iris_DB\Cogent Scanner\19\Colored\20120920170229_L.bmp,1,1,0.9999225
C:\Users\sahar\OneDrive\Desktop\EXPLAINABLE_IRIS_PAD\Data\Raw\IIITD_Contact_Lens_Iris_DB\Cogent Scanner\19\Colored\20120920170229_R.bmp,1,1,0.99969625
C:\Users\sahar\OneDrive\Desktop\EXPLAINABLE_IRIS_PAD\Data\Raw\IIITD_Contact_Lens_Iris_DB\Cogent Scanner\19\Normal\20120920134437_L.bmp,0,0,0.0007053814
C:\Users\sahar\OneDrive\Desktop\EXPLAINABLE_IRIS_PAD\Data\Raw\IIITD_Contact_Lens_Iris_DB\Cogent Scanner\19\Normal\20120920134438_R.bmp,0,0,0.012169747
C:\Users\sahar\OneDrive\Desktop\EXPLAINABLE_IRIS_PAD\Data\Raw\IIITD_Contact_Lens_Iris_DB\Cogent Scanner\19\Normal\20120920134440_L.bmp,0,0,1.8341249e-05
C:\Users\sahar\OneDrive\Desktop\EXPLAINABLE_IRIS_PAD\Data\Raw\IIITD_Contact_Lens_Iris_DB\Cogent Scanner\19\Normal\20120920134440_R.bmp,0,0,7.000272e-07
C:\Users\sahar\OneDrive\Desktop\EXPLAINABLE_IRIS_PAD\Data\Raw\IIITD_Contact_Lens_Iris_DB\Cogent Scanner\19\Normal\20120920134443_L.bmp,0,0,1.0030343e-05
C:\Users\sahar\OneDrive\Desktop\EXPLAINABLE_IRIS_PAD\Data\Raw\IIITD_Contact_Lens_Iris_DB\Cogent Scanner\19\Normal\20120920134443_R.bmp,0,0,2.8897548e-05
C:\Users\sahar\OneDrive\Desktop\EXPLAINABLE_IRIS_PAD\Data\Raw\IIITD_Contact_Lens_Iris_DB\Cogent Scanner\19\Normal\20120920134446_L.bmp,0,0,1.1223008e-05
C:\Users\sahar\OneDrive\Desktop\EXPLAINABLE_IRIS_PAD\Data\Raw\IIITD_Contact_Lens_Iris_DB\Cogent Scanner\19\Normal\20120920134446_R.bmp,0,0,0.0006029291
C:\Users\sahar\OneDrive\Desktop\EXPLAINABLE_IRIS_PAD\Data\Raw\IIITD_Contact_Lens_Iris_DB\Cogent Scanner\19\Normal\20120920134449_L.bmp,0,0,4.720812e-05
C:\Users\sahar\OneDrive\Desktop\EXPLAINABLE_IRIS_PAD\Data\Raw\IIITD_Contact_Lens_Iris_DB\Cogent Scanner\19\Normal\20120920134449_R.bmp,0,0,0.00010979393
C:\Users\sahar\OneDrive\Desktop\EXPLAINABLE_IRIS_PAD\Data\Raw\IIITD_Contact_Lens_Iris_DB\Cogent Scanner\28\Colored\20120914141902_L.bmp,1,1,0.9999845
C:\Users\sahar\OneDrive\Desktop\EXPLAINABLE_IRIS_PAD\Data\Raw\IIITD_Contact_Lens_Iris_DB\Cogent Scanner\28\Colored\20120914141902_R.bmp,1,1,0.9998884
C:\Users\sahar\OneDrive\Desktop\EXPLAINABLE_IRIS_PAD\Data\Raw\IIITD_Contact_Lens_Iris_DB\Cogent Scanner\28\Colored\20120914141905_L.bmp,1,1,0.99998236
C:\Users\sahar\OneDrive\Desktop\EXPLAINABLE_IRIS_PAD\Data\Raw\IIITD_Contact_Lens_Iris_DB\Cogent Scanner\28\Colored\20120914141905_R.bmp,1,1,0.99999595
C:\Users\sahar\OneDrive\Desktop\EXPLAINABLE_IRIS_PAD\Data\Raw\IIITD_Contact_Lens_Iris_DB\Cogent Scanner\28\Colored\20120914141910_L.bmp,1,1,0.9999927
C:\Users\sahar\OneDrive\Desktop\EXPLAINABLE_IRIS_PAD\Data\Raw\IIITD_Contact_Lens_Iris_DB\Cogent Scanner\28\Colored\20120914141910_R.bmp,1,1,0.9999957
C:\Users\sahar\OneDrive\Desktop\EXPLAINABLE_IRIS_PAD\Data\Raw\IIITD_Contact_Lens_Iris_DB\Cogent Scanner\28\Colored\20120914141923_L.bmp,1,1,0.9999901
C:\Users\sahar\OneDrive\Desktop\EXPLAINABLE_IRIS_PAD\Data\Raw\IIITD_Contact_Lens_Iris_DB\Cogent Scanner\28\Colored\20120914141923_R.bmp,1,1,0.99976224
C:\Users\sahar\OneDrive\Desktop\EXPLAINABLE_IRIS_PAD\Data\Raw\IIITD_Contact_Lens_Iris_DB\Cogent Scanner\28\Colored\20120914141926_L.bmp,1,1,0.99995315
C:\Users\sahar\OneDrive\Desktop\EXPLAINABLE_IRIS_PAD\Data\Raw\IIITD_Contact_Lens_Iris_DB\Cogent Scanner\28\Colored\20120914141926_R.bmp,1,1,0.99997973
C:\Users\sahar\OneDrive\Desktop\EXPLAINABLE_IRIS_PAD\Data\Raw\IIITD_Contact_Lens_Iris_DB\Cogent Scanner\28\Colored\20120914141930_L.bmp,1,1,0.9998765
C:\Users\sahar\OneDrive\Desktop\EXPLAINABLE_IRIS_PAD\Data\Raw\IIITD_Contact_Lens_Iris_DB\Cogent Scanner\28\Colored\20120914141930_R.bmp,1,1,0.999997
C:\Users\sahar\OneDrive\Desktop\EXPLAINABLE_IRIS_PAD\Data\Raw\IIITD_Contact_Lens_Iris_DB\Cogent Scanner\28\Normal\20120912125701_L.bmp,0,0,7.6942815e-06
C:\Users\sahar\OneDrive\Desktop\EXPLAINABLE_IRIS_PAD\Data\Raw\IIITD_Contact_Lens_Iris_DB\Cogent Scanner\28\Normal\20120912125701_R.bmp,0,0,1.582793e-05
C:\Users\sahar\OneDrive\Desktop\EXPLAINABLE_IRIS_PAD\Data\Raw\IIITD_Contact_Lens_Iris_DB\Cogent Scanner\28\Normal\20120912125705_L.bmp,0,0,2.364538e-06
C:\Users\sahar\OneDrive\Desktop\EXPLAINABLE_IRIS_PAD\Data\Raw\IIITD_Contact_Lens_Iris_DB\Cogent Scanner\28\Normal\20120912125705_R.bmp,0,0,1.6249125e-05
C:\Users\sahar\OneDrive\Desktop\EXPLAINABLE_IRIS_PAD\Data\Raw\IIITD_Contact_Lens_Iris_DB\Cogent Scanner\28\Normal\20120912125716_L.bmp,0,0,5.2336316e-07
C:\Users\sahar\OneDrive\Desktop\EXPLAINABLE_IRIS_PAD\Data\Raw\IIITD_Contact_Lens_Iris_DB\Cogent Scanner\28\Normal\20120912125716_R.bmp,0,0,5.6654816e-08
C:\Users\sahar\OneDrive\Desktop\EXPLAINABLE_IRIS_PAD\Data\Raw\IIITD_Contact_Lens_Iris_DB\Cogent Scanner\28\Normal\20120912125721_L.bmp,0,0,1.1553426e-05
C:\Users\sahar\OneDrive\Desktop\EXPLAINABLE_IRIS_PAD\Data\Raw\IIITD_Contact_Lens_Iris_DB\Cogent Scanner\28\Normal\20120912125721_R.bmp,0,0,1.4797338e-06
C:\Users\sahar\OneDrive\Desktop\EXPLAINABLE_IRIS_PAD\Data\Raw\IIITD_Contact_Lens_Iris_DB\Cogent Scanner\28\Normal\20120912125736_L.bmp,0,0,1.636715e-07
C:\Users\sahar\OneDrive\Desktop\EXPLAINABLE_IRIS_PAD\Data\Raw\IIITD_Contact_Lens_Iris_DB\Cogent Scanner\28\Normal\20120912125736_R.bmp,0,0,6.9374295e-08
C:\Users\sahar\OneDrive\Desktop\EXPLAINABLE_IRIS_PAD\Data\Raw\IIITD_Contact_Lens_Iris_DB\Cogent Scanner\31\Colored\20120912123709_L.bmp,1,0,0.21041888
C:\Users\sahar\OneDrive\Desktop\EXPLAINABLE_IRIS_PAD\Data\Raw\IIITD_Contact_Lens_Iris_DB\Cogent Scanner\31\Colored\20120912123709_R.bmp,1,0,0.4526967
C:\Users\sahar\OneDrive\Desktop\EXPLAINABLE_IRIS_PAD\Data\Raw\IIITD_Contact_Lens_Iris_DB\Cogent Scanner\31\Colored\20120912123713_L.bmp,1,1,0.9878285
C:\Users\sahar\OneDrive\Desktop\EXPLAINABLE_IRIS_PAD\Data\Raw\IIITD_Contact_Lens_Iris_DB\Cogent Scanner\31\Colored\20120912123713_R.bmp,1,1,0.99657863
C:\Users\sahar\OneDrive\Desktop\EXPLAINABLE_IRIS_PAD\Data\Raw\IIITD_Contact_Lens_Iris_DB\Cogent Scanner\31\Colored\20120912123719_L.bmp,1,1,0.98160535
C:\Users\sahar\OneDrive\Desktop\EXPLAINABLE_IRIS_PAD\Data\Raw\IIITD_Contact_Lens_Iris_DB\Cogent Scanner\31\Colored\20120912123719_R.bmp,1,1,0.9974468
C:\Users\sahar\OneDrive\Desktop\EXPLAINABLE_IRIS_PAD\Data\Raw\IIITD_Contact_Lens_Iris_DB\Cogent Scanner\31\Colored\20120912123731_L.bmp,1,1,0.99504423
C:\Users\sahar\OneDrive\Desktop\EXPLAINABLE_IRIS_PAD\Data\Raw\IIITD_Contact_Lens_Iris_DB\Cogent Scanner\31\Colored\20120912123731_R.bmp,1,1,0.99988306
C:\Users\sahar\OneDrive\Desktop\EXPLAINABLE_IRIS_PAD\Data\Raw\IIITD_Contact_Lens_Iris_DB\Cogent Scanner\31\Colored\20120912123737_L.bmp,1,1,0.9970253
C:\Users\sahar\OneDrive\Desktop\EXPLAINABLE_IRIS_PAD\Data\Raw\IIITD_Contact_Lens_Iris_DB\Cogent Scanner\31\Colored\20120912123737_R.bmp,1,1,0.999777
C:\Users\sahar\OneDrive\Desktop\EXPLAINABLE_IRIS_PAD\Data\Raw\IIITD_Contact_Lens_Iris_DB\Cogent Scanner\31\Normal\20120912122205_L.bmp,0,0,1.2604534e-06
C:\Users\sahar\OneDrive\Desktop\EXPLAINABLE_IRIS_PAD\Data\Raw\IIITD_Contact_Lens_Iris_DB\Cogent Scanner\31\Normal\20120912122206_R.bmp,0,0,2.9748702e-07
C:\Users\sahar\OneDrive\Desktop\EXPLAINABLE_IRIS_PAD\Data\Raw\IIITD_Contact_Lens_Iris_DB\Cogent Scanner\31\Normal\20120912122213_L.bmp,0,0,1.118897e-05
C:\Users\sahar\OneDrive\Desktop\EXPLAINABLE_IRIS_PAD\Data\Raw\IIITD_Contact_Lens_Iris_DB\Cogent Scanner\31\Normal\20120912122213_R.bmp,0,0,7.47327e-09
C:\Users\sahar\OneDrive\Desktop\EXPLAINABLE_IRIS_PAD\Data\Raw\IIITD_Contact_Lens_Iris_DB\Cogent Scanner\31\Normal\20120912122220_L.bmp,0,0,9.328281e-05
C:\Users\sahar\OneDrive\Desktop\EXPLAINABLE_IRIS_PAD\Data\Raw\IIITD_Contact_Lens_Iris_DB\Cogent Scanner\31\Normal\20120912122220_R.bmp,0,0,2.4483249e-09
C:\Users\sahar\OneDrive\Desktop\EXPLAINABLE_IRIS_PAD\Data\Raw\IIITD_Contact_Lens_Iris_DB\Cogent Scanner\31\Normal\20120912122223_L.bmp,0,0,3.5492355e-06
C:\Users\sahar\OneDrive\Desktop\EXPLAINABLE_IRIS_PAD\Data\Raw\IIITD_Contact_Lens_Iris_DB\Cogent Scanner\31\Normal\20120912122223_R.bmp,0,0,4.129253e-07
C:\Users\sahar\OneDrive\Desktop\EXPLAINABLE_IRIS_PAD\Data\Raw\IIITD_Contact_Lens_Iris_DB\Cogent Scanner\31\Normal\20120912122231_L.bmp,0,0,4.9862436e-05
C:\Users\sahar\OneDrive\Desktop\EXPLAINABLE_IRIS_PAD\Data\Raw\IIITD_Contact_Lens_Iris_DB\Cogent Scanner\31\Normal\20120912122231_R.bmp,0,0,1.928611e-06
C:\Users\sahar\OneDrive\Desktop\EXPLAINABLE_IRIS_PAD\Data\Raw\IIITD_Contact_Lens_Iris_DB\Cogent Scanner\36\Colored\20120919165135_L.bmp,1,1,0.99999917
C:\Users\sahar\OneDrive\Desktop\EXPLAINABLE_IRIS_PAD\Data\Raw\IIITD_Contact_Lens_Iris_DB\Cogent Scanner\36\Colored\20120919165135_R.bmp,1,1,0.9999964
C:\Users\sahar\OneDrive\Desktop\EXPLAINABLE_IRIS_PAD\Data\Raw\IIITD_Contact_Lens_Iris_DB\Cogent Scanner\36\Colored\20120919165138_L.bmp,1,1,0.9999995
C:\Users\sahar\OneDrive\Desktop\EXPLAINABLE_IRIS_PAD\Data\Raw\IIITD_Contact_Lens_Iris_DB\Cogent Scanner\36\Colored\20120919165138_R.bmp,1,1,0.9999982
C:\Users\sahar\OneDrive\Desktop\EXPLAINABLE_IRIS_PAD\Data\Raw\IIITD_Contact_Lens_Iris_DB\Cogent Scanner\36\Colored\20120919165142_L.bmp,1,1,0.99999905
C:\Users\sahar\OneDrive\Desktop\EXPLAINABLE_IRIS_PAD\Data\Raw\IIITD_Contact_Lens_Iris_DB\Cogent Scanner\36\Colored\20120919165142_R.bmp,1,1,0.99999917
C:\Users\sahar\OneDrive\Desktop\EXPLAINABLE_IRIS_PAD\Data\Raw\IIITD_Contact_Lens_Iris_DB\Cogent Scanner\36\Colored\20120919165145_L.bmp,1,1,0.99999976
C:\Users\sahar\OneDrive\Desktop\EXPLAINABLE_IRIS_PAD\Data\Raw\IIITD_Contact_Lens_Iris_DB\Cogent Scanner\36\Colored\20120919165145_R.bmp,1,1,0.99999785
C:\Users\sahar\OneDrive\Desktop\EXPLAINABLE_IRIS_PAD\Data\Raw\IIITD_Contact_Lens_Iris_DB\Cogent Scanner\36\Colored\20120919165151_L.bmp,1,1,0.99999964
C:\Users\sahar\OneDrive\Desktop\EXPLAINABLE_IRIS_PAD\Data\Raw\IIITD_Contact_Lens_Iris_DB\Cogent Scanner\36\Colored\20120919165151_R.bmp,1,1,0.9999995
C:\Users\sahar\OneDrive\Desktop\EXPLAINABLE_IRIS_PAD\Data\Raw\IIITD_Contact_Lens_Iris_DB\Cogent Scanner\36\Colored\20120919165155_L.bmp,1,1,0.9999995
C:\Users\sahar\OneDrive\Desktop\EXPLAINABLE_IRIS_PAD\Data\Raw\IIITD_Contact_Lens_Iris_DB\Cogent Scanner\36\Colored\20120919165155_R.bmp,1,1,0.9999962
C:\Users\sahar\OneDrive\Desktop\EXPLAINABLE_IRIS_PAD\Data\Raw\IIITD_Contact_Lens_Iris_DB\Cogent Scanner\36\Normal\20120912115940_L.bmp,0,0,9.310458e-06
C:\Users\sahar\OneDrive\Desktop\EXPLAINABLE_IRIS_PAD\Data\Raw\IIITD_Contact_Lens_Iris_DB\Cogent Scanner\36\Normal\20120912115940_R.bmp,0,0,0.0013119265
C:\Users\sahar\OneDrive\Desktop\EXPLAINABLE_IRIS_PAD\Data\Raw\IIITD_Contact_Lens_Iris_DB\Cogent Scanner\36\Normal\20120912115943_L.bmp,0,0,1.397057e-07
C:\Users\sahar\OneDrive\Desktop\EXPLAINABLE_IRIS_PAD\Data\Raw\IIITD_Contact_Lens_Iris_DB\Cogent Scanner\36\Normal\20120912115943_R.bmp,0,0,0.00035782874
C:\Users\sahar\OneDrive\Desktop\EXPLAINABLE_IRIS_PAD\Data\Raw\IIITD_Contact_Lens_Iris_DB\Cogent Scanner\36\Normal\20120912115946_L.bmp,0,0,2.7176443e-07
C:\Users\sahar\OneDrive\Desktop\EXPLAINABLE_IRIS_PAD\Data\Raw\IIITD_Contact_Lens_Iris_DB\Cogent Scanner\36\Normal\20120912115946_R.bmp,0,0,5.7166185e-06
C:\Users\sahar\OneDrive\Desktop\EXPLAINABLE_IRIS_PAD\Data\Raw\IIITD_Contact_Lens_Iris_DB\Cogent Scanner\36\Normal\20120912115949_L.bmp,0,0,2.004673e-06
C:\Users\sahar\OneDrive\Desktop\EXPLAINABLE_IRIS_PAD\Data\Raw\IIITD_Contact_Lens_Iris_DB\Cogent Scanner\36\Normal\20120912115949_R.bmp,0,0,4.1729403e-05
C:\Users\sahar\OneDrive\Desktop\EXPLAINABLE_IRIS_PAD\Data\Raw\IIITD_Contact_Lens_Iris_DB\Cogent Scanner\36\Normal\20120912115952_L.bmp,0,0,5.7301168e-06
C:\Users\sahar\OneDrive\Desktop\EXPLAINABLE_IRIS_PAD\Data\Raw\IIITD_Contact_Lens_Iris_DB\Cogent Scanner\36\Normal\20120912115952_R.bmp,0,0,2.2140684e-06
C:\Users\sahar\OneDrive\Desktop\EXPLAINABLE_IRIS_PAD\Data\Raw\IIITD_Contact_Lens_Iris_DB\Cogent Scanner\38\Colored\20120914140756_L.bmp,1,1,0.9999969
C:\Users\sahar\OneDrive\Desktop\EXPLAINABLE_IRIS_PAD\Data\Raw\IIITD_Contact_Lens_Iris_DB\Cogent Scanner\38\Colored\20120914140756_R.bmp,1,1,0.9999893
C:\Users\sahar\OneDrive\Desktop\EXPLAINABLE_IRIS_PAD\Data\Raw\IIITD_Contact_Lens_Iris_DB\Cogent Scanner\38\Colored\20120914140759_L.bmp,1,1,0.9999709
C:\Users\sahar\OneDrive\Desktop\EXPLAINABLE_IRIS_PAD\Data\Raw\IIITD_Contact_Lens_Iris_DB\Cogent Scanner\38\Colored\20120914140759_R.bmp,1,1,0.9999764
C:\Users\sahar\OneDrive\Desktop\EXPLAINABLE_IRIS_PAD\Data\Raw\IIITD_Contact_Lens_Iris_DB\Cogent Scanner\38\Colored\20120914140830_L.bmp,1,1,0.999984
C:\Users\sahar\OneDrive\Desktop\EXPLAINABLE_IRIS_PAD\Data\Raw\IIITD_Contact_Lens_Iris_DB\Cogent Scanner\38\Colored\20120914140830_R.bmp,1,1,0.9989724
C:\Users\sahar\OneDrive\Desktop\EXPLAINABLE_IRIS_PAD\Data\Raw\IIITD_Contact_Lens_Iris_DB\Cogent Scanner\38\Colored\20120914140833_L.bmp,1,1,0.9999759
C:\Users\sahar\OneDrive\Desktop\EXPLAINABLE_IRIS_PAD\Data\Raw\IIITD_Contact_Lens_Iris_DB\Cogent Scanner\38\Colored\20120914140833_R.bmp,1,1,0.99978596
C:\Users\sahar\OneDrive\Desktop\EXPLAINABLE_IRIS_PAD\Data\Raw\IIITD_Contact_Lens_Iris_DB\Cogent Scanner\38\Colored\20120914140837_L.bmp,1,1,0.9998584
C:\Users\sahar\OneDrive\Desktop\EXPLAINABLE_IRIS_PAD\Data\Raw\IIITD_Contact_Lens_Iris_DB\Cogent Scanner\38\Colored\20120914140837_R.bmp,1,1,0.99396694
C:\Users\sahar\OneDrive\Desktop\EXPLAINABLE_IRIS_PAD\Data\Raw\IIITD_Contact_Lens_Iris_DB\Cogent Scanner\38\Colored\20120914140842_L.bmp,1,1,0.99977523
C:\Users\sahar\OneDrive\Desktop\EXPLAINABLE_IRIS_PAD\Data\Raw\IIITD_Contact_Lens_Iris_DB\Cogent Scanner\38\Colored\20120914140842_R.bmp,1,1,0.9996897
C:\Users\sahar\OneDrive\Desktop\EXPLAINABLE_IRIS_PAD\Data\Raw\IIITD_Contact_Lens_Iris_DB\Cogent Scanner\38\Normal\20120912130445_L.bmp,0,0,0.010621403
C:\Users\sahar\OneDrive\Desktop\EXPLAINABLE_IRIS_PAD\Data\Raw\IIITD_Contact_Lens_Iris_DB\Cogent Scanner\38\Normal\20120912130445_R.bmp,0,0,0.0010613828
C:\Users\sahar\OneDrive\Desktop\EXPLAINABLE_IRIS_PAD\Data\Raw\IIITD_Contact_Lens_Iris_DB\Cogent Scanner\38\Normal\20120912130451_L.bmp,0,0,8.584018e-08
C:\Users\sahar\OneDrive\Desktop\EXPLAINABLE_IRIS_PAD\Data\Raw\IIITD_Contact_Lens_Iris_DB\Cogent Scanner\38\Normal\20120912130451_R.bmp,0,0,1.3975596e-06
C:\Users\sahar\OneDrive\Desktop\EXPLAINABLE_IRIS_PAD\Data\Raw\IIITD_Contact_Lens_Iris_DB\Cogent Scanner\38\Normal\20120912130455_L.bmp,0,0,3.2358804e-07
C:\Users\sahar\OneDrive\Desktop\EXPLAINABLE_IRIS_PAD\Data\Raw\IIITD_Contact_Lens_Iris_DB\Cogent Scanner\38\Normal\20120912130455_R.bmp,0,0,1.9880594e-05
C:\Users\sahar\OneDrive\Desktop\EXPLAINABLE_IRIS_PAD\Data\Raw\IIITD_Contact_Lens_Iris_DB\Cogent Scanner\38\Normal\20120912130457_L.bmp,0,0,8.107813e-07
C:\Users\sahar\OneDrive\Desktop\EXPLAINABLE_IRIS_PAD\Data\Raw\IIITD_Contact_Lens_Iris_DB\Cogent Scanner\38\Normal\20120912130457_R.bmp,0,0,3.896949e-06
C:\Users\sahar\OneDrive\Desktop\EXPLAINABLE_IRIS_PAD\Data\Raw\IIITD_Contact_Lens_Iris_DB\Cogent Scanner\38\Normal\20120912130501_L.bmp,0,0,2.256524e-07
C:\Users\sahar\OneDrive\Desktop\EXPLAINABLE_IRIS_PAD\Data\Raw\IIITD_Contact_Lens_Iris_DB\Cogent Scanner\38\Normal\20120912130501_R.bmp,0,0,1.3163219e-07
C:\Users\sahar\OneDrive\Desktop\EXPLAINABLE_IRIS_PAD\Data\Raw\IIITD_Contact_Lens_Iris_DB\Cogent Scanner\38\Normal\20120912130503_L.bmp,0,0,1.08953015e-08
C:\Users\sahar\OneDrive\Desktop\EXPLAINABLE_IRIS_PAD\Data\Raw\IIITD_Contact_Lens_Iris_DB\Cogent Scanner\38\Normal\20120912130503_R.bmp,0,0,2.919725e-07
C:\Users\sahar\OneDrive\Desktop\EXPLAINABLE_IRIS_PAD\Data\Raw\IIITD_Contact_Lens_Iris_DB\Cogent Scanner\43\Colored\20120919172819_L.bmp,1,1,0.97860533
C:\Users\sahar\OneDrive\Desktop\EXPLAINABLE_IRIS_PAD\Data\Raw\IIITD_Contact_Lens_Iris_DB\Cogent Scanner\43\Colored\20120919172819_R.bmp,1,1,0.9991247
C:\Users\sahar\OneDrive\Desktop\EXPLAINABLE_IRIS_PAD\Data\Raw\IIITD_Contact_Lens_Iris_DB\Cogent Scanner\43\Colored\20120919172822_L.bmp,1,1,0.99955803
C:\Users\sahar\OneDrive\Desktop\EXPLAINABLE_IRIS_PAD\Data\Raw\IIITD_Contact_Lens_Iris_DB\Cogent Scanner\43\Colored\20120919172822_R.bmp,1,1,0.9999733
C:\Users\sahar\OneDrive\Desktop\EXPLAINABLE_IRIS_PAD\Data\Raw\IIITD_Contact_Lens_Iris_DB\Cogent Scanner\43\Colored\20120919172827_L.bmp,1,1,0.9998863
C:\Users\sahar\OneDrive\Desktop\EXPLAINABLE_IRIS_PAD\Data\Raw\IIITD_Contact_Lens_Iris_DB\Cogent Scanner\43\Colored\20120919172827_R.bmp,1,1,0.99998975
C:\Users\sahar\OneDrive\Desktop\EXPLAINABLE_IRIS_PAD\Data\Raw\IIITD_Contact_Lens_Iris_DB\Cogent Scanner\43\Colored\20120919172831_L.bmp,1,1,0.9999927
C:\Users\sahar\OneDrive\Desktop\EXPLAINABLE_IRIS_PAD\Data\Raw\IIITD_Contact_Lens_Iris_DB\Cogent Scanner\43\Colored\20120919172831_R.bmp,1,1,0.99998796
C:\Users\sahar\OneDrive\Desktop\EXPLAINABLE_IRIS_PAD\Data\Raw\IIITD_Contact_Lens_Iris_DB\Cogent Scanner\43\Colored\20120919172834_L.bmp,1,1,0.999992
C:\Users\sahar\OneDrive\Desktop\EXPLAINABLE_IRIS_PAD\Data\Raw\IIITD_Contact_Lens_Iris_DB\Cogent Scanner\43\Colored\20120919172834_R.bmp,1,1,0.99999213
C:\Users\sahar\OneDrive\Desktop\EXPLAINABLE_IRIS_PAD\Data\Raw\IIITD_Contact_Lens_Iris_DB\Cogent Scanner\43\Colored\20120919172840_L.bmp,1,1,0.99999034
C:\Users\sahar\OneDrive\Desktop\EXPLAINABLE_IRIS_PAD\Data\Raw\IIITD_Contact_Lens_Iris_DB\Cogent Scanner\43\Colored\20120919172840_R.bmp,1,1,0.9999863
C:\Users\sahar\OneDrive\Desktop\EXPLAINABLE_IRIS_PAD\Data\Raw\IIITD_Contact_Lens_Iris_DB\Cogent Scanner\43\Colored\20120919172845_L.bmp,1,1,0.9999956
C:\Users\sahar\OneDrive\Desktop\EXPLAINABLE_IRIS_PAD\Data\Raw\IIITD_Contact_Lens_Iris_DB\Cogent Scanner\43\Colored\20120919172845_R.bmp,1,1,0.9999964
C:\Users\sahar\OneDrive\Desktop\EXPLAINABLE_IRIS_PAD\Data\Raw\IIITD_Contact_Lens_Iris_DB\Cogent Scanner\43\Colored\20120919172848_L.bmp,1,1,0.9999988
C:\Users\sahar\OneDrive\Desktop\EXPLAINABLE_IRIS_PAD\Data\Raw\IIITD_Contact_Lens_Iris_DB\Cogent Scanner\43\Colored\20120919172848_R.bmp,1,1,0.9999962
C:\Users\sahar\OneDrive\Desktop\EXPLAINABLE_IRIS_PAD\Data\Raw\IIITD_Contact_Lens_Iris_DB\Cogent Scanner\43\Normal\20120919165733_L.bmp,0,0,0.00062338205
C:\Users\sahar\OneDrive\Desktop\EXPLAINABLE_IRIS_PAD\Data\Raw\IIITD_Contact_Lens_Iris_DB\Cogent Scanner\43\Normal\20120919165733_R.bmp,0,0,3.0565738e-05
C:\Users\sahar\OneDrive\Desktop\EXPLAINABLE_IRIS_PAD\Data\Raw\IIITD_Contact_Lens_Iris_DB\Cogent Scanner\43\Normal\20120919165736_L.bmp,0,0,4.6634006e-05
C:\Users\sahar\OneDrive\Desktop\EXPLAINABLE_IRIS_PAD\Data\Raw\IIITD_Contact_Lens_Iris_DB\Cogent Scanner\43\Normal\20120919165736_R.bmp,0,0,0.00027620318
C:\Users\sahar\OneDrive\Desktop\EXPLAINABLE_IRIS_PAD\Data\Raw\IIITD_Contact_Lens_Iris_DB\Cogent Scanner\43\Normal\20120919165739_L.bmp,0,0,0.0002402451
C:\Users\sahar\OneDrive\Desktop\EXPLAINABLE_IRIS_PAD\Data\Raw\IIITD_Contact_Lens_Iris_DB\Cogent Scanner\43\Normal\20120919165739_R.bmp,0,0,2.9028852e-05
C:\Users\sahar\OneDrive\Desktop\EXPLAINABLE_IRIS_PAD\Data\Raw\IIITD_Contact_Lens_Iris_DB\Cogent Scanner\43\Normal\20120919165743_L.bmp,0,0,1.4751834e-05
C:\Users\sahar\OneDrive\Desktop\EXPLAINABLE_IRIS_PAD\Data\Raw\IIITD_Contact_Lens_Iris_DB\Cogent Scanner\43\Normal\20120919165743_R.bmp,0,0,0.00045148382
C:\Users\sahar\OneDrive\Desktop\EXPLAINABLE_IRIS_PAD\Data\Raw\IIITD_Contact_Lens_Iris_DB\Cogent Scanner\43\Normal\20120919165747_L.bmp,0,0,1.536237e-05
C:\Users\sahar\OneDrive\Desktop\EXPLAINABLE_IRIS_PAD\Data\Raw\IIITD_Contact_Lens_Iris_DB\Cogent Scanner\43\Normal\20120919165747_R.bmp,0,0,0.0005474404
C:\Users\sahar\OneDrive\Desktop\EXPLAINABLE_IRIS_PAD\Data\Raw\IIITD_Contact_Lens_Iris_DB\Cogent Scanner\46\Colored\20120919140649_L.bmp,1,1,0.9999262
C:\Users\sahar\OneDrive\Desktop\EXPLAINABLE_IRIS_PAD\Data\Raw\IIITD_Contact_Lens_Iris_DB\Cogent Scanner\46\Colored\20120919140649_R.bmp,1,1,0.99999917
C:\Users\sahar\OneDrive\Desktop\EXPLAINABLE_IRIS_PAD\Data\Raw\IIITD_Contact_Lens_Iris_DB\Cogent Scanner\46\Colored\20120919140653_L.bmp,1,1,0.99999857
C:\Users\sahar\OneDrive\Desktop\EXPLAINABLE_IRIS_PAD\Data\Raw\IIITD_Contact_Lens_Iris_DB\Cogent Scanner\46\Colored\20120919140653_R.bmp,1,1,0.9999989
C:\Users\sahar\OneDrive\Desktop\EXPLAINABLE_IRIS_PAD\Data\Raw\IIITD_Contact_Lens_Iris_DB\Cogent Scanner\46\Colored\20120919140657_L.bmp,1,1,0.9999937
C:\Users\sahar\OneDrive\Desktop\EXPLAINABLE_IRIS_PAD\Data\Raw\IIITD_Contact_Lens_Iris_DB\Cogent Scanner\46\Colored\20120919140657_R.bmp,1,1,0.99999
C:\Users\sahar\OneDrive\Desktop\EXPLAINABLE_IRIS_PAD\Data\Raw\IIITD_Contact_Lens_Iris_DB\Cogent Scanner\46\Colored\20120919140702_L.bmp,1,1,0.99999475
C:\Users\sahar\OneDrive\Desktop\EXPLAINABLE_IRIS_PAD\Data\Raw\IIITD_Contact_Lens_Iris_DB\Cogent Scanner\46\Colored\20120919140708_R.bmp,1,1,0.9999945
C:\Users\sahar\OneDrive\Desktop\EXPLAINABLE_IRIS_PAD\Data\Raw\IIITD_Contact_Lens_Iris_DB\Cogent Scanner\46\Colored\20120919140715_L.bmp,1,1,0.9999958
C:\Users\sahar\OneDrive\Desktop\EXPLAINABLE_IRIS_PAD\Data\Raw\IIITD_Contact_Lens_Iris_DB\Cogent Scanner\46\Colored\20120919140715_R.bmp,1,1,0.9999939
C:\Users\sahar\OneDrive\Desktop\EXPLAINABLE_IRIS_PAD\Data\Raw\IIITD_Contact_Lens_Iris_DB\Cogent Scanner\46\Normal\20120919130959_L.bmp,0,0,0.0003952331
C:\Users\sahar\OneDrive\Desktop\EXPLAINABLE_IRIS_PAD\Data\Raw\IIITD_Contact_Lens_Iris_DB\Cogent Scanner\46\Normal\20120919130959_R.bmp,0,0,6.7459914e-05
C:\Users\sahar\OneDrive\Desktop\EXPLAINABLE_IRIS_PAD\Data\Raw\IIITD_Contact_Lens_Iris_DB\Cogent Scanner\46\Normal\20120919131002_L.bmp,0,0,0.00036168314
C:\Users\sahar\OneDrive\Desktop\EXPLAINABLE_IRIS_PAD\Data\Raw\IIITD_Contact_Lens_Iris_DB\Cogent Scanner\46\Normal\20120919131002_R.bmp,0,0,0.0003055618
C:\Users\sahar\OneDrive\Desktop\EXPLAINABLE_IRIS_PAD\Data\Raw\IIITD_Contact_Lens_Iris_DB\Cogent Scanner\46\Normal\20120919131005_L.bmp,0,0,0.0043841805
C:\Users\sahar\OneDrive\Desktop\EXPLAINABLE_IRIS_PAD\Data\Raw\IIITD_Contact_Lens_Iris_DB\Cogent Scanner\46\Normal\20120919131005_R.bmp,0,0,3.513914e-05
C:\Users\sahar\OneDrive\Desktop\EXPLAINABLE_IRIS_PAD\Data\Raw\IIITD_Contact_Lens_Iris_DB\Cogent Scanner\46\Normal\20120919131009_L.bmp,0,0,0.0071305516
C:\Users\sahar\OneDrive\Desktop\EXPLAINABLE_IRIS_PAD\Data\Raw\IIITD_Contact_Lens_Iris_DB\Cogent Scanner\46\Normal\20120919131009_R.bmp,0,0,0.00036130025
C:\Users\sahar\OneDrive\Desktop\EXPLAINABLE_IRIS_PAD\Data\Raw\IIITD_Contact_Lens_Iris_DB\Cogent Scanner\46\Normal\20120919131013_L.bmp,0,0,0.0061617256
C:\Users\sahar\OneDrive\Desktop\EXPLAINABLE_IRIS_PAD\Data\Raw\IIITD_Contact_Lens_Iris_DB\Cogent Scanner\46\Normal\20120919131013_R.bmp,0,0,0.00065050775
C:\Users\sahar\OneDrive\Desktop\EXPLAINABLE_IRIS_PAD\Data\Raw\IIITD_Contact_Lens_Iris_DB\Cogent Scanner\48\Colored\20120912131439_L.bmp,1,0,0.00032928988
C:\Users\sahar\OneDrive\Desktop\EXPLAINABLE_IRIS_PAD\Data\Raw\IIITD_Contact_Lens_Iris_DB\Cogent Scanner\48\Colored\20120912131439_R.bmp,1,0,2.60542e-05
C:\Users\sahar\OneDrive\Desktop\EXPLAINABLE_IRIS_PAD\Data\Raw\IIITD_Contact_Lens_Iris_DB\Cogent Scanner\48\Colored\20120912131448_L.bmp,1,1,0.99939275
C:\Users\sahar\OneDrive\Desktop\EXPLAINABLE_IRIS_PAD\Data\Raw\IIITD_Contact_Lens_Iris_DB\Cogent Scanner\48\Colored\20120912131448_R.bmp,1,1,0.99931014
C:\Users\sahar\OneDrive\Desktop\EXPLAINABLE_IRIS_PAD\Data\Raw\IIITD_Contact_Lens_Iris_DB\Cogent Scanner\48\Colored\20120912131454_L.bmp,1,0,0.19882162
C:\Users\sahar\OneDrive\Desktop\EXPLAINABLE_IRIS_PAD\Data\Raw\IIITD_Contact_Lens_Iris_DB\Cogent Scanner\48\Colored\20120912131454_R.bmp,1,1,0.9999709
C:\Users\sahar\OneDrive\Desktop\EXPLAINABLE_IRIS_PAD\Data\Raw\IIITD_Contact_Lens_Iris_DB\Cogent Scanner\48\Colored\20120912131505_L.bmp,1,1,0.9322652
C:\Users\sahar\OneDrive\Desktop\EXPLAINABLE_IRIS_PAD\Data\Raw\IIITD_Contact_Lens_Iris_DB\Cogent Scanner\48\Colored\20120912131505_R.bmp,1,1,0.99927133
C:\Users\sahar\OneDrive\Desktop\EXPLAINABLE_IRIS_PAD\Data\Raw\IIITD_Contact_Lens_Iris_DB\Cogent Scanner\48\Colored\20120912131509_L.bmp,1,1,0.54730356
C:\Users\sahar\OneDrive\Desktop\EXPLAINABLE_IRIS_PAD\Data\Raw\IIITD_Contact_Lens_Iris_DB\Cogent Scanner\48\Colored\20120912131509_R.bmp,1,1,0.99584574
C:\Users\sahar\OneDrive\Desktop\EXPLAINABLE_IRIS_PAD\Data\Raw\IIITD_Contact_Lens_Iris_DB\Cogent Scanner\48\Normal\20120921164426_L.bmp,0,0,2.4155466e-05
C:\Users\sahar\OneDrive\Desktop\EXPLAINABLE_IRIS_PAD\Data\Raw\IIITD_Contact_Lens_Iris_DB\Cogent Scanner\48\Normal\20120921164426_R.bmp,0,0,4.473827e-06
C:\Users\sahar\OneDrive\Desktop\EXPLAINABLE_IRIS_PAD\Data\Raw\IIITD_Contact_Lens_Iris_DB\Cogent Scanner\48\Normal\20120921164430_L.bmp,0,0,3.0828764e-05
C:\Users\sahar\OneDrive\Desktop\EXPLAINABLE_IRIS_PAD\Data\Raw\IIITD_Contact_Lens_Iris_DB\Cogent Scanner\48\Normal\20120921164430_R.bmp,0,0,1.0944037e-06
C:\Users\sahar\OneDrive\Desktop\EXPLAINABLE_IRIS_PAD\Data\Raw\IIITD_Contact_Lens_Iris_DB\Cogent Scanner\48\Normal\20120921164434_L.bmp,0,0,0.0041048974
C:\Users\sahar\OneDrive\Desktop\EXPLAINABLE_IRIS_PAD\Data\Raw\IIITD_Contact_Lens_Iris_DB\Cogent Scanner\48\Normal\20120921164434_R.bmp,0,0,8.035432e-06
C:\Users\sahar\OneDrive\Desktop\EXPLAINABLE_IRIS_PAD\Data\Raw\IIITD_Contact_Lens_Iris_DB\Cogent Scanner\48\Normal\20120921164437_L.bmp,0,0,5.4163655e-05
C:\Users\sahar\OneDrive\Desktop\EXPLAINABLE_IRIS_PAD\Data\Raw\IIITD_Contact_Lens_Iris_DB\Cogent Scanner\48\Normal\20120921164437_R.bmp,0,0,1.5661375e-06
C:\Users\sahar\OneDrive\Desktop\EXPLAINABLE_IRIS_PAD\Data\Raw\IIITD_Contact_Lens_Iris_DB\Cogent Scanner\48\Normal\20120921164441_L.bmp,0,0,1.0906791e-05
C:\Users\sahar\OneDrive\Desktop\EXPLAINABLE_IRIS_PAD\Data\Raw\IIITD_Contact_Lens_Iris_DB\Cogent Scanner\48\Normal\20120921164441_R.bmp,0,0,1.7959233e-05
C:\Users\sahar\OneDrive\Desktop\EXPLAINABLE_IRIS_PAD\Data\Raw\IIITD_Contact_Lens_Iris_DB\Cogent Scanner\48\Normal\20120921164444_L.bmp,0,0,7.334774e-05
C:\Users\sahar\OneDrive\Desktop\EXPLAINABLE_IRIS_PAD\Data\Raw\IIITD_Contact_Lens_Iris_DB\Cogent Scanner\48\Normal\20120921164444_R.bmp,0,0,3.7191567e-05
C:\Users\sahar\OneDrive\Desktop\EXPLAINABLE_IRIS_PAD\Data\Raw\IIITD_Contact_Lens_Iris_DB\Cogent Scanner\49\Colored\20120914142848_L.bmp,1,1,0.99998987
C:\Users\sahar\OneDrive\Desktop\EXPLAINABLE_IRIS_PAD\Data\Raw\IIITD_Contact_Lens_Iris_DB\Cogent Scanner\49\Colored\20120914142848_R.bmp,1,1,0.9999279
C:\Users\sahar\OneDrive\Desktop\EXPLAINABLE_IRIS_PAD\Data\Raw\IIITD_Contact_Lens_Iris_DB\Cogent Scanner\49\Colored\20120914142852_L.bmp,1,1,0.99999905
C:\Users\sahar\OneDrive\Desktop\EXPLAINABLE_IRIS_PAD\Data\Raw\IIITD_Contact_Lens_Iris_DB\Cogent Scanner\49\Colored\20120914142852_R.bmp,1,1,0.9999895
C:\Users\sahar\OneDrive\Desktop\EXPLAINABLE_IRIS_PAD\Data\Raw\IIITD_Contact_Lens_Iris_DB\Cogent Scanner\49\Colored\20120914142856_L.bmp,1,1,0.9999988
C:\Users\sahar\OneDrive\Desktop\EXPLAINABLE_IRIS_PAD\Data\Raw\IIITD_Contact_Lens_Iris_DB\Cogent Scanner\49\Colored\20120914142856_R.bmp,1,1,0.99999857
C:\Users\sahar\OneDrive\Desktop\EXPLAINABLE_IRIS_PAD\Data\Raw\IIITD_Contact_Lens_Iris_DB\Cogent Scanner\49\Colored\20120914142859_L.bmp,1,1,0.9999988
C:\Users\sahar\OneDrive\Desktop\EXPLAINABLE_IRIS_PAD\Data\Raw\IIITD_Contact_Lens_Iris_DB\Cogent Scanner\49\Colored\20120914142859_R.bmp,1,1,0.99999356
C:\Users\sahar\OneDrive\Desktop\EXPLAINABLE_IRIS_PAD\Data\Raw\IIITD_Contact_Lens_Iris_DB\Cogent Scanner\49\Colored\20120914142905_L.bmp,1,1,0.99999857
C:\Users\sahar\OneDrive\Desktop\EXPLAINABLE_IRIS_PAD\Data\Raw\IIITD_Contact_Lens_Iris_DB\Cogent Scanner\49\Colored\20120914142905_R.bmp,1,1,0.99997413
C:\Users\sahar\OneDrive\Desktop\EXPLAINABLE_IRIS_PAD\Data\Raw\IIITD_Contact_Lens_Iris_DB\Cogent Scanner\49\Normal\20120912123230_L.bmp,0,0,8.555983e-05
C:\Users\sahar\OneDrive\Desktop\EXPLAINABLE_IRIS_PAD\Data\Raw\IIITD_Contact_Lens_Iris_DB\Cogent Scanner\49\Normal\20120912123230_R.bmp,0,0,1.3229988e-05
C:\Users\sahar\OneDrive\Desktop\EXPLAINABLE_IRIS_PAD\Data\Raw\IIITD_Contact_Lens_Iris_DB\Cogent Scanner\49\Normal\20120912123233_L.bmp,0,0,2.0605265e-07
C:\Users\sahar\OneDrive\Desktop\EXPLAINABLE_IRIS_PAD\Data\Raw\IIITD_Contact_Lens_Iris_DB\Cogent Scanner\49\Normal\20120912123233_R.bmp,0,0,4.1794196e-06
C:\Users\sahar\OneDrive\Desktop\EXPLAINABLE_IRIS_PAD\Data\Raw\IIITD_Contact_Lens_Iris_DB\Cogent Scanner\49\Normal\20120912123237_L.bmp,0,0,1.3329159e-07
C:\Users\sahar\OneDrive\Desktop\EXPLAINABLE_IRIS_PAD\Data\Raw\IIITD_Contact_Lens_Iris_DB\Cogent Scanner\49\Normal\20120912123237_R.bmp,0,0,2.0045825e-05
C:\Users\sahar\OneDrive\Desktop\EXPLAINABLE_IRIS_PAD\Data\Raw\IIITD_Contact_Lens_Iris_DB\Cogent Scanner\49\Normal\20120912123240_L.bmp,0,0,2.9794407e-08
C:\Users\sahar\OneDrive\Desktop\EXPLAINABLE_IRIS_PAD\Data\Raw\IIITD_Contact_Lens_Iris_DB\Cogent Scanner\49\Normal\20120912123240_R.bmp,0,0,3.1059466e-05
C:\Users\sahar\OneDrive\Desktop\EXPLAINABLE_IRIS_PAD\Data\Raw\IIITD_Contact_Lens_Iris_DB\Cogent Scanner\49\Normal\20120912123242_L.bmp,0,0,1.102083e-06
C:\Users\sahar\OneDrive\Desktop\EXPLAINABLE_IRIS_PAD\Data\Raw\IIITD_Contact_Lens_Iris_DB\Cogent Scanner\49\Normal\20120912123242_R.bmp,0,0,1.1488822e-05
C:\Users\sahar\OneDrive\Desktop\EXPLAINABLE_IRIS_PAD\Data\Raw\IIITD_Contact_Lens_Iris_DB\Cogent Scanner\49\Normal\20120912123244_L.bmp,0,0,1.129657e-07
C:\Users\sahar\OneDrive\Desktop\EXPLAINABLE_IRIS_PAD\Data\Raw\IIITD_Contact_Lens_Iris_DB\Cogent Scanner\49\Normal\20120912123244_R.bmp,0,0,0.00017228353
C:\Users\sahar\OneDrive\Desktop\EXPLAINABLE_IRIS_PAD\Data\Raw\IIITD_Contact_Lens_Iris_DB\Cogent Scanner\73\Colored\20120920130157_L.bmp,1,1,0.99999416
C:\Users\sahar\OneDrive\Desktop\EXPLAINABLE_IRIS_PAD\Data\Raw\IIITD_Contact_Lens_Iris_DB\Cogent Scanner\73\Colored\20120920130157_R.bmp,1,1,0.9999937
C:\Users\sahar\OneDrive\Desktop\EXPLAINABLE_IRIS_PAD\Data\Raw\IIITD_Contact_Lens_Iris_DB\Cogent Scanner\73\Colored\20120920130201_L.bmp,1,1,0.9999857
C:\Users\sahar\OneDrive\Desktop\EXPLAINABLE_IRIS_PAD\Data\Raw\IIITD_Contact_Lens_Iris_DB\Cogent Scanner\73\Colored\20120920130201_R.bmp,1,1,0.99999857
C:\Users\sahar\OneDrive\Desktop\EXPLAINABLE_IRIS_PAD\Data\Raw\IIITD_Contact_Lens_Iris_DB\Cogent Scanner\73\Colored\20120920130204_L.bmp,1,1,0.99999714
C:\Users\sahar\OneDrive\Desktop\EXPLAINABLE_IRIS_PAD\Data\Raw\IIITD_Contact_Lens_Iris_DB\Cogent Scanner\73\Colored\20120920130204_R.bmp,1,1,0.99999964
C:\Users\sahar\OneDrive\Desktop\EXPLAINABLE_IRIS_PAD\Data\Raw\IIITD_Contact_Lens_Iris_DB\Cogent Scanner\73\Colored\20120920130208_L.bmp,1,1,0.999998
C:\Users\sahar\OneDrive\Desktop\EXPLAINABLE_IRIS_PAD\Data\Raw\IIITD_Contact_Lens_Iris_DB\Cogent Scanner\73\Colored\20120920130208_R.bmp,1,1,0.99999833
C:\Users\sahar\OneDrive\Desktop\EXPLAINABLE_IRIS_PAD\Data\Raw\IIITD_Contact_Lens_Iris_DB\Cogent Scanner\73\Colored\20120920130212_L.bmp,1,1,0.9999949
C:\Users\sahar\OneDrive\Desktop\EXPLAINABLE_IRIS_PAD\Data\Raw\IIITD_Contact_Lens_Iris_DB\Cogent Scanner\73\Colored\20120920130212_R.bmp,1,1,0.9999994
C:\Users\sahar\OneDrive\Desktop\EXPLAINABLE_IRIS_PAD\Data\Raw\IIITD_Contact_Lens_Iris_DB\Cogent Scanner\73\Normal\20120920123153_L.bmp,0,0,0.0009632312
C:\Users\sahar\OneDrive\Desktop\EXPLAINABLE_IRIS_PAD\Data\Raw\IIITD_Contact_Lens_Iris_DB\Cogent Scanner\73\Normal\20120920123153_R.bmp,0,0,1.5731237e-06
C:\Users\sahar\OneDrive\Desktop\EXPLAINABLE_IRIS_PAD\Data\Raw\IIITD_Contact_Lens_Iris_DB\Cogent Scanner\73\Normal\20120920123156_L.bmp,0,0,0.003114995
C:\Users\sahar\OneDrive\Desktop\EXPLAINABLE_IRIS_PAD\Data\Raw\IIITD_Contact_Lens_Iris_DB\Cogent Scanner\73\Normal\20120920123156_R.bmp,0,0,2.9392435e-05
C:\Users\sahar\OneDrive\Desktop\EXPLAINABLE_IRIS_PAD\Data\Raw\IIITD_Contact_Lens_Iris_DB\Cogent Scanner\73\Normal\20120920123159_L.bmp,0,0,0.0010689737
C:\Users\sahar\OneDrive\Desktop\EXPLAINABLE_IRIS_PAD\Data\Raw\IIITD_Contact_Lens_Iris_DB\Cogent Scanner\73\Normal\20120920123159_R.bmp,0,0,0.0002004214
C:\Users\sahar\OneDrive\Desktop\EXPLAINABLE_IRIS_PAD\Data\Raw\IIITD_Contact_Lens_Iris_DB\Cogent Scanner\73\Normal\20120920123202_L.bmp,0,0,0.00034474375
C:\Users\sahar\OneDrive\Desktop\EXPLAINABLE_IRIS_PAD\Data\Raw\IIITD_Contact_Lens_Iris_DB\Cogent Scanner\73\Normal\20120920123202_R.bmp,0,0,2.9580478e-06
C:\Users\sahar\OneDrive\Desktop\EXPLAINABLE_IRIS_PAD\Data\Raw\IIITD_Contact_Lens_Iris_DB\Cogent Scanner\73\Normal\20120920123205_L.bmp,0,0,2.3447629e-07
C:\Users\sahar\OneDrive\Desktop\EXPLAINABLE_IRIS_PAD\Data\Raw\IIITD_Contact_Lens_Iris_DB\Cogent Scanner\73\Normal\20120920123205_R.bmp,0,0,0.0006992486
C:\Users\sahar\OneDrive\Desktop\EXPLAINABLE_IRIS_PAD\Data\Raw\IIITD_Contact_Lens_Iris_DB\Cogent Scanner\77\Colored\20120913150209_L.bmp,1,1,0.999798
C:\Users\sahar\OneDrive\Desktop\EXPLAINABLE_IRIS_PAD\Data\Raw\IIITD_Contact_Lens_Iris_DB\Cogent Scanner\77\Colored\20120913150209_R.bmp,1,1,0.9985203
C:\Users\sahar\OneDrive\Desktop\EXPLAINABLE_IRIS_PAD\Data\Raw\IIITD_Contact_Lens_Iris_DB\Cogent Scanner\77\Colored\20120913150213_L.bmp,1,1,0.9996494
C:\Users\sahar\OneDrive\Desktop\EXPLAINABLE_IRIS_PAD\Data\Raw\IIITD_Contact_Lens_Iris_DB\Cogent Scanner\77\Colored\20120913150213_R.bmp,1,1,0.99997854
C:\Users\sahar\OneDrive\Desktop\EXPLAINABLE_IRIS_PAD\Data\Raw\IIITD_Contact_Lens_Iris_DB\Cogent Scanner\77\Colored\20120913150219_L.bmp,1,1,0.89127356
C:\Users\sahar\OneDrive\Desktop\EXPLAINABLE_IRIS_PAD\Data\Raw\IIITD_Contact_Lens_Iris_DB\Cogent Scanner\77\Colored\20120913150219_R.bmp,1,1,0.9999821
C:\Users\sahar\OneDrive\Desktop\EXPLAINABLE_IRIS_PAD\Data\Raw\IIITD_Contact_Lens_Iris_DB\Cogent Scanner\77\Colored\20120913150222_L.bmp,1,1,0.9998654
C:\Users\sahar\OneDrive\Desktop\EXPLAINABLE_IRIS_PAD\Data\Raw\IIITD_Contact_Lens_Iris_DB\Cogent Scanner\77\Colored\20120913150222_R.bmp,1,1,0.99960524
C:\Users\sahar\OneDrive\Desktop\EXPLAINABLE_IRIS_PAD\Data\Raw\IIITD_Contact_Lens_Iris_DB\Cogent Scanner\77\Colored\20120913150226_L.bmp,1,1,0.99965894
C:\Users\sahar\OneDrive\Desktop\EXPLAINABLE_IRIS_PAD\Data\Raw\IIITD_Contact_Lens_Iris_DB\Cogent Scanner\77\Colored\20120913150226_R.bmp,1,1,0.9999733
C:\Users\sahar\OneDrive\Desktop\EXPLAINABLE_IRIS_PAD\Data\Raw\IIITD_Contact_Lens_Iris_DB\Cogent Scanner\77\Normal\20120913122722_L.bmp,0,0,2.3206386e-08
C:\Users\sahar\OneDrive\Desktop\EXPLAINABLE_IRIS_PAD\Data\Raw\IIITD_Contact_Lens_Iris_DB\Cogent Scanner\77\Normal\20120913122722_R.bmp,0,0,1.9145452e-09
C:\Users\sahar\OneDrive\Desktop\EXPLAINABLE_IRIS_PAD\Data\Raw\IIITD_Contact_Lens_Iris_DB\Cogent Scanner\77\Normal\20120913122753_L.bmp,0,0,1.2541037e-08
C:\Users\sahar\OneDrive\Desktop\EXPLAINABLE_IRIS_PAD\Data\Raw\IIITD_Contact_Lens_Iris_DB\Cogent Scanner\77\Normal\20120913122753_R.bmp,0,0,6.2985523e-09
C:\Users\sahar\OneDrive\Desktop\EXPLAINABLE_IRIS_PAD\Data\Raw\IIITD_Contact_Lens_Iris_DB\Cogent Scanner\77\Normal\20120913122832_L.bmp,0,0,1.4964883e-09
C:\Users\sahar\OneDrive\Desktop\EXPLAINABLE_IRIS_PAD\Data\Raw\IIITD_Contact_Lens_Iris_DB\Cogent Scanner\77\Normal\20120913122832_R.bmp,0,0,2.233988e-09
C:\Users\sahar\OneDrive\Desktop\EXPLAINABLE_IRIS_PAD\Data\Raw\IIITD_Contact_Lens_Iris_DB\Cogent Scanner\77\Normal\20120913122839_L.bmp,0,0,7.1705157e-09
C:\Users\sahar\OneDrive\Desktop\EXPLAINABLE_IRIS_PAD\Data\Raw\IIITD_Contact_Lens_Iris_DB\Cogent Scanner\77\Normal\20120913122839_R.bmp,0,0,2.0772599e-07
C:\Users\sahar\OneDrive\Desktop\EXPLAINABLE_IRIS_PAD\Data\Raw\IIITD_Contact_Lens_Iris_DB\Cogent Scanner\77\Normal\20120913122849_L.bmp,0,0,2.081295e-07
C:\Users\sahar\OneDrive\Desktop\EXPLAINABLE_IRIS_PAD\Data\Raw\IIITD_Contact_Lens_Iris_DB\Cogent Scanner\77\Normal\20120913122849_R.bmp,0,0,7.95828e-05
C:\Users\sahar\OneDrive\Desktop\EXPLAINABLE_IRIS_PAD\Data\Raw\IIITD_Contact_Lens_Iris_DB\Cogent Scanner\77\Normal\20120913122854_L.bmp,0,0,6.4804145e-10
C:\Users\sahar\OneDrive\Desktop\EXPLAINABLE_IRIS_PAD\Data\Raw\IIITD_Contact_Lens_Iris_DB\Cogent Scanner\77\Normal\20120913122854_R.bmp,0,0,1.3708462e-06
C:\Users\sahar\OneDrive\Desktop\EXPLAINABLE_IRIS_PAD\Data\Raw\IIITD_Contact_Lens_Iris_DB\Cogent Scanner\77\Normal\20120913122859_L.bmp,0,0,2.8990928e-07
C:\Users\sahar\OneDrive\Desktop\EXPLAINABLE_IRIS_PAD\Data\Raw\IIITD_Contact_Lens_Iris_DB\Cogent Scanner\77\Normal\20120913122859_R.bmp,0,0,3.609961e-07
C:\Users\sahar\OneDrive\Desktop\EXPLAINABLE_IRIS_PAD\Data\Raw\IIITD_Contact_Lens_Iris_DB\Cogent Scanner\77\Normal\20120913122901_L.bmp,0,0,1.8205112e-07
C:\Users\sahar\OneDrive\Desktop\EXPLAINABLE_IRIS_PAD\Data\Raw\IIITD_Contact_Lens_Iris_DB\Cogent Scanner\77\Normal\20120913122901_R.bmp,0,0,1.522364e-06
C:\Users\sahar\OneDrive\Desktop\EXPLAINABLE_IRIS_PAD\Data\Raw\IIITD_Contact_Lens_Iris_DB\Cogent Scanner\78\Colored\20120920142445_L.bmp,1,0,0.011229853
C:\Users\sahar\OneDrive\Desktop\EXPLAINABLE_IRIS_PAD\Data\Raw\IIITD_Contact_Lens_Iris_DB\Cogent Scanner\78\Colored\20120920142446_R.bmp,1,0,0.00015010152
C:\Users\sahar\OneDrive\Desktop\EXPLAINABLE_IRIS_PAD\Data\Raw\IIITD_Contact_Lens_Iris_DB\Cogent Scanner\78\Colored\20120920142454_L.bmp,1,1,0.9999355
C:\Users\sahar\OneDrive\Desktop\EXPLAINABLE_IRIS_PAD\Data\Raw\IIITD_Contact_Lens_Iris_DB\Cogent Scanner\78\Colored\20120920142454_R.bmp,1,1,0.99999595
C:\Users\sahar\OneDrive\Desktop\EXPLAINABLE_IRIS_PAD\Data\Raw\IIITD_Contact_Lens_Iris_DB\Cogent Scanner\78\Colored\20120920142502_L.bmp,1,1,0.99997437
C:\Users\sahar\OneDrive\Desktop\EXPLAINABLE_IRIS_PAD\Data\Raw\IIITD_Contact_Lens_Iris_DB\Cogent Scanner\78\Colored\20120920142502_R.bmp,1,1,0.999997
C:\Users\sahar\OneDrive\Desktop\EXPLAINABLE_IRIS_PAD\Data\Raw\IIITD_Contact_Lens_Iris_DB\Cogent Scanner\78\Colored\20120920142505_L.bmp,1,1,0.9999306
C:\Users\sahar\OneDrive\Desktop\EXPLAINABLE_IRIS_PAD\Data\Raw\IIITD_Contact_Lens_Iris_DB\Cogent Scanner\78\Colored\20120920142505_R.bmp,1,1,0.999998
C:\Users\sahar\OneDrive\Desktop\EXPLAINABLE_IRIS_PAD\Data\Raw\IIITD_Contact_Lens_Iris_DB\Cogent Scanner\78\Colored\20120920142512_L.bmp,1,1,0.9998908
C:\Users\sahar\OneDrive\Desktop\EXPLAINABLE_IRIS_PAD\Data\Raw\IIITD_Contact_Lens_Iris_DB\Cogent Scanner\78\Colored\20120920142512_R.bmp,1,1,0.99999857
C:\Users\sahar\OneDrive\Desktop\EXPLAINABLE_IRIS_PAD\Data\Raw\IIITD_Contact_Lens_Iris_DB\Cogent Scanner\78\Colored\20120920142519_L.bmp,1,1,0.998531
C:\Users\sahar\OneDrive\Desktop\EXPLAINABLE_IRIS_PAD\Data\Raw\IIITD_Contact_Lens_Iris_DB\Cogent Scanner\78\Colored\20120920142519_R.bmp,1,1,0.99999666
C:\Users\sahar\OneDrive\Desktop\EXPLAINABLE_IRIS_PAD\Data\Raw\IIITD_Contact_Lens_Iris_DB\Cogent Scanner\78\Normal\20120920135228_L.bmp,0,0,0.0002855841
C:\Users\sahar\OneDrive\Desktop\EXPLAINABLE_IRIS_PAD\Data\Raw\IIITD_Contact_Lens_Iris_DB\Cogent Scanner\78\Normal\20120920135228_R.bmp,0,0,0.268127
C:\Users\sahar\OneDrive\Desktop\EXPLAINABLE_IRIS_PAD\Data\Raw\IIITD_Contact_Lens_Iris_DB\Cogent Scanner\78\Normal\20120920135231_L.bmp,0,0,0.017205922
C:\Users\sahar\OneDrive\Desktop\EXPLAINABLE_IRIS_PAD\Data\Raw\IIITD_Contact_Lens_Iris_DB\Cogent Scanner\78\Normal\20120920135231_R.bmp,0,1,0.99084246
C:\Users\sahar\OneDrive\Desktop\EXPLAINABLE_IRIS_PAD\Data\Raw\IIITD_Contact_Lens_Iris_DB\Cogent Scanner\78\Normal\20120920135234_L.bmp,0,0,0.0009127376
C:\Users\sahar\OneDrive\Desktop\EXPLAINABLE_IRIS_PAD\Data\Raw\IIITD_Contact_Lens_Iris_DB\Cogent Scanner\78\Normal\20120920135234_R.bmp,0,0,0.003360821
C:\Users\sahar\OneDrive\Desktop\EXPLAINABLE_IRIS_PAD\Data\Raw\IIITD_Contact_Lens_Iris_DB\Cogent Scanner\78\Normal\20120920135236_L.bmp,0,0,0.00024784647
C:\Users\sahar\OneDrive\Desktop\EXPLAINABLE_IRIS_PAD\Data\Raw\IIITD_Contact_Lens_Iris_DB\Cogent Scanner\78\Normal\20120920135236_R.bmp,0,0,0.026513135
C:\Users\sahar\OneDrive\Desktop\EXPLAINABLE_IRIS_PAD\Data\Raw\IIITD_Contact_Lens_Iris_DB\Cogent Scanner\78\Normal\20120920135239_L.bmp,0,0,1.7356222e-05
C:\Users\sahar\OneDrive\Desktop\EXPLAINABLE_IRIS_PAD\Data\Raw\IIITD_Contact_Lens_Iris_DB\Cogent Scanner\78\Normal\20120920135239_R.bmp,0,0,0.00056930934
C:\Users\sahar\OneDrive\Desktop\EXPLAINABLE_IRIS_PAD\Data\Raw\IIITD_Contact_Lens_Iris_DB\Cogent Scanner\78\Normal\20120920135241_L.bmp,0,0,2.8230199e-05
C:\Users\sahar\OneDrive\Desktop\EXPLAINABLE_IRIS_PAD\Data\Raw\IIITD_Contact_Lens_Iris_DB\Cogent Scanner\78\Normal\20120920135241_R.bmp,0,0,0.005417727
C:\Users\sahar\OneDrive\Desktop\EXPLAINABLE_IRIS_PAD\Data\Raw\IIITD_Contact_Lens_Iris_DB\Cogent Scanner\78\Normal\20120920135244_L.bmp,0,0,1.4779745e-05
C:\Users\sahar\OneDrive\Desktop\EXPLAINABLE_IRIS_PAD\Data\Raw\IIITD_Contact_Lens_Iris_DB\Cogent Scanner\78\Normal\20120920135244_R.bmp,0,0,0.15769206
C:\Users\sahar\OneDrive\Desktop\EXPLAINABLE_IRIS_PAD\Data\Raw\IIITD_Contact_Lens_Iris_DB\Cogent Scanner\89\Colored\20120913154824_L.bmp,1,1,0.9999826
C:\Users\sahar\OneDrive\Desktop\EXPLAINABLE_IRIS_PAD\Data\Raw\IIITD_Contact_Lens_Iris_DB\Cogent Scanner\89\Colored\20120913154824_R.bmp,1,1,0.9999925
C:\Users\sahar\OneDrive\Desktop\EXPLAINABLE_IRIS_PAD\Data\Raw\IIITD_Contact_Lens_Iris_DB\Cogent Scanner\89\Colored\20120913154828_L.bmp,1,1,0.9999877
C:\Users\sahar\OneDrive\Desktop\EXPLAINABLE_IRIS_PAD\Data\Raw\IIITD_Contact_Lens_Iris_DB\Cogent Scanner\89\Colored\20120913154828_R.bmp,1,1,0.9999994
C:\Users\sahar\OneDrive\Desktop\EXPLAINABLE_IRIS_PAD\Data\Raw\IIITD_Contact_Lens_Iris_DB\Cogent Scanner\89\Colored\20120913154831_L.bmp,1,1,0.99999595
C:\Users\sahar\OneDrive\Desktop\EXPLAINABLE_IRIS_PAD\Data\Raw\IIITD_Contact_Lens_Iris_DB\Cogent Scanner\89\Colored\20120913154831_R.bmp,1,1,0.9999907
C:\Users\sahar\OneDrive\Desktop\EXPLAINABLE_IRIS_PAD\Data\Raw\IIITD_Contact_Lens_Iris_DB\Cogent Scanner\89\Colored\20120913154841_L.bmp,1,1,0.99999917
C:\Users\sahar\OneDrive\Desktop\EXPLAINABLE_IRIS_PAD\Data\Raw\IIITD_Contact_Lens_Iris_DB\Cogent Scanner\89\Colored\20120913154841_R.bmp,1,1,0.999995
C:\Users\sahar\OneDrive\Desktop\EXPLAINABLE_IRIS_PAD\Data\Raw\IIITD_Contact_Lens_Iris_DB\Cogent Scanner\89\Colored\20120913154846_L.bmp,1,1,0.99999785
C:\Users\sahar\OneDrive\Desktop\EXPLAINABLE_IRIS_PAD\Data\Raw\IIITD_Contact_Lens_Iris_DB\Cogent Scanner\89\Colored\20120913154846_R.bmp,1,1,0.9999995
C:\Users\sahar\OneDrive\Desktop\EXPLAINABLE_IRIS_PAD\Data\Raw\IIITD_Contact_Lens_Iris_DB\Cogent Scanner\89\Normal\20120913141528_L.bmp,0,0,3.5810208e-05
C:\Users\sahar\OneDrive\Desktop\EXPLAINABLE_IRIS_PAD\Data\Raw\IIITD_Contact_Lens_Iris_DB\Cogent Scanner\89\Normal\20120913141529_R.bmp,0,0,1.2022675e-06
C:\Users\sahar\OneDrive\Desktop\EXPLAINABLE_IRIS_PAD\Data\Raw\IIITD_Contact_Lens_Iris_DB\Cogent Scanner\89\Normal\20120913141532_L.bmp,0,0,0.00085694605
C:\Users\sahar\OneDrive\Desktop\EXPLAINABLE_IRIS_PAD\Data\Raw\IIITD_Contact_Lens_Iris_DB\Cogent Scanner\89\Normal\20120913141532_R.bmp,0,0,5.3914442e-05
C:\Users\sahar\OneDrive\Desktop\EXPLAINABLE_IRIS_PAD\Data\Raw\IIITD_Contact_Lens_Iris_DB\Cogent Scanner\89\Normal\20120913141537_L.bmp,0,0,0.004582057
C:\Users\sahar\OneDrive\Desktop\EXPLAINABLE_IRIS_PAD\Data\Raw\IIITD_Contact_Lens_Iris_DB\Cogent Scanner\89\Normal\20120913141537_R.bmp,0,0,2.583407e-06
C:\Users\sahar\OneDrive\Desktop\EXPLAINABLE_IRIS_PAD\Data\Raw\IIITD_Contact_Lens_Iris_DB\Cogent Scanner\89\Normal\20120913141542_L.bmp,0,0,1.1492397e-06
C:\Users\sahar\OneDrive\Desktop\EXPLAINABLE_IRIS_PAD\Data\Raw\IIITD_Contact_Lens_Iris_DB\Cogent Scanner\89\Normal\20120913141542_R.bmp,0,0,0.00015305617
C:\Users\sahar\OneDrive\Desktop\EXPLAINABLE_IRIS_PAD\Data\Raw\IIITD_Contact_Lens_Iris_DB\Cogent Scanner\89\Normal\20120913141547_L.bmp,0,0,7.470155e-05
C:\Users\sahar\OneDrive\Desktop\EXPLAINABLE_IRIS_PAD\Data\Raw\IIITD_Contact_Lens_Iris_DB\Cogent Scanner\89\Normal\20120913141547_R.bmp,0,0,8.336417e-07
C:\Users\sahar\OneDrive\Desktop\EXPLAINABLE_IRIS_PAD\Data\Raw\IIITD_Contact_Lens_Iris_DB\Cogent Scanner\95\Colored\20120914142036_L.bmp,1,1,0.99997854
C:\Users\sahar\OneDrive\Desktop\EXPLAINABLE_IRIS_PAD\Data\Raw\IIITD_Contact_Lens_Iris_DB\Cogent Scanner\95\Colored\20120914142036_R.bmp,1,1,0.9998036
C:\Users\sahar\OneDrive\Desktop\EXPLAINABLE_IRIS_PAD\Data\Raw\IIITD_Contact_Lens_Iris_DB\Cogent Scanner\95\Colored\20120914142039_L.bmp,1,1,0.9999844
C:\Users\sahar\OneDrive\Desktop\EXPLAINABLE_IRIS_PAD\Data\Raw\IIITD_Contact_Lens_Iris_DB\Cogent Scanner\95\Colored\20120914142039_R.bmp,1,1,0.9999827
C:\Users\sahar\OneDrive\Desktop\EXPLAINABLE_IRIS_PAD\Data\Raw\IIITD_Contact_Lens_Iris_DB\Cogent Scanner\95\Colored\20120914142042_L.bmp,1,1,0.99999726
C:\Users\sahar\OneDrive\Desktop\EXPLAINABLE_IRIS_PAD\Data\Raw\IIITD_Contact_Lens_Iris_DB\Cogent Scanner\95\Colored\20120914142042_R.bmp,1,1,0.9999783
C:\Users\sahar\OneDrive\Desktop\EXPLAINABLE_IRIS_PAD\Data\Raw\IIITD_Contact_Lens_Iris_DB\Cogent Scanner\95\Colored\20120914142047_L.bmp,1,1,0.9999975
C:\Users\sahar\OneDrive\Desktop\EXPLAINABLE_IRIS_PAD\Data\Raw\IIITD_Contact_Lens_Iris_DB\Cogent Scanner\95\Colored\20120914142047_R.bmp,1,1,0.9999949
C:\Users\sahar\OneDrive\Desktop\EXPLAINABLE_IRIS_PAD\Data\Raw\IIITD_Contact_Lens_Iris_DB\Cogent Scanner\95\Colored\20120914142050_L.bmp,1,1,0.9999939
C:\Users\sahar\OneDrive\Desktop\EXPLAINABLE_IRIS_PAD\Data\Raw\IIITD_Contact_Lens_Iris_DB\Cogent Scanner\95\Colored\20120914142050_R.bmp,1,1,0.9999609
C:\Users\sahar\OneDrive\Desktop\EXPLAINABLE_IRIS_PAD\Data\Raw\IIITD_Contact_Lens_Iris_DB\Cogent Scanner\95\Normal\20120913123619_L.bmp,0,0,5.3789076e-08
C:\Users\sahar\OneDrive\Desktop\EXPLAINABLE_IRIS_PAD\Data\Raw\IIITD_Contact_Lens_Iris_DB\Cogent Scanner\95\Normal\20120913123619_R.bmp,0,0,8.521443e-06
C:\Users\sahar\OneDrive\Desktop\EXPLAINABLE_IRIS_PAD\Data\Raw\IIITD_Contact_Lens_Iris_DB\Cogent Scanner\95\Normal\20120913123624_L.bmp,0,0,1.1013801e-06
C:\Users\sahar\OneDrive\Desktop\EXPLAINABLE_IRIS_PAD\Data\Raw\IIITD_Contact_Lens_Iris_DB\Cogent Scanner\95\Normal\20120913123624_R.bmp,0,0,2.849129e-07
C:\Users\sahar\OneDrive\Desktop\EXPLAINABLE_IRIS_PAD\Data\Raw\IIITD_Contact_Lens_Iris_DB\Cogent Scanner\95\Normal\20120913123627_L.bmp,0,0,4.7961233e-08
C:\Users\sahar\OneDrive\Desktop\EXPLAINABLE_IRIS_PAD\Data\Raw\IIITD_Contact_Lens_Iris_DB\Cogent Scanner\95\Normal\20120913123627_R.bmp,0,0,5.582595e-07
C:\Users\sahar\OneDrive\Desktop\EXPLAINABLE_IRIS_PAD\Data\Raw\IIITD_Contact_Lens_Iris_DB\Cogent Scanner\95\Normal\20120913123629_L.bmp,0,0,1.5505759e-07
C:\Users\sahar\OneDrive\Desktop\EXPLAINABLE_IRIS_PAD\Data\Raw\IIITD_Contact_Lens_Iris_DB\Cogent Scanner\95\Normal\20120913123629_R.bmp,0,0,7.6399395e-08
C:\Users\sahar\OneDrive\Desktop\EXPLAINABLE_IRIS_PAD\Data\Raw\IIITD_Contact_Lens_Iris_DB\Cogent Scanner\95\Normal\20120913123632_L.bmp,0,0,2.2049928e-06
C:\Users\sahar\OneDrive\Desktop\EXPLAINABLE_IRIS_PAD\Data\Raw\IIITD_Contact_Lens_Iris_DB\Cogent Scanner\95\Normal\20120913123632_R.bmp,0,0,7.751937e-08
C:\Users\sahar\OneDrive\Desktop\EXPLAINABLE_IRIS_PAD\Data\Raw\IIITD_Contact_Lens_Iris_DB\Cogent Scanner\95\Normal\20120913123634_L.bmp,0,0,5.1641405e-07
C:\Users\sahar\OneDrive\Desktop\EXPLAINABLE_IRIS_PAD\Data\Raw\IIITD_Contact_Lens_Iris_DB\Cogent Scanner\95\Normal\20120913123634_R.bmp,0,0,1.6138925e-08
C:\Users\sahar\OneDrive\Desktop\EXPLAINABLE_IRIS_PAD\Data\Raw\IIITD_Contact_Lens_Iris_DB\Cogent Scanner\95\Normal\20120913123637_L.bmp,0,0,2.4455455e-06
C:\Users\sahar\OneDrive\Desktop\EXPLAINABLE_IRIS_PAD\Data\Raw\IIITD_Contact_Lens_Iris_DB\Cogent Scanner\95\Normal\20120913123637_R.bmp,0,0,8.904693e-08
C:\Users\sahar\OneDrive\Desktop\EXPLAINABLE_IRIS_PAD\Data\Raw\IIITD_Contact_Lens_Iris_DB\Vista Scanner\1\Colored\Left\1.bmp,1,1,0.9999926
C:\Users\sahar\OneDrive\Desktop\EXPLAINABLE_IRIS_PAD\Data\Raw\IIITD_Contact_Lens_Iris_DB\Vista Scanner\1\Colored\Left\2.bmp,1,1,0.9999927
C:\Users\sahar\OneDrive\Desktop\EXPLAINABLE_IRIS_PAD\Data\Raw\IIITD_Contact_Lens_Iris_DB\Vista Scanner\1\Colored\Left\3.bmp,1,1,0.9999963
C:\Users\sahar\OneDrive\Desktop\EXPLAINABLE_IRIS_PAD\Data\Raw\IIITD_Contact_Lens_Iris_DB\Vista Scanner\1\Colored\Left\4.bmp,1,1,0.999997
C:\Users\sahar\OneDrive\Desktop\EXPLAINABLE_IRIS_PAD\Data\Raw\IIITD_Contact_Lens_Iris_DB\Vista Scanner\1\Colored\Left\5.bmp,1,1,0.99998856
C:\Users\sahar\OneDrive\Desktop\EXPLAINABLE_IRIS_PAD\Data\Raw\IIITD_Contact_Lens_Iris_DB\Vista Scanner\1\Colored\Right\1.bmp,1,1,0.999992
C:\Users\sahar\OneDrive\Desktop\EXPLAINABLE_IRIS_PAD\Data\Raw\IIITD_Contact_Lens_Iris_DB\Vista Scanner\1\Colored\Right\2.bmp,1,1,0.9999782
C:\Users\sahar\OneDrive\Desktop\EXPLAINABLE_IRIS_PAD\Data\Raw\IIITD_Contact_Lens_Iris_DB\Vista Scanner\1\Colored\Right\3.bmp,1,1,0.9999846
C:\Users\sahar\OneDrive\Desktop\EXPLAINABLE_IRIS_PAD\Data\Raw\IIITD_Contact_Lens_Iris_DB\Vista Scanner\1\Colored\Right\4.bmp,1,1,0.99999344
C:\Users\sahar\OneDrive\Desktop\EXPLAINABLE_IRIS_PAD\Data\Raw\IIITD_Contact_Lens_Iris_DB\Vista Scanner\1\Colored\Right\5.bmp,1,1,0.9999168
C:\Users\sahar\OneDrive\Desktop\EXPLAINABLE_IRIS_PAD\Data\Raw\IIITD_Contact_Lens_Iris_DB\Vista Scanner\1\Normal\Left\1.bmp,0,0,6.536988e-05
C:\Users\sahar\OneDrive\Desktop\EXPLAINABLE_IRIS_PAD\Data\Raw\IIITD_Contact_Lens_Iris_DB\Vista Scanner\1\Normal\Left\2.bmp,0,0,7.5088865e-05
C:\Users\sahar\OneDrive\Desktop\EXPLAINABLE_IRIS_PAD\Data\Raw\IIITD_Contact_Lens_Iris_DB\Vista Scanner\1\Normal\Left\3.bmp,0,0,3.5961402e-05
C:\Users\sahar\OneDrive\Desktop\EXPLAINABLE_IRIS_PAD\Data\Raw\IIITD_Contact_Lens_Iris_DB\Vista Scanner\1\Normal\Left\4.bmp,0,0,0.00037911884
C:\Users\sahar\OneDrive\Desktop\EXPLAINABLE_IRIS_PAD\Data\Raw\IIITD_Contact_Lens_Iris_DB\Vista Scanner\1\Normal\Left\5.bmp,0,0,7.770354e-05
C:\Users\sahar\OneDrive\Desktop\EXPLAINABLE_IRIS_PAD\Data\Raw\IIITD_Contact_Lens_Iris_DB\Vista Scanner\1\Normal\Right\1.bmp,0,0,6.3028842e-06
C:\Users\sahar\OneDrive\Desktop\EXPLAINABLE_IRIS_PAD\Data\Raw\IIITD_Contact_Lens_Iris_DB\Vista Scanner\1\Normal\Right\2.bmp,0,0,6.4499875e-07
C:\Users\sahar\OneDrive\Desktop\EXPLAINABLE_IRIS_PAD\Data\Raw\IIITD_Contact_Lens_Iris_DB\Vista Scanner\1\Normal\Right\3.bmp,0,0,2.4973783e-06
C:\Users\sahar\OneDrive\Desktop\EXPLAINABLE_IRIS_PAD\Data\Raw\IIITD_Contact_Lens_Iris_DB\Vista Scanner\1\Normal\Right\4.bmp,0,0,8.817894e-06
C:\Users\sahar\OneDrive\Desktop\EXPLAINABLE_IRIS_PAD\Data\Raw\IIITD_Contact_Lens_Iris_DB\Vista Scanner\1\Normal\Right\5.bmp,0,0,2.2543984e-05
C:\Users\sahar\OneDrive\Desktop\EXPLAINABLE_IRIS_PAD\Data\Raw\IIITD_Contact_Lens_Iris_DB\Vista Scanner\18\Colored\Left\1.bmp,1,1,0.99999774
C:\Users\sahar\OneDrive\Desktop\EXPLAINABLE_IRIS_PAD\Data\Raw\IIITD_Contact_Lens_Iris_DB\Vista Scanner\18\Colored\Left\2.bmp,1,1,0.99999726
C:\Users\sahar\OneDrive\Desktop\EXPLAINABLE_IRIS_PAD\Data\Raw\IIITD_Contact_Lens_Iris_DB\Vista Scanner\18\Colored\Left\3.bmp,1,1,0.9999993
C:\Users\sahar\OneDrive\Desktop\EXPLAINABLE_IRIS_PAD\Data\Raw\IIITD_Contact_Lens_Iris_DB\Vista Scanner\18\Colored\Left\4.bmp,1,1,0.9999981
C:\Users\sahar\OneDrive\Desktop\EXPLAINABLE_IRIS_PAD\Data\Raw\IIITD_Contact_Lens_Iris_DB\Vista Scanner\18\Colored\Left\5.bmp,1,1,0.9999994
C:\Users\sahar\OneDrive\Desktop\EXPLAINABLE_IRIS_PAD\Data\Raw\IIITD_Contact_Lens_Iris_DB\Vista Scanner\18\Colored\Right\1.bmp,1,1,0.99999607
C:\Users\sahar\OneDrive\Desktop\EXPLAINABLE_IRIS_PAD\Data\Raw\IIITD_Contact_Lens_Iris_DB\Vista Scanner\18\Colored\Right\2.bmp,1,1,0.99999964
C:\Users\sahar\OneDrive\Desktop\EXPLAINABLE_IRIS_PAD\Data\Raw\IIITD_Contact_Lens_Iris_DB\Vista Scanner\18\Colored\Right\3.bmp,1,1,0.99999917
C:\Users\sahar\OneDrive\Desktop\EXPLAINABLE_IRIS_PAD\Data\Raw\IIITD_Contact_Lens_Iris_DB\Vista Scanner\18\Colored\Right\4.bmp,1,1,0.99999905
C:\Users\sahar\OneDrive\Desktop\EXPLAINABLE_IRIS_PAD\Data\Raw\IIITD_Contact_Lens_Iris_DB\Vista Scanner\18\Colored\Right\5.bmp,1,1,0.9999969
C:\Users\sahar\OneDrive\Desktop\EXPLAINABLE_IRIS_PAD\Data\Raw\IIITD_Contact_Lens_Iris_DB\Vista Scanner\18\Normal\Left\1.bmp,0,0,0.00049032544
C:\Users\sahar\OneDrive\Desktop\EXPLAINABLE_IRIS_PAD\Data\Raw\IIITD_Contact_Lens_Iris_DB\Vista Scanner\18\Normal\Left\2.bmp,0,0,4.0485656e-06
C:\Users\sahar\OneDrive\Desktop\EXPLAINABLE_IRIS_PAD\Data\Raw\IIITD_Contact_Lens_Iris_DB\Vista Scanner\18\Normal\Left\3.bmp,0,0,0.000121437624
C:\Users\sahar\OneDrive\Desktop\EXPLAINABLE_IRIS_PAD\Data\Raw\IIITD_Contact_Lens_Iris_DB\Vista Scanner\18\Normal\Left\4.bmp,0,0,0.00018714124
C:\Users\sahar\OneDrive\Desktop\EXPLAINABLE_IRIS_PAD\Data\Raw\IIITD_Contact_Lens_Iris_DB\Vista Scanner\18\Normal\Left\5.bmp,0,0,0.0003259746
C:\Users\sahar\OneDrive\Desktop\EXPLAINABLE_IRIS_PAD\Data\Raw\IIITD_Contact_Lens_Iris_DB\Vista Scanner\18\Normal\Right\1.bmp,0,0,2.350957e-06
C:\Users\sahar\OneDrive\Desktop\EXPLAINABLE_IRIS_PAD\Data\Raw\IIITD_Contact_Lens_Iris_DB\Vista Scanner\18\Normal\Right\2.bmp,0,0,5.6846948e-05
C:\Users\sahar\OneDrive\Desktop\EXPLAINABLE_IRIS_PAD\Data\Raw\IIITD_Contact_Lens_Iris_DB\Vista Scanner\18\Normal\Right\3.bmp,0,0,6.397673e-05
C:\Users\sahar\OneDrive\Desktop\EXPLAINABLE_IRIS_PAD\Data\Raw\IIITD_Contact_Lens_Iris_DB\Vista Scanner\18\Normal\Right\4.bmp,0,0,0.0006242388
C:\Users\sahar\OneDrive\Desktop\EXPLAINABLE_IRIS_PAD\Data\Raw\IIITD_Contact_Lens_Iris_DB\Vista Scanner\18\Normal\Right\5.bmp,0,0,0.0030210686
C:\Users\sahar\OneDrive\Desktop\EXPLAINABLE_IRIS_PAD\Data\Raw\IIITD_Contact_Lens_Iris_DB\Vista Scanner\19\Colored\Left\1.bmp,1,1,0.99999785
C:\Users\sahar\OneDrive\Desktop\EXPLAINABLE_IRIS_PAD\Data\Raw\IIITD_Contact_Lens_Iris_DB\Vista Scanner\19\Colored\Left\2.bmp,1,1,0.9999964
C:\Users\sahar\OneDrive\Desktop\EXPLAINABLE_IRIS_PAD\Data\Raw\IIITD_Contact_Lens_Iris_DB\Vista Scanner\19\Colored\Left\3.bmp,1,1,0.99999654
C:\Users\sahar\OneDrive\Desktop\EXPLAINABLE_IRIS_PAD\Data\Raw\IIITD_Contact_Lens_Iris_DB\Vista Scanner\19\Colored\Left\4.bmp,1,1,0.9999924
C:\Users\sahar\OneDrive\Desktop\EXPLAINABLE_IRIS_PAD\Data\Raw\IIITD_Contact_Lens_Iris_DB\Vista Scanner\19\Colored\Left\5.bmp,1,1,0.99999774
C:\Users\sahar\OneDrive\Desktop\EXPLAINABLE_IRIS_PAD\Data\Raw\IIITD_Contact_Lens_Iris_DB\Vista Scanner\19\Colored\Right\1.bmp,1,1,0.9999933
C:\Users\sahar\OneDrive\Desktop\EXPLAINABLE_IRIS_PAD\Data\Raw\IIITD_Contact_Lens_Iris_DB\Vista Scanner\19\Colored\Right\2.bmp,1,1,0.9999925
C:\Users\sahar\OneDrive\Desktop\EXPLAINABLE_IRIS_PAD\Data\Raw\IIITD_Contact_Lens_Iris_DB\Vista Scanner\19\Colored\Right\3.bmp,1,1,0.9999896
C:\Users\sahar\OneDrive\Desktop\EXPLAINABLE_IRIS_PAD\Data\Raw\IIITD_Contact_Lens_Iris_DB\Vista Scanner\19\Colored\Right\4.bmp,1,1,0.9999974
C:\Users\sahar\OneDrive\Desktop\EXPLAINABLE_IRIS_PAD\Data\Raw\IIITD_Contact_Lens_Iris_DB\Vista Scanner\19\Colored\Right\5.bmp,1,1,0.99999285
C:\Users\sahar\OneDrive\Desktop\EXPLAINABLE_IRIS_PAD\Data\Raw\IIITD_Contact_Lens_Iris_DB\Vista Scanner\19\Normal\Left\1.bmp,0,0,8.988988e-05
C:\Users\sahar\OneDrive\Desktop\EXPLAINABLE_IRIS_PAD\Data\Raw\IIITD_Contact_Lens_Iris_DB\Vista Scanner\19\Normal\Left\2.bmp,0,0,0.00024973394
C:\Users\sahar\OneDrive\Desktop\EXPLAINABLE_IRIS_PAD\Data\Raw\IIITD_Contact_Lens_Iris_DB\Vista Scanner\19\Normal\Left\3.bmp,0,0,0.00030614474
C:\Users\sahar\OneDrive\Desktop\EXPLAINABLE_IRIS_PAD\Data\Raw\IIITD_Contact_Lens_Iris_DB\Vista Scanner\19\Normal\Left\4.bmp,0,0,0.00028287803
C:\Users\sahar\OneDrive\Desktop\EXPLAINABLE_IRIS_PAD\Data\Raw\IIITD_Contact_Lens_Iris_DB\Vista Scanner\19\Normal\Left\5.bmp,0,0,0.00046540203
C:\Users\sahar\OneDrive\Desktop\EXPLAINABLE_IRIS_PAD\Data\Raw\IIITD_Contact_Lens_Iris_DB\Vista Scanner\19\Normal\Right\1.bmp,0,0,0.00035930358
C:\Users\sahar\OneDrive\Desktop\EXPLAINABLE_IRIS_PAD\Data\Raw\IIITD_Contact_Lens_Iris_DB\Vista Scanner\19\Normal\Right\2.bmp,0,0,1.8295028e-05
C:\Users\sahar\OneDrive\Desktop\EXPLAINABLE_IRIS_PAD\Data\Raw\IIITD_Contact_Lens_Iris_DB\Vista Scanner\19\Normal\Right\3.bmp,0,0,7.3286265e-06
C:\Users\sahar\OneDrive\Desktop\EXPLAINABLE_IRIS_PAD\Data\Raw\IIITD_Contact_Lens_Iris_DB\Vista Scanner\19\Normal\Right\4.bmp,0,0,3.027676e-06
C:\Users\sahar\OneDrive\Desktop\EXPLAINABLE_IRIS_PAD\Data\Raw\IIITD_Contact_Lens_Iris_DB\Vista Scanner\19\Normal\Right\5.bmp,0,0,1.5127821e-05
C:\Users\sahar\OneDrive\Desktop\EXPLAINABLE_IRIS_PAD\Data\Raw\IIITD_Contact_Lens_Iris_DB\Vista Scanner\28\Colored\Left\1.bmp,1,1,0.9999976
C:\Users\sahar\OneDrive\Desktop\EXPLAINABLE_IRIS_PAD\Data\Raw\IIITD_Contact_Lens_Iris_DB\Vista Scanner\28\Colored\Left\2.bmp,1,1,0.9999975
C:\Users\sahar\OneDrive\Desktop\EXPLAINABLE_IRIS_PAD\Data\Raw\IIITD_Contact_Lens_Iris_DB\Vista Scanner\28\Colored\Left\3.bmp,1,1,0.9999988
C:\Users\sahar\OneDrive\Desktop\EXPLAINABLE_IRIS_PAD\Data\Raw\IIITD_Contact_Lens_Iris_DB\Vista Scanner\28\Colored\Left\4.bmp,1,1,0.9999964
C:\Users\sahar\OneDrive\Desktop\EXPLAINABLE_IRIS_PAD\Data\Raw\IIITD_Contact_Lens_Iris_DB\Vista Scanner\28\Colored\Left\5.bmp,1,1,0.99999833
C:\Users\sahar\OneDrive\Desktop\EXPLAINABLE_IRIS_PAD\Data\Raw\IIITD_Contact_Lens_Iris_DB\Vista Scanner\28\Colored\Right\1.bmp,1,1,0.9999944
C:\Users\sahar\OneDrive\Desktop\EXPLAINABLE_IRIS_PAD\Data\Raw\IIITD_Contact_Lens_Iris_DB\Vista Scanner\28\Colored\Right\2.bmp,1,1,0.9999989
C:\Users\sahar\OneDrive\Desktop\EXPLAINABLE_IRIS_PAD\Data\Raw\IIITD_Contact_Lens_Iris_DB\Vista Scanner\28\Colored\Right\3.bmp,1,1,0.9999982
C:\Users\sahar\OneDrive\Desktop\EXPLAINABLE_IRIS_PAD\Data\Raw\IIITD_Contact_Lens_Iris_DB\Vista Scanner\28\Colored\Right\4.bmp,1,1,0.9999981
C:\Users\sahar\OneDrive\Desktop\EXPLAINABLE_IRIS_PAD\Data\Raw\IIITD_Contact_Lens_Iris_DB\Vista Scanner\28\Colored\Right\5.bmp,1,1,0.9999962
C:\Users\sahar\OneDrive\Desktop\EXPLAINABLE_IRIS_PAD\Data\Raw\IIITD_Contact_Lens_Iris_DB\Vista Scanner\28\Normal\Left\1.bmp,0,0,4.1453573e-06
C:\Users\sahar\OneDrive\Desktop\EXPLAINABLE_IRIS_PAD\Data\Raw\IIITD_Contact_Lens_Iris_DB\Vista Scanner\28\Normal\Left\2.bmp,0,0,1.4789798e-05
C:\Users\sahar\OneDrive\Desktop\EXPLAINABLE_IRIS_PAD\Data\Raw\IIITD_Contact_Lens_Iris_DB\Vista Scanner\28\Normal\Left\3.bmp,0,0,2.2603097e-05
C:\Users\sahar\OneDrive\Desktop\EXPLAINABLE_IRIS_PAD\Data\Raw\IIITD_Contact_Lens_Iris_DB\Vista Scanner\28\Normal\Left\4.bmp,0,0,9.784696e-06
C:\Users\sahar\OneDrive\Desktop\EXPLAINABLE_IRIS_PAD\Data\Raw\IIITD_Contact_Lens_Iris_DB\Vista Scanner\28\Normal\Left\5.bmp,0,0,5.745055e-06
C:\Users\sahar\OneDrive\Desktop\EXPLAINABLE_IRIS_PAD\Data\Raw\IIITD_Contact_Lens_Iris_DB\Vista Scanner\28\Normal\Right\1.bmp,0,0,1.3564845e-05
C:\Users\sahar\OneDrive\Desktop\EXPLAINABLE_IRIS_PAD\Data\Raw\IIITD_Contact_Lens_Iris_DB\Vista Scanner\28\Normal\Right\2.bmp,0,0,6.0413287e-05
C:\Users\sahar\OneDrive\Desktop\EXPLAINABLE_IRIS_PAD\Data\Raw\IIITD_Contact_Lens_Iris_DB\Vista Scanner\28\Normal\Right\3.bmp,0,0,3.2040545e-05
C:\Users\sahar\OneDrive\Desktop\EXPLAINABLE_IRIS_PAD\Data\Raw\IIITD_Contact_Lens_Iris_DB\Vista Scanner\28\Normal\Right\4.bmp,0,0,6.831803e-06
C:\Users\sahar\OneDrive\Desktop\EXPLAINABLE_IRIS_PAD\Data\Raw\IIITD_Contact_Lens_Iris_DB\Vista Scanner\28\Normal\Right\5.bmp,0,0,3.3882578e-05
C:\Users\sahar\OneDrive\Desktop\EXPLAINABLE_IRIS_PAD\Data\Raw\IIITD_Contact_Lens_Iris_DB\Vista Scanner\31\Colored\Left\1.bmp,1,1,0.9998921
C:\Users\sahar\OneDrive\Desktop\EXPLAINABLE_IRIS_PAD\Data\Raw\IIITD_Contact_Lens_Iris_DB\Vista Scanner\31\Colored\Left\2.bmp,1,1,0.9999877
C:\Users\sahar\OneDrive\Desktop\EXPLAINABLE_IRIS_PAD\Data\Raw\IIITD_Contact_Lens_Iris_DB\Vista Scanner\31\Colored\Left\3.bmp,1,1,0.9994394
C:\Users\sahar\OneDrive\Desktop\EXPLAINABLE_IRIS_PAD\Data\Raw\IIITD_Contact_Lens_Iris_DB\Vista Scanner\31\Colored\Left\4.bmp,1,1,0.9999474
C:\Users\sahar\OneDrive\Desktop\EXPLAINABLE_IRIS_PAD\Data\Raw\IIITD_Contact_Lens_Iris_DB\Vista Scanner\31\Colored\Left\5.bmp,1,1,0.99997246
C:\Users\sahar\OneDrive\Desktop\EXPLAINABLE_IRIS_PAD\Data\Raw\IIITD_Contact_Lens_Iris_DB\Vista Scanner\31\Colored\Right\1.bmp,1,1,0.99971074
C:\Users\sahar\OneDrive\Desktop\EXPLAINABLE_IRIS_PAD\Data\Raw\IIITD_Contact_Lens_Iris_DB\Vista Scanner\31\Colored\Right\2.bmp,1,1,0.9996972
C:\Users\sahar\OneDrive\Desktop\EXPLAINABLE_IRIS_PAD\Data\Raw\IIITD_Contact_Lens_Iris_DB\Vista Scanner\31\Colored\Right\3.bmp,1,1,0.9986425
C:\Users\sahar\OneDrive\Desktop\EXPLAINABLE_IRIS_PAD\Data\Raw\IIITD_Contact_Lens_Iris_DB\Vista Scanner\31\Colored\Right\4.bmp,1,1,0.9998939
C:\Users\sahar\OneDrive\Desktop\EXPLAINABLE_IRIS_PAD\Data\Raw\IIITD_Contact_Lens_Iris_DB\Vista Scanner\31\Colored\Right\5.bmp,1,1,0.9992931
C:\Users\sahar\OneDrive\Desktop\EXPLAINABLE_IRIS_PAD\Data\Raw\IIITD_Contact_Lens_Iris_DB\Vista Scanner\31\Normal\Left\1.bmp,0,0,1.0787716e-05
C:\Users\sahar\OneDrive\Desktop\EXPLAINABLE_IRIS_PAD\Data\Raw\IIITD_Contact_Lens_Iris_DB\Vista Scanner\31\Normal\Left\2.bmp,0,0,1.3073686e-05
C:\Users\sahar\OneDrive\Desktop\EXPLAINABLE_IRIS_PAD\Data\Raw\IIITD_Contact_Lens_Iris_DB\Vista Scanner\31\Normal\Left\3.bmp,0,0,3.4541238e-06
C:\Users\sahar\OneDrive\Desktop\EXPLAINABLE_IRIS_PAD\Data\Raw\IIITD_Contact_Lens_Iris_DB\Vista Scanner\31\Normal\Left\4.bmp,0,0,7.441735e-06
C:\Users\sahar\OneDrive\Desktop\EXPLAINABLE_IRIS_PAD\Data\Raw\IIITD_Contact_Lens_Iris_DB\Vista Scanner\31\Normal\Left\5.bmp,0,0,2.9100089e-05
C:\Users\sahar\OneDrive\Desktop\EXPLAINABLE_IRIS_PAD\Data\Raw\IIITD_Contact_Lens_Iris_DB\Vista Scanner\31\Normal\Right\1.bmp,0,0,4.465248e-06
C:\Users\sahar\OneDrive\Desktop\EXPLAINABLE_IRIS_PAD\Data\Raw\IIITD_Contact_Lens_Iris_DB\Vista Scanner\31\Normal\Right\2.bmp,0,0,6.913594e-05
C:\Users\sahar\OneDrive\Desktop\EXPLAINABLE_IRIS_PAD\Data\Raw\IIITD_Contact_Lens_Iris_DB\Vista Scanner\31\Normal\Right\3.bmp,0,0,7.348755e-05
C:\Users\sahar\OneDrive\Desktop\EXPLAINABLE_IRIS_PAD\Data\Raw\IIITD_Contact_Lens_Iris_DB\Vista Scanner\31\Normal\Right\4.bmp,0,0,1.3830155e-05
C:\Users\sahar\OneDrive\Desktop\EXPLAINABLE_IRIS_PAD\Data\Raw\IIITD_Contact_Lens_Iris_DB\Vista Scanner\31\Normal\Right\5.bmp,0,0,1.4449829e-05
C:\Users\sahar\OneDrive\Desktop\EXPLAINABLE_IRIS_PAD\Data\Raw\IIITD_Contact_Lens_Iris_DB\Vista Scanner\36\Colored\Left\1.bmp,1,1,0.99999917
C:\Users\sahar\OneDrive\Desktop\EXPLAINABLE_IRIS_PAD\Data\Raw\IIITD_Contact_Lens_Iris_DB\Vista Scanner\36\Colored\Left\2.bmp,1,1,0.9999994
C:\Users\sahar\OneDrive\Desktop\EXPLAINABLE_IRIS_PAD\Data\Raw\IIITD_Contact_Lens_Iris_DB\Vista Scanner\36\Colored\Left\3.bmp,1,1,0.9999993
C:\Users\sahar\OneDrive\Desktop\EXPLAINABLE_IRIS_PAD\Data\Raw\IIITD_Contact_Lens_Iris_DB\Vista Scanner\36\Colored\Left\4.bmp,1,1,0.99999905
C:\Users\sahar\OneDrive\Desktop\EXPLAINABLE_IRIS_PAD\Data\Raw\IIITD_Contact_Lens_Iris_DB\Vista Scanner\36\Colored\Left\5.bmp,1,1,0.99999845
C:\Users\sahar\OneDrive\Desktop\EXPLAINABLE_IRIS_PAD\Data\Raw\IIITD_Contact_Lens_Iris_DB\Vista Scanner\36\Colored\Right\1.bmp,1,1,0.99999833
C:\Users\sahar\OneDrive\Desktop\EXPLAINABLE_IRIS_PAD\Data\Raw\IIITD_Contact_Lens_Iris_DB\Vista Scanner\36\Colored\Right\2.bmp,1,1,0.99999905
C:\Users\sahar\OneDrive\Desktop\EXPLAINABLE_IRIS_PAD\Data\Raw\IIITD_Contact_Lens_Iris_DB\Vista Scanner\36\Colored\Right\3.bmp,1,1,0.9999944
C:\Users\sahar\OneDrive\Desktop\EXPLAINABLE_IRIS_PAD\Data\Raw\IIITD_Contact_Lens_Iris_DB\Vista Scanner\36\Colored\Right\4.bmp,1,1,0.99999976
C:\Users\sahar\OneDrive\Desktop\EXPLAINABLE_IRIS_PAD\Data\Raw\IIITD_Contact_Lens_Iris_DB\Vista Scanner\36\Colored\Right\5.bmp,1,1,0.99999607
C:\Users\sahar\OneDrive\Desktop\EXPLAINABLE_IRIS_PAD\Data\Raw\IIITD_Contact_Lens_Iris_DB\Vista Scanner\36\Normal\Left\1.bmp,0,0,2.430038e-05
C:\Users\sahar\OneDrive\Desktop\EXPLAINABLE_IRIS_PAD\Data\Raw\IIITD_Contact_Lens_Iris_DB\Vista Scanner\36\Normal\Left\2.bmp,0,0,0.00014481225
C:\Users\sahar\OneDrive\Desktop\EXPLAINABLE_IRIS_PAD\Data\Raw\IIITD_Contact_Lens_Iris_DB\Vista Scanner\36\Normal\Left\3.bmp,0,0,5.1670276e-07
C:\Users\sahar\OneDrive\Desktop\EXPLAINABLE_IRIS_PAD\Data\Raw\IIITD_Contact_Lens_Iris_DB\Vista Scanner\36\Normal\Left\4.bmp,0,0,2.8205495e-05
C:\Users\sahar\OneDrive\Desktop\EXPLAINABLE_IRIS_PAD\Data\Raw\IIITD_Contact_Lens_Iris_DB\Vista Scanner\36\Normal\Left\5.bmp,0,0,0.0009864282
C:\Users\sahar\OneDrive\Desktop\EXPLAINABLE_IRIS_PAD\Data\Raw\IIITD_Contact_Lens_Iris_DB\Vista Scanner\36\Normal\Right\1.bmp,0,0,3.9778893e-06
C:\Users\sahar\OneDrive\Desktop\EXPLAINABLE_IRIS_PAD\Data\Raw\IIITD_Contact_Lens_Iris_DB\Vista Scanner\36\Normal\Right\2.bmp,0,0,7.4920217e-06
C:\Users\sahar\OneDrive\Desktop\EXPLAINABLE_IRIS_PAD\Data\Raw\IIITD_Contact_Lens_Iris_DB\Vista Scanner\36\Normal\Right\3.bmp,0,0,3.341511e-06
C:\Users\sahar\OneDrive\Desktop\EXPLAINABLE_IRIS_PAD\Data\Raw\IIITD_Contact_Lens_Iris_DB\Vista Scanner\36\Normal\Right\4.bmp,0,0,6.4111946e-06
C:\Users\sahar\OneDrive\Desktop\EXPLAINABLE_IRIS_PAD\Data\Raw\IIITD_Contact_Lens_Iris_DB\Vista Scanner\36\Normal\Right\5.bmp,0,0,3.513006e-05
C:\Users\sahar\OneDrive\Desktop\EXPLAINABLE_IRIS_PAD\Data\Raw\IIITD_Contact_Lens_Iris_DB\Vista Scanner\38\Colored\Left\1.bmp,1,1,0.9994466
C:\Users\sahar\OneDrive\Desktop\EXPLAINABLE_IRIS_PAD\Data\Raw\IIITD_Contact_Lens_Iris_DB\Vista Scanner\38\Colored\Left\2.bmp,1,1,0.9939319
C:\Users\sahar\OneDrive\Desktop\EXPLAINABLE_IRIS_PAD\Data\Raw\IIITD_Contact_Lens_Iris_DB\Vista Scanner\38\Colored\Left\3.bmp,1,1,0.9995022
C:\Users\sahar\OneDrive\Desktop\EXPLAINABLE_IRIS_PAD\Data\Raw\IIITD_Contact_Lens_Iris_DB\Vista Scanner\38\Colored\Left\4.bmp,1,1,0.99879277
C:\Users\sahar\OneDrive\Desktop\EXPLAINABLE_IRIS_PAD\Data\Raw\IIITD_Contact_Lens_Iris_DB\Vista Scanner\38\Colored\Left\5.bmp,1,1,0.9993001
C:\Users\sahar\OneDrive\Desktop\EXPLAINABLE_IRIS_PAD\Data\Raw\IIITD_Contact_Lens_Iris_DB\Vista Scanner\38\Colored\Right\1.bmp,1,1,0.99999213
C:\Users\sahar\OneDrive\Desktop\EXPLAINABLE_IRIS_PAD\Data\Raw\IIITD_Contact_Lens_Iris_DB\Vista Scanner\38\Colored\Right\2.bmp,1,1,0.9999889
C:\Users\sahar\OneDrive\Desktop\EXPLAINABLE_IRIS_PAD\Data\Raw\IIITD_Contact_Lens_Iris_DB\Vista Scanner\38\Colored\Right\3.bmp,1,1,0.9998074
C:\Users\sahar\OneDrive\Desktop\EXPLAINABLE_IRIS_PAD\Data\Raw\IIITD_Contact_Lens_Iris_DB\Vista Scanner\38\Colored\Right\4.bmp,1,1,0.99999356
C:\Users\sahar\OneDrive\Desktop\EXPLAINABLE_IRIS_PAD\Data\Raw\IIITD_Contact_Lens_Iris_DB\Vista Scanner\38\Colored\Right\5.bmp,1,1,0.9999583
C:\Users\sahar\OneDrive\Desktop\EXPLAINABLE_IRIS_PAD\Data\Raw\IIITD_Contact_Lens_Iris_DB\Vista Scanner\38\Normal\Left\1.bmp,0,0,1.5489146e-05
C:\Users\sahar\OneDrive\Desktop\EXPLAINABLE_IRIS_PAD\Data\Raw\IIITD_Contact_Lens_Iris_DB\Vista Scanner\38\Normal\Left\2.bmp,0,0,5.242011e-06
C:\Users\sahar\OneDrive\Desktop\EXPLAINABLE_IRIS_PAD\Data\Raw\IIITD_Contact_Lens_Iris_DB\Vista Scanner\38\Normal\Left\3.bmp,0,0,1.4012714e-05
C:\Users\sahar\OneDrive\Desktop\EXPLAINABLE_IRIS_PAD\Data\Raw\IIITD_Contact_Lens_Iris_DB\Vista Scanner\38\Normal\Left\4.bmp,0,0,0.005064213
C:\Users\sahar\OneDrive\Desktop\EXPLAINABLE_IRIS_PAD\Data\Raw\IIITD_Contact_Lens_Iris_DB\Vista Scanner\38\Normal\Left\5.bmp,0,0,0.019158976
C:\Users\sahar\OneDrive\Desktop\EXPLAINABLE_IRIS_PAD\Data\Raw\IIITD_Contact_Lens_Iris_DB\Vista Scanner\38\Normal\Right\1.bmp,0,0,0.00047018018
C:\Users\sahar\OneDrive\Desktop\EXPLAINABLE_IRIS_PAD\Data\Raw\IIITD_Contact_Lens_Iris_DB\Vista Scanner\38\Normal\Right\2.bmp,0,0,0.0016863759
C:\Users\sahar\OneDrive\Desktop\EXPLAINABLE_IRIS_PAD\Data\Raw\IIITD_Contact_Lens_Iris_DB\Vista Scanner\38\Normal\Right\3.bmp,0,0,0.00015621677
C:\Users\sahar\OneDrive\Desktop\EXPLAINABLE_IRIS_PAD\Data\Raw\IIITD_Contact_Lens_Iris_DB\Vista Scanner\38\Normal\Right\4.bmp,0,0,0.0009288237
C:\Users\sahar\OneDrive\Desktop\EXPLAINABLE_IRIS_PAD\Data\Raw\IIITD_Contact_Lens_Iris_DB\Vista Scanner\38\Normal\Right\5.bmp,0,0,0.003971457
C:\Users\sahar\OneDrive\Desktop\EXPLAINABLE_IRIS_PAD\Data\Raw\IIITD_Contact_Lens_Iris_DB\Vista Scanner\43\Colored\Left\1.bmp,1,1,0.9999925
C:\Users\sahar\OneDrive\Desktop\EXPLAINABLE_IRIS_PAD\Data\Raw\IIITD_Contact_Lens_Iris_DB\Vista Scanner\43\Colored\Left\2.bmp,1,1,0.99999964
C:\Users\sahar\OneDrive\Desktop\EXPLAINABLE_IRIS_PAD\Data\Raw\IIITD_Contact_Lens_Iris_DB\Vista Scanner\43\Colored\Left\3.bmp,1,1,0.99999857
C:\Users\sahar\OneDrive\Desktop\EXPLAINABLE_IRIS_PAD\Data\Raw\IIITD_Contact_Lens_Iris_DB\Vista Scanner\43\Colored\Left\4.bmp,1,1,0.9999987
C:\Users\sahar\OneDrive\Desktop\EXPLAINABLE_IRIS_PAD\Data\Raw\IIITD_Contact_Lens_Iris_DB\Vista Scanner\43\Colored\Left\5.bmp,1,1,0.9999987
C:\Users\sahar\OneDrive\Desktop\EXPLAINABLE_IRIS_PAD\Data\Raw\IIITD_Contact_Lens_Iris_DB\Vista Scanner\43\Colored\Right\1.bmp,1,1,0.9999989
C:\Users\sahar\OneDrive\Desktop\EXPLAINABLE_IRIS_PAD\Data\Raw\IIITD_Contact_Lens_Iris_DB\Vista Scanner\43\Colored\Right\2.bmp,1,1,0.99999774
C:\Users\sahar\OneDrive\Desktop\EXPLAINABLE_IRIS_PAD\Data\Raw\IIITD_Contact_Lens_Iris_DB\Vista Scanner\43\Colored\Right\3.bmp,1,1,0.99999833
C:\Users\sahar\OneDrive\Desktop\EXPLAINABLE_IRIS_PAD\Data\Raw\IIITD_Contact_Lens_Iris_DB\Vista Scanner\43\Colored\Right\4.bmp,1,1,0.9999958
C:\Users\sahar\OneDrive\Desktop\EXPLAINABLE_IRIS_PAD\Data\Raw\IIITD_Contact_Lens_Iris_DB\Vista Scanner\43\Colored\Right\5.bmp,1,1,0.99999726
C:\Users\sahar\OneDrive\Desktop\EXPLAINABLE_IRIS_PAD\Data\Raw\IIITD_Contact_Lens_Iris_DB\Vista Scanner\43\Normal\Left\1.bmp,0,0,0.0006472851
C:\Users\sahar\OneDrive\Desktop\EXPLAINABLE_IRIS_PAD\Data\Raw\IIITD_Contact_Lens_Iris_DB\Vista Scanner\43\Normal\Left\2.bmp,0,0,0.08388497
C:\Users\sahar\OneDrive\Desktop\EXPLAINABLE_IRIS_PAD\Data\Raw\IIITD_Contact_Lens_Iris_DB\Vista Scanner\43\Normal\Left\3.bmp,0,0,0.0011994209
C:\Users\sahar\OneDrive\Desktop\EXPLAINABLE_IRIS_PAD\Data\Raw\IIITD_Contact_Lens_Iris_DB\Vista Scanner\43\Normal\Left\4.bmp,0,0,0.00016294867
C:\Users\sahar\OneDrive\Desktop\EXPLAINABLE_IRIS_PAD\Data\Raw\IIITD_Contact_Lens_Iris_DB\Vista Scanner\43\Normal\Left\5.bmp,0,0,0.2458773
C:\Users\sahar\OneDrive\Desktop\EXPLAINABLE_IRIS_PAD\Data\Raw\IIITD_Contact_Lens_Iris_DB\Vista Scanner\43\Normal\Right\1.bmp,0,0,5.363578e-05
C:\Users\sahar\OneDrive\Desktop\EXPLAINABLE_IRIS_PAD\Data\Raw\IIITD_Contact_Lens_Iris_DB\Vista Scanner\43\Normal\Right\2.bmp,0,0,1.8023387e-05
C:\Users\sahar\OneDrive\Desktop\EXPLAINABLE_IRIS_PAD\Data\Raw\IIITD_Contact_Lens_Iris_DB\Vista Scanner\43\Normal\Right\3.bmp,0,0,0.00013796988
C:\Users\sahar\OneDrive\Desktop\EXPLAINABLE_IRIS_PAD\Data\Raw\IIITD_Contact_Lens_Iris_DB\Vista Scanner\43\Normal\Right\4.bmp,0,0,0.00045990176
C:\Users\sahar\OneDrive\Desktop\EXPLAINABLE_IRIS_PAD\Data\Raw\IIITD_Contact_Lens_Iris_DB\Vista Scanner\43\Normal\Right\5.bmp,0,0,8.813501e-05
C:\Users\sahar\OneDrive\Desktop\EXPLAINABLE_IRIS_PAD\Data\Raw\IIITD_Contact_Lens_Iris_DB\Vista Scanner\46\Colored\Left\1.bmp,1,1,0.999974
C:\Users\sahar\OneDrive\Desktop\EXPLAINABLE_IRIS_PAD\Data\Raw\IIITD_Contact_Lens_Iris_DB\Vista Scanner\46\Colored\Left\2.bmp,1,1,0.9999864
C:\Users\sahar\OneDrive\Desktop\EXPLAINABLE_IRIS_PAD\Data\Raw\IIITD_Contact_Lens_Iris_DB\Vista Scanner\46\Colored\Left\3.bmp,1,1,0.99997926
C:\Users\sahar\OneDrive\Desktop\EXPLAINABLE_IRIS_PAD\Data\Raw\IIITD_Contact_Lens_Iris_DB\Vista Scanner\46\Colored\Left\4.bmp,1,1,0.99999213
C:\Users\sahar\OneDrive\Desktop\EXPLAINABLE_IRIS_PAD\Data\Raw\IIITD_Contact_Lens_Iris_DB\Vista Scanner\46\Colored\Left\5.bmp,1,1,0.999995
C:\Users\sahar\OneDrive\Desktop\EXPLAINABLE_IRIS_PAD\Data\Raw\IIITD_Contact_Lens_Iris_DB\Vista Scanner\46\Colored\Right\1.bmp,1,1,0.9999796
C:\Users\sahar\OneDrive\Desktop\EXPLAINABLE_IRIS_PAD\Data\Raw\IIITD_Contact_Lens_Iris_DB\Vista Scanner\46\Colored\Right\2.bmp,1,1,0.99999785
C:\Users\sahar\OneDrive\Desktop\EXPLAINABLE_IRIS_PAD\Data\Raw\IIITD_Contact_Lens_Iris_DB\Vista Scanner\46\Colored\Right\3.bmp,1,1,0.9999497
C:\Users\sahar\OneDrive\Desktop\EXPLAINABLE_IRIS_PAD\Data\Raw\IIITD_Contact_Lens_Iris_DB\Vista Scanner\46\Colored\Right\4.bmp,1,1,0.99995935
C:\Users\sahar\OneDrive\Desktop\EXPLAINABLE_IRIS_PAD\Data\Raw\IIITD_Contact_Lens_Iris_DB\Vista Scanner\46\Colored\Right\5.bmp,1,1,0.9999435
C:\Users\sahar\OneDrive\Desktop\EXPLAINABLE_IRIS_PAD\Data\Raw\IIITD_Contact_Lens_Iris_DB\Vista Scanner\46\Normal\Left\1.bmp,0,1,0.79338074
C:\Users\sahar\OneDrive\Desktop\EXPLAINABLE_IRIS_PAD\Data\Raw\IIITD_Contact_Lens_Iris_DB\Vista Scanner\46\Normal\Left\2.bmp,0,1,0.6124616
C:\Users\sahar\OneDrive\Desktop\EXPLAINABLE_IRIS_PAD\Data\Raw\IIITD_Contact_Lens_Iris_DB\Vista Scanner\46\Normal\Left\3.bmp,0,1,0.5568624
C:\Users\sahar\OneDrive\Desktop\EXPLAINABLE_IRIS_PAD\Data\Raw\IIITD_Contact_Lens_Iris_DB\Vista Scanner\46\Normal\Left\4.bmp,0,1,0.9786032
C:\Users\sahar\OneDrive\Desktop\EXPLAINABLE_IRIS_PAD\Data\Raw\IIITD_Contact_Lens_Iris_DB\Vista Scanner\46\Normal\Left\5.bmp,0,0,0.2412622
C:\Users\sahar\OneDrive\Desktop\EXPLAINABLE_IRIS_PAD\Data\Raw\IIITD_Contact_Lens_Iris_DB\Vista Scanner\46\Normal\Right\1.bmp,0,0,0.012617028
C:\Users\sahar\OneDrive\Desktop\EXPLAINABLE_IRIS_PAD\Data\Raw\IIITD_Contact_Lens_Iris_DB\Vista Scanner\46\Normal\Right\2.bmp,0,0,0.0060487525
C:\Users\sahar\OneDrive\Desktop\EXPLAINABLE_IRIS_PAD\Data\Raw\IIITD_Contact_Lens_Iris_DB\Vista Scanner\46\Normal\Right\3.bmp,0,0,0.46441725
C:\Users\sahar\OneDrive\Desktop\EXPLAINABLE_IRIS_PAD\Data\Raw\IIITD_Contact_Lens_Iris_DB\Vista Scanner\46\Normal\Right\4.bmp,0,0,0.012969899
C:\Users\sahar\OneDrive\Desktop\EXPLAINABLE_IRIS_PAD\Data\Raw\IIITD_Contact_Lens_Iris_DB\Vista Scanner\46\Normal\Right\5.bmp,0,0,0.41643295
C:\Users\sahar\OneDrive\Desktop\EXPLAINABLE_IRIS_PAD\Data\Raw\IIITD_Contact_Lens_Iris_DB\Vista Scanner\48\Colored\Left\1.bmp,1,1,0.98470473
C:\Users\sahar\OneDrive\Desktop\EXPLAINABLE_IRIS_PAD\Data\Raw\IIITD_Contact_Lens_Iris_DB\Vista Scanner\48\Colored\Left\2.bmp,1,1,0.9570432
C:\Users\sahar\OneDrive\Desktop\EXPLAINABLE_IRIS_PAD\Data\Raw\IIITD_Contact_Lens_Iris_DB\Vista Scanner\48\Colored\Left\3.bmp,1,1,0.99485457
C:\Users\sahar\OneDrive\Desktop\EXPLAINABLE_IRIS_PAD\Data\Raw\IIITD_Contact_Lens_Iris_DB\Vista Scanner\48\Colored\Left\4.bmp,1,1,0.98778975
C:\Users\sahar\OneDrive\Desktop\EXPLAINABLE_IRIS_PAD\Data\Raw\IIITD_Contact_Lens_Iris_DB\Vista Scanner\48\Colored\Left\5.bmp,1,1,0.6442613
C:\Users\sahar\OneDrive\Desktop\EXPLAINABLE_IRIS_PAD\Data\Raw\IIITD_Contact_Lens_Iris_DB\Vista Scanner\48\Colored\Right\1.bmp,1,1,0.9997191
C:\Users\sahar\OneDrive\Desktop\EXPLAINABLE_IRIS_PAD\Data\Raw\IIITD_Contact_Lens_Iris_DB\Vista Scanner\48\Colored\Right\2.bmp,1,0,0.114251964
C:\Users\sahar\OneDrive\Desktop\EXPLAINABLE_IRIS_PAD\Data\Raw\IIITD_Contact_Lens_Iris_DB\Vista Scanner\48\Colored\Right\3.bmp,1,1,0.9780488
C:\Users\sahar\OneDrive\Desktop\EXPLAINABLE_IRIS_PAD\Data\Raw\IIITD_Contact_Lens_Iris_DB\Vista Scanner\48\Colored\Right\4.bmp,1,1,0.9975268
C:\Users\sahar\OneDrive\Desktop\EXPLAINABLE_IRIS_PAD\Data\Raw\IIITD_Contact_Lens_Iris_DB\Vista Scanner\48\Colored\Right\5.bmp,1,1,0.9906769
C:\Users\sahar\OneDrive\Desktop\EXPLAINABLE_IRIS_PAD\Data\Raw\IIITD_Contact_Lens_Iris_DB\Vista Scanner\48\Normal\Left\1.bmp,0,0,4.4290077e-06
C:\Users\sahar\OneDrive\Desktop\EXPLAINABLE_IRIS_PAD\Data\Raw\IIITD_Contact_Lens_Iris_DB\Vista Scanner\48\Normal\Left\2.bmp,0,0,7.758727e-06
C:\Users\sahar\OneDrive\Desktop\EXPLAINABLE_IRIS_PAD\Data\Raw\IIITD_Contact_Lens_Iris_DB\Vista Scanner\48\Normal\Left\3.bmp,0,0,5.5839278e-06
C:\Users\sahar\OneDrive\Desktop\EXPLAINABLE_IRIS_PAD\Data\Raw\IIITD_Contact_Lens_Iris_DB\Vista Scanner\48\Normal\Left\4.bmp,0,0,3.668282e-05
C:\Users\sahar\OneDrive\Desktop\EXPLAINABLE_IRIS_PAD\Data\Raw\IIITD_Contact_Lens_Iris_DB\Vista Scanner\48\Normal\Left\5.bmp,0,0,7.586684e-06
C:\Users\sahar\OneDrive\Desktop\EXPLAINABLE_IRIS_PAD\Data\Raw\IIITD_Contact_Lens_Iris_DB\Vista Scanner\48\Normal\Right\1.bmp,0,0,0.0014930691
C:\Users\sahar\OneDrive\Desktop\EXPLAINABLE_IRIS_PAD\Data\Raw\IIITD_Contact_Lens_Iris_DB\Vista Scanner\48\Normal\Right\2.bmp,0,0,9.66835e-06
C:\Users\sahar\OneDrive\Desktop\EXPLAINABLE_IRIS_PAD\Data\Raw\IIITD_Contact_Lens_Iris_DB\Vista Scanner\48\Normal\Right\3.bmp,0,0,7.606359e-05
C:\Users\sahar\OneDrive\Desktop\EXPLAINABLE_IRIS_PAD\Data\Raw\IIITD_Contact_Lens_Iris_DB\Vista Scanner\48\Normal\Right\4.bmp,0,0,0.00054343656
C:\Users\sahar\OneDrive\Desktop\EXPLAINABLE_IRIS_PAD\Data\Raw\IIITD_Contact_Lens_Iris_DB\Vista Scanner\48\Normal\Right\5.bmp,0,0,1.7088936e-05
C:\Users\sahar\OneDrive\Desktop\EXPLAINABLE_IRIS_PAD\Data\Raw\IIITD_Contact_Lens_Iris_DB\Vista Scanner\49\Colored\Left\1.bmp,1,1,0.9999995
C:\Users\sahar\OneDrive\Desktop\EXPLAINABLE_IRIS_PAD\Data\Raw\IIITD_Contact_Lens_Iris_DB\Vista Scanner\49\Colored\Left\2.bmp,1,1,0.99999714
C:\Users\sahar\OneDrive\Desktop\EXPLAINABLE_IRIS_PAD\Data\Raw\IIITD_Contact_Lens_Iris_DB\Vista Scanner\49\Colored\Left\3.bmp,1,1,0.9999989
C:\Users\sahar\OneDrive\Desktop\EXPLAINABLE_IRIS_PAD\Data\Raw\IIITD_Contact_Lens_Iris_DB\Vista Scanner\49\Colored\Left\4.bmp,1,1,0.9999989
C:\Users\sahar\OneDrive\Desktop\EXPLAINABLE_IRIS_PAD\Data\Raw\IIITD_Contact_Lens_Iris_DB\Vista Scanner\49\Colored\Left\5.bmp,1,1,0.9999994
C:\Users\sahar\OneDrive\Desktop\EXPLAINABLE_IRIS_PAD\Data\Raw\IIITD_Contact_Lens_Iris_DB\Vista Scanner\49\Colored\Right\1.bmp,1,1,0.9999571
C:\Users\sahar\OneDrive\Desktop\EXPLAINABLE_IRIS_PAD\Data\Raw\IIITD_Contact_Lens_Iris_DB\Vista Scanner\49\Colored\Right\2.bmp,1,1,0.9999765
C:\Users\sahar\OneDrive\Desktop\EXPLAINABLE_IRIS_PAD\Data\Raw\IIITD_Contact_Lens_Iris_DB\Vista Scanner\49\Colored\Right\3.bmp,1,1,0.9998876
C:\Users\sahar\OneDrive\Desktop\EXPLAINABLE_IRIS_PAD\Data\Raw\IIITD_Contact_Lens_Iris_DB\Vista Scanner\49\Colored\Right\4.bmp,1,1,0.99968374
C:\Users\sahar\OneDrive\Desktop\EXPLAINABLE_IRIS_PAD\Data\Raw\IIITD_Contact_Lens_Iris_DB\Vista Scanner\49\Colored\Right\5.bmp,1,1,0.9998148
C:\Users\sahar\OneDrive\Desktop\EXPLAINABLE_IRIS_PAD\Data\Raw\IIITD_Contact_Lens_Iris_DB\Vista Scanner\49\Normal\Left\1.bmp,0,0,5.4638076e-06
C:\Users\sahar\OneDrive\Desktop\EXPLAINABLE_IRIS_PAD\Data\Raw\IIITD_Contact_Lens_Iris_DB\Vista Scanner\49\Normal\Left\2.bmp,0,0,4.974563e-07
C:\Users\sahar\OneDrive\Desktop\EXPLAINABLE_IRIS_PAD\Data\Raw\IIITD_Contact_Lens_Iris_DB\Vista Scanner\49\Normal\Left\3.bmp,0,0,6.102084e-06
C:\Users\sahar\OneDrive\Desktop\EXPLAINABLE_IRIS_PAD\Data\Raw\IIITD_Contact_Lens_Iris_DB\Vista Scanner\49\Normal\Left\4.bmp,0,0,1.1359568e-06
C:\Users\sahar\OneDrive\Desktop\EXPLAINABLE_IRIS_PAD\Data\Raw\IIITD_Contact_Lens_Iris_DB\Vista Scanner\49\Normal\Left\5.bmp,0,0,6.687439e-07
C:\Users\sahar\OneDrive\Desktop\EXPLAINABLE_IRIS_PAD\Data\Raw\IIITD_Contact_Lens_Iris_DB\Vista Scanner\49\Normal\Right\1.bmp,0,0,4.830477e-08
C:\Users\sahar\OneDrive\Desktop\EXPLAINABLE_IRIS_PAD\Data\Raw\IIITD_Contact_Lens_Iris_DB\Vista Scanner\49\Normal\Right\2.bmp,0,0,5.1645443e-08
C:\Users\sahar\OneDrive\Desktop\EXPLAINABLE_IRIS_PAD\Data\Raw\IIITD_Contact_Lens_Iris_DB\Vista Scanner\49\Normal\Right\3.bmp,0,0,1.4313241e-06
C:\Users\sahar\OneDrive\Desktop\EXPLAINABLE_IRIS_PAD\Data\Raw\IIITD_Contact_Lens_Iris_DB\Vista Scanner\49\Normal\Right\4.bmp,0,0,3.1173695e-07
C:\Users\sahar\OneDrive\Desktop\EXPLAINABLE_IRIS_PAD\Data\Raw\IIITD_Contact_Lens_Iris_DB\Vista Scanner\49\Normal\Right\5.bmp,0,0,1.8090988e-07
C:\Users\sahar\OneDrive\Desktop\EXPLAINABLE_IRIS_PAD\Data\Raw\IIITD_Contact_Lens_Iris_DB\Vista Scanner\73\Colored\Left\1.bmp,1,1,0.9999995
C:\Users\sahar\OneDrive\Desktop\EXPLAINABLE_IRIS_PAD\Data\Raw\IIITD_Contact_Lens_Iris_DB\Vista Scanner\73\Colored\Left\2.bmp,1,1,0.9999987
C:\Users\sahar\OneDrive\Desktop\EXPLAINABLE_IRIS_PAD\Data\Raw\IIITD_Contact_Lens_Iris_DB\Vista Scanner\73\Colored\Left\3.bmp,1,1,0.9999895
C:\Users\sahar\OneDrive\Desktop\EXPLAINABLE_IRIS_PAD\Data\Raw\IIITD_Contact_Lens_Iris_DB\Vista Scanner\73\Colored\Left\4.bmp,1,1,0.999997
C:\Users\sahar\OneDrive\Desktop\EXPLAINABLE_IRIS_PAD\Data\Raw\IIITD_Contact_Lens_Iris_DB\Vista Scanner\73\Colored\Left\5.bmp,1,1,0.9999976
C:\Users\sahar\OneDrive\Desktop\EXPLAINABLE_IRIS_PAD\Data\Raw\IIITD_Contact_Lens_Iris_DB\Vista Scanner\73\Colored\Right\1.bmp,1,1,0.999995
C:\Users\sahar\OneDrive\Desktop\EXPLAINABLE_IRIS_PAD\Data\Raw\IIITD_Contact_Lens_Iris_DB\Vista Scanner\73\Colored\Right\2.bmp,1,1,0.99997544
C:\Users\sahar\OneDrive\Desktop\EXPLAINABLE_IRIS_PAD\Data\Raw\IIITD_Contact_Lens_Iris_DB\Vista Scanner\73\Colored\Right\3.bmp,1,1,0.99999607
C:\Users\sahar\OneDrive\Desktop\EXPLAINABLE_IRIS_PAD\Data\Raw\IIITD_Contact_Lens_Iris_DB\Vista Scanner\73\Colored\Right\4.bmp,1,1,0.99999726
C:\Users\sahar\OneDrive\Desktop\EXPLAINABLE_IRIS_PAD\Data\Raw\IIITD_Contact_Lens_Iris_DB\Vista Scanner\73\Colored\Right\5.bmp,1,1,0.9999974
C:\Users\sahar\OneDrive\Desktop\EXPLAINABLE_IRIS_PAD\Data\Raw\IIITD_Contact_Lens_Iris_DB\Vista Scanner\73\Normal\Left\1.bmp,0,0,0.000114500406
C:\Users\sahar\OneDrive\Desktop\EXPLAINABLE_IRIS_PAD\Data\Raw\IIITD_Contact_Lens_Iris_DB\Vista Scanner\73\Normal\Left\2.bmp,0,0,0.0013996817
C:\Users\sahar\OneDrive\Desktop\EXPLAINABLE_IRIS_PAD\Data\Raw\IIITD_Contact_Lens_Iris_DB\Vista Scanner\73\Normal\Left\3.bmp,0,0,0.0015716644
C:\Users\sahar\OneDrive\Desktop\EXPLAINABLE_IRIS_PAD\Data\Raw\IIITD_Contact_Lens_Iris_DB\Vista Scanner\73\Normal\Left\4.bmp,0,0,0.00014305688
C:\Users\sahar\OneDrive\Desktop\EXPLAINABLE_IRIS_PAD\Data\Raw\IIITD_Contact_Lens_Iris_DB\Vista Scanner\73\Normal\Left\5.bmp,0,0,0.07750811
C:\Users\sahar\OneDrive\Desktop\EXPLAINABLE_IRIS_PAD\Data\Raw\IIITD_Contact_Lens_Iris_DB\Vista Scanner\73\Normal\Right\1.bmp,0,0,0.0008985342
C:\Users\sahar\OneDrive\Desktop\EXPLAINABLE_IRIS_PAD\Data\Raw\IIITD_Contact_Lens_Iris_DB\Vista Scanner\73\Normal\Right\2.bmp,0,0,3.429981e-05
C:\Users\sahar\OneDrive\Desktop\EXPLAINABLE_IRIS_PAD\Data\Raw\IIITD_Contact_Lens_Iris_DB\Vista Scanner\73\Normal\Right\3.bmp,0,0,0.010438484
C:\Users\sahar\OneDrive\Desktop\EXPLAINABLE_IRIS_PAD\Data\Raw\IIITD_Contact_Lens_Iris_DB\Vista Scanner\73\Normal\Right\4.bmp,0,0,2.8388917e-05
C:\Users\sahar\OneDrive\Desktop\EXPLAINABLE_IRIS_PAD\Data\Raw\IIITD_Contact_Lens_Iris_DB\Vista Scanner\73\Normal\Right\5.bmp,0,0,0.12965177
C:\Users\sahar\OneDrive\Desktop\EXPLAINABLE_IRIS_PAD\Data\Raw\IIITD_Contact_Lens_Iris_DB\Vista Scanner\77\Colored\Left\1.bmp,1,1,0.9999864
C:\Users\sahar\OneDrive\Desktop\EXPLAINABLE_IRIS_PAD\Data\Raw\IIITD_Contact_Lens_Iris_DB\Vista Scanner\77\Colored\Left\2.bmp,1,1,0.9997863
C:\Users\sahar\OneDrive\Desktop\EXPLAINABLE_IRIS_PAD\Data\Raw\IIITD_Contact_Lens_Iris_DB\Vista Scanner\77\Colored\Left\3.bmp,1,1,0.99998176
C:\Users\sahar\OneDrive\Desktop\EXPLAINABLE_IRIS_PAD\Data\Raw\IIITD_Contact_Lens_Iris_DB\Vista Scanner\77\Colored\Left\4.bmp,1,1,0.99994886
C:\Users\sahar\OneDrive\Desktop\EXPLAINABLE_IRIS_PAD\Data\Raw\IIITD_Contact_Lens_Iris_DB\Vista Scanner\77\Colored\Left\5.bmp,1,1,0.99991035
C:\Users\sahar\OneDrive\Desktop\EXPLAINABLE_IRIS_PAD\Data\Raw\IIITD_Contact_Lens_Iris_DB\Vista Scanner\77\Colored\Right\1.bmp,1,1,0.9997209
C:\Users\sahar\OneDrive\Desktop\EXPLAINABLE_IRIS_PAD\Data\Raw\IIITD_Contact_Lens_Iris_DB\Vista Scanner\77\Colored\Right\2.bmp,1,1,0.99994874
C:\Users\sahar\OneDrive\Desktop\EXPLAINABLE_IRIS_PAD\Data\Raw\IIITD_Contact_Lens_Iris_DB\Vista Scanner\77\Colored\Right\3.bmp,1,1,0.99997294
C:\Users\sahar\OneDrive\Desktop\EXPLAINABLE_IRIS_PAD\Data\Raw\IIITD_Contact_Lens_Iris_DB\Vista Scanner\77\Colored\Right\4.bmp,1,1,0.9999751
C:\Users\sahar\OneDrive\Desktop\EXPLAINABLE_IRIS_PAD\Data\Raw\IIITD_Contact_Lens_Iris_DB\Vista Scanner\77\Colored\Right\5.bmp,1,1,0.99999833
C:\Users\sahar\OneDrive\Desktop\EXPLAINABLE_IRIS_PAD\Data\Raw\IIITD_Contact_Lens_Iris_DB\Vista Scanner\77\Normal\Left\1.bmp,0,0,3.1379493e-06
C:\Users\sahar\OneDrive\Desktop\EXPLAINABLE_IRIS_PAD\Data\Raw\IIITD_Contact_Lens_Iris_DB\Vista Scanner\77\Normal\Left\2.bmp,0,0,1.1449296e-06
C:\Users\sahar\OneDrive\Desktop\EXPLAINABLE_IRIS_PAD\Data\Raw\IIITD_Contact_Lens_Iris_DB\Vista Scanner\77\Normal\Left\3.bmp,0,0,2.2492202e-06
C:\Users\sahar\OneDrive\Desktop\EXPLAINABLE_IRIS_PAD\Data\Raw\IIITD_Contact_Lens_Iris_DB\Vista Scanner\77\Normal\Left\4.bmp,0,0,4.1890578e-07
C:\Users\sahar\OneDrive\Desktop\EXPLAINABLE_IRIS_PAD\Data\Raw\IIITD_Contact_Lens_Iris_DB\Vista Scanner\77\Normal\Left\5.bmp,0,0,1.0842572e-06
C:\Users\sahar\OneDrive\Desktop\EXPLAINABLE_IRIS_PAD\Data\Raw\IIITD_Contact_Lens_Iris_DB\Vista Scanner\77\Normal\Right\1.bmp,0,0,6.901755e-08
C:\Users\sahar\OneDrive\Desktop\EXPLAINABLE_IRIS_PAD\Data\Raw\IIITD_Contact_Lens_Iris_DB\Vista Scanner\77\Normal\Right\2.bmp,0,0,5.309331e-07
C:\Users\sahar\OneDrive\Desktop\EXPLAINABLE_IRIS_PAD\Data\Raw\IIITD_Contact_Lens_Iris_DB\Vista Scanner\77\Normal\Right\3.bmp,0,0,8.7001084e-08
C:\Users\sahar\OneDrive\Desktop\EXPLAINABLE_IRIS_PAD\Data\Raw\IIITD_Contact_Lens_Iris_DB\Vista Scanner\77\Normal\Right\4.bmp,0,0,7.773087e-06
C:\Users\sahar\OneDrive\Desktop\EXPLAINABLE_IRIS_PAD\Data\Raw\IIITD_Contact_Lens_Iris_DB\Vista Scanner\77\Normal\Right\5.bmp,0,0,1.822128e-06
C:\Users\sahar\OneDrive\Desktop\EXPLAINABLE_IRIS_PAD\Data\Raw\IIITD_Contact_Lens_Iris_DB\Vista Scanner\78\Colored\Left\1.bmp,1,1,0.9999988
C:\Users\sahar\OneDrive\Desktop\EXPLAINABLE_IRIS_PAD\Data\Raw\IIITD_Contact_Lens_Iris_DB\Vista Scanner\78\Colored\Left\2.bmp,1,1,0.999998
C:\Users\sahar\OneDrive\Desktop\EXPLAINABLE_IRIS_PAD\Data\Raw\IIITD_Contact_Lens_Iris_DB\Vista Scanner\78\Colored\Left\3.bmp,1,1,0.99999976
C:\Users\sahar\OneDrive\Desktop\EXPLAINABLE_IRIS_PAD\Data\Raw\IIITD_Contact_Lens_Iris_DB\Vista Scanner\78\Colored\Left\4.bmp,1,1,0.9999989
C:\Users\sahar\OneDrive\Desktop\EXPLAINABLE_IRIS_PAD\Data\Raw\IIITD_Contact_Lens_Iris_DB\Vista Scanner\78\Colored\Left\5.bmp,1,1,0.9999976
C:\Users\sahar\OneDrive\Desktop\EXPLAINABLE_IRIS_PAD\Data\Raw\IIITD_Contact_Lens_Iris_DB\Vista Scanner\78\Colored\Right\1.bmp,1,1,0.99999976
C:\Users\sahar\OneDrive\Desktop\EXPLAINABLE_IRIS_PAD\Data\Raw\IIITD_Contact_Lens_Iris_DB\Vista Scanner\78\Colored\Right\2.bmp,1,1,0.99999976
C:\Users\sahar\OneDrive\Desktop\EXPLAINABLE_IRIS_PAD\Data\Raw\IIITD_Contact_Lens_Iris_DB\Vista Scanner\78\Colored\Right\3.bmp,1,1,0.9999995
C:\Users\sahar\OneDrive\Desktop\EXPLAINABLE_IRIS_PAD\Data\Raw\IIITD_Contact_Lens_Iris_DB\Vista Scanner\78\Colored\Right\4.bmp,1,1,0.9999988
C:\Users\sahar\OneDrive\Desktop\EXPLAINABLE_IRIS_PAD\Data\Raw\IIITD_Contact_Lens_Iris_DB\Vista Scanner\78\Colored\Right\5.bmp,1,1,0.9999981
C:\Users\sahar\OneDrive\Desktop\EXPLAINABLE_IRIS_PAD\Data\Raw\IIITD_Contact_Lens_Iris_DB\Vista Scanner\78\Normal\Left\1.bmp,0,0,1.3471984e-05
C:\Users\sahar\OneDrive\Desktop\EXPLAINABLE_IRIS_PAD\Data\Raw\IIITD_Contact_Lens_Iris_DB\Vista Scanner\78\Normal\Left\2.bmp,0,0,7.506137e-05
C:\Users\sahar\OneDrive\Desktop\EXPLAINABLE_IRIS_PAD\Data\Raw\IIITD_Contact_Lens_Iris_DB\Vista Scanner\78\Normal\Left\3.bmp,0,0,0.00017313324
C:\Users\sahar\OneDrive\Desktop\EXPLAINABLE_IRIS_PAD\Data\Raw\IIITD_Contact_Lens_Iris_DB\Vista Scanner\78\Normal\Left\4.bmp,0,0,9.56389e-06
C:\Users\sahar\OneDrive\Desktop\EXPLAINABLE_IRIS_PAD\Data\Raw\IIITD_Contact_Lens_Iris_DB\Vista Scanner\78\Normal\Left\5.bmp,0,0,8.742426e-06
C:\Users\sahar\OneDrive\Desktop\EXPLAINABLE_IRIS_PAD\Data\Raw\IIITD_Contact_Lens_Iris_DB\Vista Scanner\78\Normal\Right\1.bmp,0,0,0.0010163012
C:\Users\sahar\OneDrive\Desktop\EXPLAINABLE_IRIS_PAD\Data\Raw\IIITD_Contact_Lens_Iris_DB\Vista Scanner\78\Normal\Right\2.bmp,0,0,0.0012311473
C:\Users\sahar\OneDrive\Desktop\EXPLAINABLE_IRIS_PAD\Data\Raw\IIITD_Contact_Lens_Iris_DB\Vista Scanner\78\Normal\Right\3.bmp,0,0,0.00036868962
C:\Users\sahar\OneDrive\Desktop\EXPLAINABLE_IRIS_PAD\Data\Raw\IIITD_Contact_Lens_Iris_DB\Vista Scanner\78\Normal\Right\4.bmp,0,0,0.0019258088
C:\Users\sahar\OneDrive\Desktop\EXPLAINABLE_IRIS_PAD\Data\Raw\IIITD_Contact_Lens_Iris_DB\Vista Scanner\78\Normal\Right\5.bmp,0,0,0.00025346308
C:\Users\sahar\OneDrive\Desktop\EXPLAINABLE_IRIS_PAD\Data\Raw\IIITD_Contact_Lens_Iris_DB\Vista Scanner\89\Colored\Left\1.bmp,1,1,0.9999821
C:\Users\sahar\OneDrive\Desktop\EXPLAINABLE_IRIS_PAD\Data\Raw\IIITD_Contact_Lens_Iris_DB\Vista Scanner\89\Colored\Left\2.bmp,1,1,0.999982
C:\Users\sahar\OneDrive\Desktop\EXPLAINABLE_IRIS_PAD\Data\Raw\IIITD_Contact_Lens_Iris_DB\Vista Scanner\89\Colored\Left\3.bmp,1,1,0.9998896
C:\Users\sahar\OneDrive\Desktop\EXPLAINABLE_IRIS_PAD\Data\Raw\IIITD_Contact_Lens_Iris_DB\Vista Scanner\89\Colored\Left\4.bmp,1,1,0.99994767
C:\Users\sahar\OneDrive\Desktop\EXPLAINABLE_IRIS_PAD\Data\Raw\IIITD_Contact_Lens_Iris_DB\Vista Scanner\89\Colored\Left\5.bmp,1,1,0.9999789
C:\Users\sahar\OneDrive\Desktop\EXPLAINABLE_IRIS_PAD\Data\Raw\IIITD_Contact_Lens_Iris_DB\Vista Scanner\89\Colored\Right\1.bmp,1,1,0.99999726
C:\Users\sahar\OneDrive\Desktop\EXPLAINABLE_IRIS_PAD\Data\Raw\IIITD_Contact_Lens_Iris_DB\Vista Scanner\89\Colored\Right\2.bmp,1,1,0.99999917
C:\Users\sahar\OneDrive\Desktop\EXPLAINABLE_IRIS_PAD\Data\Raw\IIITD_Contact_Lens_Iris_DB\Vista Scanner\89\Colored\Right\3.bmp,1,1,0.9999993
C:\Users\sahar\OneDrive\Desktop\EXPLAINABLE_IRIS_PAD\Data\Raw\IIITD_Contact_Lens_Iris_DB\Vista Scanner\89\Colored\Right\4.bmp,1,1,0.99999726
C:\Users\sahar\OneDrive\Desktop\EXPLAINABLE_IRIS_PAD\Data\Raw\IIITD_Contact_Lens_Iris_DB\Vista Scanner\89\Colored\Right\5.bmp,1,1,0.9999976
C:\Users\sahar\OneDrive\Desktop\EXPLAINABLE_IRIS_PAD\Data\Raw\IIITD_Contact_Lens_Iris_DB\Vista Scanner\89\Normal\Left\1.bmp,0,0,5.705049e-05
C:\Users\sahar\OneDrive\Desktop\EXPLAINABLE_IRIS_PAD\Data\Raw\IIITD_Contact_Lens_Iris_DB\Vista Scanner\89\Normal\Left\2.bmp,0,0,4.475797e-05
C:\Users\sahar\OneDrive\Desktop\EXPLAINABLE_IRIS_PAD\Data\Raw\IIITD_Contact_Lens_Iris_DB\Vista Scanner\89\Normal\Left\3.bmp,0,0,0.00036715268
C:\Users\sahar\OneDrive\Desktop\EXPLAINABLE_IRIS_PAD\Data\Raw\IIITD_Contact_Lens_Iris_DB\Vista Scanner\89\Normal\Left\4.bmp,0,0,3.6324753e-05
C:\Users\sahar\OneDrive\Desktop\EXPLAINABLE_IRIS_PAD\Data\Raw\IIITD_Contact_Lens_Iris_DB\Vista Scanner\89\Normal\Left\5.bmp,0,0,0.00029722307
C:\Users\sahar\OneDrive\Desktop\EXPLAINABLE_IRIS_PAD\Data\Raw\IIITD_Contact_Lens_Iris_DB\Vista Scanner\89\Normal\Right\1.bmp,0,0,1.7140736e-06
C:\Users\sahar\OneDrive\Desktop\EXPLAINABLE_IRIS_PAD\Data\Raw\IIITD_Contact_Lens_Iris_DB\Vista Scanner\89\Normal\Right\2.bmp,0,0,2.2404136e-05
C:\Users\sahar\OneDrive\Desktop\EXPLAINABLE_IRIS_PAD\Data\Raw\IIITD_Contact_Lens_Iris_DB\Vista Scanner\89\Normal\Right\3.bmp,0,0,0.0006089363
C:\Users\sahar\OneDrive\Desktop\EXPLAINABLE_IRIS_PAD\Data\Raw\IIITD_Contact_Lens_Iris_DB\Vista Scanner\89\Normal\Right\4.bmp,0,0,0.00011712611
C:\Users\sahar\OneDrive\Desktop\EXPLAINABLE_IRIS_PAD\Data\Raw\IIITD_Contact_Lens_Iris_DB\Vista Scanner\89\Normal\Right\5.bmp,0,0,0.00025074746
C:\Users\sahar\OneDrive\Desktop\EXPLAINABLE_IRIS_PAD\Data\Raw\IIITD_Contact_Lens_Iris_DB\Vista Scanner\95\Colored\Left\1.bmp,1,1,0.9999778
C:\Users\sahar\OneDrive\Desktop\EXPLAINABLE_IRIS_PAD\Data\Raw\IIITD_Contact_Lens_Iris_DB\Vista Scanner\95\Colored\Left\2.bmp,1,1,0.99999225
C:\Users\sahar\OneDrive\Desktop\EXPLAINABLE_IRIS_PAD\Data\Raw\IIITD_Contact_Lens_Iris_DB\Vista Scanner\95\Colored\Left\3.bmp,1,1,0.999998
C:\Users\sahar\OneDrive\Desktop\EXPLAINABLE_IRIS_PAD\Data\Raw\IIITD_Contact_Lens_Iris_DB\Vista Scanner\95\Colored\Left\4.bmp,1,1,0.99999285
C:\Users\sahar\OneDrive\Desktop\EXPLAINABLE_IRIS_PAD\Data\Raw\IIITD_Contact_Lens_Iris_DB\Vista Scanner\95\Colored\Left\5.bmp,1,1,0.99999595
C:\Users\sahar\OneDrive\Desktop\EXPLAINABLE_IRIS_PAD\Data\Raw\IIITD_Contact_Lens_Iris_DB\Vista Scanner\95\Colored\Right\1.bmp,1,1,0.99995375
C:\Users\sahar\OneDrive\Desktop\EXPLAINABLE_IRIS_PAD\Data\Raw\IIITD_Contact_Lens_Iris_DB\Vista Scanner\95\Colored\Right\2.bmp,1,1,0.9999844
C:\Users\sahar\OneDrive\Desktop\EXPLAINABLE_IRIS_PAD\Data\Raw\IIITD_Contact_Lens_Iris_DB\Vista Scanner\95\Colored\Right\3.bmp,1,1,0.99995446
C:\Users\sahar\OneDrive\Desktop\EXPLAINABLE_IRIS_PAD\Data\Raw\IIITD_Contact_Lens_Iris_DB\Vista Scanner\95\Colored\Right\4.bmp,1,1,0.99991775
C:\Users\sahar\OneDrive\Desktop\EXPLAINABLE_IRIS_PAD\Data\Raw\IIITD_Contact_Lens_Iris_DB\Vista Scanner\95\Colored\Right\5.bmp,1,1,0.99993384
C:\Users\sahar\OneDrive\Desktop\EXPLAINABLE_IRIS_PAD\Data\Raw\IIITD_Contact_Lens_Iris_DB\Vista Scanner\95\Normal\Left\1.bmp,0,0,2.2856106e-08
C:\Users\sahar\OneDrive\Desktop\EXPLAINABLE_IRIS_PAD\Data\Raw\IIITD_Contact_Lens_Iris_DB\Vista Scanner\95\Normal\Left\2.bmp,0,0,8.3319485e-09
C:\Users\sahar\OneDrive\Desktop\EXPLAINABLE_IRIS_PAD\Data\Raw\IIITD_Contact_Lens_Iris_DB\Vista Scanner\95\Normal\Left\3.bmp,0,0,1.9960617e-06
C:\Users\sahar\OneDrive\Desktop\EXPLAINABLE_IRIS_PAD\Data\Raw\IIITD_Contact_Lens_Iris_DB\Vista Scanner\95\Normal\Left\4.bmp,0,0,2.531655e-06
C:\Users\sahar\OneDrive\Desktop\EXPLAINABLE_IRIS_PAD\Data\Raw\IIITD_Contact_Lens_Iris_DB\Vista Scanner\95\Normal\Left\5.bmp,0,0,4.7885096e-06
C:\Users\sahar\OneDrive\Desktop\EXPLAINABLE_IRIS_PAD\Data\Raw\IIITD_Contact_Lens_Iris_DB\Vista Scanner\95\Normal\Right\1.bmp,0,0,2.9932935e-06
C:\Users\sahar\OneDrive\Desktop\EXPLAINABLE_IRIS_PAD\Data\Raw\IIITD_Contact_Lens_Iris_DB\Vista Scanner\95\Normal\Right\2.bmp,0,0,2.4421843e-07
C:\Users\sahar\OneDrive\Desktop\EXPLAINABLE_IRIS_PAD\Data\Raw\IIITD_Contact_Lens_Iris_DB\Vista Scanner\95\Normal\Right\3.bmp,0,0,4.7269837e-06
C:\Users\sahar\OneDrive\Desktop\EXPLAINABLE_IRIS_PAD\Data\Raw\IIITD_Contact_Lens_Iris_DB\Vista Scanner\95\Normal\Right\4.bmp,0,0,3.1204124e-07
C:\Users\sahar\OneDrive\Desktop\EXPLAINABLE_IRIS_PAD\Data\Raw\IIITD_Contact_Lens_Iris_DB\Vista Scanner\95\Normal\Right\5.bmp,0,0,5.3038425e-06
