path,label,pred,prob
C:\Users\sahar\OneDrive\Desktop\EXPLAINABLE_IRIS_PAD\Data\Raw\IIITD_Contact_Lens_Iris_DB\Vista Scanner\1\Colored\Left\1.bmp,1,1,0.9999974
C:\Users\sahar\OneDrive\Desktop\EXPLAINABLE_IRIS_PAD\Data\Raw\IIITD_Contact_Lens_Iris_DB\Vista Scanner\1\Colored\Left\2.bmp,1,1,0.99999547
C:\Users\sahar\OneDrive\Desktop\EXPLAINABLE_IRIS_PAD\Data\Raw\IIITD_Contact_Lens_Iris_DB\Vista Scanner\1\Colored\Left\3.bmp,1,1,0.99999964
C:\Users\sahar\OneDrive\Desktop\EXPLAINABLE_IRIS_PAD\Data\Raw\IIITD_Contact_Lens_Iris_DB\Vista Scanner\1\Colored\Left\4.bmp,1,1,0.99999833
C:\Users\sahar\OneDrive\Desktop\EXPLAINABLE_IRIS_PAD\Data\Raw\IIITD_Contact_Lens_Iris_DB\Vista Scanner\1\Colored\Left\5.bmp,1,1,0.9999958
C:\Users\sahar\OneDrive\Desktop\EXPLAINABLE_IRIS_PAD\Data\Raw\IIITD_Contact_Lens_Iris_DB\Vista Scanner\1\Colored\Right\1.bmp,1,1,0.9997229
C:\Users\sahar\OneDrive\Desktop\EXPLAINABLE_IRIS_PAD\Data\Raw\IIITD_Contact_Lens_Iris_DB\Vista Scanner\1\Colored\Right\2.bmp,1,1,0.9982895
C:\Users\sahar\OneDrive\Desktop\EXPLAINABLE_IRIS_PAD\Data\Raw\IIITD_Contact_Lens_Iris_DB\Vista Scanner\1\Colored\Right\3.bmp,1,1,0.99828315
C:\Users\sahar\OneDrive\Desktop\EXPLAINABLE_IRIS_PAD\Data\Raw\IIITD_Contact_Lens_Iris_DB\Vista Scanner\1\Colored\Right\4.bmp,1,1,0.9998091
C:\Users\sahar\OneDrive\Desktop\EXPLAINABLE_IRIS_PAD\Data\Raw\IIITD_Contact_Lens_Iris_DB\Vista Scanner\1\Colored\Right\5.bmp,1,1,0.99257034
C:\Users\sahar\OneDrive\Desktop\EXPLAINABLE_IRIS_PAD\Data\Raw\IIITD_Contact_Lens_Iris_DB\Vista Scanner\1\Normal\Left\1.bmp,0,0,9.668949e-06
C:\Users\sahar\OneDrive\Desktop\EXPLAINABLE_IRIS_PAD\Data\Raw\IIITD_Contact_Lens_Iris_DB\Vista Scanner\1\Normal\Left\2.bmp,0,0,2.6675654e-05
C:\Users\sahar\OneDrive\Desktop\EXPLAINABLE_IRIS_PAD\Data\Raw\IIITD_Contact_Lens_Iris_DB\Vista Scanner\1\Normal\Left\3.bmp,0,0,2.5895177e-05
C:\Users\sahar\OneDrive\Desktop\EXPLAINABLE_IRIS_PAD\Data\Raw\IIITD_Contact_Lens_Iris_DB\Vista Scanner\1\Normal\Left\4.bmp,0,0,9.761692e-06
C:\Users\sahar\OneDrive\Desktop\EXPLAINABLE_IRIS_PAD\Data\Raw\IIITD_Contact_Lens_Iris_DB\Vista Scanner\1\Normal\Left\5.bmp,0,0,2.232027e-06
C:\Users\sahar\OneDrive\Desktop\EXPLAINABLE_IRIS_PAD\Data\Raw\IIITD_Contact_Lens_Iris_DB\Vista Scanner\1\Normal\Right\1.bmp,0,0,1.3460524e-08
C:\Users\sahar\OneDrive\Desktop\EXPLAINABLE_IRIS_PAD\Data\Raw\IIITD_Contact_Lens_Iris_DB\Vista Scanner\1\Normal\Right\2.bmp,0,0,6.1911905e-08
C:\Users\sahar\OneDrive\Desktop\EXPLAINABLE_IRIS_PAD\Data\Raw\IIITD_Contact_Lens_Iris_DB\Vista Scanner\1\Normal\Right\3.bmp,0,0,1.2630872e-07
C:\Users\sahar\OneDrive\Desktop\EXPLAINABLE_IRIS_PAD\Data\Raw\IIITD_Contact_Lens_Iris_DB\Vista Scanner\1\Normal\Right\4.bmp,0,0,9.099651e-07
C:\Users\sahar\OneDrive\Desktop\EXPLAINABLE_IRIS_PAD\Data\Raw\IIITD_Contact_Lens_Iris_DB\Vista Scanner\1\Normal\Right\5.bmp,0,0,3.8760638e-07
C:\Users\sahar\OneDrive\Desktop\EXPLAINABLE_IRIS_PAD\Data\Raw\IIITD_Contact_Lens_Iris_DB\Vista Scanner\10\Colored\Left\1.bmp,1,1,0.9999534
C:\Users\sahar\OneDrive\Desktop\EXPLAINABLE_IRIS_PAD\Data\Raw\IIITD_Contact_Lens_Iris_DB\Vista Scanner\10\Colored\Left\2.bmp,1,1,0.9999963
C:\Users\sahar\OneDrive\Desktop\EXPLAINABLE_IRIS_PAD\Data\Raw\IIITD_Contact_Lens_Iris_DB\Vista Scanner\10\Colored\Left\3.bmp,1,1,0.99987936
C:\Users\sahar\OneDrive\Desktop\EXPLAINABLE_IRIS_PAD\Data\Raw\IIITD_Contact_Lens_Iris_DB\Vista Scanner\10\Colored\Left\4.bmp,1,1,0.99978024
C:\Users\sahar\OneDrive\Desktop\EXPLAINABLE_IRIS_PAD\Data\Raw\IIITD_Contact_Lens_Iris_DB\Vista Scanner\10\Colored\Left\5.bmp,1,1,0.99992645
C:\Users\sahar\OneDrive\Desktop\EXPLAINABLE_IRIS_PAD\Data\Raw\IIITD_Contact_Lens_Iris_DB\Vista Scanner\10\Colored\Right\1.bmp,1,1,0.99999976
C:\Users\sahar\OneDrive\Desktop\EXPLAINABLE_IRIS_PAD\Data\Raw\IIITD_Contact_Lens_Iris_DB\Vista Scanner\10\Colored\Right\2.bmp,1,1,0.9999999
C:\Users\sahar\OneDrive\Desktop\EXPLAINABLE_IRIS_PAD\Data\Raw\IIITD_Contact_Lens_Iris_DB\Vista Scanner\10\Colored\Right\3.bmp,1,1,1.0
C:\Users\sahar\OneDrive\Desktop\EXPLAINABLE_IRIS_PAD\Data\Raw\IIITD_Contact_Lens_Iris_DB\Vista Scanner\10\Colored\Right\4.bmp,1,1,0.9999994
C:\Users\sahar\OneDrive\Desktop\EXPLAINABLE_IRIS_PAD\Data\Raw\IIITD_Contact_Lens_Iris_DB\Vista Scanner\10\Colored\Right\5.bmp,1,1,0.9999993
C:\Users\sahar\OneDrive\Desktop\EXPLAINABLE_IRIS_PAD\Data\Raw\IIITD_Contact_Lens_Iris_DB\Vista Scanner\10\Normal\Left\1.bmp,0,0,5.9294714e-05
C:\Users\sahar\OneDrive\Desktop\EXPLAINABLE_IRIS_PAD\Data\Raw\IIITD_Contact_Lens_Iris_DB\Vista Scanner\10\Normal\Left\2.bmp,0,0,0.00025364198
C:\Users\sahar\OneDrive\Desktop\EXPLAINABLE_IRIS_PAD\Data\Raw\IIITD_Contact_Lens_Iris_DB\Vista Scanner\10\Normal\Left\3.bmp,0,0,0.00038845936
C:\Users\sahar\OneDrive\Desktop\EXPLAINABLE_IRIS_PAD\Data\Raw\IIITD_Contact_Lens_Iris_DB\Vista Scanner\10\Normal\Left\4.bmp,0,0,0.03480701
C:\Users\sahar\OneDrive\Desktop\EXPLAINABLE_IRIS_PAD\Data\Raw\IIITD_Contact_Lens_Iris_DB\Vista Scanner\10\Normal\Left\5.bmp,0,0,0.00043598266
C:\Users\sahar\OneDrive\Desktop\EXPLAINABLE_IRIS_PAD\Data\Raw\IIITD_Contact_Lens_Iris_DB\Vista Scanner\10\Normal\Right\1.bmp,0,0,2.4804635e-07
C:\Users\sahar\OneDrive\Desktop\EXPLAINABLE_IRIS_PAD\Data\Raw\IIITD_Contact_Lens_Iris_DB\Vista Scanner\10\Normal\Right\2.bmp,0,0,7.951502e-06
C:\Users\sahar\OneDrive\Desktop\EXPLAINABLE_IRIS_PAD\Data\Raw\IIITD_Contact_Lens_Iris_DB\Vista Scanner\10\Normal\Right\3.bmp,0,0,1.503527e-05
C:\Users\sahar\OneDrive\Desktop\EXPLAINABLE_IRIS_PAD\Data\Raw\IIITD_Contact_Lens_Iris_DB\Vista Scanner\10\Normal\Right\4.bmp,0,0,2.5565114e-06
C:\Users\sahar\OneDrive\Desktop\EXPLAINABLE_IRIS_PAD\Data\Raw\IIITD_Contact_Lens_Iris_DB\Vista Scanner\10\Normal\Right\5.bmp,0,0,1.533754e-05
C:\Users\sahar\OneDrive\Desktop\EXPLAINABLE_IRIS_PAD\Data\Raw\IIITD_Contact_Lens_Iris_DB\Vista Scanner\100\Colored\Left\1.bmp,1,1,0.99999976
C:\Users\sahar\OneDrive\Desktop\EXPLAINABLE_IRIS_PAD\Data\Raw\IIITD_Contact_Lens_Iris_DB\Vista Scanner\100\Colored\Left\2.bmp,1,1,0.99996006
C:\Users\sahar\OneDrive\Desktop\EXPLAINABLE_IRIS_PAD\Data\Raw\IIITD_Contact_Lens_Iris_DB\Vista Scanner\100\Colored\Left\3.bmp,1,1,0.99944896
C:\Users\sahar\OneDrive\Desktop\EXPLAINABLE_IRIS_PAD\Data\Raw\IIITD_Contact_Lens_Iris_DB\Vista Scanner\100\Colored\Left\4.bmp,1,1,0.99999344
C:\Users\sahar\OneDrive\Desktop\EXPLAINABLE_IRIS_PAD\Data\Raw\IIITD_Contact_Lens_Iris_DB\Vista Scanner\100\Colored\Left\5.bmp,1,1,0.99996305
C:\Users\sahar\OneDrive\Desktop\EXPLAINABLE_IRIS_PAD\Data\Raw\IIITD_Contact_Lens_Iris_DB\Vista Scanner\100\Colored\Right\1.bmp,1,1,0.9999994
C:\Users\sahar\OneDrive\Desktop\EXPLAINABLE_IRIS_PAD\Data\Raw\IIITD_Contact_Lens_Iris_DB\Vista Scanner\100\Colored\Right\2.bmp,1,1,0.99999845
C:\Users\sahar\OneDrive\Desktop\EXPLAINABLE_IRIS_PAD\Data\Raw\IIITD_Contact_Lens_Iris_DB\Vista Scanner\100\Colored\Right\3.bmp,1,1,0.999992
C:\Users\sahar\OneDrive\Desktop\EXPLAINABLE_IRIS_PAD\Data\Raw\IIITD_Contact_Lens_Iris_DB\Vista Scanner\100\Colored\Right\4.bmp,1,1,0.9999815
C:\Users\sahar\OneDrive\Desktop\EXPLAINABLE_IRIS_PAD\Data\Raw\IIITD_Contact_Lens_Iris_DB\Vista Scanner\100\Colored\Right\5.bmp,1,1,1.0
C:\Users\sahar\OneDrive\Desktop\EXPLAINABLE_IRIS_PAD\Data\Raw\IIITD_Contact_Lens_Iris_DB\Vista Scanner\100\Normal\Left\1.bmp,0,0,0.00059991004
C:\Users\sahar\OneDrive\Desktop\EXPLAINABLE_IRIS_PAD\Data\Raw\IIITD_Contact_Lens_Iris_DB\Vista Scanner\100\Normal\Left\2.bmp,0,0,0.00050232664
C:\Users\sahar\OneDrive\Desktop\EXPLAINABLE_IRIS_PAD\Data\Raw\IIITD_Contact_Lens_Iris_DB\Vista Scanner\100\Normal\Left\3.bmp,0,0,0.00013992905
C:\Users\sahar\OneDrive\Desktop\EXPLAINABLE_IRIS_PAD\Data\Raw\IIITD_Contact_Lens_Iris_DB\Vista Scanner\100\Normal\Left\4.bmp,0,0,0.00079245685
C:\Users\sahar\OneDrive\Desktop\EXPLAINABLE_IRIS_PAD\Data\Raw\IIITD_Contact_Lens_Iris_DB\Vista Scanner\100\Normal\Left\5.bmp,0,0,7.036497e-05
C:\Users\sahar\OneDrive\Desktop\EXPLAINABLE_IRIS_PAD\Data\Raw\IIITD_Contact_Lens_Iris_DB\Vista Scanner\100\Normal\Right\1.bmp,0,0,0.00025069062
C:\Users\sahar\OneDrive\Desktop\EXPLAINABLE_IRIS_PAD\Data\Raw\IIITD_Contact_Lens_Iris_DB\Vista Scanner\100\Normal\Right\2.bmp,0,0,2.9833938e-05
C:\Users\sahar\OneDrive\Desktop\EXPLAINABLE_IRIS_PAD\Data\Raw\IIITD_Contact_Lens_Iris_DB\Vista Scanner\100\Normal\Right\3.bmp,0,0,4.301737e-05
C:\Users\sahar\OneDrive\Desktop\EXPLAINABLE_IRIS_PAD\Data\Raw\IIITD_Contact_Lens_Iris_DB\Vista Scanner\100\Normal\Right\4.bmp,0,0,3.0713323e-05
C:\Users\sahar\OneDrive\Desktop\EXPLAINABLE_IRIS_PAD\Data\Raw\IIITD_Contact_Lens_Iris_DB\Vista Scanner\100\Normal\Right\5.bmp,0,0,4.298207e-05
C:\Users\sahar\OneDrive\Desktop\EXPLAINABLE_IRIS_PAD\Data\Raw\IIITD_Contact_Lens_Iris_DB\Vista Scanner\101\Colored\Left\1.bmp,1,1,0.999992
C:\Users\sahar\OneDrive\Desktop\EXPLAINABLE_IRIS_PAD\Data\Raw\IIITD_Contact_Lens_Iris_DB\Vista Scanner\101\Colored\Left\2.bmp,1,1,0.9999999
C:\Users\sahar\OneDrive\Desktop\EXPLAINABLE_IRIS_PAD\Data\Raw\IIITD_Contact_Lens_Iris_DB\Vista Scanner\101\Colored\Left\3.bmp,1,1,0.9999999
C:\Users\sahar\OneDrive\Desktop\EXPLAINABLE_IRIS_PAD\Data\Raw\IIITD_Contact_Lens_Iris_DB\Vista Scanner\101\Colored\Left\4.bmp,1,1,0.9999994
C:\Users\sahar\OneDrive\Desktop\EXPLAINABLE_IRIS_PAD\Data\Raw\IIITD_Contact_Lens_Iris_DB\Vista Scanner\101\Colored\Left\5.bmp,1,1,0.99999964
C:\Users\sahar\OneDrive\Desktop\EXPLAINABLE_IRIS_PAD\Data\Raw\IIITD_Contact_Lens_Iris_DB\Vista Scanner\101\Colored\Right\1.bmp,1,1,0.9999999
C:\Users\sahar\OneDrive\Desktop\EXPLAINABLE_IRIS_PAD\Data\Raw\IIITD_Contact_Lens_Iris_DB\Vista Scanner\101\Colored\Right\2.bmp,1,1,1.0
C:\Users\sahar\OneDrive\Desktop\EXPLAINABLE_IRIS_PAD\Data\Raw\IIITD_Contact_Lens_Iris_DB\Vista Scanner\101\Colored\Right\3.bmp,1,1,0.9999988
C:\Users\sahar\OneDrive\Desktop\EXPLAINABLE_IRIS_PAD\Data\Raw\IIITD_Contact_Lens_Iris_DB\Vista Scanner\101\Colored\Right\4.bmp,1,1,0.9999895
C:\Users\sahar\OneDrive\Desktop\EXPLAINABLE_IRIS_PAD\Data\Raw\IIITD_Contact_Lens_Iris_DB\Vista Scanner\101\Colored\Right\5.bmp,1,1,1.0
C:\Users\sahar\OneDrive\Desktop\EXPLAINABLE_IRIS_PAD\Data\Raw\IIITD_Contact_Lens_Iris_DB\Vista Scanner\101\Normal\Left\1.bmp,0,0,0.0001570141
C:\Users\sahar\OneDrive\Desktop\EXPLAINABLE_IRIS_PAD\Data\Raw\IIITD_Contact_Lens_Iris_DB\Vista Scanner\101\Normal\Left\2.bmp,0,0,6.622091e-05
C:\Users\sahar\OneDrive\Desktop\EXPLAINABLE_IRIS_PAD\Data\Raw\IIITD_Contact_Lens_Iris_DB\Vista Scanner\101\Normal\Left\3.bmp,0,0,1.8707757e-06
C:\Users\sahar\OneDrive\Desktop\EXPLAINABLE_IRIS_PAD\Data\Raw\IIITD_Contact_Lens_Iris_DB\Vista Scanner\101\Normal\Left\4.bmp,0,0,0.00017103872
C:\Users\sahar\OneDrive\Desktop\EXPLAINABLE_IRIS_PAD\Data\Raw\IIITD_Contact_Lens_Iris_DB\Vista Scanner\101\Normal\Left\5.bmp,0,0,5.8741476e-05
C:\Users\sahar\OneDrive\Desktop\EXPLAINABLE_IRIS_PAD\Data\Raw\IIITD_Contact_Lens_Iris_DB\Vista Scanner\101\Normal\Right\1.bmp,0,0,3.4705106e-05
C:\Users\sahar\OneDrive\Desktop\EXPLAINABLE_IRIS_PAD\Data\Raw\IIITD_Contact_Lens_Iris_DB\Vista Scanner\101\Normal\Right\2.bmp,0,0,5.094813e-06
C:\Users\sahar\OneDrive\Desktop\EXPLAINABLE_IRIS_PAD\Data\Raw\IIITD_Contact_Lens_Iris_DB\Vista Scanner\101\Normal\Right\3.bmp,0,0,1.4425045e-05
C:\Users\sahar\OneDrive\Desktop\EXPLAINABLE_IRIS_PAD\Data\Raw\IIITD_Contact_Lens_Iris_DB\Vista Scanner\101\Normal\Right\4.bmp,0,0,4.891847e-07
C:\Users\sahar\OneDrive\Desktop\EXPLAINABLE_IRIS_PAD\Data\Raw\IIITD_Contact_Lens_Iris_DB\Vista Scanner\101\Normal\Right\5.bmp,0,0,8.982322e-07
C:\Users\sahar\OneDrive\Desktop\EXPLAINABLE_IRIS_PAD\Data\Raw\IIITD_Contact_Lens_Iris_DB\Vista Scanner\11\Colored\Left\1.bmp,1,1,0.9999745
C:\Users\sahar\OneDrive\Desktop\EXPLAINABLE_IRIS_PAD\Data\Raw\IIITD_Contact_Lens_Iris_DB\Vista Scanner\11\Colored\Left\2.bmp,1,1,0.99998283
C:\Users\sahar\OneDrive\Desktop\EXPLAINABLE_IRIS_PAD\Data\Raw\IIITD_Contact_Lens_Iris_DB\Vista Scanner\11\Colored\Left\3.bmp,1,1,0.9991554
C:\Users\sahar\OneDrive\Desktop\EXPLAINABLE_IRIS_PAD\Data\Raw\IIITD_Contact_Lens_Iris_DB\Vista Scanner\11\Colored\Left\4.bmp,1,1,0.9999924
C:\Users\sahar\OneDrive\Desktop\EXPLAINABLE_IRIS_PAD\Data\Raw\IIITD_Contact_Lens_Iris_DB\Vista Scanner\11\Colored\Left\5.bmp,1,1,0.99998724
C:\Users\sahar\OneDrive\Desktop\EXPLAINABLE_IRIS_PAD\Data\Raw\IIITD_Contact_Lens_Iris_DB\Vista Scanner\11\Colored\Right\1.bmp,1,1,0.99993896
C:\Users\sahar\OneDrive\Desktop\EXPLAINABLE_IRIS_PAD\Data\Raw\IIITD_Contact_Lens_Iris_DB\Vista Scanner\11\Colored\Right\2.bmp,1,1,0.99998975
C:\Users\sahar\OneDrive\Desktop\EXPLAINABLE_IRIS_PAD\Data\Raw\IIITD_Contact_Lens_Iris_DB\Vista Scanner\11\Colored\Right\3.bmp,1,1,0.9999944
C:\Users\sahar\OneDrive\Desktop\EXPLAINABLE_IRIS_PAD\Data\Raw\IIITD_Contact_Lens_Iris_DB\Vista Scanner\11\Colored\Right\4.bmp,1,1,0.99954295
C:\Users\sahar\OneDrive\Desktop\EXPLAINABLE_IRIS_PAD\Data\Raw\IIITD_Contact_Lens_Iris_DB\Vista Scanner\11\Colored\Right\5.bmp,1,1,0.9999726
C:\Users\sahar\OneDrive\Desktop\EXPLAINABLE_IRIS_PAD\Data\Raw\IIITD_Contact_Lens_Iris_DB\Vista Scanner\11\Normal\Left\1.bmp,0,0,1.5622337e-06
C:\Users\sahar\OneDrive\Desktop\EXPLAINABLE_IRIS_PAD\Data\Raw\IIITD_Contact_Lens_Iris_DB\Vista Scanner\11\Normal\Left\2.bmp,0,0,3.309082e-06
C:\Users\sahar\OneDrive\Desktop\EXPLAINABLE_IRIS_PAD\Data\Raw\IIITD_Contact_Lens_Iris_DB\Vista Scanner\11\Normal\Left\3.bmp,0,0,2.6297042e-07
C:\Users\sahar\OneDrive\Desktop\EXPLAINABLE_IRIS_PAD\Data\Raw\IIITD_Contact_Lens_Iris_DB\Vista Scanner\11\Normal\Left\4.bmp,0,0,2.652635e-06
C:\Users\sahar\OneDrive\Desktop\EXPLAINABLE_IRIS_PAD\Data\Raw\IIITD_Contact_Lens_Iris_DB\Vista Scanner\11\Normal\Left\5.bmp,0,0,7.268599e-05
C:\Users\sahar\OneDrive\Desktop\EXPLAINABLE_IRIS_PAD\Data\Raw\IIITD_Contact_Lens_Iris_DB\Vista Scanner\11\Normal\Right\1.bmp,0,0,0.00010013331
C:\Users\sahar\OneDrive\Desktop\EXPLAINABLE_IRIS_PAD\Data\Raw\IIITD_Contact_Lens_Iris_DB\Vista Scanner\11\Normal\Right\2.bmp,0,0,4.2238113e-05
C:\Users\sahar\OneDrive\Desktop\EXPLAINABLE_IRIS_PAD\Data\Raw\IIITD_Contact_Lens_Iris_DB\Vista Scanner\11\Normal\Right\3.bmp,0,0,1.7020523e-06
C:\Users\sahar\OneDrive\Desktop\EXPLAINABLE_IRIS_PAD\Data\Raw\IIITD_Contact_Lens_Iris_DB\Vista Scanner\11\Normal\Right\4.bmp,0,0,2.759631e-05
C:\Users\sahar\OneDrive\Desktop\EXPLAINABLE_IRIS_PAD\Data\Raw\IIITD_Contact_Lens_Iris_DB\Vista Scanner\11\Normal\Right\5.bmp,0,0,2.7020065e-05
C:\Users\sahar\OneDrive\Desktop\EXPLAINABLE_IRIS_PAD\Data\Raw\IIITD_Contact_Lens_Iris_DB\Vista Scanner\12\Colored\Left\1.bmp,1,1,0.9999887
C:\Users\sahar\OneDrive\Desktop\EXPLAINABLE_IRIS_PAD\Data\Raw\IIITD_Contact_Lens_Iris_DB\Vista Scanner\12\Colored\Left\2.bmp,1,1,0.99998283
C:\Users\sahar\OneDrive\Desktop\EXPLAINABLE_IRIS_PAD\Data\Raw\IIITD_Contact_Lens_Iris_DB\Vista Scanner\12\Colored\Left\3.bmp,1,1,0.999889
C:\Users\sahar\OneDrive\Desktop\EXPLAINABLE_IRIS_PAD\Data\Raw\IIITD_Contact_Lens_Iris_DB\Vista Scanner\12\Colored\Left\4.bmp,1,1,0.9998839
C:\Users\sahar\OneDrive\Desktop\EXPLAINABLE_IRIS_PAD\Data\Raw\IIITD_Contact_Lens_Iris_DB\Vista Scanner\12\Colored\Left\5.bmp,1,1,0.99997115
C:\Users\sahar\OneDrive\Desktop\EXPLAINABLE_IRIS_PAD\Data\Raw\IIITD_Contact_Lens_Iris_DB\Vista Scanner\12\Colored\Right\1.bmp,1,1,0.99999845
C:\Users\sahar\OneDrive\Desktop\EXPLAINABLE_IRIS_PAD\Data\Raw\IIITD_Contact_Lens_Iris_DB\Vista Scanner\12\Colored\Right\2.bmp,1,1,0.9998301
C:\Users\sahar\OneDrive\Desktop\EXPLAINABLE_IRIS_PAD\Data\Raw\IIITD_Contact_Lens_Iris_DB\Vista Scanner\12\Colored\Right\3.bmp,1,1,0.9961255
C:\Users\sahar\OneDrive\Desktop\EXPLAINABLE_IRIS_PAD\Data\Raw\IIITD_Contact_Lens_Iris_DB\Vista Scanner\12\Colored\Right\4.bmp,1,1,0.9999646
C:\Users\sahar\OneDrive\Desktop\EXPLAINABLE_IRIS_PAD\Data\Raw\IIITD_Contact_Lens_Iris_DB\Vista Scanner\12\Colored\Right\5.bmp,1,1,0.99968624
C:\Users\sahar\OneDrive\Desktop\EXPLAINABLE_IRIS_PAD\Data\Raw\IIITD_Contact_Lens_Iris_DB\Vista Scanner\12\Normal\Left\1.bmp,0,0,7.461765e-08
C:\Users\sahar\OneDrive\Desktop\EXPLAINABLE_IRIS_PAD\Data\Raw\IIITD_Contact_Lens_Iris_DB\Vista Scanner\12\Normal\Left\2.bmp,0,0,3.7199882e-08
C:\Users\sahar\OneDrive\Desktop\EXPLAINABLE_IRIS_PAD\Data\Raw\IIITD_Contact_Lens_Iris_DB\Vista Scanner\12\Normal\Left\3.bmp,0,0,1.8265143e-07
C:\Users\sahar\OneDrive\Desktop\EXPLAINABLE_IRIS_PAD\Data\Raw\IIITD_Contact_Lens_Iris_DB\Vista Scanner\12\Normal\Left\4.bmp,0,0,4.5818643e-07
C:\Users\sahar\OneDrive\Desktop\EXPLAINABLE_IRIS_PAD\Data\Raw\IIITD_Contact_Lens_Iris_DB\Vista Scanner\12\Normal\Left\5.bmp,0,0,6.8483905e-07
C:\Users\sahar\OneDrive\Desktop\EXPLAINABLE_IRIS_PAD\Data\Raw\IIITD_Contact_Lens_Iris_DB\Vista Scanner\12\Normal\Right\1.bmp,0,0,1.9954298e-06
C:\Users\sahar\OneDrive\Desktop\EXPLAINABLE_IRIS_PAD\Data\Raw\IIITD_Contact_Lens_Iris_DB\Vista Scanner\12\Normal\Right\2.bmp,0,0,5.497452e-06
C:\Users\sahar\OneDrive\Desktop\EXPLAINABLE_IRIS_PAD\Data\Raw\IIITD_Contact_Lens_Iris_DB\Vista Scanner\12\Normal\Right\3.bmp,0,0,1.0014838e-06
C:\Users\sahar\OneDrive\Desktop\EXPLAINABLE_IRIS_PAD\Data\Raw\IIITD_Contact_Lens_Iris_DB\Vista Scanner\12\Normal\Right\4.bmp,0,0,3.4280904e-06
C:\Users\sahar\OneDrive\Desktop\EXPLAINABLE_IRIS_PAD\Data\Raw\IIITD_Contact_Lens_Iris_DB\Vista Scanner\12\Normal\Right\5.bmp,0,0,2.1132794e-06
C:\Users\sahar\OneDrive\Desktop\EXPLAINABLE_IRIS_PAD\Data\Raw\IIITD_Contact_Lens_Iris_DB\Vista Scanner\13\Colored\Left\1.bmp,1,1,0.9999988
C:\Users\sahar\OneDrive\Desktop\EXPLAINABLE_IRIS_PAD\Data\Raw\IIITD_Contact_Lens_Iris_DB\Vista Scanner\13\Colored\Left\2.bmp,1,1,0.99999917
C:\Users\sahar\OneDrive\Desktop\EXPLAINABLE_IRIS_PAD\Data\Raw\IIITD_Contact_Lens_Iris_DB\Vista Scanner\13\Colored\Left\3.bmp,1,1,1.0
C:\Users\sahar\OneDrive\Desktop\EXPLAINABLE_IRIS_PAD\Data\Raw\IIITD_Contact_Lens_Iris_DB\Vista Scanner\13\Colored\Left\4.bmp,1,1,0.99999785
C:\Users\sahar\OneDrive\Desktop\EXPLAINABLE_IRIS_PAD\Data\Raw\IIITD_Contact_Lens_Iris_DB\Vista Scanner\13\Colored\Left\5.bmp,1,1,0.99999857
C:\Users\sahar\OneDrive\Desktop\EXPLAINABLE_IRIS_PAD\Data\Raw\IIITD_Contact_Lens_Iris_DB\Vista Scanner\13\Colored\Right\1.bmp,1,1,0.99964714
C:\Users\sahar\OneDrive\Desktop\EXPLAINABLE_IRIS_PAD\Data\Raw\IIITD_Contact_Lens_Iris_DB\Vista Scanner\13\Colored\Right\2.bmp,1,1,0.99989545
C:\Users\sahar\OneDrive\Desktop\EXPLAINABLE_IRIS_PAD\Data\Raw\IIITD_Contact_Lens_Iris_DB\Vista Scanner\13\Colored\Right\3.bmp,1,1,0.99997354
C:\Users\sahar\OneDrive\Desktop\EXPLAINABLE_IRIS_PAD\Data\Raw\IIITD_Contact_Lens_Iris_DB\Vista Scanner\13\Colored\Right\4.bmp,1,1,0.9999945
C:\Users\sahar\OneDrive\Desktop\EXPLAINABLE_IRIS_PAD\Data\Raw\IIITD_Contact_Lens_Iris_DB\Vista Scanner\13\Colored\Right\5.bmp,1,1,0.9999945
C:\Users\sahar\OneDrive\Desktop\EXPLAINABLE_IRIS_PAD\Data\Raw\IIITD_Contact_Lens_Iris_DB\Vista Scanner\13\Normal\Left\1.bmp,0,0,3.9977287e-05
C:\Users\sahar\OneDrive\Desktop\EXPLAINABLE_IRIS_PAD\Data\Raw\IIITD_Contact_Lens_Iris_DB\Vista Scanner\13\Normal\Left\2.bmp,0,0,1.3540948e-07
C:\Users\sahar\OneDrive\Desktop\EXPLAINABLE_IRIS_PAD\Data\Raw\IIITD_Contact_Lens_Iris_DB\Vista Scanner\13\Normal\Left\3.bmp,0,0,4.2592424e-06
C:\Users\sahar\OneDrive\Desktop\EXPLAINABLE_IRIS_PAD\Data\Raw\IIITD_Contact_Lens_Iris_DB\Vista Scanner\13\Normal\Left\4.bmp,0,0,3.8202947e-05
C:\Users\sahar\OneDrive\Desktop\EXPLAINABLE_IRIS_PAD\Data\Raw\IIITD_Contact_Lens_Iris_DB\Vista Scanner\13\Normal\Left\5.bmp,0,0,1.1988272e-05
C:\Users\sahar\OneDrive\Desktop\EXPLAINABLE_IRIS_PAD\Data\Raw\IIITD_Contact_Lens_Iris_DB\Vista Scanner\13\Normal\Right\1.bmp,0,0,1.1601572e-08
C:\Users\sahar\OneDrive\Desktop\EXPLAINABLE_IRIS_PAD\Data\Raw\IIITD_Contact_Lens_Iris_DB\Vista Scanner\13\Normal\Right\2.bmp,0,0,3.7624352e-06
C:\Users\sahar\OneDrive\Desktop\EXPLAINABLE_IRIS_PAD\Data\Raw\IIITD_Contact_Lens_Iris_DB\Vista Scanner\13\Normal\Right\3.bmp,0,0,4.6037344e-06
C:\Users\sahar\OneDrive\Desktop\EXPLAINABLE_IRIS_PAD\Data\Raw\IIITD_Contact_Lens_Iris_DB\Vista Scanner\13\Normal\Right\4.bmp,0,0,4.9240117e-07
C:\Users\sahar\OneDrive\Desktop\EXPLAINABLE_IRIS_PAD\Data\Raw\IIITD_Contact_Lens_Iris_DB\Vista Scanner\13\Normal\Right\5.bmp,0,0,1.0087391e-06
C:\Users\sahar\OneDrive\Desktop\EXPLAINABLE_IRIS_PAD\Data\Raw\IIITD_Contact_Lens_Iris_DB\Vista Scanner\14\Colored\Left\1.bmp,1,1,0.9948991
C:\Users\sahar\OneDrive\Desktop\EXPLAINABLE_IRIS_PAD\Data\Raw\IIITD_Contact_Lens_Iris_DB\Vista Scanner\14\Colored\Left\2.bmp,1,1,0.9997936
C:\Users\sahar\OneDrive\Desktop\EXPLAINABLE_IRIS_PAD\Data\Raw\IIITD_Contact_Lens_Iris_DB\Vista Scanner\14\Colored\Left\3.bmp,1,1,0.9994935
C:\Users\sahar\OneDrive\Desktop\EXPLAINABLE_IRIS_PAD\Data\Raw\IIITD_Contact_Lens_Iris_DB\Vista Scanner\14\Colored\Left\4.bmp,1,1,0.99994993
C:\Users\sahar\OneDrive\Desktop\EXPLAINABLE_IRIS_PAD\Data\Raw\IIITD_Contact_Lens_Iris_DB\Vista Scanner\14\Colored\Left\5.bmp,1,1,0.99970764
C:\Users\sahar\OneDrive\Desktop\EXPLAINABLE_IRIS_PAD\Data\Raw\IIITD_Contact_Lens_Iris_DB\Vista Scanner\14\Colored\Right\1.bmp,1,1,0.99999547
C:\Users\sahar\OneDrive\Desktop\EXPLAINABLE_IRIS_PAD\Data\Raw\IIITD_Contact_Lens_Iris_DB\Vista Scanner\14\Colored\Right\2.bmp,1,1,0.99999917
C:\Users\sahar\OneDrive\Desktop\EXPLAINABLE_IRIS_PAD\Data\Raw\IIITD_Contact_Lens_Iris_DB\Vista Scanner\14\Colored\Right\3.bmp,1,1,0.9999999
C:\Users\sahar\OneDrive\Desktop\EXPLAINABLE_IRIS_PAD\Data\Raw\IIITD_Contact_Lens_Iris_DB\Vista Scanner\14\Colored\Right\4.bmp,1,1,0.99999905
C:\Users\sahar\OneDrive\Desktop\EXPLAINABLE_IRIS_PAD\Data\Raw\IIITD_Contact_Lens_Iris_DB\Vista Scanner\14\Colored\Right\5.bmp,1,1,0.9999981
C:\Users\sahar\OneDrive\Desktop\EXPLAINABLE_IRIS_PAD\Data\Raw\IIITD_Contact_Lens_Iris_DB\Vista Scanner\14\Normal\Left\1.bmp,0,0,8.466712e-07
C:\Users\sahar\OneDrive\Desktop\EXPLAINABLE_IRIS_PAD\Data\Raw\IIITD_Contact_Lens_Iris_DB\Vista Scanner\14\Normal\Left\2.bmp,0,0,6.0357224e-06
C:\Users\sahar\OneDrive\Desktop\EXPLAINABLE_IRIS_PAD\Data\Raw\IIITD_Contact_Lens_Iris_DB\Vista Scanner\14\Normal\Left\3.bmp,0,0,9.7552065e-06
C:\Users\sahar\OneDrive\Desktop\EXPLAINABLE_IRIS_PAD\Data\Raw\IIITD_Contact_Lens_Iris_DB\Vista Scanner\14\Normal\Left\4.bmp,0,0,1.7484496e-07
C:\Users\sahar\OneDrive\Desktop\EXPLAINABLE_IRIS_PAD\Data\Raw\IIITD_Contact_Lens_Iris_DB\Vista Scanner\14\Normal\Left\5.bmp,0,0,7.884201e-06
C:\Users\sahar\OneDrive\Desktop\EXPLAINABLE_IRIS_PAD\Data\Raw\IIITD_Contact_Lens_Iris_DB\Vista Scanner\14\Normal\Right\1.bmp,0,0,1.0742436e-06
C:\Users\sahar\OneDrive\Desktop\EXPLAINABLE_IRIS_PAD\Data\Raw\IIITD_Contact_Lens_Iris_DB\Vista Scanner\14\Normal\Right\2.bmp,0,0,1.5625168e-06
C:\Users\sahar\OneDrive\Desktop\EXPLAINABLE_IRIS_PAD\Data\Raw\IIITD_Contact_Lens_Iris_DB\Vista Scanner\14\Normal\Right\3.bmp,0,0,1.5265788e-07
C:\Users\sahar\OneDrive\Desktop\EXPLAINABLE_IRIS_PAD\Data\Raw\IIITD_Contact_Lens_Iris_DB\Vista Scanner\14\Normal\Right\4.bmp,0,0,9.554367e-07
C:\Users\sahar\OneDrive\Desktop\EXPLAINABLE_IRIS_PAD\Data\Raw\IIITD_Contact_Lens_Iris_DB\Vista Scanner\14\Normal\Right\5.bmp,0,0,6.8143963e-06
C:\Users\sahar\OneDrive\Desktop\EXPLAINABLE_IRIS_PAD\Data\Raw\IIITD_Contact_Lens_Iris_DB\Vista Scanner\15\Colored\Left\1.bmp,1,1,0.96754473
C:\Users\sahar\OneDrive\Desktop\EXPLAINABLE_IRIS_PAD\Data\Raw\IIITD_Contact_Lens_Iris_DB\Vista Scanner\15\Colored\Left\2.bmp,1,1,0.98012793
C:\Users\sahar\OneDrive\Desktop\EXPLAINABLE_IRIS_PAD\Data\Raw\IIITD_Contact_Lens_Iris_DB\Vista Scanner\15\Colored\Left\3.bmp,1,1,0.52304184
C:\Users\sahar\OneDrive\Desktop\EXPLAINABLE_IRIS_PAD\Data\Raw\IIITD_Contact_Lens_Iris_DB\Vista Scanner\15\Colored\Left\4.bmp,1,1,0.97843343
C:\Users\sahar\OneDrive\Desktop\EXPLAINABLE_IRIS_PAD\Data\Raw\IIITD_Contact_Lens_Iris_DB\Vista Scanner\15\Colored\Left\5.bmp,1,1,0.6909451
C:\Users\sahar\OneDrive\Desktop\EXPLAINABLE_IRIS_PAD\Data\Raw\IIITD_Contact_Lens_Iris_DB\Vista Scanner\15\Colored\Right\1.bmp,1,1,0.9998336
C:\Users\sahar\OneDrive\Desktop\EXPLAINABLE_IRIS_PAD\Data\Raw\IIITD_Contact_Lens_Iris_DB\Vista Scanner\15\Colored\Right\2.bmp,1,1,0.9999919
C:\Users\sahar\OneDrive\Desktop\EXPLAINABLE_IRIS_PAD\Data\Raw\IIITD_Contact_Lens_Iris_DB\Vista Scanner\15\Colored\Right\3.bmp,1,1,0.99999106
C:\Users\sahar\OneDrive\Desktop\EXPLAINABLE_IRIS_PAD\Data\Raw\IIITD_Contact_Lens_Iris_DB\Vista Scanner\15\Colored\Right\4.bmp,1,1,0.9999571
C:\Users\sahar\OneDrive\Desktop\EXPLAINABLE_IRIS_PAD\Data\Raw\IIITD_Contact_Lens_Iris_DB\Vista Scanner\15\Colored\Right\5.bmp,1,1,0.9999318
C:\Users\sahar\OneDrive\Desktop\EXPLAINABLE_IRIS_PAD\Data\Raw\IIITD_Contact_Lens_Iris_DB\Vista Scanner\15\Normal\Left\1.bmp,0,0,4.983021e-09
C:\Users\sahar\OneDrive\Desktop\EXPLAINABLE_IRIS_PAD\Data\Raw\IIITD_Contact_Lens_Iris_DB\Vista Scanner\15\Normal\Left\2.bmp,0,0,4.578682e-09
C:\Users\sahar\OneDrive\Desktop\EXPLAINABLE_IRIS_PAD\Data\Raw\IIITD_Contact_Lens_Iris_DB\Vista Scanner\15\Normal\Left\3.bmp,0,0,1.3294517e-06
C:\Users\sahar\OneDrive\Desktop\EXPLAINABLE_IRIS_PAD\Data\Raw\IIITD_Contact_Lens_Iris_DB\Vista Scanner\15\Normal\Left\4.bmp,0,0,3.568087e-08
C:\Users\sahar\OneDrive\Desktop\EXPLAINABLE_IRIS_PAD\Data\Raw\IIITD_Contact_Lens_Iris_DB\Vista Scanner\15\Normal\Left\5.bmp,0,0,2.0091697e-07
C:\Users\sahar\OneDrive\Desktop\EXPLAINABLE_IRIS_PAD\Data\Raw\IIITD_Contact_Lens_Iris_DB\Vista Scanner\15\Normal\Right\1.bmp,0,0,4.93916e-06
C:\Users\sahar\OneDrive\Desktop\EXPLAINABLE_IRIS_PAD\Data\Raw\IIITD_Contact_Lens_Iris_DB\Vista Scanner\15\Normal\Right\2.bmp,0,0,7.0899255e-06
C:\Users\sahar\OneDrive\Desktop\EXPLAINABLE_IRIS_PAD\Data\Raw\IIITD_Contact_Lens_Iris_DB\Vista Scanner\15\Normal\Right\3.bmp,0,0,2.1800065e-06
C:\Users\sahar\OneDrive\Desktop\EXPLAINABLE_IRIS_PAD\Data\Raw\IIITD_Contact_Lens_Iris_DB\Vista Scanner\15\Normal\Right\4.bmp,0,0,4.7241624e-06
C:\Users\sahar\OneDrive\Desktop\EXPLAINABLE_IRIS_PAD\Data\Raw\IIITD_Contact_Lens_Iris_DB\Vista Scanner\15\Normal\Right\5.bmp,0,0,2.281357e-05
C:\Users\sahar\OneDrive\Desktop\EXPLAINABLE_IRIS_PAD\Data\Raw\IIITD_Contact_Lens_Iris_DB\Vista Scanner\16\Colored\Left\1.bmp,1,1,0.9998288
C:\Users\sahar\OneDrive\Desktop\EXPLAINABLE_IRIS_PAD\Data\Raw\IIITD_Contact_Lens_Iris_DB\Vista Scanner\16\Colored\Left\2.bmp,1,1,0.9998958
C:\Users\sahar\OneDrive\Desktop\EXPLAINABLE_IRIS_PAD\Data\Raw\IIITD_Contact_Lens_Iris_DB\Vista Scanner\16\Colored\Left\3.bmp,1,1,0.9999579
C:\Users\sahar\OneDrive\Desktop\EXPLAINABLE_IRIS_PAD\Data\Raw\IIITD_Contact_Lens_Iris_DB\Vista Scanner\16\Colored\Left\4.bmp,1,1,0.9999831
C:\Users\sahar\OneDrive\Desktop\EXPLAINABLE_IRIS_PAD\Data\Raw\IIITD_Contact_Lens_Iris_DB\Vista Scanner\16\Colored\Left\5.bmp,1,1,0.9992048
C:\Users\sahar\OneDrive\Desktop\EXPLAINABLE_IRIS_PAD\Data\Raw\IIITD_Contact_Lens_Iris_DB\Vista Scanner\16\Colored\Right\1.bmp,1,1,0.99966896
C:\Users\sahar\OneDrive\Desktop\EXPLAINABLE_IRIS_PAD\Data\Raw\IIITD_Contact_Lens_Iris_DB\Vista Scanner\16\Colored\Right\2.bmp,1,1,0.99977
C:\Users\sahar\OneDrive\Desktop\EXPLAINABLE_IRIS_PAD\Data\Raw\IIITD_Contact_Lens_Iris_DB\Vista Scanner\16\Colored\Right\3.bmp,1,1,0.999997
C:\Users\sahar\OneDrive\Desktop\EXPLAINABLE_IRIS_PAD\Data\Raw\IIITD_Contact_Lens_Iris_DB\Vista Scanner\16\Colored\Right\4.bmp,1,1,0.99999
C:\Users\sahar\OneDrive\Desktop\EXPLAINABLE_IRIS_PAD\Data\Raw\IIITD_Contact_Lens_Iris_DB\Vista Scanner\16\Colored\Right\5.bmp,1,1,0.99999905
C:\Users\sahar\OneDrive\Desktop\EXPLAINABLE_IRIS_PAD\Data\Raw\IIITD_Contact_Lens_Iris_DB\Vista Scanner\16\Normal\Left\1.bmp,0,0,4.7046774e-06
C:\Users\sahar\OneDrive\Desktop\EXPLAINABLE_IRIS_PAD\Data\Raw\IIITD_Contact_Lens_Iris_DB\Vista Scanner\16\Normal\Left\2.bmp,0,0,2.3489488e-06
C:\Users\sahar\OneDrive\Desktop\EXPLAINABLE_IRIS_PAD\Data\Raw\IIITD_Contact_Lens_Iris_DB\Vista Scanner\16\Normal\Left\3.bmp,0,0,4.8515847e-08
C:\Users\sahar\OneDrive\Desktop\EXPLAINABLE_IRIS_PAD\Data\Raw\IIITD_Contact_Lens_Iris_DB\Vista Scanner\16\Normal\Left\4.bmp,0,0,3.8165713e-06
C:\Users\sahar\OneDrive\Desktop\EXPLAINABLE_IRIS_PAD\Data\Raw\IIITD_Contact_Lens_Iris_DB\Vista Scanner\16\Normal\Left\5.bmp,0,0,1.9444349e-07
C:\Users\sahar\OneDrive\Desktop\EXPLAINABLE_IRIS_PAD\Data\Raw\IIITD_Contact_Lens_Iris_DB\Vista Scanner\16\Normal\Right\1.bmp,0,0,7.4398645e-07
C:\Users\sahar\OneDrive\Desktop\EXPLAINABLE_IRIS_PAD\Data\Raw\IIITD_Contact_Lens_Iris_DB\Vista Scanner\16\Normal\Right\2.bmp,0,0,3.3280187e-07
C:\Users\sahar\OneDrive\Desktop\EXPLAINABLE_IRIS_PAD\Data\Raw\IIITD_Contact_Lens_Iris_DB\Vista Scanner\16\Normal\Right\3.bmp,0,0,5.163144e-06
C:\Users\sahar\OneDrive\Desktop\EXPLAINABLE_IRIS_PAD\Data\Raw\IIITD_Contact_Lens_Iris_DB\Vista Scanner\16\Normal\Right\4.bmp,0,0,2.8445725e-06
C:\Users\sahar\OneDrive\Desktop\EXPLAINABLE_IRIS_PAD\Data\Raw\IIITD_Contact_Lens_Iris_DB\Vista Scanner\16\Normal\Right\5.bmp,0,0,3.244986e-05
C:\Users\sahar\OneDrive\Desktop\EXPLAINABLE_IRIS_PAD\Data\Raw\IIITD_Contact_Lens_Iris_DB\Vista Scanner\17\Colored\Left\1.bmp,1,1,0.99999106
C:\Users\sahar\OneDrive\Desktop\EXPLAINABLE_IRIS_PAD\Data\Raw\IIITD_Contact_Lens_Iris_DB\Vista Scanner\17\Colored\Left\2.bmp,1,1,0.99926025
C:\Users\sahar\OneDrive\Desktop\EXPLAINABLE_IRIS_PAD\Data\Raw\IIITD_Contact_Lens_Iris_DB\Vista Scanner\17\Colored\Left\3.bmp,1,1,0.9998816
C:\Users\sahar\OneDrive\Desktop\EXPLAINABLE_IRIS_PAD\Data\Raw\IIITD_Contact_Lens_Iris_DB\Vista Scanner\17\Colored\Left\4.bmp,1,1,0.99999416
C:\Users\sahar\OneDrive\Desktop\EXPLAINABLE_IRIS_PAD\Data\Raw\IIITD_Contact_Lens_Iris_DB\Vista Scanner\17\Colored\Left\5.bmp,1,1,0.9999894
C:\Users\sahar\OneDrive\Desktop\EXPLAINABLE_IRIS_PAD\Data\Raw\IIITD_Contact_Lens_Iris_DB\Vista Scanner\17\Colored\Right\1.bmp,1,1,0.9999999
C:\Users\sahar\OneDrive\Desktop\EXPLAINABLE_IRIS_PAD\Data\Raw\IIITD_Contact_Lens_Iris_DB\Vista Scanner\17\Colored\Right\2.bmp,1,1,0.99999607
C:\Users\sahar\OneDrive\Desktop\EXPLAINABLE_IRIS_PAD\Data\Raw\IIITD_Contact_Lens_Iris_DB\Vista Scanner\17\Colored\Right\3.bmp,1,1,0.9999981
C:\Users\sahar\OneDrive\Desktop\EXPLAINABLE_IRIS_PAD\Data\Raw\IIITD_Contact_Lens_Iris_DB\Vista Scanner\17\Colored\Right\4.bmp,1,1,0.9999764
C:\Users\sahar\OneDrive\Desktop\EXPLAINABLE_IRIS_PAD\Data\Raw\IIITD_Contact_Lens_Iris_DB\Vista Scanner\17\Colored\Right\5.bmp,1,1,0.99998784
C:\Users\sahar\OneDrive\Desktop\EXPLAINABLE_IRIS_PAD\Data\Raw\IIITD_Contact_Lens_Iris_DB\Vista Scanner\17\Normal\Left\1.bmp,0,0,1.9742465e-06
C:\Users\sahar\OneDrive\Desktop\EXPLAINABLE_IRIS_PAD\Data\Raw\IIITD_Contact_Lens_Iris_DB\Vista Scanner\17\Normal\Left\2.bmp,0,0,1.3087066e-07
C:\Users\sahar\OneDrive\Desktop\EXPLAINABLE_IRIS_PAD\Data\Raw\IIITD_Contact_Lens_Iris_DB\Vista Scanner\17\Normal\Left\3.bmp,0,0,5.5223786e-08
C:\Users\sahar\OneDrive\Desktop\EXPLAINABLE_IRIS_PAD\Data\Raw\IIITD_Contact_Lens_Iris_DB\Vista Scanner\17\Normal\Left\4.bmp,0,0,2.6475348e-07
C:\Users\sahar\OneDrive\Desktop\EXPLAINABLE_IRIS_PAD\Data\Raw\IIITD_Contact_Lens_Iris_DB\Vista Scanner\17\Normal\Left\5.bmp,0,0,2.0240177e-06
C:\Users\sahar\OneDrive\Desktop\EXPLAINABLE_IRIS_PAD\Data\Raw\IIITD_Contact_Lens_Iris_DB\Vista Scanner\17\Normal\Right\1.bmp,0,0,2.4410773e-10
C:\Users\sahar\OneDrive\Desktop\EXPLAINABLE_IRIS_PAD\Data\Raw\IIITD_Contact_Lens_Iris_DB\Vista Scanner\17\Normal\Right\2.bmp,0,0,5.1996622e-08
C:\Users\sahar\OneDrive\Desktop\EXPLAINABLE_IRIS_PAD\Data\Raw\IIITD_Contact_Lens_Iris_DB\Vista Scanner\17\Normal\Right\3.bmp,0,0,2.3549083e-09
C:\Users\sahar\OneDrive\Desktop\EXPLAINABLE_IRIS_PAD\Data\Raw\IIITD_Contact_Lens_Iris_DB\Vista Scanner\17\Normal\Right\4.bmp,0,0,4.296223e-09
C:\Users\sahar\OneDrive\Desktop\EXPLAINABLE_IRIS_PAD\Data\Raw\IIITD_Contact_Lens_Iris_DB\Vista Scanner\17\Normal\Right\5.bmp,0,0,5.200944e-11
C:\Users\sahar\OneDrive\Desktop\EXPLAINABLE_IRIS_PAD\Data\Raw\IIITD_Contact_Lens_Iris_DB\Vista Scanner\18\Colored\Left\1.bmp,1,1,0.99994683
C:\Users\sahar\OneDrive\Desktop\EXPLAINABLE_IRIS_PAD\Data\Raw\IIITD_Contact_Lens_Iris_DB\Vista Scanner\18\Colored\Left\2.bmp,1,1,0.99999976
C:\Users\sahar\OneDrive\Desktop\EXPLAINABLE_IRIS_PAD\Data\Raw\IIITD_Contact_Lens_Iris_DB\Vista Scanner\18\Colored\Left\3.bmp,1,1,0.99996626
C:\Users\sahar\OneDrive\Desktop\EXPLAINABLE_IRIS_PAD\Data\Raw\IIITD_Contact_Lens_Iris_DB\Vista Scanner\18\Colored\Left\4.bmp,1,1,0.99995387
C:\Users\sahar\OneDrive\Desktop\EXPLAINABLE_IRIS_PAD\Data\Raw\IIITD_Contact_Lens_Iris_DB\Vista Scanner\18\Colored\Left\5.bmp,1,1,0.99999595
C:\Users\sahar\OneDrive\Desktop\EXPLAINABLE_IRIS_PAD\Data\Raw\IIITD_Contact_Lens_Iris_DB\Vista Scanner\18\Colored\Right\1.bmp,1,1,0.9999987
C:\Users\sahar\OneDrive\Desktop\EXPLAINABLE_IRIS_PAD\Data\Raw\IIITD_Contact_Lens_Iris_DB\Vista Scanner\18\Colored\Right\2.bmp,1,1,1.0
C:\Users\sahar\OneDrive\Desktop\EXPLAINABLE_IRIS_PAD\Data\Raw\IIITD_Contact_Lens_Iris_DB\Vista Scanner\18\Colored\Right\3.bmp,1,1,1.0
C:\Users\sahar\OneDrive\Desktop\EXPLAINABLE_IRIS_PAD\Data\Raw\IIITD_Contact_Lens_Iris_DB\Vista Scanner\18\Colored\Right\4.bmp,1,1,1.0
C:\Users\sahar\OneDrive\Desktop\EXPLAINABLE_IRIS_PAD\Data\Raw\IIITD_Contact_Lens_Iris_DB\Vista Scanner\18\Colored\Right\5.bmp,1,1,1.0
C:\Users\sahar\OneDrive\Desktop\EXPLAINABLE_IRIS_PAD\Data\Raw\IIITD_Contact_Lens_Iris_DB\Vista Scanner\18\Normal\Left\1.bmp,0,0,1.3182758e-06
C:\Users\sahar\OneDrive\Desktop\EXPLAINABLE_IRIS_PAD\Data\Raw\IIITD_Contact_Lens_Iris_DB\Vista Scanner\18\Normal\Left\2.bmp,0,0,1.21788135e-08
C:\Users\sahar\OneDrive\Desktop\EXPLAINABLE_IRIS_PAD\Data\Raw\IIITD_Contact_Lens_Iris_DB\Vista Scanner\18\Normal\Left\3.bmp,0,0,3.4311313e-07
C:\Users\sahar\OneDrive\Desktop\EXPLAINABLE_IRIS_PAD\Data\Raw\IIITD_Contact_Lens_Iris_DB\Vista Scanner\18\Normal\Left\4.bmp,0,0,1.1196389e-06
C:\Users\sahar\OneDrive\Desktop\EXPLAINABLE_IRIS_PAD\Data\Raw\IIITD_Contact_Lens_Iris_DB\Vista Scanner\18\Normal\Left\5.bmp,0,0,3.2762778e-06
C:\Users\sahar\OneDrive\Desktop\EXPLAINABLE_IRIS_PAD\Data\Raw\IIITD_Contact_Lens_Iris_DB\Vista Scanner\18\Normal\Right\1.bmp,0,0,1.0788657e-06
C:\Users\sahar\OneDrive\Desktop\EXPLAINABLE_IRIS_PAD\Data\Raw\IIITD_Contact_Lens_Iris_DB\Vista Scanner\18\Normal\Right\2.bmp,0,0,2.1883532e-06
C:\Users\sahar\OneDrive\Desktop\EXPLAINABLE_IRIS_PAD\Data\Raw\IIITD_Contact_Lens_Iris_DB\Vista Scanner\18\Normal\Right\3.bmp,0,0,1.1419488e-07
C:\Users\sahar\OneDrive\Desktop\EXPLAINABLE_IRIS_PAD\Data\Raw\IIITD_Contact_Lens_Iris_DB\Vista Scanner\18\Normal\Right\4.bmp,0,0,1.0500695e-06
C:\Users\sahar\OneDrive\Desktop\EXPLAINABLE_IRIS_PAD\Data\Raw\IIITD_Contact_Lens_Iris_DB\Vista Scanner\18\Normal\Right\5.bmp,0,0,3.8702756e-06
C:\Users\sahar\OneDrive\Desktop\EXPLAINABLE_IRIS_PAD\Data\Raw\IIITD_Contact_Lens_Iris_DB\Vista Scanner\19\Colored\Left\1.bmp,1,1,0.9999827
C:\Users\sahar\OneDrive\Desktop\EXPLAINABLE_IRIS_PAD\Data\Raw\IIITD_Contact_Lens_Iris_DB\Vista Scanner\19\Colored\Left\2.bmp,1,1,0.9999895
C:\Users\sahar\OneDrive\Desktop\EXPLAINABLE_IRIS_PAD\Data\Raw\IIITD_Contact_Lens_Iris_DB\Vista Scanner\19\Colored\Left\3.bmp,1,1,0.9999628
C:\Users\sahar\OneDrive\Desktop\EXPLAINABLE_IRIS_PAD\Data\Raw\IIITD_Contact_Lens_Iris_DB\Vista Scanner\19\Colored\Left\4.bmp,1,1,0.9999914
C:\Users\sahar\OneDrive\Desktop\EXPLAINABLE_IRIS_PAD\Data\Raw\IIITD_Contact_Lens_Iris_DB\Vista Scanner\19\Colored\Left\5.bmp,1,1,0.9999963
C:\Users\sahar\OneDrive\Desktop\EXPLAINABLE_IRIS_PAD\Data\Raw\IIITD_Contact_Lens_Iris_DB\Vista Scanner\19\Colored\Right\1.bmp,1,1,0.9998733
C:\Users\sahar\OneDrive\Desktop\EXPLAINABLE_IRIS_PAD\Data\Raw\IIITD_Contact_Lens_Iris_DB\Vista Scanner\19\Colored\Right\2.bmp,1,1,0.9998658
C:\Users\sahar\OneDrive\Desktop\EXPLAINABLE_IRIS_PAD\Data\Raw\IIITD_Contact_Lens_Iris_DB\Vista Scanner\19\Colored\Right\3.bmp,1,1,0.9999418
C:\Users\sahar\OneDrive\Desktop\EXPLAINABLE_IRIS_PAD\Data\Raw\IIITD_Contact_Lens_Iris_DB\Vista Scanner\19\Colored\Right\4.bmp,1,1,0.99987173
C:\Users\sahar\OneDrive\Desktop\EXPLAINABLE_IRIS_PAD\Data\Raw\IIITD_Contact_Lens_Iris_DB\Vista Scanner\19\Colored\Right\5.bmp,1,1,0.9999176
C:\Users\sahar\OneDrive\Desktop\EXPLAINABLE_IRIS_PAD\Data\Raw\IIITD_Contact_Lens_Iris_DB\Vista Scanner\19\Normal\Left\1.bmp,0,0,1.8836632e-05
C:\Users\sahar\OneDrive\Desktop\EXPLAINABLE_IRIS_PAD\Data\Raw\IIITD_Contact_Lens_Iris_DB\Vista Scanner\19\Normal\Left\2.bmp,0,0,3.5935627e-05
C:\Users\sahar\OneDrive\Desktop\EXPLAINABLE_IRIS_PAD\Data\Raw\IIITD_Contact_Lens_Iris_DB\Vista Scanner\19\Normal\Left\3.bmp,0,0,1.2605227e-05
C:\Users\sahar\OneDrive\Desktop\EXPLAINABLE_IRIS_PAD\Data\Raw\IIITD_Contact_Lens_Iris_DB\Vista Scanner\19\Normal\Left\4.bmp,0,0,1.2291948e-05
C:\Users\sahar\OneDrive\Desktop\EXPLAINABLE_IRIS_PAD\Data\Raw\IIITD_Contact_Lens_Iris_DB\Vista Scanner\19\Normal\Left\5.bmp,0,0,3.1638174e-05
C:\Users\sahar\OneDrive\Desktop\EXPLAINABLE_IRIS_PAD\Data\Raw\IIITD_Contact_Lens_Iris_DB\Vista Scanner\19\Normal\Right\1.bmp,0,0,3.8746175e-06
C:\Users\sahar\OneDrive\Desktop\EXPLAINABLE_IRIS_PAD\Data\Raw\IIITD_Contact_Lens_Iris_DB\Vista Scanner\19\Normal\Right\2.bmp,0,0,5.5802263e-07
C:\Users\sahar\OneDrive\Desktop\EXPLAINABLE_IRIS_PAD\Data\Raw\IIITD_Contact_Lens_Iris_DB\Vista Scanner\19\Normal\Right\3.bmp,0,0,2.8436902e-05
C:\Users\sahar\OneDrive\Desktop\EXPLAINABLE_IRIS_PAD\Data\Raw\IIITD_Contact_Lens_Iris_DB\Vista Scanner\19\Normal\Right\4.bmp,0,0,5.2185924e-06
C:\Users\sahar\OneDrive\Desktop\EXPLAINABLE_IRIS_PAD\Data\Raw\IIITD_Contact_Lens_Iris_DB\Vista Scanner\19\Normal\Right\5.bmp,0,0,1.1641508e-05
C:\Users\sahar\OneDrive\Desktop\EXPLAINABLE_IRIS_PAD\Data\Raw\IIITD_Contact_Lens_Iris_DB\Vista Scanner\2\Colored\Left\1.bmp,1,1,0.99998856
C:\Users\sahar\OneDrive\Desktop\EXPLAINABLE_IRIS_PAD\Data\Raw\IIITD_Contact_Lens_Iris_DB\Vista Scanner\2\Colored\Left\2.bmp,1,1,0.99991226
C:\Users\sahar\OneDrive\Desktop\EXPLAINABLE_IRIS_PAD\Data\Raw\IIITD_Contact_Lens_Iris_DB\Vista Scanner\2\Colored\Left\3.bmp,1,1,0.9983882
C:\Users\sahar\OneDrive\Desktop\EXPLAINABLE_IRIS_PAD\Data\Raw\IIITD_Contact_Lens_Iris_DB\Vista Scanner\2\Colored\Left\4.bmp,1,1,0.99907196
C:\Users\sahar\OneDrive\Desktop\EXPLAINABLE_IRIS_PAD\Data\Raw\IIITD_Contact_Lens_Iris_DB\Vista Scanner\2\Colored\Left\5.bmp,1,1,0.99160355
C:\Users\sahar\OneDrive\Desktop\EXPLAINABLE_IRIS_PAD\Data\Raw\IIITD_Contact_Lens_Iris_DB\Vista Scanner\2\Colored\Right\1.bmp,1,1,0.9952172
C:\Users\sahar\OneDrive\Desktop\EXPLAINABLE_IRIS_PAD\Data\Raw\IIITD_Contact_Lens_Iris_DB\Vista Scanner\2\Colored\Right\2.bmp,1,1,0.9998957
C:\Users\sahar\OneDrive\Desktop\EXPLAINABLE_IRIS_PAD\Data\Raw\IIITD_Contact_Lens_Iris_DB\Vista Scanner\2\Colored\Right\3.bmp,1,1,0.9989078
C:\Users\sahar\OneDrive\Desktop\EXPLAINABLE_IRIS_PAD\Data\Raw\IIITD_Contact_Lens_Iris_DB\Vista Scanner\2\Colored\Right\4.bmp,1,1,0.9997552
C:\Users\sahar\OneDrive\Desktop\EXPLAINABLE_IRIS_PAD\Data\Raw\IIITD_Contact_Lens_Iris_DB\Vista Scanner\2\Colored\Right\5.bmp,1,1,0.9973551
C:\Users\sahar\OneDrive\Desktop\EXPLAINABLE_IRIS_PAD\Data\Raw\IIITD_Contact_Lens_Iris_DB\Vista Scanner\2\Normal\Left\1.bmp,0,0,1.1799038e-05
C:\Users\sahar\OneDrive\Desktop\EXPLAINABLE_IRIS_PAD\Data\Raw\IIITD_Contact_Lens_Iris_DB\Vista Scanner\2\Normal\Left\2.bmp,0,0,0.00010283387
C:\Users\sahar\OneDrive\Desktop\EXPLAINABLE_IRIS_PAD\Data\Raw\IIITD_Contact_Lens_Iris_DB\Vista Scanner\2\Normal\Left\3.bmp,0,0,2.7868154e-07
C:\Users\sahar\OneDrive\Desktop\EXPLAINABLE_IRIS_PAD\Data\Raw\IIITD_Contact_Lens_Iris_DB\Vista Scanner\2\Normal\Left\4.bmp,0,0,0.00019250704
C:\Users\sahar\OneDrive\Desktop\EXPLAINABLE_IRIS_PAD\Data\Raw\IIITD_Contact_Lens_Iris_DB\Vista Scanner\2\Normal\Left\5.bmp,0,0,6.020873e-06
C:\Users\sahar\OneDrive\Desktop\EXPLAINABLE_IRIS_PAD\Data\Raw\IIITD_Contact_Lens_Iris_DB\Vista Scanner\2\Normal\Right\1.bmp,0,0,0.00011077511
C:\Users\sahar\OneDrive\Desktop\EXPLAINABLE_IRIS_PAD\Data\Raw\IIITD_Contact_Lens_Iris_DB\Vista Scanner\2\Normal\Right\2.bmp,0,0,3.5080939e-06
C:\Users\sahar\OneDrive\Desktop\EXPLAINABLE_IRIS_PAD\Data\Raw\IIITD_Contact_Lens_Iris_DB\Vista Scanner\2\Normal\Right\3.bmp,0,0,4.7683738e-05
C:\Users\sahar\OneDrive\Desktop\EXPLAINABLE_IRIS_PAD\Data\Raw\IIITD_Contact_Lens_Iris_DB\Vista Scanner\2\Normal\Right\4.bmp,0,0,0.00015151782
C:\Users\sahar\OneDrive\Desktop\EXPLAINABLE_IRIS_PAD\Data\Raw\IIITD_Contact_Lens_Iris_DB\Vista Scanner\2\Normal\Right\5.bmp,0,0,0.00022466214
C:\Users\sahar\OneDrive\Desktop\EXPLAINABLE_IRIS_PAD\Data\Raw\IIITD_Contact_Lens_Iris_DB\Vista Scanner\20\Colored\Left\1.bmp,1,1,0.9999974
C:\Users\sahar\OneDrive\Desktop\EXPLAINABLE_IRIS_PAD\Data\Raw\IIITD_Contact_Lens_Iris_DB\Vista Scanner\20\Colored\Left\2.bmp,1,1,0.9999994
C:\Users\sahar\OneDrive\Desktop\EXPLAINABLE_IRIS_PAD\Data\Raw\IIITD_Contact_Lens_Iris_DB\Vista Scanner\20\Colored\Left\3.bmp,1,1,0.9999988
C:\Users\sahar\OneDrive\Desktop\EXPLAINABLE_IRIS_PAD\Data\Raw\IIITD_Contact_Lens_Iris_DB\Vista Scanner\20\Colored\Left\4.bmp,1,1,0.9999461
C:\Users\sahar\OneDrive\Desktop\EXPLAINABLE_IRIS_PAD\Data\Raw\IIITD_Contact_Lens_Iris_DB\Vista Scanner\20\Colored\Left\5.bmp,1,1,0.9999883
C:\Users\sahar\OneDrive\Desktop\EXPLAINABLE_IRIS_PAD\Data\Raw\IIITD_Contact_Lens_Iris_DB\Vista Scanner\20\Colored\Right\1.bmp,1,1,0.9999895
C:\Users\sahar\OneDrive\Desktop\EXPLAINABLE_IRIS_PAD\Data\Raw\IIITD_Contact_Lens_Iris_DB\Vista Scanner\20\Colored\Right\2.bmp,1,1,0.9999864
C:\Users\sahar\OneDrive\Desktop\EXPLAINABLE_IRIS_PAD\Data\Raw\IIITD_Contact_Lens_Iris_DB\Vista Scanner\20\Colored\Right\3.bmp,1,1,0.9999554
C:\Users\sahar\OneDrive\Desktop\EXPLAINABLE_IRIS_PAD\Data\Raw\IIITD_Contact_Lens_Iris_DB\Vista Scanner\20\Colored\Right\4.bmp,1,1,0.9999933
C:\Users\sahar\OneDrive\Desktop\EXPLAINABLE_IRIS_PAD\Data\Raw\IIITD_Contact_Lens_Iris_DB\Vista Scanner\20\Colored\Right\5.bmp,1,1,0.99991584
C:\Users\sahar\OneDrive\Desktop\EXPLAINABLE_IRIS_PAD\Data\Raw\IIITD_Contact_Lens_Iris_DB\Vista Scanner\20\Normal\Left\1.bmp,0,0,0.00021773575
C:\Users\sahar\OneDrive\Desktop\EXPLAINABLE_IRIS_PAD\Data\Raw\IIITD_Contact_Lens_Iris_DB\Vista Scanner\20\Normal\Left\2.bmp,0,0,5.8695343e-05
C:\Users\sahar\OneDrive\Desktop\EXPLAINABLE_IRIS_PAD\Data\Raw\IIITD_Contact_Lens_Iris_DB\Vista Scanner\20\Normal\Left\3.bmp,0,0,3.0293135e-05
C:\Users\sahar\OneDrive\Desktop\EXPLAINABLE_IRIS_PAD\Data\Raw\IIITD_Contact_Lens_Iris_DB\Vista Scanner\20\Normal\Left\4.bmp,0,0,6.0759834e-05
C:\Users\sahar\OneDrive\Desktop\EXPLAINABLE_IRIS_PAD\Data\Raw\IIITD_Contact_Lens_Iris_DB\Vista Scanner\20\Normal\Left\5.bmp,0,0,1.2772666e-05
C:\Users\sahar\OneDrive\Desktop\EXPLAINABLE_IRIS_PAD\Data\Raw\IIITD_Contact_Lens_Iris_DB\Vista Scanner\20\Normal\Right\1.bmp,0,0,8.624382e-05
C:\Users\sahar\OneDrive\Desktop\EXPLAINABLE_IRIS_PAD\Data\Raw\IIITD_Contact_Lens_Iris_DB\Vista Scanner\20\Normal\Right\2.bmp,0,0,6.439491e-05
C:\Users\sahar\OneDrive\Desktop\EXPLAINABLE_IRIS_PAD\Data\Raw\IIITD_Contact_Lens_Iris_DB\Vista Scanner\20\Normal\Right\3.bmp,0,0,7.1080256e-05
C:\Users\sahar\OneDrive\Desktop\EXPLAINABLE_IRIS_PAD\Data\Raw\IIITD_Contact_Lens_Iris_DB\Vista Scanner\20\Normal\Right\4.bmp,0,0,4.2738006e-06
C:\Users\sahar\OneDrive\Desktop\EXPLAINABLE_IRIS_PAD\Data\Raw\IIITD_Contact_Lens_Iris_DB\Vista Scanner\20\Normal\Right\5.bmp,0,0,2.6116939e-05
C:\Users\sahar\OneDrive\Desktop\EXPLAINABLE_IRIS_PAD\Data\Raw\IIITD_Contact_Lens_Iris_DB\Vista Scanner\21\Colored\Left\1.bmp,1,1,1.0
C:\Users\sahar\OneDrive\Desktop\EXPLAINABLE_IRIS_PAD\Data\Raw\IIITD_Contact_Lens_Iris_DB\Vista Scanner\21\Colored\Left\2.bmp,1,1,0.99999976
C:\Users\sahar\OneDrive\Desktop\EXPLAINABLE_IRIS_PAD\Data\Raw\IIITD_Contact_Lens_Iris_DB\Vista Scanner\21\Colored\Left\3.bmp,1,1,1.0
C:\Users\sahar\OneDrive\Desktop\EXPLAINABLE_IRIS_PAD\Data\Raw\IIITD_Contact_Lens_Iris_DB\Vista Scanner\21\Colored\Left\4.bmp,1,1,1.0
C:\Users\sahar\OneDrive\Desktop\EXPLAINABLE_IRIS_PAD\Data\Raw\IIITD_Contact_Lens_Iris_DB\Vista Scanner\21\Colored\Left\5.bmp,1,1,0.9999999
C:\Users\sahar\OneDrive\Desktop\EXPLAINABLE_IRIS_PAD\Data\Raw\IIITD_Contact_Lens_Iris_DB\Vista Scanner\21\Colored\Right\1.bmp,1,1,0.9999962
C:\Users\sahar\OneDrive\Desktop\EXPLAINABLE_IRIS_PAD\Data\Raw\IIITD_Contact_Lens_Iris_DB\Vista Scanner\21\Colored\Right\2.bmp,1,1,0.9999894
C:\Users\sahar\OneDrive\Desktop\EXPLAINABLE_IRIS_PAD\Data\Raw\IIITD_Contact_Lens_Iris_DB\Vista Scanner\21\Colored\Right\3.bmp,1,1,0.9999765
C:\Users\sahar\OneDrive\Desktop\EXPLAINABLE_IRIS_PAD\Data\Raw\IIITD_Contact_Lens_Iris_DB\Vista Scanner\21\Colored\Right\4.bmp,1,1,0.9999405
C:\Users\sahar\OneDrive\Desktop\EXPLAINABLE_IRIS_PAD\Data\Raw\IIITD_Contact_Lens_Iris_DB\Vista Scanner\21\Colored\Right\5.bmp,1,1,0.9999324
C:\Users\sahar\OneDrive\Desktop\EXPLAINABLE_IRIS_PAD\Data\Raw\IIITD_Contact_Lens_Iris_DB\Vista Scanner\21\Normal\Left\1.bmp,0,0,1.6964783e-05
C:\Users\sahar\OneDrive\Desktop\EXPLAINABLE_IRIS_PAD\Data\Raw\IIITD_Contact_Lens_Iris_DB\Vista Scanner\21\Normal\Left\2.bmp,0,0,1.8919445e-05
C:\Users\sahar\OneDrive\Desktop\EXPLAINABLE_IRIS_PAD\Data\Raw\IIITD_Contact_Lens_Iris_DB\Vista Scanner\21\Normal\Left\3.bmp,0,0,1.9059057e-06
C:\Users\sahar\OneDrive\Desktop\EXPLAINABLE_IRIS_PAD\Data\Raw\IIITD_Contact_Lens_Iris_DB\Vista Scanner\21\Normal\Left\4.bmp,0,0,2.101906e-07
C:\Users\sahar\OneDrive\Desktop\EXPLAINABLE_IRIS_PAD\Data\Raw\IIITD_Contact_Lens_Iris_DB\Vista Scanner\21\Normal\Left\5.bmp,0,0,2.8686446e-07
C:\Users\sahar\OneDrive\Desktop\EXPLAINABLE_IRIS_PAD\Data\Raw\IIITD_Contact_Lens_Iris_DB\Vista Scanner\21\Normal\Right\1.bmp,0,0,3.7444518e-06
C:\Users\sahar\OneDrive\Desktop\EXPLAINABLE_IRIS_PAD\Data\Raw\IIITD_Contact_Lens_Iris_DB\Vista Scanner\21\Normal\Right\2.bmp,0,0,4.513735e-06
C:\Users\sahar\OneDrive\Desktop\EXPLAINABLE_IRIS_PAD\Data\Raw\IIITD_Contact_Lens_Iris_DB\Vista Scanner\21\Normal\Right\3.bmp,0,0,2.4648436e-06
C:\Users\sahar\OneDrive\Desktop\EXPLAINABLE_IRIS_PAD\Data\Raw\IIITD_Contact_Lens_Iris_DB\Vista Scanner\21\Normal\Right\4.bmp,0,0,5.6435766e-07
C:\Users\sahar\OneDrive\Desktop\EXPLAINABLE_IRIS_PAD\Data\Raw\IIITD_Contact_Lens_Iris_DB\Vista Scanner\21\Normal\Right\5.bmp,0,0,2.6585866e-07
C:\Users\sahar\OneDrive\Desktop\EXPLAINABLE_IRIS_PAD\Data\Raw\IIITD_Contact_Lens_Iris_DB\Vista Scanner\22\Colored\Left\1.bmp,1,1,0.9999912
C:\Users\sahar\OneDrive\Desktop\EXPLAINABLE_IRIS_PAD\Data\Raw\IIITD_Contact_Lens_Iris_DB\Vista Scanner\22\Colored\Left\2.bmp,1,1,0.99999917
C:\Users\sahar\OneDrive\Desktop\EXPLAINABLE_IRIS_PAD\Data\Raw\IIITD_Contact_Lens_Iris_DB\Vista Scanner\22\Colored\Left\3.bmp,1,1,0.9999852
C:\Users\sahar\OneDrive\Desktop\EXPLAINABLE_IRIS_PAD\Data\Raw\IIITD_Contact_Lens_Iris_DB\Vista Scanner\22\Colored\Left\4.bmp,1,1,0.99997604
C:\Users\sahar\OneDrive\Desktop\EXPLAINABLE_IRIS_PAD\Data\Raw\IIITD_Contact_Lens_Iris_DB\Vista Scanner\22\Colored\Left\5.bmp,1,1,0.9999894
C:\Users\sahar\OneDrive\Desktop\EXPLAINABLE_IRIS_PAD\Data\Raw\IIITD_Contact_Lens_Iris_DB\Vista Scanner\22\Colored\Right\1.bmp,1,1,0.9997681
C:\Users\sahar\OneDrive\Desktop\EXPLAINABLE_IRIS_PAD\Data\Raw\IIITD_Contact_Lens_Iris_DB\Vista Scanner\22\Colored\Right\2.bmp,1,1,0.99994504
C:\Users\sahar\OneDrive\Desktop\EXPLAINABLE_IRIS_PAD\Data\Raw\IIITD_Contact_Lens_Iris_DB\Vista Scanner\22\Colored\Right\3.bmp,1,1,0.9999968
C:\Users\sahar\OneDrive\Desktop\EXPLAINABLE_IRIS_PAD\Data\Raw\IIITD_Contact_Lens_Iris_DB\Vista Scanner\22\Colored\Right\4.bmp,1,1,0.9999994
C:\Users\sahar\OneDrive\Desktop\EXPLAINABLE_IRIS_PAD\Data\Raw\IIITD_Contact_Lens_Iris_DB\Vista Scanner\22\Colored\Right\5.bmp,1,1,0.9999918
C:\Users\sahar\OneDrive\Desktop\EXPLAINABLE_IRIS_PAD\Data\Raw\IIITD_Contact_Lens_Iris_DB\Vista Scanner\22\Normal\Left\1.bmp,0,0,5.6955258e-05
C:\Users\sahar\OneDrive\Desktop\EXPLAINABLE_IRIS_PAD\Data\Raw\IIITD_Contact_Lens_Iris_DB\Vista Scanner\22\Normal\Left\2.bmp,0,0,5.6177475e-07
C:\Users\sahar\OneDrive\Desktop\EXPLAINABLE_IRIS_PAD\Data\Raw\IIITD_Contact_Lens_Iris_DB\Vista Scanner\22\Normal\Left\3.bmp,0,0,7.5651546e-06
C:\Users\sahar\OneDrive\Desktop\EXPLAINABLE_IRIS_PAD\Data\Raw\IIITD_Contact_Lens_Iris_DB\Vista Scanner\22\Normal\Left\4.bmp,0,0,0.0003467878
C:\Users\sahar\OneDrive\Desktop\EXPLAINABLE_IRIS_PAD\Data\Raw\IIITD_Contact_Lens_Iris_DB\Vista Scanner\22\Normal\Left\5.bmp,0,0,3.2242755e-05
C:\Users\sahar\OneDrive\Desktop\EXPLAINABLE_IRIS_PAD\Data\Raw\IIITD_Contact_Lens_Iris_DB\Vista Scanner\22\Normal\Right\1.bmp,0,0,5.8197035e-08
C:\Users\sahar\OneDrive\Desktop\EXPLAINABLE_IRIS_PAD\Data\Raw\IIITD_Contact_Lens_Iris_DB\Vista Scanner\22\Normal\Right\2.bmp,0,0,4.96689e-09
C:\Users\sahar\OneDrive\Desktop\EXPLAINABLE_IRIS_PAD\Data\Raw\IIITD_Contact_Lens_Iris_DB\Vista Scanner\22\Normal\Right\3.bmp,0,0,2.827719e-08
C:\Users\sahar\OneDrive\Desktop\EXPLAINABLE_IRIS_PAD\Data\Raw\IIITD_Contact_Lens_Iris_DB\Vista Scanner\22\Normal\Right\4.bmp,0,0,1.5945218e-06
C:\Users\sahar\OneDrive\Desktop\EXPLAINABLE_IRIS_PAD\Data\Raw\IIITD_Contact_Lens_Iris_DB\Vista Scanner\22\Normal\Right\5.bmp,0,0,7.67453e-07
C:\Users\sahar\OneDrive\Desktop\EXPLAINABLE_IRIS_PAD\Data\Raw\IIITD_Contact_Lens_Iris_DB\Vista Scanner\23\Colored\Left\1.bmp,1,1,1.0
C:\Users\sahar\OneDrive\Desktop\EXPLAINABLE_IRIS_PAD\Data\Raw\IIITD_Contact_Lens_Iris_DB\Vista Scanner\23\Colored\Left\2.bmp,1,1,1.0
C:\Users\sahar\OneDrive\Desktop\EXPLAINABLE_IRIS_PAD\Data\Raw\IIITD_Contact_Lens_Iris_DB\Vista Scanner\23\Colored\Left\3.bmp,1,1,1.0
C:\Users\sahar\OneDrive\Desktop\EXPLAINABLE_IRIS_PAD\Data\Raw\IIITD_Contact_Lens_Iris_DB\Vista Scanner\23\Colored\Left\4.bmp,1,1,1.0
C:\Users\sahar\OneDrive\Desktop\EXPLAINABLE_IRIS_PAD\Data\Raw\IIITD_Contact_Lens_Iris_DB\Vista Scanner\23\Colored\Left\5.bmp,1,1,1.0
C:\Users\sahar\OneDrive\Desktop\EXPLAINABLE_IRIS_PAD\Data\Raw\IIITD_Contact_Lens_Iris_DB\Vista Scanner\23\Colored\Right\1.bmp,1,1,0.9999851
C:\Users\sahar\OneDrive\Desktop\EXPLAINABLE_IRIS_PAD\Data\Raw\IIITD_Contact_Lens_Iris_DB\Vista Scanner\23\Colored\Right\2.bmp,1,1,0.9999734
C:\Users\sahar\OneDrive\Desktop\EXPLAINABLE_IRIS_PAD\Data\Raw\IIITD_Contact_Lens_Iris_DB\Vista Scanner\23\Colored\Right\3.bmp,1,1,0.99999475
C:\Users\sahar\OneDrive\Desktop\EXPLAINABLE_IRIS_PAD\Data\Raw\IIITD_Contact_Lens_Iris_DB\Vista Scanner\23\Colored\Right\4.bmp,1,1,1.0
C:\Users\sahar\OneDrive\Desktop\EXPLAINABLE_IRIS_PAD\Data\Raw\IIITD_Contact_Lens_Iris_DB\Vista Scanner\23\Colored\Right\5.bmp,1,1,0.9999808
C:\Users\sahar\OneDrive\Desktop\EXPLAINABLE_IRIS_PAD\Data\Raw\IIITD_Contact_Lens_Iris_DB\Vista Scanner\23\Normal\Left\1.bmp,0,0,6.3009105e-07
C:\Users\sahar\OneDrive\Desktop\EXPLAINABLE_IRIS_PAD\Data\Raw\IIITD_Contact_Lens_Iris_DB\Vista Scanner\23\Normal\Left\2.bmp,0,0,1.929345e-06
C:\Users\sahar\OneDrive\Desktop\EXPLAINABLE_IRIS_PAD\Data\Raw\IIITD_Contact_Lens_Iris_DB\Vista Scanner\23\Normal\Left\3.bmp,0,0,2.564408e-07
C:\Users\sahar\OneDrive\Desktop\EXPLAINABLE_IRIS_PAD\Data\Raw\IIITD_Contact_Lens_Iris_DB\Vista Scanner\23\Normal\Left\4.bmp,0,0,6.170477e-08
C:\Users\sahar\OneDrive\Desktop\EXPLAINABLE_IRIS_PAD\Data\Raw\IIITD_Contact_Lens_Iris_DB\Vista Scanner\23\Normal\Left\5.bmp,0,0,4.3812489e-07
C:\Users\sahar\OneDrive\Desktop\EXPLAINABLE_IRIS_PAD\Data\Raw\IIITD_Contact_Lens_Iris_DB\Vista Scanner\23\Normal\Right\1.bmp,0,0,4.558753e-09
C:\Users\sahar\OneDrive\Desktop\EXPLAINABLE_IRIS_PAD\Data\Raw\IIITD_Contact_Lens_Iris_DB\Vista Scanner\23\Normal\Right\2.bmp,0,0,8.65923e-09
C:\Users\sahar\OneDrive\Desktop\EXPLAINABLE_IRIS_PAD\Data\Raw\IIITD_Contact_Lens_Iris_DB\Vista Scanner\23\Normal\Right\3.bmp,0,0,1.098763e-07
C:\Users\sahar\OneDrive\Desktop\EXPLAINABLE_IRIS_PAD\Data\Raw\IIITD_Contact_Lens_Iris_DB\Vista Scanner\23\Normal\Right\4.bmp,0,0,2.1349769e-10
C:\Users\sahar\OneDrive\Desktop\EXPLAINABLE_IRIS_PAD\Data\Raw\IIITD_Contact_Lens_Iris_DB\Vista Scanner\23\Normal\Right\5.bmp,0,0,3.7887666e-08
C:\Users\sahar\OneDrive\Desktop\EXPLAINABLE_IRIS_PAD\Data\Raw\IIITD_Contact_Lens_Iris_DB\Vista Scanner\24\Colored\Left\1.bmp,1,1,0.99852765
C:\Users\sahar\OneDrive\Desktop\EXPLAINABLE_IRIS_PAD\Data\Raw\IIITD_Contact_Lens_Iris_DB\Vista Scanner\24\Colored\Left\2.bmp,1,1,0.9993992
C:\Users\sahar\OneDrive\Desktop\EXPLAINABLE_IRIS_PAD\Data\Raw\IIITD_Contact_Lens_Iris_DB\Vista Scanner\24\Colored\Left\3.bmp,1,1,0.9998758
C:\Users\sahar\OneDrive\Desktop\EXPLAINABLE_IRIS_PAD\Data\Raw\IIITD_Contact_Lens_Iris_DB\Vista Scanner\24\Colored\Left\4.bmp,1,1,0.9952703
C:\Users\sahar\OneDrive\Desktop\EXPLAINABLE_IRIS_PAD\Data\Raw\IIITD_Contact_Lens_Iris_DB\Vista Scanner\24\Colored\Left\5.bmp,1,1,0.99988604
C:\Users\sahar\OneDrive\Desktop\EXPLAINABLE_IRIS_PAD\Data\Raw\IIITD_Contact_Lens_Iris_DB\Vista Scanner\24\Colored\Right\1.bmp,1,1,0.9988971
C:\Users\sahar\OneDrive\Desktop\EXPLAINABLE_IRIS_PAD\Data\Raw\IIITD_Contact_Lens_Iris_DB\Vista Scanner\24\Colored\Right\2.bmp,1,1,0.99982053
C:\Users\sahar\OneDrive\Desktop\EXPLAINABLE_IRIS_PAD\Data\Raw\IIITD_Contact_Lens_Iris_DB\Vista Scanner\24\Colored\Right\3.bmp,1,1,0.9998857
C:\Users\sahar\OneDrive\Desktop\EXPLAINABLE_IRIS_PAD\Data\Raw\IIITD_Contact_Lens_Iris_DB\Vista Scanner\24\Colored\Right\4.bmp,1,1,0.99940157
C:\Users\sahar\OneDrive\Desktop\EXPLAINABLE_IRIS_PAD\Data\Raw\IIITD_Contact_Lens_Iris_DB\Vista Scanner\24\Colored\Right\5.bmp,1,1,0.99995947
C:\Users\sahar\OneDrive\Desktop\EXPLAINABLE_IRIS_PAD\Data\Raw\IIITD_Contact_Lens_Iris_DB\Vista Scanner\24\Normal\Left\1.bmp,0,0,1.4542497e-06
C:\Users\sahar\OneDrive\Desktop\EXPLAINABLE_IRIS_PAD\Data\Raw\IIITD_Contact_Lens_Iris_DB\Vista Scanner\24\Normal\Left\2.bmp,0,0,1.1137466e-05
C:\Users\sahar\OneDrive\Desktop\EXPLAINABLE_IRIS_PAD\Data\Raw\IIITD_Contact_Lens_Iris_DB\Vista Scanner\24\Normal\Left\3.bmp,0,0,3.0260887e-06
C:\Users\sahar\OneDrive\Desktop\EXPLAINABLE_IRIS_PAD\Data\Raw\IIITD_Contact_Lens_Iris_DB\Vista Scanner\24\Normal\Left\4.bmp,0,0,4.8160935e-05
C:\Users\sahar\OneDrive\Desktop\EXPLAINABLE_IRIS_PAD\Data\Raw\IIITD_Contact_Lens_Iris_DB\Vista Scanner\24\Normal\Left\5.bmp,0,0,0.000104119055
C:\Users\sahar\OneDrive\Desktop\EXPLAINABLE_IRIS_PAD\Data\Raw\IIITD_Contact_Lens_Iris_DB\Vista Scanner\24\Normal\Right\1.bmp,0,0,9.6278156e-05
C:\Users\sahar\OneDrive\Desktop\EXPLAINABLE_IRIS_PAD\Data\Raw\IIITD_Contact_Lens_Iris_DB\Vista Scanner\24\Normal\Right\2.bmp,0,0,6.75192e-05
C:\Users\sahar\OneDrive\Desktop\EXPLAINABLE_IRIS_PAD\Data\Raw\IIITD_Contact_Lens_Iris_DB\Vista Scanner\24\Normal\Right\3.bmp,0,0,0.00024551293
C:\Users\sahar\OneDrive\Desktop\EXPLAINABLE_IRIS_PAD\Data\Raw\IIITD_Contact_Lens_Iris_DB\Vista Scanner\24\Normal\Right\4.bmp,0,0,0.000691729
C:\Users\sahar\OneDrive\Desktop\EXPLAINABLE_IRIS_PAD\Data\Raw\IIITD_Contact_Lens_Iris_DB\Vista Scanner\24\Normal\Right\5.bmp,0,0,1.44706655e-05
C:\Users\sahar\OneDrive\Desktop\EXPLAINABLE_IRIS_PAD\Data\Raw\IIITD_Contact_Lens_Iris_DB\Vista Scanner\25\Colored\Left\1.bmp,1,1,0.999915
C:\Users\sahar\OneDrive\Desktop\EXPLAINABLE_IRIS_PAD\Data\Raw\IIITD_Contact_Lens_Iris_DB\Vista Scanner\25\Colored\Left\2.bmp,1,1,0.99999964
C:\Users\sahar\OneDrive\Desktop\EXPLAINABLE_IRIS_PAD\Data\Raw\IIITD_Contact_Lens_Iris_DB\Vista Scanner\25\Colored\Left\3.bmp,1,1,0.9997373
C:\Users\sahar\OneDrive\Desktop\EXPLAINABLE_IRIS_PAD\Data\Raw\IIITD_Contact_Lens_Iris_DB\Vista Scanner\25\Colored\Left\4.bmp,1,1,0.99997175
C:\Users\sahar\OneDrive\Desktop\EXPLAINABLE_IRIS_PAD\Data\Raw\IIITD_Contact_Lens_Iris_DB\Vista Scanner\25\Colored\Left\5.bmp,1,1,1.0
C:\Users\sahar\OneDrive\Desktop\EXPLAINABLE_IRIS_PAD\Data\Raw\IIITD_Contact_Lens_Iris_DB\Vista Scanner\25\Colored\Right\1.bmp,1,1,0.9999981
C:\Users\sahar\OneDrive\Desktop\EXPLAINABLE_IRIS_PAD\Data\Raw\IIITD_Contact_Lens_Iris_DB\Vista Scanner\25\Colored\Right\2.bmp,1,1,0.9999994
C:\Users\sahar\OneDrive\Desktop\EXPLAINABLE_IRIS_PAD\Data\Raw\IIITD_Contact_Lens_Iris_DB\Vista Scanner\25\Colored\Right\3.bmp,1,1,0.9998703
C:\Users\sahar\OneDrive\Desktop\EXPLAINABLE_IRIS_PAD\Data\Raw\IIITD_Contact_Lens_Iris_DB\Vista Scanner\25\Colored\Right\4.bmp,1,1,0.9999989
C:\Users\sahar\OneDrive\Desktop\EXPLAINABLE_IRIS_PAD\Data\Raw\IIITD_Contact_Lens_Iris_DB\Vista Scanner\25\Colored\Right\5.bmp,1,1,0.99999654
C:\Users\sahar\OneDrive\Desktop\EXPLAINABLE_IRIS_PAD\Data\Raw\IIITD_Contact_Lens_Iris_DB\Vista Scanner\25\Normal\Left\1.bmp,0,0,1.5600554e-07
C:\Users\sahar\OneDrive\Desktop\EXPLAINABLE_IRIS_PAD\Data\Raw\IIITD_Contact_Lens_Iris_DB\Vista Scanner\25\Normal\Left\2.bmp,0,0,9.377229e-07
C:\Users\sahar\OneDrive\Desktop\EXPLAINABLE_IRIS_PAD\Data\Raw\IIITD_Contact_Lens_Iris_DB\Vista Scanner\25\Normal\Left\3.bmp,0,0,1.1986162e-07
C:\Users\sahar\OneDrive\Desktop\EXPLAINABLE_IRIS_PAD\Data\Raw\IIITD_Contact_Lens_Iris_DB\Vista Scanner\25\Normal\Left\4.bmp,0,0,4.736433e-06
C:\Users\sahar\OneDrive\Desktop\EXPLAINABLE_IRIS_PAD\Data\Raw\IIITD_Contact_Lens_Iris_DB\Vista Scanner\25\Normal\Left\5.bmp,0,0,4.6121752e-07
C:\Users\sahar\OneDrive\Desktop\EXPLAINABLE_IRIS_PAD\Data\Raw\IIITD_Contact_Lens_Iris_DB\Vista Scanner\25\Normal\Right\1.bmp,0,0,7.6520436e-08
C:\Users\sahar\OneDrive\Desktop\EXPLAINABLE_IRIS_PAD\Data\Raw\IIITD_Contact_Lens_Iris_DB\Vista Scanner\25\Normal\Right\2.bmp,0,0,1.6334232e-05
C:\Users\sahar\OneDrive\Desktop\EXPLAINABLE_IRIS_PAD\Data\Raw\IIITD_Contact_Lens_Iris_DB\Vista Scanner\25\Normal\Right\3.bmp,0,0,7.507232e-07
C:\Users\sahar\OneDrive\Desktop\EXPLAINABLE_IRIS_PAD\Data\Raw\IIITD_Contact_Lens_Iris_DB\Vista Scanner\25\Normal\Right\4.bmp,0,0,2.652998e-05
C:\Users\sahar\OneDrive\Desktop\EXPLAINABLE_IRIS_PAD\Data\Raw\IIITD_Contact_Lens_Iris_DB\Vista Scanner\25\Normal\Right\5.bmp,0,0,3.517072e-05
C:\Users\sahar\OneDrive\Desktop\EXPLAINABLE_IRIS_PAD\Data\Raw\IIITD_Contact_Lens_Iris_DB\Vista Scanner\26\Colored\Left\1.bmp,1,1,0.9999428
C:\Users\sahar\OneDrive\Desktop\EXPLAINABLE_IRIS_PAD\Data\Raw\IIITD_Contact_Lens_Iris_DB\Vista Scanner\26\Colored\Left\2.bmp,1,1,0.9998234
C:\Users\sahar\OneDrive\Desktop\EXPLAINABLE_IRIS_PAD\Data\Raw\IIITD_Contact_Lens_Iris_DB\Vista Scanner\26\Colored\Left\3.bmp,1,1,0.9997863
C:\Users\sahar\OneDrive\Desktop\EXPLAINABLE_IRIS_PAD\Data\Raw\IIITD_Contact_Lens_Iris_DB\Vista Scanner\26\Colored\Left\4.bmp,1,1,0.99988234
C:\Users\sahar\OneDrive\Desktop\EXPLAINABLE_IRIS_PAD\Data\Raw\IIITD_Contact_Lens_Iris_DB\Vista Scanner\26\Colored\Left\5.bmp,1,1,0.9999746
C:\Users\sahar\OneDrive\Desktop\EXPLAINABLE_IRIS_PAD\Data\Raw\IIITD_Contact_Lens_Iris_DB\Vista Scanner\26\Colored\Right\1.bmp,1,1,0.99998176
C:\Users\sahar\OneDrive\Desktop\EXPLAINABLE_IRIS_PAD\Data\Raw\IIITD_Contact_Lens_Iris_DB\Vista Scanner\26\Colored\Right\2.bmp,1,1,0.99998856
C:\Users\sahar\OneDrive\Desktop\EXPLAINABLE_IRIS_PAD\Data\Raw\IIITD_Contact_Lens_Iris_DB\Vista Scanner\26\Colored\Right\3.bmp,1,1,0.9999778
C:\Users\sahar\OneDrive\Desktop\EXPLAINABLE_IRIS_PAD\Data\Raw\IIITD_Contact_Lens_Iris_DB\Vista Scanner\26\Colored\Right\4.bmp,1,1,0.9999542
C:\Users\sahar\OneDrive\Desktop\EXPLAINABLE_IRIS_PAD\Data\Raw\IIITD_Contact_Lens_Iris_DB\Vista Scanner\26\Colored\Right\5.bmp,1,1,0.9999064
C:\Users\sahar\OneDrive\Desktop\EXPLAINABLE_IRIS_PAD\Data\Raw\IIITD_Contact_Lens_Iris_DB\Vista Scanner\26\Normal\Left\1.bmp,0,0,0.00046372673
C:\Users\sahar\OneDrive\Desktop\EXPLAINABLE_IRIS_PAD\Data\Raw\IIITD_Contact_Lens_Iris_DB\Vista Scanner\26\Normal\Left\2.bmp,0,0,0.00013339864
C:\Users\sahar\OneDrive\Desktop\EXPLAINABLE_IRIS_PAD\Data\Raw\IIITD_Contact_Lens_Iris_DB\Vista Scanner\26\Normal\Left\3.bmp,0,0,7.156178e-05
C:\Users\sahar\OneDrive\Desktop\EXPLAINABLE_IRIS_PAD\Data\Raw\IIITD_Contact_Lens_Iris_DB\Vista Scanner\26\Normal\Left\4.bmp,0,0,0.000103737126
C:\Users\sahar\OneDrive\Desktop\EXPLAINABLE_IRIS_PAD\Data\Raw\IIITD_Contact_Lens_Iris_DB\Vista Scanner\26\Normal\Left\5.bmp,0,0,0.00011021089
C:\Users\sahar\OneDrive\Desktop\EXPLAINABLE_IRIS_PAD\Data\Raw\IIITD_Contact_Lens_Iris_DB\Vista Scanner\26\Normal\Right\1.bmp,0,0,5.0457256e-08
C:\Users\sahar\OneDrive\Desktop\EXPLAINABLE_IRIS_PAD\Data\Raw\IIITD_Contact_Lens_Iris_DB\Vista Scanner\26\Normal\Right\2.bmp,0,0,7.4633226e-07
C:\Users\sahar\OneDrive\Desktop\EXPLAINABLE_IRIS_PAD\Data\Raw\IIITD_Contact_Lens_Iris_DB\Vista Scanner\26\Normal\Right\3.bmp,0,0,6.6703876e-08
C:\Users\sahar\OneDrive\Desktop\EXPLAINABLE_IRIS_PAD\Data\Raw\IIITD_Contact_Lens_Iris_DB\Vista Scanner\26\Normal\Right\4.bmp,0,0,2.0075277e-06
C:\Users\sahar\OneDrive\Desktop\EXPLAINABLE_IRIS_PAD\Data\Raw\IIITD_Contact_Lens_Iris_DB\Vista Scanner\26\Normal\Right\5.bmp,0,0,3.7831563e-07
C:\Users\sahar\OneDrive\Desktop\EXPLAINABLE_IRIS_PAD\Data\Raw\IIITD_Contact_Lens_Iris_DB\Vista Scanner\27\Colored\Left\1.bmp,1,1,1.0
C:\Users\sahar\OneDrive\Desktop\EXPLAINABLE_IRIS_PAD\Data\Raw\IIITD_Contact_Lens_Iris_DB\Vista Scanner\27\Colored\Left\2.bmp,1,1,1.0
C:\Users\sahar\OneDrive\Desktop\EXPLAINABLE_IRIS_PAD\Data\Raw\IIITD_Contact_Lens_Iris_DB\Vista Scanner\27\Colored\Left\3.bmp,1,1,0.9999999
C:\Users\sahar\OneDrive\Desktop\EXPLAINABLE_IRIS_PAD\Data\Raw\IIITD_Contact_Lens_Iris_DB\Vista Scanner\27\Colored\Left\4.bmp,1,1,0.9999999
C:\Users\sahar\OneDrive\Desktop\EXPLAINABLE_IRIS_PAD\Data\Raw\IIITD_Contact_Lens_Iris_DB\Vista Scanner\27\Colored\Left\5.bmp,1,1,0.99993384
C:\Users\sahar\OneDrive\Desktop\EXPLAINABLE_IRIS_PAD\Data\Raw\IIITD_Contact_Lens_Iris_DB\Vista Scanner\27\Colored\Right\1.bmp,1,1,0.9992743
C:\Users\sahar\OneDrive\Desktop\EXPLAINABLE_IRIS_PAD\Data\Raw\IIITD_Contact_Lens_Iris_DB\Vista Scanner\27\Colored\Right\2.bmp,1,1,0.9999981
C:\Users\sahar\OneDrive\Desktop\EXPLAINABLE_IRIS_PAD\Data\Raw\IIITD_Contact_Lens_Iris_DB\Vista Scanner\27\Colored\Right\3.bmp,1,1,0.996777
C:\Users\sahar\OneDrive\Desktop\EXPLAINABLE_IRIS_PAD\Data\Raw\IIITD_Contact_Lens_Iris_DB\Vista Scanner\27\Colored\Right\4.bmp,1,1,0.9998578
C:\Users\sahar\OneDrive\Desktop\EXPLAINABLE_IRIS_PAD\Data\Raw\IIITD_Contact_Lens_Iris_DB\Vista Scanner\27\Colored\Right\5.bmp,1,1,0.9999188
C:\Users\sahar\OneDrive\Desktop\EXPLAINABLE_IRIS_PAD\Data\Raw\IIITD_Contact_Lens_Iris_DB\Vista Scanner\27\Normal\Left\1.bmp,0,0,0.000247426
C:\Users\sahar\OneDrive\Desktop\EXPLAINABLE_IRIS_PAD\Data\Raw\IIITD_Contact_Lens_Iris_DB\Vista Scanner\27\Normal\Left\2.bmp,0,0,7.1600676e-05
C:\Users\sahar\OneDrive\Desktop\EXPLAINABLE_IRIS_PAD\Data\Raw\IIITD_Contact_Lens_Iris_DB\Vista Scanner\27\Normal\Left\3.bmp,0,0,7.292809e-05
C:\Users\sahar\OneDrive\Desktop\EXPLAINABLE_IRIS_PAD\Data\Raw\IIITD_Contact_Lens_Iris_DB\Vista Scanner\27\Normal\Left\4.bmp,0,0,6.319182e-05
C:\Users\sahar\OneDrive\Desktop\EXPLAINABLE_IRIS_PAD\Data\Raw\IIITD_Contact_Lens_Iris_DB\Vista Scanner\27\Normal\Left\5.bmp,0,0,7.094224e-05
C:\Users\sahar\OneDrive\Desktop\EXPLAINABLE_IRIS_PAD\Data\Raw\IIITD_Contact_Lens_Iris_DB\Vista Scanner\27\Normal\Right\1.bmp,0,0,1.37846e-07
C:\Users\sahar\OneDrive\Desktop\EXPLAINABLE_IRIS_PAD\Data\Raw\IIITD_Contact_Lens_Iris_DB\Vista Scanner\27\Normal\Right\2.bmp,0,0,4.0517693e-07
C:\Users\sahar\OneDrive\Desktop\EXPLAINABLE_IRIS_PAD\Data\Raw\IIITD_Contact_Lens_Iris_DB\Vista Scanner\27\Normal\Right\3.bmp,0,0,5.0215407e-05
C:\Users\sahar\OneDrive\Desktop\EXPLAINABLE_IRIS_PAD\Data\Raw\IIITD_Contact_Lens_Iris_DB\Vista Scanner\27\Normal\Right\4.bmp,0,0,9.700452e-08
C:\Users\sahar\OneDrive\Desktop\EXPLAINABLE_IRIS_PAD\Data\Raw\IIITD_Contact_Lens_Iris_DB\Vista Scanner\27\Normal\Right\5.bmp,0,0,1.218045e-05
C:\Users\sahar\OneDrive\Desktop\EXPLAINABLE_IRIS_PAD\Data\Raw\IIITD_Contact_Lens_Iris_DB\Vista Scanner\28\Colored\Left\1.bmp,1,1,1.0
C:\Users\sahar\OneDrive\Desktop\EXPLAINABLE_IRIS_PAD\Data\Raw\IIITD_Contact_Lens_Iris_DB\Vista Scanner\28\Colored\Left\2.bmp,1,1,1.0
C:\Users\sahar\OneDrive\Desktop\EXPLAINABLE_IRIS_PAD\Data\Raw\IIITD_Contact_Lens_Iris_DB\Vista Scanner\28\Colored\Left\3.bmp,1,1,1.0
C:\Users\sahar\OneDrive\Desktop\EXPLAINABLE_IRIS_PAD\Data\Raw\IIITD_Contact_Lens_Iris_DB\Vista Scanner\28\Colored\Left\4.bmp,1,1,1.0
C:\Users\sahar\OneDrive\Desktop\EXPLAINABLE_IRIS_PAD\Data\Raw\IIITD_Contact_Lens_Iris_DB\Vista Scanner\28\Colored\Left\5.bmp,1,1,1.0
C:\Users\sahar\OneDrive\Desktop\EXPLAINABLE_IRIS_PAD\Data\Raw\IIITD_Contact_Lens_Iris_DB\Vista Scanner\28\Colored\Right\1.bmp,1,1,0.99999785
C:\Users\sahar\OneDrive\Desktop\EXPLAINABLE_IRIS_PAD\Data\Raw\IIITD_Contact_Lens_Iris_DB\Vista Scanner\28\Colored\Right\2.bmp,1,1,0.9999999
C:\Users\sahar\OneDrive\Desktop\EXPLAINABLE_IRIS_PAD\Data\Raw\IIITD_Contact_Lens_Iris_DB\Vista Scanner\28\Colored\Right\3.bmp,1,1,0.9999995
C:\Users\sahar\OneDrive\Desktop\EXPLAINABLE_IRIS_PAD\Data\Raw\IIITD_Contact_Lens_Iris_DB\Vista Scanner\28\Colored\Right\4.bmp,1,1,0.9999995
C:\Users\sahar\OneDrive\Desktop\EXPLAINABLE_IRIS_PAD\Data\Raw\IIITD_Contact_Lens_Iris_DB\Vista Scanner\28\Colored\Right\5.bmp,1,1,0.9999981
C:\Users\sahar\OneDrive\Desktop\EXPLAINABLE_IRIS_PAD\Data\Raw\IIITD_Contact_Lens_Iris_DB\Vista Scanner\28\Normal\Left\1.bmp,0,0,1.4405018e-06
C:\Users\sahar\OneDrive\Desktop\EXPLAINABLE_IRIS_PAD\Data\Raw\IIITD_Contact_Lens_Iris_DB\Vista Scanner\28\Normal\Left\2.bmp,0,0,1.1713796e-05
C:\Users\sahar\OneDrive\Desktop\EXPLAINABLE_IRIS_PAD\Data\Raw\IIITD_Contact_Lens_Iris_DB\Vista Scanner\28\Normal\Left\3.bmp,0,0,4.647401e-06
C:\Users\sahar\OneDrive\Desktop\EXPLAINABLE_IRIS_PAD\Data\Raw\IIITD_Contact_Lens_Iris_DB\Vista Scanner\28\Normal\Left\4.bmp,0,0,1.2720699e-05
C:\Users\sahar\OneDrive\Desktop\EXPLAINABLE_IRIS_PAD\Data\Raw\IIITD_Contact_Lens_Iris_DB\Vista Scanner\28\Normal\Left\5.bmp,0,0,1.1847115e-05
C:\Users\sahar\OneDrive\Desktop\EXPLAINABLE_IRIS_PAD\Data\Raw\IIITD_Contact_Lens_Iris_DB\Vista Scanner\28\Normal\Right\1.bmp,0,0,1.5660031e-07
C:\Users\sahar\OneDrive\Desktop\EXPLAINABLE_IRIS_PAD\Data\Raw\IIITD_Contact_Lens_Iris_DB\Vista Scanner\28\Normal\Right\2.bmp,0,0,1.7121622e-06
C:\Users\sahar\OneDrive\Desktop\EXPLAINABLE_IRIS_PAD\Data\Raw\IIITD_Contact_Lens_Iris_DB\Vista Scanner\28\Normal\Right\3.bmp,0,0,4.0064552e-07
C:\Users\sahar\OneDrive\Desktop\EXPLAINABLE_IRIS_PAD\Data\Raw\IIITD_Contact_Lens_Iris_DB\Vista Scanner\28\Normal\Right\4.bmp,0,0,4.5007397e-08
C:\Users\sahar\OneDrive\Desktop\EXPLAINABLE_IRIS_PAD\Data\Raw\IIITD_Contact_Lens_Iris_DB\Vista Scanner\28\Normal\Right\5.bmp,0,0,3.0984056e-06
C:\Users\sahar\OneDrive\Desktop\EXPLAINABLE_IRIS_PAD\Data\Raw\IIITD_Contact_Lens_Iris_DB\Vista Scanner\29\Colored\Left\1.bmp,1,1,1.0
C:\Users\sahar\OneDrive\Desktop\EXPLAINABLE_IRIS_PAD\Data\Raw\IIITD_Contact_Lens_Iris_DB\Vista Scanner\29\Colored\Left\2.bmp,1,1,0.99999845
C:\Users\sahar\OneDrive\Desktop\EXPLAINABLE_IRIS_PAD\Data\Raw\IIITD_Contact_Lens_Iris_DB\Vista Scanner\29\Colored\Left\3.bmp,1,1,1.0
C:\Users\sahar\OneDrive\Desktop\EXPLAINABLE_IRIS_PAD\Data\Raw\IIITD_Contact_Lens_Iris_DB\Vista Scanner\29\Colored\Left\4.bmp,1,1,0.9999999
C:\Users\sahar\OneDrive\Desktop\EXPLAINABLE_IRIS_PAD\Data\Raw\IIITD_Contact_Lens_Iris_DB\Vista Scanner\29\Colored\Left\5.bmp,1,1,1.0
C:\Users\sahar\OneDrive\Desktop\EXPLAINABLE_IRIS_PAD\Data\Raw\IIITD_Contact_Lens_Iris_DB\Vista Scanner\29\Colored\Right\1.bmp,1,1,0.9999999
C:\Users\sahar\OneDrive\Desktop\EXPLAINABLE_IRIS_PAD\Data\Raw\IIITD_Contact_Lens_Iris_DB\Vista Scanner\29\Colored\Right\2.bmp,1,1,0.9999999
C:\Users\sahar\OneDrive\Desktop\EXPLAINABLE_IRIS_PAD\Data\Raw\IIITD_Contact_Lens_Iris_DB\Vista Scanner\29\Colored\Right\3.bmp,1,1,1.0
C:\Users\sahar\OneDrive\Desktop\EXPLAINABLE_IRIS_PAD\Data\Raw\IIITD_Contact_Lens_Iris_DB\Vista Scanner\29\Colored\Right\4.bmp,1,1,0.99999905
C:\Users\sahar\OneDrive\Desktop\EXPLAINABLE_IRIS_PAD\Data\Raw\IIITD_Contact_Lens_Iris_DB\Vista Scanner\29\Colored\Right\5.bmp,1,1,1.0
C:\Users\sahar\OneDrive\Desktop\EXPLAINABLE_IRIS_PAD\Data\Raw\IIITD_Contact_Lens_Iris_DB\Vista Scanner\29\Normal\Left\1.bmp,0,0,3.5440269e-06
C:\Users\sahar\OneDrive\Desktop\EXPLAINABLE_IRIS_PAD\Data\Raw\IIITD_Contact_Lens_Iris_DB\Vista Scanner\29\Normal\Left\2.bmp,0,0,1.891929e-06
C:\Users\sahar\OneDrive\Desktop\EXPLAINABLE_IRIS_PAD\Data\Raw\IIITD_Contact_Lens_Iris_DB\Vista Scanner\29\Normal\Left\3.bmp,0,0,2.3143282e-06
C:\Users\sahar\OneDrive\Desktop\EXPLAINABLE_IRIS_PAD\Data\Raw\IIITD_Contact_Lens_Iris_DB\Vista Scanner\29\Normal\Left\4.bmp,0,0,2.9157934e-09
C:\Users\sahar\OneDrive\Desktop\EXPLAINABLE_IRIS_PAD\Data\Raw\IIITD_Contact_Lens_Iris_DB\Vista Scanner\29\Normal\Left\5.bmp,0,0,6.787707e-08
C:\Users\sahar\OneDrive\Desktop\EXPLAINABLE_IRIS_PAD\Data\Raw\IIITD_Contact_Lens_Iris_DB\Vista Scanner\29\Normal\Right\1.bmp,0,0,7.405433e-07
C:\Users\sahar\OneDrive\Desktop\EXPLAINABLE_IRIS_PAD\Data\Raw\IIITD_Contact_Lens_Iris_DB\Vista Scanner\29\Normal\Right\2.bmp,0,0,2.9081895e-07
C:\Users\sahar\OneDrive\Desktop\EXPLAINABLE_IRIS_PAD\Data\Raw\IIITD_Contact_Lens_Iris_DB\Vista Scanner\29\Normal\Right\3.bmp,0,0,7.333005e-07
C:\Users\sahar\OneDrive\Desktop\EXPLAINABLE_IRIS_PAD\Data\Raw\IIITD_Contact_Lens_Iris_DB\Vista Scanner\29\Normal\Right\4.bmp,0,0,3.3614765e-07
C:\Users\sahar\OneDrive\Desktop\EXPLAINABLE_IRIS_PAD\Data\Raw\IIITD_Contact_Lens_Iris_DB\Vista Scanner\29\Normal\Right\5.bmp,0,0,3.897934e-08
C:\Users\sahar\OneDrive\Desktop\EXPLAINABLE_IRIS_PAD\Data\Raw\IIITD_Contact_Lens_Iris_DB\Vista Scanner\3\Colored\Left\1.bmp,1,1,0.999819
C:\Users\sahar\OneDrive\Desktop\EXPLAINABLE_IRIS_PAD\Data\Raw\IIITD_Contact_Lens_Iris_DB\Vista Scanner\3\Colored\Left\2.bmp,1,1,0.99989784
C:\Users\sahar\OneDrive\Desktop\EXPLAINABLE_IRIS_PAD\Data\Raw\IIITD_Contact_Lens_Iris_DB\Vista Scanner\3\Colored\Left\3.bmp,1,1,0.9995103
C:\Users\sahar\OneDrive\Desktop\EXPLAINABLE_IRIS_PAD\Data\Raw\IIITD_Contact_Lens_Iris_DB\Vista Scanner\3\Colored\Left\4.bmp,1,1,0.9999602
C:\Users\sahar\OneDrive\Desktop\EXPLAINABLE_IRIS_PAD\Data\Raw\IIITD_Contact_Lens_Iris_DB\Vista Scanner\3\Colored\Left\5.bmp,1,1,0.9998988
C:\Users\sahar\OneDrive\Desktop\EXPLAINABLE_IRIS_PAD\Data\Raw\IIITD_Contact_Lens_Iris_DB\Vista Scanner\3\Colored\Right\1.bmp,1,1,0.9999976
C:\Users\sahar\OneDrive\Desktop\EXPLAINABLE_IRIS_PAD\Data\Raw\IIITD_Contact_Lens_Iris_DB\Vista Scanner\3\Colored\Right\2.bmp,1,1,0.9999994
C:\Users\sahar\OneDrive\Desktop\EXPLAINABLE_IRIS_PAD\Data\Raw\IIITD_Contact_Lens_Iris_DB\Vista Scanner\3\Colored\Right\3.bmp,1,1,0.9999896
C:\Users\sahar\OneDrive\Desktop\EXPLAINABLE_IRIS_PAD\Data\Raw\IIITD_Contact_Lens_Iris_DB\Vista Scanner\3\Colored\Right\4.bmp,1,1,0.99998605
C:\Users\sahar\OneDrive\Desktop\EXPLAINABLE_IRIS_PAD\Data\Raw\IIITD_Contact_Lens_Iris_DB\Vista Scanner\3\Colored\Right\5.bmp,1,1,0.9999994
C:\Users\sahar\OneDrive\Desktop\EXPLAINABLE_IRIS_PAD\Data\Raw\IIITD_Contact_Lens_Iris_DB\Vista Scanner\3\Normal\Left\1.bmp,0,0,2.02678e-06
C:\Users\sahar\OneDrive\Desktop\EXPLAINABLE_IRIS_PAD\Data\Raw\IIITD_Contact_Lens_Iris_DB\Vista Scanner\3\Normal\Left\2.bmp,0,0,5.809605e-07
C:\Users\sahar\OneDrive\Desktop\EXPLAINABLE_IRIS_PAD\Data\Raw\IIITD_Contact_Lens_Iris_DB\Vista Scanner\3\Normal\Left\3.bmp,0,0,8.832868e-06
C:\Users\sahar\OneDrive\Desktop\EXPLAINABLE_IRIS_PAD\Data\Raw\IIITD_Contact_Lens_Iris_DB\Vista Scanner\3\Normal\Left\4.bmp,0,0,7.6295413e-07
C:\Users\sahar\OneDrive\Desktop\EXPLAINABLE_IRIS_PAD\Data\Raw\IIITD_Contact_Lens_Iris_DB\Vista Scanner\3\Normal\Left\5.bmp,0,0,1.5774652e-06
C:\Users\sahar\OneDrive\Desktop\EXPLAINABLE_IRIS_PAD\Data\Raw\IIITD_Contact_Lens_Iris_DB\Vista Scanner\3\Normal\Right\1.bmp,0,0,2.0745706e-06
C:\Users\sahar\OneDrive\Desktop\EXPLAINABLE_IRIS_PAD\Data\Raw\IIITD_Contact_Lens_Iris_DB\Vista Scanner\3\Normal\Right\2.bmp,0,0,6.1963336e-05
C:\Users\sahar\OneDrive\Desktop\EXPLAINABLE_IRIS_PAD\Data\Raw\IIITD_Contact_Lens_Iris_DB\Vista Scanner\3\Normal\Right\3.bmp,0,0,8.654479e-06
C:\Users\sahar\OneDrive\Desktop\EXPLAINABLE_IRIS_PAD\Data\Raw\IIITD_Contact_Lens_Iris_DB\Vista Scanner\3\Normal\Right\4.bmp,0,0,7.3434603e-07
C:\Users\sahar\OneDrive\Desktop\EXPLAINABLE_IRIS_PAD\Data\Raw\IIITD_Contact_Lens_Iris_DB\Vista Scanner\3\Normal\Right\5.bmp,0,0,1.2378976e-05
C:\Users\sahar\OneDrive\Desktop\EXPLAINABLE_IRIS_PAD\Data\Raw\IIITD_Contact_Lens_Iris_DB\Vista Scanner\30\Colored\Left\1.bmp,1,1,0.9999665
C:\Users\sahar\OneDrive\Desktop\EXPLAINABLE_IRIS_PAD\Data\Raw\IIITD_Contact_Lens_Iris_DB\Vista Scanner\30\Colored\Left\2.bmp,1,1,0.9999882
C:\Users\sahar\OneDrive\Desktop\EXPLAINABLE_IRIS_PAD\Data\Raw\IIITD_Contact_Lens_Iris_DB\Vista Scanner\30\Colored\Left\3.bmp,1,1,0.9999994
C:\Users\sahar\OneDrive\Desktop\EXPLAINABLE_IRIS_PAD\Data\Raw\IIITD_Contact_Lens_Iris_DB\Vista Scanner\30\Colored\Left\4.bmp,1,1,0.9999976
C:\Users\sahar\OneDrive\Desktop\EXPLAINABLE_IRIS_PAD\Data\Raw\IIITD_Contact_Lens_Iris_DB\Vista Scanner\30\Colored\Left\5.bmp,1,1,0.9999629
C:\Users\sahar\OneDrive\Desktop\EXPLAINABLE_IRIS_PAD\Data\Raw\IIITD_Contact_Lens_Iris_DB\Vista Scanner\30\Colored\Right\1.bmp,1,1,0.9999957
C:\Users\sahar\OneDrive\Desktop\EXPLAINABLE_IRIS_PAD\Data\Raw\IIITD_Contact_Lens_Iris_DB\Vista Scanner\30\Colored\Right\2.bmp,1,1,0.99999905
C:\Users\sahar\OneDrive\Desktop\EXPLAINABLE_IRIS_PAD\Data\Raw\IIITD_Contact_Lens_Iris_DB\Vista Scanner\30\Colored\Right\3.bmp,1,1,1.0
C:\Users\sahar\OneDrive\Desktop\EXPLAINABLE_IRIS_PAD\Data\Raw\IIITD_Contact_Lens_Iris_DB\Vista Scanner\30\Colored\Right\4.bmp,1,1,0.9999999
C:\Users\sahar\OneDrive\Desktop\EXPLAINABLE_IRIS_PAD\Data\Raw\IIITD_Contact_Lens_Iris_DB\Vista Scanner\30\Colored\Right\5.bmp,1,1,0.99999964
C:\Users\sahar\OneDrive\Desktop\EXPLAINABLE_IRIS_PAD\Data\Raw\IIITD_Contact_Lens_Iris_DB\Vista Scanner\30\Normal\Left\1.bmp,0,0,2.608179e-08
C:\Users\sahar\OneDrive\Desktop\EXPLAINABLE_IRIS_PAD\Data\Raw\IIITD_Contact_Lens_Iris_DB\Vista Scanner\30\Normal\Left\2.bmp,0,0,1.6076731e-06
C:\Users\sahar\OneDrive\Desktop\EXPLAINABLE_IRIS_PAD\Data\Raw\IIITD_Contact_Lens_Iris_DB\Vista Scanner\30\Normal\Left\3.bmp,0,0,2.0909488e-06
C:\Users\sahar\OneDrive\Desktop\EXPLAINABLE_IRIS_PAD\Data\Raw\IIITD_Contact_Lens_Iris_DB\Vista Scanner\30\Normal\Left\4.bmp,0,0,1.2714018e-07
C:\Users\sahar\OneDrive\Desktop\EXPLAINABLE_IRIS_PAD\Data\Raw\IIITD_Contact_Lens_Iris_DB\Vista Scanner\30\Normal\Left\5.bmp,0,0,2.3672176e-07
C:\Users\sahar\OneDrive\Desktop\EXPLAINABLE_IRIS_PAD\Data\Raw\IIITD_Contact_Lens_Iris_DB\Vista Scanner\30\Normal\Right\1.bmp,0,0,1.0356913e-06
C:\Users\sahar\OneDrive\Desktop\EXPLAINABLE_IRIS_PAD\Data\Raw\IIITD_Contact_Lens_Iris_DB\Vista Scanner\30\Normal\Right\2.bmp,0,0,1.6793728e-09
C:\Users\sahar\OneDrive\Desktop\EXPLAINABLE_IRIS_PAD\Data\Raw\IIITD_Contact_Lens_Iris_DB\Vista Scanner\30\Normal\Right\3.bmp,0,0,2.1506262e-06
C:\Users\sahar\OneDrive\Desktop\EXPLAINABLE_IRIS_PAD\Data\Raw\IIITD_Contact_Lens_Iris_DB\Vista Scanner\30\Normal\Right\4.bmp,0,0,5.7090114e-05
C:\Users\sahar\OneDrive\Desktop\EXPLAINABLE_IRIS_PAD\Data\Raw\IIITD_Contact_Lens_Iris_DB\Vista Scanner\30\Normal\Right\5.bmp,0,0,1.851313e-06
C:\Users\sahar\OneDrive\Desktop\EXPLAINABLE_IRIS_PAD\Data\Raw\IIITD_Contact_Lens_Iris_DB\Vista Scanner\31\Colored\Left\1.bmp,1,1,0.97774553
C:\Users\sahar\OneDrive\Desktop\EXPLAINABLE_IRIS_PAD\Data\Raw\IIITD_Contact_Lens_Iris_DB\Vista Scanner\31\Colored\Left\2.bmp,1,1,0.99930644
C:\Users\sahar\OneDrive\Desktop\EXPLAINABLE_IRIS_PAD\Data\Raw\IIITD_Contact_Lens_Iris_DB\Vista Scanner\31\Colored\Left\3.bmp,1,1,0.9936411
C:\Users\sahar\OneDrive\Desktop\EXPLAINABLE_IRIS_PAD\Data\Raw\IIITD_Contact_Lens_Iris_DB\Vista Scanner\31\Colored\Left\4.bmp,1,1,0.98423356
C:\Users\sahar\OneDrive\Desktop\EXPLAINABLE_IRIS_PAD\Data\Raw\IIITD_Contact_Lens_Iris_DB\Vista Scanner\31\Colored\Left\5.bmp,1,1,0.9996511
C:\Users\sahar\OneDrive\Desktop\EXPLAINABLE_IRIS_PAD\Data\Raw\IIITD_Contact_Lens_Iris_DB\Vista Scanner\31\Colored\Right\1.bmp,1,1,0.9941122
C:\Users\sahar\OneDrive\Desktop\EXPLAINABLE_IRIS_PAD\Data\Raw\IIITD_Contact_Lens_Iris_DB\Vista Scanner\31\Colored\Right\2.bmp,1,1,0.9276859
C:\Users\sahar\OneDrive\Desktop\EXPLAINABLE_IRIS_PAD\Data\Raw\IIITD_Contact_Lens_Iris_DB\Vista Scanner\31\Colored\Right\3.bmp,1,1,0.9966468
C:\Users\sahar\OneDrive\Desktop\EXPLAINABLE_IRIS_PAD\Data\Raw\IIITD_Contact_Lens_Iris_DB\Vista Scanner\31\Colored\Right\4.bmp,1,1,0.97245806
C:\Users\sahar\OneDrive\Desktop\EXPLAINABLE_IRIS_PAD\Data\Raw\IIITD_Contact_Lens_Iris_DB\Vista Scanner\31\Colored\Right\5.bmp,1,1,0.9769795
C:\Users\sahar\OneDrive\Desktop\EXPLAINABLE_IRIS_PAD\Data\Raw\IIITD_Contact_Lens_Iris_DB\Vista Scanner\31\Normal\Left\1.bmp,0,0,7.130958e-07
C:\Users\sahar\OneDrive\Desktop\EXPLAINABLE_IRIS_PAD\Data\Raw\IIITD_Contact_Lens_Iris_DB\Vista Scanner\31\Normal\Left\2.bmp,0,0,6.5983926e-07
C:\Users\sahar\OneDrive\Desktop\EXPLAINABLE_IRIS_PAD\Data\Raw\IIITD_Contact_Lens_Iris_DB\Vista Scanner\31\Normal\Left\3.bmp,0,0,5.583505e-07
C:\Users\sahar\OneDrive\Desktop\EXPLAINABLE_IRIS_PAD\Data\Raw\IIITD_Contact_Lens_Iris_DB\Vista Scanner\31\Normal\Left\4.bmp,0,0,8.080125e-07
C:\Users\sahar\OneDrive\Desktop\EXPLAINABLE_IRIS_PAD\Data\Raw\IIITD_Contact_Lens_Iris_DB\Vista Scanner\31\Normal\Left\5.bmp,0,0,1.3731425e-06
C:\Users\sahar\OneDrive\Desktop\EXPLAINABLE_IRIS_PAD\Data\Raw\IIITD_Contact_Lens_Iris_DB\Vista Scanner\31\Normal\Right\1.bmp,0,0,1.3105116e-06
C:\Users\sahar\OneDrive\Desktop\EXPLAINABLE_IRIS_PAD\Data\Raw\IIITD_Contact_Lens_Iris_DB\Vista Scanner\31\Normal\Right\2.bmp,0,0,6.2095132e-06
C:\Users\sahar\OneDrive\Desktop\EXPLAINABLE_IRIS_PAD\Data\Raw\IIITD_Contact_Lens_Iris_DB\Vista Scanner\31\Normal\Right\3.bmp,0,0,9.427889e-06
C:\Users\sahar\OneDrive\Desktop\EXPLAINABLE_IRIS_PAD\Data\Raw\IIITD_Contact_Lens_Iris_DB\Vista Scanner\31\Normal\Right\4.bmp,0,0,1.8810839e-06
C:\Users\sahar\OneDrive\Desktop\EXPLAINABLE_IRIS_PAD\Data\Raw\IIITD_Contact_Lens_Iris_DB\Vista Scanner\31\Normal\Right\5.bmp,0,0,8.5280806e-07
C:\Users\sahar\OneDrive\Desktop\EXPLAINABLE_IRIS_PAD\Data\Raw\IIITD_Contact_Lens_Iris_DB\Vista Scanner\32\Colored\Left\1.bmp,1,1,0.99999785
C:\Users\sahar\OneDrive\Desktop\EXPLAINABLE_IRIS_PAD\Data\Raw\IIITD_Contact_Lens_Iris_DB\Vista Scanner\32\Colored\Left\2.bmp,1,1,0.9999989
C:\Users\sahar\OneDrive\Desktop\EXPLAINABLE_IRIS_PAD\Data\Raw\IIITD_Contact_Lens_Iris_DB\Vista Scanner\32\Colored\Left\3.bmp,1,1,0.9999994
C:\Users\sahar\OneDrive\Desktop\EXPLAINABLE_IRIS_PAD\Data\Raw\IIITD_Contact_Lens_Iris_DB\Vista Scanner\32\Colored\Left\4.bmp,1,1,0.9999993
C:\Users\sahar\OneDrive\Desktop\EXPLAINABLE_IRIS_PAD\Data\Raw\IIITD_Contact_Lens_Iris_DB\Vista Scanner\32\Colored\Left\5.bmp,1,1,0.9999995
C:\Users\sahar\OneDrive\Desktop\EXPLAINABLE_IRIS_PAD\Data\Raw\IIITD_Contact_Lens_Iris_DB\Vista Scanner\32\Colored\Right\1.bmp,1,1,0.99999976
C:\Users\sahar\OneDrive\Desktop\EXPLAINABLE_IRIS_PAD\Data\Raw\IIITD_Contact_Lens_Iris_DB\Vista Scanner\32\Colored\Right\2.bmp,1,1,0.9999701
C:\Users\sahar\OneDrive\Desktop\EXPLAINABLE_IRIS_PAD\Data\Raw\IIITD_Contact_Lens_Iris_DB\Vista Scanner\32\Colored\Right\3.bmp,1,1,0.99983585
C:\Users\sahar\OneDrive\Desktop\EXPLAINABLE_IRIS_PAD\Data\Raw\IIITD_Contact_Lens_Iris_DB\Vista Scanner\32\Colored\Right\4.bmp,1,1,0.99991035
C:\Users\sahar\OneDrive\Desktop\EXPLAINABLE_IRIS_PAD\Data\Raw\IIITD_Contact_Lens_Iris_DB\Vista Scanner\32\Colored\Right\5.bmp,1,1,0.9999685
C:\Users\sahar\OneDrive\Desktop\EXPLAINABLE_IRIS_PAD\Data\Raw\IIITD_Contact_Lens_Iris_DB\Vista Scanner\32\Normal\Left\1.bmp,0,0,4.8463125e-06
C:\Users\sahar\OneDrive\Desktop\EXPLAINABLE_IRIS_PAD\Data\Raw\IIITD_Contact_Lens_Iris_DB\Vista Scanner\32\Normal\Left\2.bmp,0,0,7.994608e-06
C:\Users\sahar\OneDrive\Desktop\EXPLAINABLE_IRIS_PAD\Data\Raw\IIITD_Contact_Lens_Iris_DB\Vista Scanner\32\Normal\Left\3.bmp,0,0,0.00023780506
C:\Users\sahar\OneDrive\Desktop\EXPLAINABLE_IRIS_PAD\Data\Raw\IIITD_Contact_Lens_Iris_DB\Vista Scanner\32\Normal\Left\4.bmp,0,0,6.4231017e-07
C:\Users\sahar\OneDrive\Desktop\EXPLAINABLE_IRIS_PAD\Data\Raw\IIITD_Contact_Lens_Iris_DB\Vista Scanner\32\Normal\Left\5.bmp,0,0,3.575879e-06
C:\Users\sahar\OneDrive\Desktop\EXPLAINABLE_IRIS_PAD\Data\Raw\IIITD_Contact_Lens_Iris_DB\Vista Scanner\32\Normal\Right\1.bmp,0,0,1.9843168e-05
C:\Users\sahar\OneDrive\Desktop\EXPLAINABLE_IRIS_PAD\Data\Raw\IIITD_Contact_Lens_Iris_DB\Vista Scanner\32\Normal\Right\2.bmp,0,0,0.00011813033
C:\Users\sahar\OneDrive\Desktop\EXPLAINABLE_IRIS_PAD\Data\Raw\IIITD_Contact_Lens_Iris_DB\Vista Scanner\32\Normal\Right\3.bmp,0,0,6.562152e-07
C:\Users\sahar\OneDrive\Desktop\EXPLAINABLE_IRIS_PAD\Data\Raw\IIITD_Contact_Lens_Iris_DB\Vista Scanner\32\Normal\Right\4.bmp,0,0,6.953252e-05
C:\Users\sahar\OneDrive\Desktop\EXPLAINABLE_IRIS_PAD\Data\Raw\IIITD_Contact_Lens_Iris_DB\Vista Scanner\32\Normal\Right\5.bmp,0,0,4.0244737e-05
C:\Users\sahar\OneDrive\Desktop\EXPLAINABLE_IRIS_PAD\Data\Raw\IIITD_Contact_Lens_Iris_DB\Vista Scanner\33\Colored\Left\1.bmp,1,1,0.999908
C:\Users\sahar\OneDrive\Desktop\EXPLAINABLE_IRIS_PAD\Data\Raw\IIITD_Contact_Lens_Iris_DB\Vista Scanner\33\Colored\Left\2.bmp,1,1,0.99986935
C:\Users\sahar\OneDrive\Desktop\EXPLAINABLE_IRIS_PAD\Data\Raw\IIITD_Contact_Lens_Iris_DB\Vista Scanner\33\Colored\Left\3.bmp,1,1,0.99989974
C:\Users\sahar\OneDrive\Desktop\EXPLAINABLE_IRIS_PAD\Data\Raw\IIITD_Contact_Lens_Iris_DB\Vista Scanner\33\Colored\Left\4.bmp,1,1,0.99907184
C:\Users\sahar\OneDrive\Desktop\EXPLAINABLE_IRIS_PAD\Data\Raw\IIITD_Contact_Lens_Iris_DB\Vista Scanner\33\Colored\Left\5.bmp,1,1,0.99998915
C:\Users\sahar\OneDrive\Desktop\EXPLAINABLE_IRIS_PAD\Data\Raw\IIITD_Contact_Lens_Iris_DB\Vista Scanner\33\Colored\Right\1.bmp,1,1,0.99986017
C:\Users\sahar\OneDrive\Desktop\EXPLAINABLE_IRIS_PAD\Data\Raw\IIITD_Contact_Lens_Iris_DB\Vista Scanner\33\Colored\Right\2.bmp,1,1,0.9999957
C:\Users\sahar\OneDrive\Desktop\EXPLAINABLE_IRIS_PAD\Data\Raw\IIITD_Contact_Lens_Iris_DB\Vista Scanner\33\Colored\Right\3.bmp,1,1,0.9999887
C:\Users\sahar\OneDrive\Desktop\EXPLAINABLE_IRIS_PAD\Data\Raw\IIITD_Contact_Lens_Iris_DB\Vista Scanner\33\Colored\Right\4.bmp,1,1,0.9999372
C:\Users\sahar\OneDrive\Desktop\EXPLAINABLE_IRIS_PAD\Data\Raw\IIITD_Contact_Lens_Iris_DB\Vista Scanner\33\Colored\Right\5.bmp,1,1,0.9999949
C:\Users\sahar\OneDrive\Desktop\EXPLAINABLE_IRIS_PAD\Data\Raw\IIITD_Contact_Lens_Iris_DB\Vista Scanner\33\Normal\Left\1.bmp,0,0,2.5311672e-07
C:\Users\sahar\OneDrive\Desktop\EXPLAINABLE_IRIS_PAD\Data\Raw\IIITD_Contact_Lens_Iris_DB\Vista Scanner\33\Normal\Left\2.bmp,0,0,1.3830334e-06
C:\Users\sahar\OneDrive\Desktop\EXPLAINABLE_IRIS_PAD\Data\Raw\IIITD_Contact_Lens_Iris_DB\Vista Scanner\33\Normal\Left\3.bmp,0,0,6.032415e-07
C:\Users\sahar\OneDrive\Desktop\EXPLAINABLE_IRIS_PAD\Data\Raw\IIITD_Contact_Lens_Iris_DB\Vista Scanner\33\Normal\Left\4.bmp,0,0,8.958918e-08
C:\Users\sahar\OneDrive\Desktop\EXPLAINABLE_IRIS_PAD\Data\Raw\IIITD_Contact_Lens_Iris_DB\Vista Scanner\33\Normal\Left\5.bmp,0,0,2.458547e-07
C:\Users\sahar\OneDrive\Desktop\EXPLAINABLE_IRIS_PAD\Data\Raw\IIITD_Contact_Lens_Iris_DB\Vista Scanner\33\Normal\Right\1.bmp,0,0,6.1791343e-07
C:\Users\sahar\OneDrive\Desktop\EXPLAINABLE_IRIS_PAD\Data\Raw\IIITD_Contact_Lens_Iris_DB\Vista Scanner\33\Normal\Right\2.bmp,0,0,5.9619088e-05
C:\Users\sahar\OneDrive\Desktop\EXPLAINABLE_IRIS_PAD\Data\Raw\IIITD_Contact_Lens_Iris_DB\Vista Scanner\33\Normal\Right\3.bmp,0,0,2.8017465e-05
C:\Users\sahar\OneDrive\Desktop\EXPLAINABLE_IRIS_PAD\Data\Raw\IIITD_Contact_Lens_Iris_DB\Vista Scanner\33\Normal\Right\4.bmp,0,0,5.337626e-06
C:\Users\sahar\OneDrive\Desktop\EXPLAINABLE_IRIS_PAD\Data\Raw\IIITD_Contact_Lens_Iris_DB\Vista Scanner\33\Normal\Right\5.bmp,0,0,3.957947e-06
C:\Users\sahar\OneDrive\Desktop\EXPLAINABLE_IRIS_PAD\Data\Raw\IIITD_Contact_Lens_Iris_DB\Vista Scanner\34\Colored\Left\1.bmp,1,1,1.0
C:\Users\sahar\OneDrive\Desktop\EXPLAINABLE_IRIS_PAD\Data\Raw\IIITD_Contact_Lens_Iris_DB\Vista Scanner\34\Colored\Left\2.bmp,1,1,1.0
C:\Users\sahar\OneDrive\Desktop\EXPLAINABLE_IRIS_PAD\Data\Raw\IIITD_Contact_Lens_Iris_DB\Vista Scanner\34\Colored\Left\3.bmp,1,1,1.0
C:\Users\sahar\OneDrive\Desktop\EXPLAINABLE_IRIS_PAD\Data\Raw\IIITD_Contact_Lens_Iris_DB\Vista Scanner\34\Colored\Left\4.bmp,1,1,1.0
C:\Users\sahar\OneDrive\Desktop\EXPLAINABLE_IRIS_PAD\Data\Raw\IIITD_Contact_Lens_Iris_DB\Vista Scanner\34\Colored\Left\5.bmp,1,1,0.99999976
C:\Users\sahar\OneDrive\Desktop\EXPLAINABLE_IRIS_PAD\Data\Raw\IIITD_Contact_Lens_Iris_DB\Vista Scanner\34\Colored\Right\1.bmp,1,1,0.9999926
C:\Users\sahar\OneDrive\Desktop\EXPLAINABLE_IRIS_PAD\Data\Raw\IIITD_Contact_Lens_Iris_DB\Vista Scanner\34\Colored\Right\2.bmp,1,1,0.9999963
C:\Users\sahar\OneDrive\Desktop\EXPLAINABLE_IRIS_PAD\Data\Raw\IIITD_Contact_Lens_Iris_DB\Vista Scanner\34\Colored\Right\3.bmp,1,1,0.9999999
C:\Users\sahar\OneDrive\Desktop\EXPLAINABLE_IRIS_PAD\Data\Raw\IIITD_Contact_Lens_Iris_DB\Vista Scanner\34\Colored\Right\4.bmp,1,1,0.9999981
C:\Users\sahar\OneDrive\Desktop\EXPLAINABLE_IRIS_PAD\Data\Raw\IIITD_Contact_Lens_Iris_DB\Vista Scanner\34\Colored\Right\5.bmp,1,1,0.99999964
C:\Users\sahar\OneDrive\Desktop\EXPLAINABLE_IRIS_PAD\Data\Raw\IIITD_Contact_Lens_Iris_DB\Vista Scanner\34\Normal\Left\1.bmp,0,0,1.5477184e-05
C:\Users\sahar\OneDrive\Desktop\EXPLAINABLE_IRIS_PAD\Data\Raw\IIITD_Contact_Lens_Iris_DB\Vista Scanner\34\Normal\Left\2.bmp,0,0,4.813499e-07
C:\Users\sahar\OneDrive\Desktop\EXPLAINABLE_IRIS_PAD\Data\Raw\IIITD_Contact_Lens_Iris_DB\Vista Scanner\34\Normal\Left\3.bmp,0,0,1.06683615e-07
C:\Users\sahar\OneDrive\Desktop\EXPLAINABLE_IRIS_PAD\Data\Raw\IIITD_Contact_Lens_Iris_DB\Vista Scanner\34\Normal\Left\4.bmp,0,0,1.7539936e-06
C:\Users\sahar\OneDrive\Desktop\EXPLAINABLE_IRIS_PAD\Data\Raw\IIITD_Contact_Lens_Iris_DB\Vista Scanner\34\Normal\Left\5.bmp,0,0,4.627451e-06
C:\Users\sahar\OneDrive\Desktop\EXPLAINABLE_IRIS_PAD\Data\Raw\IIITD_Contact_Lens_Iris_DB\Vista Scanner\34\Normal\Right\1.bmp,0,0,6.975533e-09
C:\Users\sahar\OneDrive\Desktop\EXPLAINABLE_IRIS_PAD\Data\Raw\IIITD_Contact_Lens_Iris_DB\Vista Scanner\34\Normal\Right\2.bmp,0,0,1.1542507e-08
C:\Users\sahar\OneDrive\Desktop\EXPLAINABLE_IRIS_PAD\Data\Raw\IIITD_Contact_Lens_Iris_DB\Vista Scanner\34\Normal\Right\3.bmp,0,0,3.0933272e-06
C:\Users\sahar\OneDrive\Desktop\EXPLAINABLE_IRIS_PAD\Data\Raw\IIITD_Contact_Lens_Iris_DB\Vista Scanner\34\Normal\Right\4.bmp,0,0,2.6573725e-06
C:\Users\sahar\OneDrive\Desktop\EXPLAINABLE_IRIS_PAD\Data\Raw\IIITD_Contact_Lens_Iris_DB\Vista Scanner\34\Normal\Right\5.bmp,0,0,9.563391e-07
C:\Users\sahar\OneDrive\Desktop\EXPLAINABLE_IRIS_PAD\Data\Raw\IIITD_Contact_Lens_Iris_DB\Vista Scanner\35\Colored\Left\1.bmp,1,1,0.99999964
C:\Users\sahar\OneDrive\Desktop\EXPLAINABLE_IRIS_PAD\Data\Raw\IIITD_Contact_Lens_Iris_DB\Vista Scanner\35\Colored\Left\2.bmp,1,1,0.99999845
C:\Users\sahar\OneDrive\Desktop\EXPLAINABLE_IRIS_PAD\Data\Raw\IIITD_Contact_Lens_Iris_DB\Vista Scanner\35\Colored\Left\3.bmp,1,1,0.9999976
C:\Users\sahar\OneDrive\Desktop\EXPLAINABLE_IRIS_PAD\Data\Raw\IIITD_Contact_Lens_Iris_DB\Vista Scanner\35\Colored\Left\4.bmp,1,1,0.99999976
C:\Users\sahar\OneDrive\Desktop\EXPLAINABLE_IRIS_PAD\Data\Raw\IIITD_Contact_Lens_Iris_DB\Vista Scanner\35\Colored\Left\5.bmp,1,1,0.999997
C:\Users\sahar\OneDrive\Desktop\EXPLAINABLE_IRIS_PAD\Data\Raw\IIITD_Contact_Lens_Iris_DB\Vista Scanner\35\Colored\Right\1.bmp,1,1,0.9999981
C:\Users\sahar\OneDrive\Desktop\EXPLAINABLE_IRIS_PAD\Data\Raw\IIITD_Contact_Lens_Iris_DB\Vista Scanner\35\Colored\Right\2.bmp,1,1,0.99999905
C:\Users\sahar\OneDrive\Desktop\EXPLAINABLE_IRIS_PAD\Data\Raw\IIITD_Contact_Lens_Iris_DB\Vista Scanner\35\Colored\Right\3.bmp,1,1,0.99999225
C:\Users\sahar\OneDrive\Desktop\EXPLAINABLE_IRIS_PAD\Data\Raw\IIITD_Contact_Lens_Iris_DB\Vista Scanner\35\Colored\Right\4.bmp,1,1,0.99999726
C:\Users\sahar\OneDrive\Desktop\EXPLAINABLE_IRIS_PAD\Data\Raw\IIITD_Contact_Lens_Iris_DB\Vista Scanner\35\Colored\Right\5.bmp,1,1,0.99999845
C:\Users\sahar\OneDrive\Desktop\EXPLAINABLE_IRIS_PAD\Data\Raw\IIITD_Contact_Lens_Iris_DB\Vista Scanner\35\Normal\Left\1.bmp,0,0,1.1981423e-06
C:\Users\sahar\OneDrive\Desktop\EXPLAINABLE_IRIS_PAD\Data\Raw\IIITD_Contact_Lens_Iris_DB\Vista Scanner\35\Normal\Left\2.bmp,0,0,2.0996572e-06
C:\Users\sahar\OneDrive\Desktop\EXPLAINABLE_IRIS_PAD\Data\Raw\IIITD_Contact_Lens_Iris_DB\Vista Scanner\35\Normal\Left\3.bmp,0,0,1.8184252e-06
C:\Users\sahar\OneDrive\Desktop\EXPLAINABLE_IRIS_PAD\Data\Raw\IIITD_Contact_Lens_Iris_DB\Vista Scanner\35\Normal\Left\4.bmp,0,0,4.835307e-06
C:\Users\sahar\OneDrive\Desktop\EXPLAINABLE_IRIS_PAD\Data\Raw\IIITD_Contact_Lens_Iris_DB\Vista Scanner\35\Normal\Left\5.bmp,0,0,1.4865174e-06
C:\Users\sahar\OneDrive\Desktop\EXPLAINABLE_IRIS_PAD\Data\Raw\IIITD_Contact_Lens_Iris_DB\Vista Scanner\35\Normal\Right\1.bmp,0,0,7.060212e-08
C:\Users\sahar\OneDrive\Desktop\EXPLAINABLE_IRIS_PAD\Data\Raw\IIITD_Contact_Lens_Iris_DB\Vista Scanner\35\Normal\Right\2.bmp,0,0,8.140345e-06
C:\Users\sahar\OneDrive\Desktop\EXPLAINABLE_IRIS_PAD\Data\Raw\IIITD_Contact_Lens_Iris_DB\Vista Scanner\35\Normal\Right\3.bmp,0,0,1.9274274e-05
C:\Users\sahar\OneDrive\Desktop\EXPLAINABLE_IRIS_PAD\Data\Raw\IIITD_Contact_Lens_Iris_DB\Vista Scanner\35\Normal\Right\4.bmp,0,0,3.9681363e-06
C:\Users\sahar\OneDrive\Desktop\EXPLAINABLE_IRIS_PAD\Data\Raw\IIITD_Contact_Lens_Iris_DB\Vista Scanner\35\Normal\Right\5.bmp,0,0,7.589021e-05
C:\Users\sahar\OneDrive\Desktop\EXPLAINABLE_IRIS_PAD\Data\Raw\IIITD_Contact_Lens_Iris_DB\Vista Scanner\36\Colored\Left\1.bmp,1,1,0.9999974
C:\Users\sahar\OneDrive\Desktop\EXPLAINABLE_IRIS_PAD\Data\Raw\IIITD_Contact_Lens_Iris_DB\Vista Scanner\36\Colored\Left\2.bmp,1,1,0.99994576
C:\Users\sahar\OneDrive\Desktop\EXPLAINABLE_IRIS_PAD\Data\Raw\IIITD_Contact_Lens_Iris_DB\Vista Scanner\36\Colored\Left\3.bmp,1,1,0.9999995
C:\Users\sahar\OneDrive\Desktop\EXPLAINABLE_IRIS_PAD\Data\Raw\IIITD_Contact_Lens_Iris_DB\Vista Scanner\36\Colored\Left\4.bmp,1,1,0.9999962
C:\Users\sahar\OneDrive\Desktop\EXPLAINABLE_IRIS_PAD\Data\Raw\IIITD_Contact_Lens_Iris_DB\Vista Scanner\36\Colored\Left\5.bmp,1,1,0.9999999
C:\Users\sahar\OneDrive\Desktop\EXPLAINABLE_IRIS_PAD\Data\Raw\IIITD_Contact_Lens_Iris_DB\Vista Scanner\36\Colored\Right\1.bmp,1,1,0.99999833
C:\Users\sahar\OneDrive\Desktop\EXPLAINABLE_IRIS_PAD\Data\Raw\IIITD_Contact_Lens_Iris_DB\Vista Scanner\36\Colored\Right\2.bmp,1,1,1.0
C:\Users\sahar\OneDrive\Desktop\EXPLAINABLE_IRIS_PAD\Data\Raw\IIITD_Contact_Lens_Iris_DB\Vista Scanner\36\Colored\Right\3.bmp,1,1,0.9999938
C:\Users\sahar\OneDrive\Desktop\EXPLAINABLE_IRIS_PAD\Data\Raw\IIITD_Contact_Lens_Iris_DB\Vista Scanner\36\Colored\Right\4.bmp,1,1,1.0
C:\Users\sahar\OneDrive\Desktop\EXPLAINABLE_IRIS_PAD\Data\Raw\IIITD_Contact_Lens_Iris_DB\Vista Scanner\36\Colored\Right\5.bmp,1,1,1.0
C:\Users\sahar\OneDrive\Desktop\EXPLAINABLE_IRIS_PAD\Data\Raw\IIITD_Contact_Lens_Iris_DB\Vista Scanner\36\Normal\Left\1.bmp,0,0,3.7975394e-07
C:\Users\sahar\OneDrive\Desktop\EXPLAINABLE_IRIS_PAD\Data\Raw\IIITD_Contact_Lens_Iris_DB\Vista Scanner\36\Normal\Left\2.bmp,0,0,7.680893e-07
C:\Users\sahar\OneDrive\Desktop\EXPLAINABLE_IRIS_PAD\Data\Raw\IIITD_Contact_Lens_Iris_DB\Vista Scanner\36\Normal\Left\3.bmp,0,0,1.7553027e-07
C:\Users\sahar\OneDrive\Desktop\EXPLAINABLE_IRIS_PAD\Data\Raw\IIITD_Contact_Lens_Iris_DB\Vista Scanner\36\Normal\Left\4.bmp,0,0,5.9594294e-07
C:\Users\sahar\OneDrive\Desktop\EXPLAINABLE_IRIS_PAD\Data\Raw\IIITD_Contact_Lens_Iris_DB\Vista Scanner\36\Normal\Left\5.bmp,0,0,1.0863853e-06
C:\Users\sahar\OneDrive\Desktop\EXPLAINABLE_IRIS_PAD\Data\Raw\IIITD_Contact_Lens_Iris_DB\Vista Scanner\36\Normal\Right\1.bmp,0,0,1.1063996e-05
C:\Users\sahar\OneDrive\Desktop\EXPLAINABLE_IRIS_PAD\Data\Raw\IIITD_Contact_Lens_Iris_DB\Vista Scanner\36\Normal\Right\2.bmp,0,0,4.613936e-05
C:\Users\sahar\OneDrive\Desktop\EXPLAINABLE_IRIS_PAD\Data\Raw\IIITD_Contact_Lens_Iris_DB\Vista Scanner\36\Normal\Right\3.bmp,0,0,2.107232e-06
C:\Users\sahar\OneDrive\Desktop\EXPLAINABLE_IRIS_PAD\Data\Raw\IIITD_Contact_Lens_Iris_DB\Vista Scanner\36\Normal\Right\4.bmp,0,0,1.1504127e-05
C:\Users\sahar\OneDrive\Desktop\EXPLAINABLE_IRIS_PAD\Data\Raw\IIITD_Contact_Lens_Iris_DB\Vista Scanner\36\Normal\Right\5.bmp,0,0,4.8778297e-06
C:\Users\sahar\OneDrive\Desktop\EXPLAINABLE_IRIS_PAD\Data\Raw\IIITD_Contact_Lens_Iris_DB\Vista Scanner\37\Colored\Left\1.bmp,1,1,0.99999416
C:\Users\sahar\OneDrive\Desktop\EXPLAINABLE_IRIS_PAD\Data\Raw\IIITD_Contact_Lens_Iris_DB\Vista Scanner\37\Colored\Left\2.bmp,1,1,0.99999976
C:\Users\sahar\OneDrive\Desktop\EXPLAINABLE_IRIS_PAD\Data\Raw\IIITD_Contact_Lens_Iris_DB\Vista Scanner\37\Colored\Left\3.bmp,1,1,0.9999988
C:\Users\sahar\OneDrive\Desktop\EXPLAINABLE_IRIS_PAD\Data\Raw\IIITD_Contact_Lens_Iris_DB\Vista Scanner\37\Colored\Left\4.bmp,1,1,0.9999956
C:\Users\sahar\OneDrive\Desktop\EXPLAINABLE_IRIS_PAD\Data\Raw\IIITD_Contact_Lens_Iris_DB\Vista Scanner\37\Colored\Left\5.bmp,1,1,0.9999963
C:\Users\sahar\OneDrive\Desktop\EXPLAINABLE_IRIS_PAD\Data\Raw\IIITD_Contact_Lens_Iris_DB\Vista Scanner\37\Colored\Right\1.bmp,1,1,0.99998856
C:\Users\sahar\OneDrive\Desktop\EXPLAINABLE_IRIS_PAD\Data\Raw\IIITD_Contact_Lens_Iris_DB\Vista Scanner\37\Colored\Right\2.bmp,1,1,0.9999889
C:\Users\sahar\OneDrive\Desktop\EXPLAINABLE_IRIS_PAD\Data\Raw\IIITD_Contact_Lens_Iris_DB\Vista Scanner\37\Colored\Right\3.bmp,1,1,0.99984396
C:\Users\sahar\OneDrive\Desktop\EXPLAINABLE_IRIS_PAD\Data\Raw\IIITD_Contact_Lens_Iris_DB\Vista Scanner\37\Colored\Right\4.bmp,1,1,0.9998579
C:\Users\sahar\OneDrive\Desktop\EXPLAINABLE_IRIS_PAD\Data\Raw\IIITD_Contact_Lens_Iris_DB\Vista Scanner\37\Colored\Right\5.bmp,1,1,0.99848783
C:\Users\sahar\OneDrive\Desktop\EXPLAINABLE_IRIS_PAD\Data\Raw\IIITD_Contact_Lens_Iris_DB\Vista Scanner\37\Normal\Left\1.bmp,0,0,2.1132728e-05
C:\Users\sahar\OneDrive\Desktop\EXPLAINABLE_IRIS_PAD\Data\Raw\IIITD_Contact_Lens_Iris_DB\Vista Scanner\37\Normal\Left\2.bmp,0,0,5.6469977e-05
C:\Users\sahar\OneDrive\Desktop\EXPLAINABLE_IRIS_PAD\Data\Raw\IIITD_Contact_Lens_Iris_DB\Vista Scanner\37\Normal\Left\3.bmp,0,0,3.236845e-06
C:\Users\sahar\OneDrive\Desktop\EXPLAINABLE_IRIS_PAD\Data\Raw\IIITD_Contact_Lens_Iris_DB\Vista Scanner\37\Normal\Left\4.bmp,0,0,8.2716115e-06
C:\Users\sahar\OneDrive\Desktop\EXPLAINABLE_IRIS_PAD\Data\Raw\IIITD_Contact_Lens_Iris_DB\Vista Scanner\37\Normal\Left\5.bmp,0,0,4.6964115e-06
C:\Users\sahar\OneDrive\Desktop\EXPLAINABLE_IRIS_PAD\Data\Raw\IIITD_Contact_Lens_Iris_DB\Vista Scanner\37\Normal\Right\1.bmp,0,0,1.0179511e-07
C:\Users\sahar\OneDrive\Desktop\EXPLAINABLE_IRIS_PAD\Data\Raw\IIITD_Contact_Lens_Iris_DB\Vista Scanner\37\Normal\Right\2.bmp,0,0,1.0371382e-05
C:\Users\sahar\OneDrive\Desktop\EXPLAINABLE_IRIS_PAD\Data\Raw\IIITD_Contact_Lens_Iris_DB\Vista Scanner\37\Normal\Right\3.bmp,0,0,3.656812e-06
C:\Users\sahar\OneDrive\Desktop\EXPLAINABLE_IRIS_PAD\Data\Raw\IIITD_Contact_Lens_Iris_DB\Vista Scanner\37\Normal\Right\4.bmp,0,0,6.02801e-07
C:\Users\sahar\OneDrive\Desktop\EXPLAINABLE_IRIS_PAD\Data\Raw\IIITD_Contact_Lens_Iris_DB\Vista Scanner\37\Normal\Right\5.bmp,0,0,4.2158804e-06
C:\Users\sahar\OneDrive\Desktop\EXPLAINABLE_IRIS_PAD\Data\Raw\IIITD_Contact_Lens_Iris_DB\Vista Scanner\38\Colored\Left\1.bmp,1,1,0.99999285
C:\Users\sahar\OneDrive\Desktop\EXPLAINABLE_IRIS_PAD\Data\Raw\IIITD_Contact_Lens_Iris_DB\Vista Scanner\38\Colored\Left\2.bmp,1,1,0.99998784
C:\Users\sahar\OneDrive\Desktop\EXPLAINABLE_IRIS_PAD\Data\Raw\IIITD_Contact_Lens_Iris_DB\Vista Scanner\38\Colored\Left\3.bmp,1,1,0.9999949
C:\Users\sahar\OneDrive\Desktop\EXPLAINABLE_IRIS_PAD\Data\Raw\IIITD_Contact_Lens_Iris_DB\Vista Scanner\38\Colored\Left\4.bmp,1,1,0.9999964
C:\Users\sahar\OneDrive\Desktop\EXPLAINABLE_IRIS_PAD\Data\Raw\IIITD_Contact_Lens_Iris_DB\Vista Scanner\38\Colored\Left\5.bmp,1,1,0.9999814
C:\Users\sahar\OneDrive\Desktop\EXPLAINABLE_IRIS_PAD\Data\Raw\IIITD_Contact_Lens_Iris_DB\Vista Scanner\38\Colored\Right\1.bmp,1,1,0.999944
C:\Users\sahar\OneDrive\Desktop\EXPLAINABLE_IRIS_PAD\Data\Raw\IIITD_Contact_Lens_Iris_DB\Vista Scanner\38\Colored\Right\2.bmp,1,1,0.9999993
C:\Users\sahar\OneDrive\Desktop\EXPLAINABLE_IRIS_PAD\Data\Raw\IIITD_Contact_Lens_Iris_DB\Vista Scanner\38\Colored\Right\3.bmp,1,1,0.99997437
C:\Users\sahar\OneDrive\Desktop\EXPLAINABLE_IRIS_PAD\Data\Raw\IIITD_Contact_Lens_Iris_DB\Vista Scanner\38\Colored\Right\4.bmp,1,1,0.9999999
C:\Users\sahar\OneDrive\Desktop\EXPLAINABLE_IRIS_PAD\Data\Raw\IIITD_Contact_Lens_Iris_DB\Vista Scanner\38\Colored\Right\5.bmp,1,1,0.9999871
C:\Users\sahar\OneDrive\Desktop\EXPLAINABLE_IRIS_PAD\Data\Raw\IIITD_Contact_Lens_Iris_DB\Vista Scanner\38\Normal\Left\1.bmp,0,0,1.1126711e-05
C:\Users\sahar\OneDrive\Desktop\EXPLAINABLE_IRIS_PAD\Data\Raw\IIITD_Contact_Lens_Iris_DB\Vista Scanner\38\Normal\Left\2.bmp,0,0,5.0745334e-06
C:\Users\sahar\OneDrive\Desktop\EXPLAINABLE_IRIS_PAD\Data\Raw\IIITD_Contact_Lens_Iris_DB\Vista Scanner\38\Normal\Left\3.bmp,0,0,3.738005e-05
C:\Users\sahar\OneDrive\Desktop\EXPLAINABLE_IRIS_PAD\Data\Raw\IIITD_Contact_Lens_Iris_DB\Vista Scanner\38\Normal\Left\4.bmp,0,0,0.0031193814
C:\Users\sahar\OneDrive\Desktop\EXPLAINABLE_IRIS_PAD\Data\Raw\IIITD_Contact_Lens_Iris_DB\Vista Scanner\38\Normal\Left\5.bmp,0,0,0.0025658233
C:\Users\sahar\OneDrive\Desktop\EXPLAINABLE_IRIS_PAD\Data\Raw\IIITD_Contact_Lens_Iris_DB\Vista Scanner\38\Normal\Right\1.bmp,0,0,7.512869e-05
C:\Users\sahar\OneDrive\Desktop\EXPLAINABLE_IRIS_PAD\Data\Raw\IIITD_Contact_Lens_Iris_DB\Vista Scanner\38\Normal\Right\2.bmp,0,0,0.00089058146
C:\Users\sahar\OneDrive\Desktop\EXPLAINABLE_IRIS_PAD\Data\Raw\IIITD_Contact_Lens_Iris_DB\Vista Scanner\38\Normal\Right\3.bmp,0,0,0.00016096106
C:\Users\sahar\OneDrive\Desktop\EXPLAINABLE_IRIS_PAD\Data\Raw\IIITD_Contact_Lens_Iris_DB\Vista Scanner\38\Normal\Right\4.bmp,0,0,2.1381318e-05
C:\Users\sahar\OneDrive\Desktop\EXPLAINABLE_IRIS_PAD\Data\Raw\IIITD_Contact_Lens_Iris_DB\Vista Scanner\38\Normal\Right\5.bmp,0,0,0.00013855565
C:\Users\sahar\OneDrive\Desktop\EXPLAINABLE_IRIS_PAD\Data\Raw\IIITD_Contact_Lens_Iris_DB\Vista Scanner\39\Colored\Left\1.bmp,1,1,0.99928397
C:\Users\sahar\OneDrive\Desktop\EXPLAINABLE_IRIS_PAD\Data\Raw\IIITD_Contact_Lens_Iris_DB\Vista Scanner\39\Colored\Left\2.bmp,1,1,0.99996495
C:\Users\sahar\OneDrive\Desktop\EXPLAINABLE_IRIS_PAD\Data\Raw\IIITD_Contact_Lens_Iris_DB\Vista Scanner\39\Colored\Left\3.bmp,1,1,0.9999287
C:\Users\sahar\OneDrive\Desktop\EXPLAINABLE_IRIS_PAD\Data\Raw\IIITD_Contact_Lens_Iris_DB\Vista Scanner\39\Colored\Left\4.bmp,1,1,0.99997985
C:\Users\sahar\OneDrive\Desktop\EXPLAINABLE_IRIS_PAD\Data\Raw\IIITD_Contact_Lens_Iris_DB\Vista Scanner\39\Colored\Left\5.bmp,1,1,0.9999987
C:\Users\sahar\OneDrive\Desktop\EXPLAINABLE_IRIS_PAD\Data\Raw\IIITD_Contact_Lens_Iris_DB\Vista Scanner\39\Colored\Right\1.bmp,1,1,0.99998665
C:\Users\sahar\OneDrive\Desktop\EXPLAINABLE_IRIS_PAD\Data\Raw\IIITD_Contact_Lens_Iris_DB\Vista Scanner\39\Colored\Right\2.bmp,1,1,0.99999535
C:\Users\sahar\OneDrive\Desktop\EXPLAINABLE_IRIS_PAD\Data\Raw\IIITD_Contact_Lens_Iris_DB\Vista Scanner\39\Colored\Right\3.bmp,1,1,0.9999975
C:\Users\sahar\OneDrive\Desktop\EXPLAINABLE_IRIS_PAD\Data\Raw\IIITD_Contact_Lens_Iris_DB\Vista Scanner\39\Colored\Right\4.bmp,1,1,0.9999393
C:\Users\sahar\OneDrive\Desktop\EXPLAINABLE_IRIS_PAD\Data\Raw\IIITD_Contact_Lens_Iris_DB\Vista Scanner\39\Colored\Right\5.bmp,1,1,0.9999032
C:\Users\sahar\OneDrive\Desktop\EXPLAINABLE_IRIS_PAD\Data\Raw\IIITD_Contact_Lens_Iris_DB\Vista Scanner\39\Normal\Left\1.bmp,0,0,2.9440941e-06
C:\Users\sahar\OneDrive\Desktop\EXPLAINABLE_IRIS_PAD\Data\Raw\IIITD_Contact_Lens_Iris_DB\Vista Scanner\39\Normal\Left\2.bmp,0,0,2.8926019e-08
C:\Users\sahar\OneDrive\Desktop\EXPLAINABLE_IRIS_PAD\Data\Raw\IIITD_Contact_Lens_Iris_DB\Vista Scanner\39\Normal\Left\3.bmp,0,0,8.63767e-09
C:\Users\sahar\OneDrive\Desktop\EXPLAINABLE_IRIS_PAD\Data\Raw\IIITD_Contact_Lens_Iris_DB\Vista Scanner\39\Normal\Left\4.bmp,0,0,3.743852e-06
C:\Users\sahar\OneDrive\Desktop\EXPLAINABLE_IRIS_PAD\Data\Raw\IIITD_Contact_Lens_Iris_DB\Vista Scanner\39\Normal\Left\5.bmp,0,0,6.9860015e-08
C:\Users\sahar\OneDrive\Desktop\EXPLAINABLE_IRIS_PAD\Data\Raw\IIITD_Contact_Lens_Iris_DB\Vista Scanner\39\Normal\Right\1.bmp,0,0,2.0934787e-05
C:\Users\sahar\OneDrive\Desktop\EXPLAINABLE_IRIS_PAD\Data\Raw\IIITD_Contact_Lens_Iris_DB\Vista Scanner\39\Normal\Right\2.bmp,0,0,6.8527165e-06
C:\Users\sahar\OneDrive\Desktop\EXPLAINABLE_IRIS_PAD\Data\Raw\IIITD_Contact_Lens_Iris_DB\Vista Scanner\39\Normal\Right\3.bmp,0,0,1.3706638e-05
C:\Users\sahar\OneDrive\Desktop\EXPLAINABLE_IRIS_PAD\Data\Raw\IIITD_Contact_Lens_Iris_DB\Vista Scanner\39\Normal\Right\4.bmp,0,0,1.7112561e-06
C:\Users\sahar\OneDrive\Desktop\EXPLAINABLE_IRIS_PAD\Data\Raw\IIITD_Contact_Lens_Iris_DB\Vista Scanner\39\Normal\Right\5.bmp,0,0,3.7434456e-05
C:\Users\sahar\OneDrive\Desktop\EXPLAINABLE_IRIS_PAD\Data\Raw\IIITD_Contact_Lens_Iris_DB\Vista Scanner\4\Colored\Left\1.bmp,1,1,0.99996865
C:\Users\sahar\OneDrive\Desktop\EXPLAINABLE_IRIS_PAD\Data\Raw\IIITD_Contact_Lens_Iris_DB\Vista Scanner\4\Colored\Left\2.bmp,1,1,0.99999905
C:\Users\sahar\OneDrive\Desktop\EXPLAINABLE_IRIS_PAD\Data\Raw\IIITD_Contact_Lens_Iris_DB\Vista Scanner\4\Colored\Left\3.bmp,1,1,0.99998915
C:\Users\sahar\OneDrive\Desktop\EXPLAINABLE_IRIS_PAD\Data\Raw\IIITD_Contact_Lens_Iris_DB\Vista Scanner\4\Colored\Left\4.bmp,1,1,0.9999993
C:\Users\sahar\OneDrive\Desktop\EXPLAINABLE_IRIS_PAD\Data\Raw\IIITD_Contact_Lens_Iris_DB\Vista Scanner\4\Colored\Left\5.bmp,1,1,0.9999995
C:\Users\sahar\OneDrive\Desktop\EXPLAINABLE_IRIS_PAD\Data\Raw\IIITD_Contact_Lens_Iris_DB\Vista Scanner\4\Colored\Right\1.bmp,1,1,1.0
C:\Users\sahar\OneDrive\Desktop\EXPLAINABLE_IRIS_PAD\Data\Raw\IIITD_Contact_Lens_Iris_DB\Vista Scanner\4\Colored\Right\2.bmp,1,1,0.999997
C:\Users\sahar\OneDrive\Desktop\EXPLAINABLE_IRIS_PAD\Data\Raw\IIITD_Contact_Lens_Iris_DB\Vista Scanner\4\Colored\Right\3.bmp,1,1,0.99999976
C:\Users\sahar\OneDrive\Desktop\EXPLAINABLE_IRIS_PAD\Data\Raw\IIITD_Contact_Lens_Iris_DB\Vista Scanner\4\Colored\Right\4.bmp,1,1,0.9999616
C:\Users\sahar\OneDrive\Desktop\EXPLAINABLE_IRIS_PAD\Data\Raw\IIITD_Contact_Lens_Iris_DB\Vista Scanner\4\Colored\Right\5.bmp,1,1,0.99999547
C:\Users\sahar\OneDrive\Desktop\EXPLAINABLE_IRIS_PAD\Data\Raw\IIITD_Contact_Lens_Iris_DB\Vista Scanner\4\Normal\Left\1.bmp,0,0,1.916192e-06
C:\Users\sahar\OneDrive\Desktop\EXPLAINABLE_IRIS_PAD\Data\Raw\IIITD_Contact_Lens_Iris_DB\Vista Scanner\4\Normal\Left\2.bmp,0,0,1.2362757e-06
C:\Users\sahar\OneDrive\Desktop\EXPLAINABLE_IRIS_PAD\Data\Raw\IIITD_Contact_Lens_Iris_DB\Vista Scanner\4\Normal\Left\3.bmp,0,0,5.0610126e-08
C:\Users\sahar\OneDrive\Desktop\EXPLAINABLE_IRIS_PAD\Data\Raw\IIITD_Contact_Lens_Iris_DB\Vista Scanner\4\Normal\Left\4.bmp,0,0,1.7307244e-06
C:\Users\sahar\OneDrive\Desktop\EXPLAINABLE_IRIS_PAD\Data\Raw\IIITD_Contact_Lens_Iris_DB\Vista Scanner\4\Normal\Left\5.bmp,0,0,1.0604513e-06
C:\Users\sahar\OneDrive\Desktop\EXPLAINABLE_IRIS_PAD\Data\Raw\IIITD_Contact_Lens_Iris_DB\Vista Scanner\4\Normal\Right\1.bmp,0,0,1.1353023e-09
C:\Users\sahar\OneDrive\Desktop\EXPLAINABLE_IRIS_PAD\Data\Raw\IIITD_Contact_Lens_Iris_DB\Vista Scanner\4\Normal\Right\2.bmp,0,0,1.1840127e-07
C:\Users\sahar\OneDrive\Desktop\EXPLAINABLE_IRIS_PAD\Data\Raw\IIITD_Contact_Lens_Iris_DB\Vista Scanner\4\Normal\Right\3.bmp,0,0,2.1225806e-06
C:\Users\sahar\OneDrive\Desktop\EXPLAINABLE_IRIS_PAD\Data\Raw\IIITD_Contact_Lens_Iris_DB\Vista Scanner\4\Normal\Right\4.bmp,0,0,5.31165e-08
C:\Users\sahar\OneDrive\Desktop\EXPLAINABLE_IRIS_PAD\Data\Raw\IIITD_Contact_Lens_Iris_DB\Vista Scanner\4\Normal\Right\5.bmp,0,0,1.564364e-07
C:\Users\sahar\OneDrive\Desktop\EXPLAINABLE_IRIS_PAD\Data\Raw\IIITD_Contact_Lens_Iris_DB\Vista Scanner\40\Colored\Left\1.bmp,1,1,0.9999999
C:\Users\sahar\OneDrive\Desktop\EXPLAINABLE_IRIS_PAD\Data\Raw\IIITD_Contact_Lens_Iris_DB\Vista Scanner\40\Colored\Left\2.bmp,1,1,0.9999999
C:\Users\sahar\OneDrive\Desktop\EXPLAINABLE_IRIS_PAD\Data\Raw\IIITD_Contact_Lens_Iris_DB\Vista Scanner\40\Colored\Left\3.bmp,1,1,0.99999917
C:\Users\sahar\OneDrive\Desktop\EXPLAINABLE_IRIS_PAD\Data\Raw\IIITD_Contact_Lens_Iris_DB\Vista Scanner\40\Colored\Left\4.bmp,1,1,0.999998
C:\Users\sahar\OneDrive\Desktop\EXPLAINABLE_IRIS_PAD\Data\Raw\IIITD_Contact_Lens_Iris_DB\Vista Scanner\40\Colored\Left\5.bmp,1,1,0.9999943
C:\Users\sahar\OneDrive\Desktop\EXPLAINABLE_IRIS_PAD\Data\Raw\IIITD_Contact_Lens_Iris_DB\Vista Scanner\40\Colored\Right\1.bmp,1,1,0.9999944
C:\Users\sahar\OneDrive\Desktop\EXPLAINABLE_IRIS_PAD\Data\Raw\IIITD_Contact_Lens_Iris_DB\Vista Scanner\40\Colored\Right\2.bmp,1,1,0.9988412
C:\Users\sahar\OneDrive\Desktop\EXPLAINABLE_IRIS_PAD\Data\Raw\IIITD_Contact_Lens_Iris_DB\Vista Scanner\40\Colored\Right\3.bmp,1,1,0.999998
C:\Users\sahar\OneDrive\Desktop\EXPLAINABLE_IRIS_PAD\Data\Raw\IIITD_Contact_Lens_Iris_DB\Vista Scanner\40\Colored\Right\4.bmp,1,1,0.99999213
C:\Users\sahar\OneDrive\Desktop\EXPLAINABLE_IRIS_PAD\Data\Raw\IIITD_Contact_Lens_Iris_DB\Vista Scanner\40\Colored\Right\5.bmp,1,1,0.9999944
C:\Users\sahar\OneDrive\Desktop\EXPLAINABLE_IRIS_PAD\Data\Raw\IIITD_Contact_Lens_Iris_DB\Vista Scanner\40\Normal\Left\1.bmp,0,0,0.010958772
C:\Users\sahar\OneDrive\Desktop\EXPLAINABLE_IRIS_PAD\Data\Raw\IIITD_Contact_Lens_Iris_DB\Vista Scanner\40\Normal\Left\2.bmp,0,0,0.00074851036
C:\Users\sahar\OneDrive\Desktop\EXPLAINABLE_IRIS_PAD\Data\Raw\IIITD_Contact_Lens_Iris_DB\Vista Scanner\40\Normal\Left\3.bmp,0,0,0.0002989638
C:\Users\sahar\OneDrive\Desktop\EXPLAINABLE_IRIS_PAD\Data\Raw\IIITD_Contact_Lens_Iris_DB\Vista Scanner\40\Normal\Left\4.bmp,0,0,0.003508848
C:\Users\sahar\OneDrive\Desktop\EXPLAINABLE_IRIS_PAD\Data\Raw\IIITD_Contact_Lens_Iris_DB\Vista Scanner\40\Normal\Left\5.bmp,0,0,0.0032621892
C:\Users\sahar\OneDrive\Desktop\EXPLAINABLE_IRIS_PAD\Data\Raw\IIITD_Contact_Lens_Iris_DB\Vista Scanner\40\Normal\Right\1.bmp,0,0,2.9629111e-05
C:\Users\sahar\OneDrive\Desktop\EXPLAINABLE_IRIS_PAD\Data\Raw\IIITD_Contact_Lens_Iris_DB\Vista Scanner\40\Normal\Right\2.bmp,0,0,0.00026141506
C:\Users\sahar\OneDrive\Desktop\EXPLAINABLE_IRIS_PAD\Data\Raw\IIITD_Contact_Lens_Iris_DB\Vista Scanner\40\Normal\Right\3.bmp,0,0,5.597741e-05
C:\Users\sahar\OneDrive\Desktop\EXPLAINABLE_IRIS_PAD\Data\Raw\IIITD_Contact_Lens_Iris_DB\Vista Scanner\40\Normal\Right\4.bmp,0,0,0.00012039475
C:\Users\sahar\OneDrive\Desktop\EXPLAINABLE_IRIS_PAD\Data\Raw\IIITD_Contact_Lens_Iris_DB\Vista Scanner\40\Normal\Right\5.bmp,0,0,0.0002730976
C:\Users\sahar\OneDrive\Desktop\EXPLAINABLE_IRIS_PAD\Data\Raw\IIITD_Contact_Lens_Iris_DB\Vista Scanner\41\Colored\Left\1.bmp,1,1,0.99999857
C:\Users\sahar\OneDrive\Desktop\EXPLAINABLE_IRIS_PAD\Data\Raw\IIITD_Contact_Lens_Iris_DB\Vista Scanner\41\Colored\Left\2.bmp,1,1,0.99999976
C:\Users\sahar\OneDrive\Desktop\EXPLAINABLE_IRIS_PAD\Data\Raw\IIITD_Contact_Lens_Iris_DB\Vista Scanner\41\Colored\Left\3.bmp,1,1,1.0
C:\Users\sahar\OneDrive\Desktop\EXPLAINABLE_IRIS_PAD\Data\Raw\IIITD_Contact_Lens_Iris_DB\Vista Scanner\41\Colored\Left\4.bmp,1,1,1.0
C:\Users\sahar\OneDrive\Desktop\EXPLAINABLE_IRIS_PAD\Data\Raw\IIITD_Contact_Lens_Iris_DB\Vista Scanner\41\Colored\Left\5.bmp,1,1,0.9999982
C:\Users\sahar\OneDrive\Desktop\EXPLAINABLE_IRIS_PAD\Data\Raw\IIITD_Contact_Lens_Iris_DB\Vista Scanner\41\Colored\Right\1.bmp,1,1,0.99999845
C:\Users\sahar\OneDrive\Desktop\EXPLAINABLE_IRIS_PAD\Data\Raw\IIITD_Contact_Lens_Iris_DB\Vista Scanner\41\Colored\Right\2.bmp,1,1,0.9999999
C:\Users\sahar\OneDrive\Desktop\EXPLAINABLE_IRIS_PAD\Data\Raw\IIITD_Contact_Lens_Iris_DB\Vista Scanner\41\Colored\Right\3.bmp,1,1,0.999974
C:\Users\sahar\OneDrive\Desktop\EXPLAINABLE_IRIS_PAD\Data\Raw\IIITD_Contact_Lens_Iris_DB\Vista Scanner\41\Colored\Right\4.bmp,1,1,0.99999833
C:\Users\sahar\OneDrive\Desktop\EXPLAINABLE_IRIS_PAD\Data\Raw\IIITD_Contact_Lens_Iris_DB\Vista Scanner\41\Colored\Right\5.bmp,1,1,0.999997
C:\Users\sahar\OneDrive\Desktop\EXPLAINABLE_IRIS_PAD\Data\Raw\IIITD_Contact_Lens_Iris_DB\Vista Scanner\41\Normal\Left\1.bmp,0,0,4.781929e-06
C:\Users\sahar\OneDrive\Desktop\EXPLAINABLE_IRIS_PAD\Data\Raw\IIITD_Contact_Lens_Iris_DB\Vista Scanner\41\Normal\Left\2.bmp,0,0,6.873706e-06
C:\Users\sahar\OneDrive\Desktop\EXPLAINABLE_IRIS_PAD\Data\Raw\IIITD_Contact_Lens_Iris_DB\Vista Scanner\41\Normal\Left\3.bmp,0,0,1.9544403e-05
C:\Users\sahar\OneDrive\Desktop\EXPLAINABLE_IRIS_PAD\Data\Raw\IIITD_Contact_Lens_Iris_DB\Vista Scanner\41\Normal\Left\4.bmp,0,0,1.4623906e-05
C:\Users\sahar\OneDrive\Desktop\EXPLAINABLE_IRIS_PAD\Data\Raw\IIITD_Contact_Lens_Iris_DB\Vista Scanner\41\Normal\Left\5.bmp,0,0,6.810396e-05
C:\Users\sahar\OneDrive\Desktop\EXPLAINABLE_IRIS_PAD\Data\Raw\IIITD_Contact_Lens_Iris_DB\Vista Scanner\41\Normal\Right\1.bmp,0,0,7.483167e-06
C:\Users\sahar\OneDrive\Desktop\EXPLAINABLE_IRIS_PAD\Data\Raw\IIITD_Contact_Lens_Iris_DB\Vista Scanner\41\Normal\Right\2.bmp,0,0,1.5415437e-05
C:\Users\sahar\OneDrive\Desktop\EXPLAINABLE_IRIS_PAD\Data\Raw\IIITD_Contact_Lens_Iris_DB\Vista Scanner\41\Normal\Right\3.bmp,0,0,3.2441594e-09
C:\Users\sahar\OneDrive\Desktop\EXPLAINABLE_IRIS_PAD\Data\Raw\IIITD_Contact_Lens_Iris_DB\Vista Scanner\41\Normal\Right\4.bmp,0,0,1.2128392e-06
C:\Users\sahar\OneDrive\Desktop\EXPLAINABLE_IRIS_PAD\Data\Raw\IIITD_Contact_Lens_Iris_DB\Vista Scanner\41\Normal\Right\5.bmp,0,0,5.3059904e-07
C:\Users\sahar\OneDrive\Desktop\EXPLAINABLE_IRIS_PAD\Data\Raw\IIITD_Contact_Lens_Iris_DB\Vista Scanner\42\Colored\Left\1.bmp,1,1,0.9999938
C:\Users\sahar\OneDrive\Desktop\EXPLAINABLE_IRIS_PAD\Data\Raw\IIITD_Contact_Lens_Iris_DB\Vista Scanner\42\Colored\Left\2.bmp,1,1,0.99996746
C:\Users\sahar\OneDrive\Desktop\EXPLAINABLE_IRIS_PAD\Data\Raw\IIITD_Contact_Lens_Iris_DB\Vista Scanner\42\Colored\Left\3.bmp,1,1,0.99993527
C:\Users\sahar\OneDrive\Desktop\EXPLAINABLE_IRIS_PAD\Data\Raw\IIITD_Contact_Lens_Iris_DB\Vista Scanner\42\Colored\Left\4.bmp,1,1,0.9999989
C:\Users\sahar\OneDrive\Desktop\EXPLAINABLE_IRIS_PAD\Data\Raw\IIITD_Contact_Lens_Iris_DB\Vista Scanner\42\Colored\Left\5.bmp,1,1,0.9999999
C:\Users\sahar\OneDrive\Desktop\EXPLAINABLE_IRIS_PAD\Data\Raw\IIITD_Contact_Lens_Iris_DB\Vista Scanner\42\Normal\Left\1.bmp,0,0,5.0024732e-06
C:\Users\sahar\OneDrive\Desktop\EXPLAINABLE_IRIS_PAD\Data\Raw\IIITD_Contact_Lens_Iris_DB\Vista Scanner\42\Normal\Left\2.bmp,0,0,7.824911e-06
C:\Users\sahar\OneDrive\Desktop\EXPLAINABLE_IRIS_PAD\Data\Raw\IIITD_Contact_Lens_Iris_DB\Vista Scanner\42\Normal\Left\3.bmp,0,0,5.6654182e-05
C:\Users\sahar\OneDrive\Desktop\EXPLAINABLE_IRIS_PAD\Data\Raw\IIITD_Contact_Lens_Iris_DB\Vista Scanner\42\Normal\Left\4.bmp,0,0,1.5345001e-06
C:\Users\sahar\OneDrive\Desktop\EXPLAINABLE_IRIS_PAD\Data\Raw\IIITD_Contact_Lens_Iris_DB\Vista Scanner\42\Normal\Left\5.bmp,0,0,2.3486727e-07
C:\Users\sahar\OneDrive\Desktop\EXPLAINABLE_IRIS_PAD\Data\Raw\IIITD_Contact_Lens_Iris_DB\Vista Scanner\42\Normal\Right\1.bmp,0,0,4.75147e-05
C:\Users\sahar\OneDrive\Desktop\EXPLAINABLE_IRIS_PAD\Data\Raw\IIITD_Contact_Lens_Iris_DB\Vista Scanner\42\Normal\Right\2.bmp,0,0,7.5289057e-07
C:\Users\sahar\OneDrive\Desktop\EXPLAINABLE_IRIS_PAD\Data\Raw\IIITD_Contact_Lens_Iris_DB\Vista Scanner\42\Normal\Right\3.bmp,0,0,3.1383683e-05
C:\Users\sahar\OneDrive\Desktop\EXPLAINABLE_IRIS_PAD\Data\Raw\IIITD_Contact_Lens_Iris_DB\Vista Scanner\42\Normal\Right\4.bmp,0,0,2.9755076e-06
C:\Users\sahar\OneDrive\Desktop\EXPLAINABLE_IRIS_PAD\Data\Raw\IIITD_Contact_Lens_Iris_DB\Vista Scanner\42\Normal\Right\5.bmp,0,0,2.5071215e-05
C:\Users\sahar\OneDrive\Desktop\EXPLAINABLE_IRIS_PAD\Data\Raw\IIITD_Contact_Lens_Iris_DB\Vista Scanner\43\Colored\Left\1.bmp,1,1,0.9999999
C:\Users\sahar\OneDrive\Desktop\EXPLAINABLE_IRIS_PAD\Data\Raw\IIITD_Contact_Lens_Iris_DB\Vista Scanner\43\Colored\Left\2.bmp,1,1,0.9999999
C:\Users\sahar\OneDrive\Desktop\EXPLAINABLE_IRIS_PAD\Data\Raw\IIITD_Contact_Lens_Iris_DB\Vista Scanner\43\Colored\Left\3.bmp,1,1,0.9999995
C:\Users\sahar\OneDrive\Desktop\EXPLAINABLE_IRIS_PAD\Data\Raw\IIITD_Contact_Lens_Iris_DB\Vista Scanner\43\Colored\Left\4.bmp,1,1,0.99999905
C:\Users\sahar\OneDrive\Desktop\EXPLAINABLE_IRIS_PAD\Data\Raw\IIITD_Contact_Lens_Iris_DB\Vista Scanner\43\Colored\Left\5.bmp,1,1,0.99999976
C:\Users\sahar\OneDrive\Desktop\EXPLAINABLE_IRIS_PAD\Data\Raw\IIITD_Contact_Lens_Iris_DB\Vista Scanner\43\Colored\Right\1.bmp,1,1,0.9999957
C:\Users\sahar\OneDrive\Desktop\EXPLAINABLE_IRIS_PAD\Data\Raw\IIITD_Contact_Lens_Iris_DB\Vista Scanner\43\Colored\Right\2.bmp,1,1,0.9999999
C:\Users\sahar\OneDrive\Desktop\EXPLAINABLE_IRIS_PAD\Data\Raw\IIITD_Contact_Lens_Iris_DB\Vista Scanner\43\Colored\Right\3.bmp,1,1,0.9999999
C:\Users\sahar\OneDrive\Desktop\EXPLAINABLE_IRIS_PAD\Data\Raw\IIITD_Contact_Lens_Iris_DB\Vista Scanner\43\Colored\Right\4.bmp,1,1,0.9999999
C:\Users\sahar\OneDrive\Desktop\EXPLAINABLE_IRIS_PAD\Data\Raw\IIITD_Contact_Lens_Iris_DB\Vista Scanner\43\Colored\Right\5.bmp,1,1,0.99999964
C:\Users\sahar\OneDrive\Desktop\EXPLAINABLE_IRIS_PAD\Data\Raw\IIITD_Contact_Lens_Iris_DB\Vista Scanner\43\Normal\Left\1.bmp,0,0,8.23158e-05
C:\Users\sahar\OneDrive\Desktop\EXPLAINABLE_IRIS_PAD\Data\Raw\IIITD_Contact_Lens_Iris_DB\Vista Scanner\43\Normal\Left\2.bmp,0,0,0.00039254967
C:\Users\sahar\OneDrive\Desktop\EXPLAINABLE_IRIS_PAD\Data\Raw\IIITD_Contact_Lens_Iris_DB\Vista Scanner\43\Normal\Left\3.bmp,0,0,4.9816714e-05
C:\Users\sahar\OneDrive\Desktop\EXPLAINABLE_IRIS_PAD\Data\Raw\IIITD_Contact_Lens_Iris_DB\Vista Scanner\43\Normal\Left\4.bmp,0,0,1.8691242e-05
C:\Users\sahar\OneDrive\Desktop\EXPLAINABLE_IRIS_PAD\Data\Raw\IIITD_Contact_Lens_Iris_DB\Vista Scanner\43\Normal\Left\5.bmp,0,0,0.0006622852
C:\Users\sahar\OneDrive\Desktop\EXPLAINABLE_IRIS_PAD\Data\Raw\IIITD_Contact_Lens_Iris_DB\Vista Scanner\43\Normal\Right\1.bmp,0,0,0.00022343383
C:\Users\sahar\OneDrive\Desktop\EXPLAINABLE_IRIS_PAD\Data\Raw\IIITD_Contact_Lens_Iris_DB\Vista Scanner\43\Normal\Right\2.bmp,0,0,5.0947447e-06
C:\Users\sahar\OneDrive\Desktop\EXPLAINABLE_IRIS_PAD\Data\Raw\IIITD_Contact_Lens_Iris_DB\Vista Scanner\43\Normal\Right\3.bmp,0,0,0.00010555944
C:\Users\sahar\OneDrive\Desktop\EXPLAINABLE_IRIS_PAD\Data\Raw\IIITD_Contact_Lens_Iris_DB\Vista Scanner\43\Normal\Right\4.bmp,0,0,0.00027056894
C:\Users\sahar\OneDrive\Desktop\EXPLAINABLE_IRIS_PAD\Data\Raw\IIITD_Contact_Lens_Iris_DB\Vista Scanner\43\Normal\Right\5.bmp,0,0,0.00014636903
C:\Users\sahar\OneDrive\Desktop\EXPLAINABLE_IRIS_PAD\Data\Raw\IIITD_Contact_Lens_Iris_DB\Vista Scanner\44\Colored\Left\1.bmp,1,1,0.99999475
C:\Users\sahar\OneDrive\Desktop\EXPLAINABLE_IRIS_PAD\Data\Raw\IIITD_Contact_Lens_Iris_DB\Vista Scanner\44\Colored\Left\2.bmp,1,1,0.9999999
C:\Users\sahar\OneDrive\Desktop\EXPLAINABLE_IRIS_PAD\Data\Raw\IIITD_Contact_Lens_Iris_DB\Vista Scanner\44\Colored\Left\3.bmp,1,1,1.0
C:\Users\sahar\OneDrive\Desktop\EXPLAINABLE_IRIS_PAD\Data\Raw\IIITD_Contact_Lens_Iris_DB\Vista Scanner\44\Colored\Left\4.bmp,1,1,1.0
C:\Users\sahar\OneDrive\Desktop\EXPLAINABLE_IRIS_PAD\Data\Raw\IIITD_Contact_Lens_Iris_DB\Vista Scanner\44\Colored\Left\5.bmp,1,1,1.0
C:\Users\sahar\OneDrive\Desktop\EXPLAINABLE_IRIS_PAD\Data\Raw\IIITD_Contact_Lens_Iris_DB\Vista Scanner\44\Colored\Right\1.bmp,1,1,0.99997735
C:\Users\sahar\OneDrive\Desktop\EXPLAINABLE_IRIS_PAD\Data\Raw\IIITD_Contact_Lens_Iris_DB\Vista Scanner\44\Colored\Right\2.bmp,1,1,0.99999213
C:\Users\sahar\OneDrive\Desktop\EXPLAINABLE_IRIS_PAD\Data\Raw\IIITD_Contact_Lens_Iris_DB\Vista Scanner\44\Colored\Right\3.bmp,1,1,0.9999509
C:\Users\sahar\OneDrive\Desktop\EXPLAINABLE_IRIS_PAD\Data\Raw\IIITD_Contact_Lens_Iris_DB\Vista Scanner\44\Colored\Right\4.bmp,1,1,0.99999547
C:\Users\sahar\OneDrive\Desktop\EXPLAINABLE_IRIS_PAD\Data\Raw\IIITD_Contact_Lens_Iris_DB\Vista Scanner\44\Colored\Right\5.bmp,1,1,0.99991727
C:\Users\sahar\OneDrive\Desktop\EXPLAINABLE_IRIS_PAD\Data\Raw\IIITD_Contact_Lens_Iris_DB\Vista Scanner\44\Normal\Left\1.bmp,0,0,0.0002799621
C:\Users\sahar\OneDrive\Desktop\EXPLAINABLE_IRIS_PAD\Data\Raw\IIITD_Contact_Lens_Iris_DB\Vista Scanner\44\Normal\Left\2.bmp,0,0,9.6764416e-05
C:\Users\sahar\OneDrive\Desktop\EXPLAINABLE_IRIS_PAD\Data\Raw\IIITD_Contact_Lens_Iris_DB\Vista Scanner\44\Normal\Left\3.bmp,0,0,3.4041335e-05
C:\Users\sahar\OneDrive\Desktop\EXPLAINABLE_IRIS_PAD\Data\Raw\IIITD_Contact_Lens_Iris_DB\Vista Scanner\44\Normal\Left\4.bmp,0,0,0.00023463281
C:\Users\sahar\OneDrive\Desktop\EXPLAINABLE_IRIS_PAD\Data\Raw\IIITD_Contact_Lens_Iris_DB\Vista Scanner\44\Normal\Left\5.bmp,0,0,0.0006679211
C:\Users\sahar\OneDrive\Desktop\EXPLAINABLE_IRIS_PAD\Data\Raw\IIITD_Contact_Lens_Iris_DB\Vista Scanner\44\Normal\Right\1.bmp,0,0,0.00011484693
C:\Users\sahar\OneDrive\Desktop\EXPLAINABLE_IRIS_PAD\Data\Raw\IIITD_Contact_Lens_Iris_DB\Vista Scanner\44\Normal\Right\2.bmp,0,0,7.801434e-05
C:\Users\sahar\OneDrive\Desktop\EXPLAINABLE_IRIS_PAD\Data\Raw\IIITD_Contact_Lens_Iris_DB\Vista Scanner\44\Normal\Right\3.bmp,0,0,9.639124e-05
C:\Users\sahar\OneDrive\Desktop\EXPLAINABLE_IRIS_PAD\Data\Raw\IIITD_Contact_Lens_Iris_DB\Vista Scanner\44\Normal\Right\4.bmp,0,0,2.2334316e-05
C:\Users\sahar\OneDrive\Desktop\EXPLAINABLE_IRIS_PAD\Data\Raw\IIITD_Contact_Lens_Iris_DB\Vista Scanner\44\Normal\Right\5.bmp,0,0,0.00018278963
C:\Users\sahar\OneDrive\Desktop\EXPLAINABLE_IRIS_PAD\Data\Raw\IIITD_Contact_Lens_Iris_DB\Vista Scanner\45\Colored\Left\1.bmp,1,1,0.99840623
C:\Users\sahar\OneDrive\Desktop\EXPLAINABLE_IRIS_PAD\Data\Raw\IIITD_Contact_Lens_Iris_DB\Vista Scanner\45\Colored\Left\2.bmp,1,1,0.99997556
C:\Users\sahar\OneDrive\Desktop\EXPLAINABLE_IRIS_PAD\Data\Raw\IIITD_Contact_Lens_Iris_DB\Vista Scanner\45\Colored\Left\3.bmp,1,1,0.9999869
C:\Users\sahar\OneDrive\Desktop\EXPLAINABLE_IRIS_PAD\Data\Raw\IIITD_Contact_Lens_Iris_DB\Vista Scanner\45\Colored\Left\4.bmp,1,1,0.99990034
C:\Users\sahar\OneDrive\Desktop\EXPLAINABLE_IRIS_PAD\Data\Raw\IIITD_Contact_Lens_Iris_DB\Vista Scanner\45\Colored\Left\5.bmp,1,1,0.9999912
C:\Users\sahar\OneDrive\Desktop\EXPLAINABLE_IRIS_PAD\Data\Raw\IIITD_Contact_Lens_Iris_DB\Vista Scanner\45\Colored\Right\1.bmp,1,1,0.9984559
C:\Users\sahar\OneDrive\Desktop\EXPLAINABLE_IRIS_PAD\Data\Raw\IIITD_Contact_Lens_Iris_DB\Vista Scanner\45\Colored\Right\2.bmp,1,1,0.9997718
C:\Users\sahar\OneDrive\Desktop\EXPLAINABLE_IRIS_PAD\Data\Raw\IIITD_Contact_Lens_Iris_DB\Vista Scanner\45\Colored\Right\3.bmp,1,1,0.9996544
C:\Users\sahar\OneDrive\Desktop\EXPLAINABLE_IRIS_PAD\Data\Raw\IIITD_Contact_Lens_Iris_DB\Vista Scanner\45\Colored\Right\4.bmp,1,1,0.99987495
C:\Users\sahar\OneDrive\Desktop\EXPLAINABLE_IRIS_PAD\Data\Raw\IIITD_Contact_Lens_Iris_DB\Vista Scanner\45\Colored\Right\5.bmp,1,1,0.9996859
C:\Users\sahar\OneDrive\Desktop\EXPLAINABLE_IRIS_PAD\Data\Raw\IIITD_Contact_Lens_Iris_DB\Vista Scanner\45\Normal\Left\1.bmp,0,0,3.4916902e-05
C:\Users\sahar\OneDrive\Desktop\EXPLAINABLE_IRIS_PAD\Data\Raw\IIITD_Contact_Lens_Iris_DB\Vista Scanner\45\Normal\Left\2.bmp,0,0,0.000750437
C:\Users\sahar\OneDrive\Desktop\EXPLAINABLE_IRIS_PAD\Data\Raw\IIITD_Contact_Lens_Iris_DB\Vista Scanner\45\Normal\Left\3.bmp,0,0,2.9132298e-05
C:\Users\sahar\OneDrive\Desktop\EXPLAINABLE_IRIS_PAD\Data\Raw\IIITD_Contact_Lens_Iris_DB\Vista Scanner\45\Normal\Left\4.bmp,0,0,0.00055253366
C:\Users\sahar\OneDrive\Desktop\EXPLAINABLE_IRIS_PAD\Data\Raw\IIITD_Contact_Lens_Iris_DB\Vista Scanner\45\Normal\Left\5.bmp,0,0,5.8492282e-05
C:\Users\sahar\OneDrive\Desktop\EXPLAINABLE_IRIS_PAD\Data\Raw\IIITD_Contact_Lens_Iris_DB\Vista Scanner\45\Normal\Right\1.bmp,0,0,8.766311e-05
C:\Users\sahar\OneDrive\Desktop\EXPLAINABLE_IRIS_PAD\Data\Raw\IIITD_Contact_Lens_Iris_DB\Vista Scanner\45\Normal\Right\2.bmp,0,0,5.665818e-05
C:\Users\sahar\OneDrive\Desktop\EXPLAINABLE_IRIS_PAD\Data\Raw\IIITD_Contact_Lens_Iris_DB\Vista Scanner\45\Normal\Right\3.bmp,0,0,0.00051156693
C:\Users\sahar\OneDrive\Desktop\EXPLAINABLE_IRIS_PAD\Data\Raw\IIITD_Contact_Lens_Iris_DB\Vista Scanner\45\Normal\Right\4.bmp,0,0,0.00010185627
C:\Users\sahar\OneDrive\Desktop\EXPLAINABLE_IRIS_PAD\Data\Raw\IIITD_Contact_Lens_Iris_DB\Vista Scanner\45\Normal\Right\5.bmp,0,0,0.00052383885
C:\Users\sahar\OneDrive\Desktop\EXPLAINABLE_IRIS_PAD\Data\Raw\IIITD_Contact_Lens_Iris_DB\Vista Scanner\46\Colored\Left\1.bmp,1,1,0.9992073
C:\Users\sahar\OneDrive\Desktop\EXPLAINABLE_IRIS_PAD\Data\Raw\IIITD_Contact_Lens_Iris_DB\Vista Scanner\46\Colored\Left\2.bmp,1,1,0.999091
C:\Users\sahar\OneDrive\Desktop\EXPLAINABLE_IRIS_PAD\Data\Raw\IIITD_Contact_Lens_Iris_DB\Vista Scanner\46\Colored\Left\3.bmp,1,1,0.9997403
C:\Users\sahar\OneDrive\Desktop\EXPLAINABLE_IRIS_PAD\Data\Raw\IIITD_Contact_Lens_Iris_DB\Vista Scanner\46\Colored\Left\4.bmp,1,1,0.9999207
C:\Users\sahar\OneDrive\Desktop\EXPLAINABLE_IRIS_PAD\Data\Raw\IIITD_Contact_Lens_Iris_DB\Vista Scanner\46\Colored\Left\5.bmp,1,1,0.9997913
C:\Users\sahar\OneDrive\Desktop\EXPLAINABLE_IRIS_PAD\Data\Raw\IIITD_Contact_Lens_Iris_DB\Vista Scanner\46\Colored\Right\1.bmp,1,1,0.99993134
C:\Users\sahar\OneDrive\Desktop\EXPLAINABLE_IRIS_PAD\Data\Raw\IIITD_Contact_Lens_Iris_DB\Vista Scanner\46\Colored\Right\2.bmp,1,1,0.9999871
C:\Users\sahar\OneDrive\Desktop\EXPLAINABLE_IRIS_PAD\Data\Raw\IIITD_Contact_Lens_Iris_DB\Vista Scanner\46\Colored\Right\3.bmp,1,1,0.9991636
C:\Users\sahar\OneDrive\Desktop\EXPLAINABLE_IRIS_PAD\Data\Raw\IIITD_Contact_Lens_Iris_DB\Vista Scanner\46\Colored\Right\4.bmp,1,1,0.9998566
C:\Users\sahar\OneDrive\Desktop\EXPLAINABLE_IRIS_PAD\Data\Raw\IIITD_Contact_Lens_Iris_DB\Vista Scanner\46\Colored\Right\5.bmp,1,1,0.99885786
C:\Users\sahar\OneDrive\Desktop\EXPLAINABLE_IRIS_PAD\Data\Raw\IIITD_Contact_Lens_Iris_DB\Vista Scanner\46\Normal\Left\1.bmp,0,0,2.0350835e-05
C:\Users\sahar\OneDrive\Desktop\EXPLAINABLE_IRIS_PAD\Data\Raw\IIITD_Contact_Lens_Iris_DB\Vista Scanner\46\Normal\Left\2.bmp,0,0,9.316991e-05
C:\Users\sahar\OneDrive\Desktop\EXPLAINABLE_IRIS_PAD\Data\Raw\IIITD_Contact_Lens_Iris_DB\Vista Scanner\46\Normal\Left\3.bmp,0,0,5.129545e-05
C:\Users\sahar\OneDrive\Desktop\EXPLAINABLE_IRIS_PAD\Data\Raw\IIITD_Contact_Lens_Iris_DB\Vista Scanner\46\Normal\Left\4.bmp,0,0,0.00021279785
C:\Users\sahar\OneDrive\Desktop\EXPLAINABLE_IRIS_PAD\Data\Raw\IIITD_Contact_Lens_Iris_DB\Vista Scanner\46\Normal\Left\5.bmp,0,0,8.52837e-05
C:\Users\sahar\OneDrive\Desktop\EXPLAINABLE_IRIS_PAD\Data\Raw\IIITD_Contact_Lens_Iris_DB\Vista Scanner\46\Normal\Right\1.bmp,0,0,0.0002112292
C:\Users\sahar\OneDrive\Desktop\EXPLAINABLE_IRIS_PAD\Data\Raw\IIITD_Contact_Lens_Iris_DB\Vista Scanner\46\Normal\Right\2.bmp,0,0,6.7947144e-06
C:\Users\sahar\OneDrive\Desktop\EXPLAINABLE_IRIS_PAD\Data\Raw\IIITD_Contact_Lens_Iris_DB\Vista Scanner\46\Normal\Right\3.bmp,0,0,1.3788959e-05
C:\Users\sahar\OneDrive\Desktop\EXPLAINABLE_IRIS_PAD\Data\Raw\IIITD_Contact_Lens_Iris_DB\Vista Scanner\46\Normal\Right\4.bmp,0,0,6.251818e-05
C:\Users\sahar\OneDrive\Desktop\EXPLAINABLE_IRIS_PAD\Data\Raw\IIITD_Contact_Lens_Iris_DB\Vista Scanner\46\Normal\Right\5.bmp,0,0,0.00014516259
C:\Users\sahar\OneDrive\Desktop\EXPLAINABLE_IRIS_PAD\Data\Raw\IIITD_Contact_Lens_Iris_DB\Vista Scanner\47\Colored\Left\1.bmp,1,1,0.99997604
C:\Users\sahar\OneDrive\Desktop\EXPLAINABLE_IRIS_PAD\Data\Raw\IIITD_Contact_Lens_Iris_DB\Vista Scanner\47\Colored\Left\2.bmp,1,1,0.9999999
C:\Users\sahar\OneDrive\Desktop\EXPLAINABLE_IRIS_PAD\Data\Raw\IIITD_Contact_Lens_Iris_DB\Vista Scanner\47\Colored\Left\3.bmp,1,1,0.9999999
C:\Users\sahar\OneDrive\Desktop\EXPLAINABLE_IRIS_PAD\Data\Raw\IIITD_Contact_Lens_Iris_DB\Vista Scanner\47\Colored\Left\4.bmp,1,1,0.9999225
C:\Users\sahar\OneDrive\Desktop\EXPLAINABLE_IRIS_PAD\Data\Raw\IIITD_Contact_Lens_Iris_DB\Vista Scanner\47\Colored\Left\5.bmp,1,1,0.999966
C:\Users\sahar\OneDrive\Desktop\EXPLAINABLE_IRIS_PAD\Data\Raw\IIITD_Contact_Lens_Iris_DB\Vista Scanner\47\Colored\Right\1.bmp,1,1,0.99999964
C:\Users\sahar\OneDrive\Desktop\EXPLAINABLE_IRIS_PAD\Data\Raw\IIITD_Contact_Lens_Iris_DB\Vista Scanner\47\Colored\Right\2.bmp,1,1,0.99997807
C:\Users\sahar\OneDrive\Desktop\EXPLAINABLE_IRIS_PAD\Data\Raw\IIITD_Contact_Lens_Iris_DB\Vista Scanner\47\Colored\Right\3.bmp,1,1,0.9999335
C:\Users\sahar\OneDrive\Desktop\EXPLAINABLE_IRIS_PAD\Data\Raw\IIITD_Contact_Lens_Iris_DB\Vista Scanner\47\Colored\Right\4.bmp,1,1,0.99999785
C:\Users\sahar\OneDrive\Desktop\EXPLAINABLE_IRIS_PAD\Data\Raw\IIITD_Contact_Lens_Iris_DB\Vista Scanner\47\Colored\Right\5.bmp,1,1,0.99994695
C:\Users\sahar\OneDrive\Desktop\EXPLAINABLE_IRIS_PAD\Data\Raw\IIITD_Contact_Lens_Iris_DB\Vista Scanner\47\Normal\Left\1.bmp,0,0,5.114714e-06
C:\Users\sahar\OneDrive\Desktop\EXPLAINABLE_IRIS_PAD\Data\Raw\IIITD_Contact_Lens_Iris_DB\Vista Scanner\47\Normal\Left\2.bmp,0,0,1.9901005e-05
C:\Users\sahar\OneDrive\Desktop\EXPLAINABLE_IRIS_PAD\Data\Raw\IIITD_Contact_Lens_Iris_DB\Vista Scanner\47\Normal\Left\3.bmp,0,0,1.8043438e-05
C:\Users\sahar\OneDrive\Desktop\EXPLAINABLE_IRIS_PAD\Data\Raw\IIITD_Contact_Lens_Iris_DB\Vista Scanner\47\Normal\Left\4.bmp,0,0,2.8240675e-06
C:\Users\sahar\OneDrive\Desktop\EXPLAINABLE_IRIS_PAD\Data\Raw\IIITD_Contact_Lens_Iris_DB\Vista Scanner\47\Normal\Left\5.bmp,0,0,5.539637e-07
C:\Users\sahar\OneDrive\Desktop\EXPLAINABLE_IRIS_PAD\Data\Raw\IIITD_Contact_Lens_Iris_DB\Vista Scanner\47\Normal\Right\1.bmp,0,0,6.0133448e-12
C:\Users\sahar\OneDrive\Desktop\EXPLAINABLE_IRIS_PAD\Data\Raw\IIITD_Contact_Lens_Iris_DB\Vista Scanner\47\Normal\Right\2.bmp,0,0,3.0859863e-11
C:\Users\sahar\OneDrive\Desktop\EXPLAINABLE_IRIS_PAD\Data\Raw\IIITD_Contact_Lens_Iris_DB\Vista Scanner\47\Normal\Right\3.bmp,0,0,3.0474065e-10
C:\Users\sahar\OneDrive\Desktop\EXPLAINABLE_IRIS_PAD\Data\Raw\IIITD_Contact_Lens_Iris_DB\Vista Scanner\47\Normal\Right\4.bmp,0,0,1.9561668e-10
C:\Users\sahar\OneDrive\Desktop\EXPLAINABLE_IRIS_PAD\Data\Raw\IIITD_Contact_Lens_Iris_DB\Vista Scanner\47\Normal\Right\5.bmp,0,0,7.862874e-09
C:\Users\sahar\OneDrive\Desktop\EXPLAINABLE_IRIS_PAD\Data\Raw\IIITD_Contact_Lens_Iris_DB\Vista Scanner\48\Colored\Left\1.bmp,1,0,0.001186615
C:\Users\sahar\OneDrive\Desktop\EXPLAINABLE_IRIS_PAD\Data\Raw\IIITD_Contact_Lens_Iris_DB\Vista Scanner\48\Colored\Left\2.bmp,1,0,0.001146574
C:\Users\sahar\OneDrive\Desktop\EXPLAINABLE_IRIS_PAD\Data\Raw\IIITD_Contact_Lens_Iris_DB\Vista Scanner\48\Colored\Left\3.bmp,1,0,0.0007560401
C:\Users\sahar\OneDrive\Desktop\EXPLAINABLE_IRIS_PAD\Data\Raw\IIITD_Contact_Lens_Iris_DB\Vista Scanner\48\Colored\Left\4.bmp,1,0,0.00041030647
C:\Users\sahar\OneDrive\Desktop\EXPLAINABLE_IRIS_PAD\Data\Raw\IIITD_Contact_Lens_Iris_DB\Vista Scanner\48\Colored\Left\5.bmp,1,0,0.0007147265
C:\Users\sahar\OneDrive\Desktop\EXPLAINABLE_IRIS_PAD\Data\Raw\IIITD_Contact_Lens_Iris_DB\Vista Scanner\48\Colored\Right\1.bmp,1,0,0.037557427
C:\Users\sahar\OneDrive\Desktop\EXPLAINABLE_IRIS_PAD\Data\Raw\IIITD_Contact_Lens_Iris_DB\Vista Scanner\48\Colored\Right\2.bmp,1,0,0.0013753172
C:\Users\sahar\OneDrive\Desktop\EXPLAINABLE_IRIS_PAD\Data\Raw\IIITD_Contact_Lens_Iris_DB\Vista Scanner\48\Colored\Right\3.bmp,1,0,0.0021186513
C:\Users\sahar\OneDrive\Desktop\EXPLAINABLE_IRIS_PAD\Data\Raw\IIITD_Contact_Lens_Iris_DB\Vista Scanner\48\Colored\Right\4.bmp,1,0,0.005989495
C:\Users\sahar\OneDrive\Desktop\EXPLAINABLE_IRIS_PAD\Data\Raw\IIITD_Contact_Lens_Iris_DB\Vista Scanner\48\Colored\Right\5.bmp,1,0,0.011349214
C:\Users\sahar\OneDrive\Desktop\EXPLAINABLE_IRIS_PAD\Data\Raw\IIITD_Contact_Lens_Iris_DB\Vista Scanner\48\Normal\Left\1.bmp,0,0,7.457323e-09
C:\Users\sahar\OneDrive\Desktop\EXPLAINABLE_IRIS_PAD\Data\Raw\IIITD_Contact_Lens_Iris_DB\Vista Scanner\48\Normal\Left\2.bmp,0,0,1.8046546e-07
C:\Users\sahar\OneDrive\Desktop\EXPLAINABLE_IRIS_PAD\Data\Raw\IIITD_Contact_Lens_Iris_DB\Vista Scanner\48\Normal\Left\3.bmp,0,0,6.1891717e-07
C:\Users\sahar\OneDrive\Desktop\EXPLAINABLE_IRIS_PAD\Data\Raw\IIITD_Contact_Lens_Iris_DB\Vista Scanner\48\Normal\Left\4.bmp,0,0,2.229954e-07
C:\Users\sahar\OneDrive\Desktop\EXPLAINABLE_IRIS_PAD\Data\Raw\IIITD_Contact_Lens_Iris_DB\Vista Scanner\48\Normal\Left\5.bmp,0,0,1.2973284e-08
C:\Users\sahar\OneDrive\Desktop\EXPLAINABLE_IRIS_PAD\Data\Raw\IIITD_Contact_Lens_Iris_DB\Vista Scanner\48\Normal\Right\1.bmp,0,0,5.4077827e-05
C:\Users\sahar\OneDrive\Desktop\EXPLAINABLE_IRIS_PAD\Data\Raw\IIITD_Contact_Lens_Iris_DB\Vista Scanner\48\Normal\Right\2.bmp,0,0,0.00011918156
C:\Users\sahar\OneDrive\Desktop\EXPLAINABLE_IRIS_PAD\Data\Raw\IIITD_Contact_Lens_Iris_DB\Vista Scanner\48\Normal\Right\3.bmp,0,0,0.00053369027
C:\Users\sahar\OneDrive\Desktop\EXPLAINABLE_IRIS_PAD\Data\Raw\IIITD_Contact_Lens_Iris_DB\Vista Scanner\48\Normal\Right\4.bmp,0,0,0.00014368628
C:\Users\sahar\OneDrive\Desktop\EXPLAINABLE_IRIS_PAD\Data\Raw\IIITD_Contact_Lens_Iris_DB\Vista Scanner\48\Normal\Right\5.bmp,0,0,1.1748249e-06
C:\Users\sahar\OneDrive\Desktop\EXPLAINABLE_IRIS_PAD\Data\Raw\IIITD_Contact_Lens_Iris_DB\Vista Scanner\49\Colored\Left\1.bmp,1,1,0.99999785
C:\Users\sahar\OneDrive\Desktop\EXPLAINABLE_IRIS_PAD\Data\Raw\IIITD_Contact_Lens_Iris_DB\Vista Scanner\49\Colored\Left\2.bmp,1,1,0.9999429
C:\Users\sahar\OneDrive\Desktop\EXPLAINABLE_IRIS_PAD\Data\Raw\IIITD_Contact_Lens_Iris_DB\Vista Scanner\49\Colored\Left\3.bmp,1,1,0.9999993
C:\Users\sahar\OneDrive\Desktop\EXPLAINABLE_IRIS_PAD\Data\Raw\IIITD_Contact_Lens_Iris_DB\Vista Scanner\49\Colored\Left\4.bmp,1,1,0.9999999
C:\Users\sahar\OneDrive\Desktop\EXPLAINABLE_IRIS_PAD\Data\Raw\IIITD_Contact_Lens_Iris_DB\Vista Scanner\49\Colored\Left\5.bmp,1,1,0.9999999
C:\Users\sahar\OneDrive\Desktop\EXPLAINABLE_IRIS_PAD\Data\Raw\IIITD_Contact_Lens_Iris_DB\Vista Scanner\49\Colored\Right\1.bmp,1,1,0.9990601
C:\Users\sahar\OneDrive\Desktop\EXPLAINABLE_IRIS_PAD\Data\Raw\IIITD_Contact_Lens_Iris_DB\Vista Scanner\49\Colored\Right\2.bmp,1,1,0.9998561
C:\Users\sahar\OneDrive\Desktop\EXPLAINABLE_IRIS_PAD\Data\Raw\IIITD_Contact_Lens_Iris_DB\Vista Scanner\49\Colored\Right\3.bmp,1,1,0.9995981
C:\Users\sahar\OneDrive\Desktop\EXPLAINABLE_IRIS_PAD\Data\Raw\IIITD_Contact_Lens_Iris_DB\Vista Scanner\49\Colored\Right\4.bmp,1,1,0.9995493
C:\Users\sahar\OneDrive\Desktop\EXPLAINABLE_IRIS_PAD\Data\Raw\IIITD_Contact_Lens_Iris_DB\Vista Scanner\49\Colored\Right\5.bmp,1,1,0.99998593
C:\Users\sahar\OneDrive\Desktop\EXPLAINABLE_IRIS_PAD\Data\Raw\IIITD_Contact_Lens_Iris_DB\Vista Scanner\49\Normal\Left\1.bmp,0,0,1.5519607e-06
C:\Users\sahar\OneDrive\Desktop\EXPLAINABLE_IRIS_PAD\Data\Raw\IIITD_Contact_Lens_Iris_DB\Vista Scanner\49\Normal\Left\2.bmp,0,0,3.2771652e-06
C:\Users\sahar\OneDrive\Desktop\EXPLAINABLE_IRIS_PAD\Data\Raw\IIITD_Contact_Lens_Iris_DB\Vista Scanner\49\Normal\Left\3.bmp,0,0,1.4011121e-06
C:\Users\sahar\OneDrive\Desktop\EXPLAINABLE_IRIS_PAD\Data\Raw\IIITD_Contact_Lens_Iris_DB\Vista Scanner\49\Normal\Left\4.bmp,0,0,1.292211e-06
C:\Users\sahar\OneDrive\Desktop\EXPLAINABLE_IRIS_PAD\Data\Raw\IIITD_Contact_Lens_Iris_DB\Vista Scanner\49\Normal\Left\5.bmp,0,0,1.024105e-07
C:\Users\sahar\OneDrive\Desktop\EXPLAINABLE_IRIS_PAD\Data\Raw\IIITD_Contact_Lens_Iris_DB\Vista Scanner\49\Normal\Right\1.bmp,0,0,2.799364e-07
C:\Users\sahar\OneDrive\Desktop\EXPLAINABLE_IRIS_PAD\Data\Raw\IIITD_Contact_Lens_Iris_DB\Vista Scanner\49\Normal\Right\2.bmp,0,0,1.8783523e-07
C:\Users\sahar\OneDrive\Desktop\EXPLAINABLE_IRIS_PAD\Data\Raw\IIITD_Contact_Lens_Iris_DB\Vista Scanner\49\Normal\Right\3.bmp,0,0,5.002255e-07
C:\Users\sahar\OneDrive\Desktop\EXPLAINABLE_IRIS_PAD\Data\Raw\IIITD_Contact_Lens_Iris_DB\Vista Scanner\49\Normal\Right\4.bmp,0,0,8.783522e-09
C:\Users\sahar\OneDrive\Desktop\EXPLAINABLE_IRIS_PAD\Data\Raw\IIITD_Contact_Lens_Iris_DB\Vista Scanner\49\Normal\Right\5.bmp,0,0,4.285862e-06
C:\Users\sahar\OneDrive\Desktop\EXPLAINABLE_IRIS_PAD\Data\Raw\IIITD_Contact_Lens_Iris_DB\Vista Scanner\5\Colored\Left\1.bmp,1,1,0.9996562
C:\Users\sahar\OneDrive\Desktop\EXPLAINABLE_IRIS_PAD\Data\Raw\IIITD_Contact_Lens_Iris_DB\Vista Scanner\5\Colored\Left\2.bmp,1,1,0.99986863
C:\Users\sahar\OneDrive\Desktop\EXPLAINABLE_IRIS_PAD\Data\Raw\IIITD_Contact_Lens_Iris_DB\Vista Scanner\5\Colored\Left\3.bmp,1,1,0.9998863
C:\Users\sahar\OneDrive\Desktop\EXPLAINABLE_IRIS_PAD\Data\Raw\IIITD_Contact_Lens_Iris_DB\Vista Scanner\5\Colored\Left\4.bmp,1,1,0.99952936
C:\Users\sahar\OneDrive\Desktop\EXPLAINABLE_IRIS_PAD\Data\Raw\IIITD_Contact_Lens_Iris_DB\Vista Scanner\5\Colored\Left\5.bmp,1,1,0.99933004
C:\Users\sahar\OneDrive\Desktop\EXPLAINABLE_IRIS_PAD\Data\Raw\IIITD_Contact_Lens_Iris_DB\Vista Scanner\5\Colored\Right\1.bmp,1,1,0.9999621
C:\Users\sahar\OneDrive\Desktop\EXPLAINABLE_IRIS_PAD\Data\Raw\IIITD_Contact_Lens_Iris_DB\Vista Scanner\5\Colored\Right\2.bmp,1,1,0.9999263
C:\Users\sahar\OneDrive\Desktop\EXPLAINABLE_IRIS_PAD\Data\Raw\IIITD_Contact_Lens_Iris_DB\Vista Scanner\5\Colored\Right\3.bmp,1,1,0.99908257
C:\Users\sahar\OneDrive\Desktop\EXPLAINABLE_IRIS_PAD\Data\Raw\IIITD_Contact_Lens_Iris_DB\Vista Scanner\5\Colored\Right\4.bmp,1,1,0.99999774
C:\Users\sahar\OneDrive\Desktop\EXPLAINABLE_IRIS_PAD\Data\Raw\IIITD_Contact_Lens_Iris_DB\Vista Scanner\5\Colored\Right\5.bmp,1,1,0.9999939
C:\Users\sahar\OneDrive\Desktop\EXPLAINABLE_IRIS_PAD\Data\Raw\IIITD_Contact_Lens_Iris_DB\Vista Scanner\5\Normal\Left\1.bmp,0,0,3.7390453e-07
C:\Users\sahar\OneDrive\Desktop\EXPLAINABLE_IRIS_PAD\Data\Raw\IIITD_Contact_Lens_Iris_DB\Vista Scanner\5\Normal\Left\2.bmp,0,0,3.0195764e-05
C:\Users\sahar\OneDrive\Desktop\EXPLAINABLE_IRIS_PAD\Data\Raw\IIITD_Contact_Lens_Iris_DB\Vista Scanner\5\Normal\Left\3.bmp,0,0,7.142351e-07
C:\Users\sahar\OneDrive\Desktop\EXPLAINABLE_IRIS_PAD\Data\Raw\IIITD_Contact_Lens_Iris_DB\Vista Scanner\5\Normal\Left\4.bmp,0,0,6.8223426e-06
C:\Users\sahar\OneDrive\Desktop\EXPLAINABLE_IRIS_PAD\Data\Raw\IIITD_Contact_Lens_Iris_DB\Vista Scanner\5\Normal\Left\5.bmp,0,0,2.5270044e-06
C:\Users\sahar\OneDrive\Desktop\EXPLAINABLE_IRIS_PAD\Data\Raw\IIITD_Contact_Lens_Iris_DB\Vista Scanner\5\Normal\Right\1.bmp,0,0,0.00028214624
C:\Users\sahar\OneDrive\Desktop\EXPLAINABLE_IRIS_PAD\Data\Raw\IIITD_Contact_Lens_Iris_DB\Vista Scanner\5\Normal\Right\2.bmp,0,0,0.0006113589
C:\Users\sahar\OneDrive\Desktop\EXPLAINABLE_IRIS_PAD\Data\Raw\IIITD_Contact_Lens_Iris_DB\Vista Scanner\5\Normal\Right\3.bmp,0,0,2.9912966e-05
C:\Users\sahar\OneDrive\Desktop\EXPLAINABLE_IRIS_PAD\Data\Raw\IIITD_Contact_Lens_Iris_DB\Vista Scanner\5\Normal\Right\4.bmp,0,0,0.00023799331
C:\Users\sahar\OneDrive\Desktop\EXPLAINABLE_IRIS_PAD\Data\Raw\IIITD_Contact_Lens_Iris_DB\Vista Scanner\5\Normal\Right\5.bmp,0,0,0.00020979666
C:\Users\sahar\OneDrive\Desktop\EXPLAINABLE_IRIS_PAD\Data\Raw\IIITD_Contact_Lens_Iris_DB\Vista Scanner\50\Colored\Left\1.bmp,1,1,0.9998437
C:\Users\sahar\OneDrive\Desktop\EXPLAINABLE_IRIS_PAD\Data\Raw\IIITD_Contact_Lens_Iris_DB\Vista Scanner\50\Colored\Left\2.bmp,1,1,0.99998426
C:\Users\sahar\OneDrive\Desktop\EXPLAINABLE_IRIS_PAD\Data\Raw\IIITD_Contact_Lens_Iris_DB\Vista Scanner\50\Colored\Left\3.bmp,1,1,0.99999917
C:\Users\sahar\OneDrive\Desktop\EXPLAINABLE_IRIS_PAD\Data\Raw\IIITD_Contact_Lens_Iris_DB\Vista Scanner\50\Colored\Left\4.bmp,1,1,0.99994123
C:\Users\sahar\OneDrive\Desktop\EXPLAINABLE_IRIS_PAD\Data\Raw\IIITD_Contact_Lens_Iris_DB\Vista Scanner\50\Colored\Left\5.bmp,1,1,0.9999255
C:\Users\sahar\OneDrive\Desktop\EXPLAINABLE_IRIS_PAD\Data\Raw\IIITD_Contact_Lens_Iris_DB\Vista Scanner\50\Colored\Right\1.bmp,1,1,0.9999529
C:\Users\sahar\OneDrive\Desktop\EXPLAINABLE_IRIS_PAD\Data\Raw\IIITD_Contact_Lens_Iris_DB\Vista Scanner\50\Colored\Right\2.bmp,1,1,0.99994385
C:\Users\sahar\OneDrive\Desktop\EXPLAINABLE_IRIS_PAD\Data\Raw\IIITD_Contact_Lens_Iris_DB\Vista Scanner\50\Colored\Right\3.bmp,1,1,0.99993086
C:\Users\sahar\OneDrive\Desktop\EXPLAINABLE_IRIS_PAD\Data\Raw\IIITD_Contact_Lens_Iris_DB\Vista Scanner\50\Colored\Right\4.bmp,1,1,0.99999166
C:\Users\sahar\OneDrive\Desktop\EXPLAINABLE_IRIS_PAD\Data\Raw\IIITD_Contact_Lens_Iris_DB\Vista Scanner\50\Colored\Right\5.bmp,1,1,0.99982053
C:\Users\sahar\OneDrive\Desktop\EXPLAINABLE_IRIS_PAD\Data\Raw\IIITD_Contact_Lens_Iris_DB\Vista Scanner\50\Normal\Left\1.bmp,0,0,7.94371e-06
C:\Users\sahar\OneDrive\Desktop\EXPLAINABLE_IRIS_PAD\Data\Raw\IIITD_Contact_Lens_Iris_DB\Vista Scanner\50\Normal\Left\2.bmp,0,0,2.2167784e-05
C:\Users\sahar\OneDrive\Desktop\EXPLAINABLE_IRIS_PAD\Data\Raw\IIITD_Contact_Lens_Iris_DB\Vista Scanner\50\Normal\Left\3.bmp,0,0,2.0305204e-05
C:\Users\sahar\OneDrive\Desktop\EXPLAINABLE_IRIS_PAD\Data\Raw\IIITD_Contact_Lens_Iris_DB\Vista Scanner\50\Normal\Left\4.bmp,0,0,1.3919099e-05
C:\Users\sahar\OneDrive\Desktop\EXPLAINABLE_IRIS_PAD\Data\Raw\IIITD_Contact_Lens_Iris_DB\Vista Scanner\50\Normal\Left\5.bmp,0,0,1.6549579e-05
C:\Users\sahar\OneDrive\Desktop\EXPLAINABLE_IRIS_PAD\Data\Raw\IIITD_Contact_Lens_Iris_DB\Vista Scanner\50\Normal\Right\1.bmp,0,0,5.6246186e-05
C:\Users\sahar\OneDrive\Desktop\EXPLAINABLE_IRIS_PAD\Data\Raw\IIITD_Contact_Lens_Iris_DB\Vista Scanner\50\Normal\Right\2.bmp,0,0,4.6420773e-06
C:\Users\sahar\OneDrive\Desktop\EXPLAINABLE_IRIS_PAD\Data\Raw\IIITD_Contact_Lens_Iris_DB\Vista Scanner\50\Normal\Right\3.bmp,0,0,0.00025299613
C:\Users\sahar\OneDrive\Desktop\EXPLAINABLE_IRIS_PAD\Data\Raw\IIITD_Contact_Lens_Iris_DB\Vista Scanner\50\Normal\Right\4.bmp,0,0,2.4866978e-05
C:\Users\sahar\OneDrive\Desktop\EXPLAINABLE_IRIS_PAD\Data\Raw\IIITD_Contact_Lens_Iris_DB\Vista Scanner\50\Normal\Right\5.bmp,0,0,9.361455e-06
C:\Users\sahar\OneDrive\Desktop\EXPLAINABLE_IRIS_PAD\Data\Raw\IIITD_Contact_Lens_Iris_DB\Vista Scanner\51\Colored\Left\1.bmp,1,1,0.99995947
C:\Users\sahar\OneDrive\Desktop\EXPLAINABLE_IRIS_PAD\Data\Raw\IIITD_Contact_Lens_Iris_DB\Vista Scanner\51\Colored\Left\2.bmp,1,1,0.9991103
C:\Users\sahar\OneDrive\Desktop\EXPLAINABLE_IRIS_PAD\Data\Raw\IIITD_Contact_Lens_Iris_DB\Vista Scanner\51\Colored\Left\3.bmp,1,1,0.9999989
C:\Users\sahar\OneDrive\Desktop\EXPLAINABLE_IRIS_PAD\Data\Raw\IIITD_Contact_Lens_Iris_DB\Vista Scanner\51\Colored\Left\4.bmp,1,1,0.99998176
C:\Users\sahar\OneDrive\Desktop\EXPLAINABLE_IRIS_PAD\Data\Raw\IIITD_Contact_Lens_Iris_DB\Vista Scanner\51\Colored\Left\5.bmp,1,1,0.9999796
C:\Users\sahar\OneDrive\Desktop\EXPLAINABLE_IRIS_PAD\Data\Raw\IIITD_Contact_Lens_Iris_DB\Vista Scanner\51\Colored\Right\1.bmp,1,1,0.9999697
C:\Users\sahar\OneDrive\Desktop\EXPLAINABLE_IRIS_PAD\Data\Raw\IIITD_Contact_Lens_Iris_DB\Vista Scanner\51\Colored\Right\2.bmp,1,1,0.9999769
C:\Users\sahar\OneDrive\Desktop\EXPLAINABLE_IRIS_PAD\Data\Raw\IIITD_Contact_Lens_Iris_DB\Vista Scanner\51\Colored\Right\3.bmp,1,1,0.9996007
C:\Users\sahar\OneDrive\Desktop\EXPLAINABLE_IRIS_PAD\Data\Raw\IIITD_Contact_Lens_Iris_DB\Vista Scanner\51\Colored\Right\4.bmp,1,1,0.99999833
C:\Users\sahar\OneDrive\Desktop\EXPLAINABLE_IRIS_PAD\Data\Raw\IIITD_Contact_Lens_Iris_DB\Vista Scanner\51\Colored\Right\5.bmp,1,1,0.9998889
C:\Users\sahar\OneDrive\Desktop\EXPLAINABLE_IRIS_PAD\Data\Raw\IIITD_Contact_Lens_Iris_DB\Vista Scanner\51\Normal\Left\1.bmp,0,0,9.260047e-07
C:\Users\sahar\OneDrive\Desktop\EXPLAINABLE_IRIS_PAD\Data\Raw\IIITD_Contact_Lens_Iris_DB\Vista Scanner\51\Normal\Left\2.bmp,0,0,1.2181832e-06
C:\Users\sahar\OneDrive\Desktop\EXPLAINABLE_IRIS_PAD\Data\Raw\IIITD_Contact_Lens_Iris_DB\Vista Scanner\51\Normal\Left\3.bmp,0,0,8.3272636e-07
C:\Users\sahar\OneDrive\Desktop\EXPLAINABLE_IRIS_PAD\Data\Raw\IIITD_Contact_Lens_Iris_DB\Vista Scanner\51\Normal\Left\4.bmp,0,0,7.1833995e-08
C:\Users\sahar\OneDrive\Desktop\EXPLAINABLE_IRIS_PAD\Data\Raw\IIITD_Contact_Lens_Iris_DB\Vista Scanner\51\Normal\Left\5.bmp,0,0,1.2952635e-06
C:\Users\sahar\OneDrive\Desktop\EXPLAINABLE_IRIS_PAD\Data\Raw\IIITD_Contact_Lens_Iris_DB\Vista Scanner\51\Normal\Right\1.bmp,0,0,1.03236e-05
C:\Users\sahar\OneDrive\Desktop\EXPLAINABLE_IRIS_PAD\Data\Raw\IIITD_Contact_Lens_Iris_DB\Vista Scanner\51\Normal\Right\2.bmp,0,0,2.589275e-07
C:\Users\sahar\OneDrive\Desktop\EXPLAINABLE_IRIS_PAD\Data\Raw\IIITD_Contact_Lens_Iris_DB\Vista Scanner\51\Normal\Right\3.bmp,0,0,3.1685618e-06
C:\Users\sahar\OneDrive\Desktop\EXPLAINABLE_IRIS_PAD\Data\Raw\IIITD_Contact_Lens_Iris_DB\Vista Scanner\51\Normal\Right\4.bmp,0,0,3.6902054e-06
C:\Users\sahar\OneDrive\Desktop\EXPLAINABLE_IRIS_PAD\Data\Raw\IIITD_Contact_Lens_Iris_DB\Vista Scanner\51\Normal\Right\5.bmp,0,0,7.1788777e-06
C:\Users\sahar\OneDrive\Desktop\EXPLAINABLE_IRIS_PAD\Data\Raw\IIITD_Contact_Lens_Iris_DB\Vista Scanner\52\Colored\Left\1.bmp,1,1,0.9995604
C:\Users\sahar\OneDrive\Desktop\EXPLAINABLE_IRIS_PAD\Data\Raw\IIITD_Contact_Lens_Iris_DB\Vista Scanner\52\Colored\Left\2.bmp,1,1,0.99999976
C:\Users\sahar\OneDrive\Desktop\EXPLAINABLE_IRIS_PAD\Data\Raw\IIITD_Contact_Lens_Iris_DB\Vista Scanner\52\Colored\Left\3.bmp,1,1,0.9999937
C:\Users\sahar\OneDrive\Desktop\EXPLAINABLE_IRIS_PAD\Data\Raw\IIITD_Contact_Lens_Iris_DB\Vista Scanner\52\Colored\Left\4.bmp,1,1,1.0
C:\Users\sahar\OneDrive\Desktop\EXPLAINABLE_IRIS_PAD\Data\Raw\IIITD_Contact_Lens_Iris_DB\Vista Scanner\52\Colored\Left\5.bmp,1,1,0.99999976
C:\Users\sahar\OneDrive\Desktop\EXPLAINABLE_IRIS_PAD\Data\Raw\IIITD_Contact_Lens_Iris_DB\Vista Scanner\52\Colored\Right\1.bmp,1,1,0.99999166
C:\Users\sahar\OneDrive\Desktop\EXPLAINABLE_IRIS_PAD\Data\Raw\IIITD_Contact_Lens_Iris_DB\Vista Scanner\52\Colored\Right\2.bmp,1,1,0.9999995
C:\Users\sahar\OneDrive\Desktop\EXPLAINABLE_IRIS_PAD\Data\Raw\IIITD_Contact_Lens_Iris_DB\Vista Scanner\52\Colored\Right\3.bmp,1,1,0.9999999
C:\Users\sahar\OneDrive\Desktop\EXPLAINABLE_IRIS_PAD\Data\Raw\IIITD_Contact_Lens_Iris_DB\Vista Scanner\52\Colored\Right\4.bmp,1,1,0.9999989
C:\Users\sahar\OneDrive\Desktop\EXPLAINABLE_IRIS_PAD\Data\Raw\IIITD_Contact_Lens_Iris_DB\Vista Scanner\52\Colored\Right\5.bmp,1,1,0.99998677
C:\Users\sahar\OneDrive\Desktop\EXPLAINABLE_IRIS_PAD\Data\Raw\IIITD_Contact_Lens_Iris_DB\Vista Scanner\52\Normal\Left\1.bmp,0,0,4.439028e-07
C:\Users\sahar\OneDrive\Desktop\EXPLAINABLE_IRIS_PAD\Data\Raw\IIITD_Contact_Lens_Iris_DB\Vista Scanner\52\Normal\Left\2.bmp,0,0,4.6674768e-07
C:\Users\sahar\OneDrive\Desktop\EXPLAINABLE_IRIS_PAD\Data\Raw\IIITD_Contact_Lens_Iris_DB\Vista Scanner\52\Normal\Left\3.bmp,0,0,2.585061e-07
C:\Users\sahar\OneDrive\Desktop\EXPLAINABLE_IRIS_PAD\Data\Raw\IIITD_Contact_Lens_Iris_DB\Vista Scanner\52\Normal\Left\4.bmp,0,0,1.0918101e-06
C:\Users\sahar\OneDrive\Desktop\EXPLAINABLE_IRIS_PAD\Data\Raw\IIITD_Contact_Lens_Iris_DB\Vista Scanner\52\Normal\Left\5.bmp,0,0,2.176965e-06
C:\Users\sahar\OneDrive\Desktop\EXPLAINABLE_IRIS_PAD\Data\Raw\IIITD_Contact_Lens_Iris_DB\Vista Scanner\52\Normal\Right\1.bmp,0,0,4.5928144e-07
C:\Users\sahar\OneDrive\Desktop\EXPLAINABLE_IRIS_PAD\Data\Raw\IIITD_Contact_Lens_Iris_DB\Vista Scanner\52\Normal\Right\2.bmp,0,0,1.7926799e-07
C:\Users\sahar\OneDrive\Desktop\EXPLAINABLE_IRIS_PAD\Data\Raw\IIITD_Contact_Lens_Iris_DB\Vista Scanner\52\Normal\Right\3.bmp,0,0,1.3841734e-06
C:\Users\sahar\OneDrive\Desktop\EXPLAINABLE_IRIS_PAD\Data\Raw\IIITD_Contact_Lens_Iris_DB\Vista Scanner\52\Normal\Right\4.bmp,0,0,3.1972206e-07
C:\Users\sahar\OneDrive\Desktop\EXPLAINABLE_IRIS_PAD\Data\Raw\IIITD_Contact_Lens_Iris_DB\Vista Scanner\52\Normal\Right\5.bmp,0,0,4.5778282e-07
C:\Users\sahar\OneDrive\Desktop\EXPLAINABLE_IRIS_PAD\Data\Raw\IIITD_Contact_Lens_Iris_DB\Vista Scanner\53\Colored\Left\1.bmp,1,1,0.9999968
C:\Users\sahar\OneDrive\Desktop\EXPLAINABLE_IRIS_PAD\Data\Raw\IIITD_Contact_Lens_Iris_DB\Vista Scanner\53\Colored\Left\2.bmp,1,1,0.9999907
C:\Users\sahar\OneDrive\Desktop\EXPLAINABLE_IRIS_PAD\Data\Raw\IIITD_Contact_Lens_Iris_DB\Vista Scanner\53\Colored\Left\3.bmp,1,1,0.99999404
C:\Users\sahar\OneDrive\Desktop\EXPLAINABLE_IRIS_PAD\Data\Raw\IIITD_Contact_Lens_Iris_DB\Vista Scanner\53\Colored\Left\4.bmp,1,1,0.9999975
C:\Users\sahar\OneDrive\Desktop\EXPLAINABLE_IRIS_PAD\Data\Raw\IIITD_Contact_Lens_Iris_DB\Vista Scanner\53\Colored\Left\5.bmp,1,1,0.99999964
C:\Users\sahar\OneDrive\Desktop\EXPLAINABLE_IRIS_PAD\Data\Raw\IIITD_Contact_Lens_Iris_DB\Vista Scanner\53\Colored\Right\1.bmp,1,1,0.9999999
C:\Users\sahar\OneDrive\Desktop\EXPLAINABLE_IRIS_PAD\Data\Raw\IIITD_Contact_Lens_Iris_DB\Vista Scanner\53\Colored\Right\2.bmp,1,1,0.99999976
C:\Users\sahar\OneDrive\Desktop\EXPLAINABLE_IRIS_PAD\Data\Raw\IIITD_Contact_Lens_Iris_DB\Vista Scanner\53\Colored\Right\3.bmp,1,1,0.9999994
C:\Users\sahar\OneDrive\Desktop\EXPLAINABLE_IRIS_PAD\Data\Raw\IIITD_Contact_Lens_Iris_DB\Vista Scanner\53\Colored\Right\4.bmp,1,1,0.9999896
C:\Users\sahar\OneDrive\Desktop\EXPLAINABLE_IRIS_PAD\Data\Raw\IIITD_Contact_Lens_Iris_DB\Vista Scanner\53\Colored\Right\5.bmp,1,1,0.9999962
C:\Users\sahar\OneDrive\Desktop\EXPLAINABLE_IRIS_PAD\Data\Raw\IIITD_Contact_Lens_Iris_DB\Vista Scanner\53\Normal\Left\1.bmp,0,0,1.0998341e-05
C:\Users\sahar\OneDrive\Desktop\EXPLAINABLE_IRIS_PAD\Data\Raw\IIITD_Contact_Lens_Iris_DB\Vista Scanner\53\Normal\Left\2.bmp,0,0,1.0279353e-05
C:\Users\sahar\OneDrive\Desktop\EXPLAINABLE_IRIS_PAD\Data\Raw\IIITD_Contact_Lens_Iris_DB\Vista Scanner\53\Normal\Left\3.bmp,0,0,6.335569e-08
C:\Users\sahar\OneDrive\Desktop\EXPLAINABLE_IRIS_PAD\Data\Raw\IIITD_Contact_Lens_Iris_DB\Vista Scanner\53\Normal\Left\4.bmp,0,0,4.7979306e-06
C:\Users\sahar\OneDrive\Desktop\EXPLAINABLE_IRIS_PAD\Data\Raw\IIITD_Contact_Lens_Iris_DB\Vista Scanner\53\Normal\Left\5.bmp,0,0,2.8582848e-05
C:\Users\sahar\OneDrive\Desktop\EXPLAINABLE_IRIS_PAD\Data\Raw\IIITD_Contact_Lens_Iris_DB\Vista Scanner\53\Normal\Right\1.bmp,0,0,6.0234503e-05
C:\Users\sahar\OneDrive\Desktop\EXPLAINABLE_IRIS_PAD\Data\Raw\IIITD_Contact_Lens_Iris_DB\Vista Scanner\53\Normal\Right\2.bmp,0,0,2.1352803e-06
C:\Users\sahar\OneDrive\Desktop\EXPLAINABLE_IRIS_PAD\Data\Raw\IIITD_Contact_Lens_Iris_DB\Vista Scanner\53\Normal\Right\3.bmp,0,0,8.900225e-07
C:\Users\sahar\OneDrive\Desktop\EXPLAINABLE_IRIS_PAD\Data\Raw\IIITD_Contact_Lens_Iris_DB\Vista Scanner\53\Normal\Right\4.bmp,0,0,4.166605e-06
C:\Users\sahar\OneDrive\Desktop\EXPLAINABLE_IRIS_PAD\Data\Raw\IIITD_Contact_Lens_Iris_DB\Vista Scanner\53\Normal\Right\5.bmp,0,0,0.00010512579
C:\Users\sahar\OneDrive\Desktop\EXPLAINABLE_IRIS_PAD\Data\Raw\IIITD_Contact_Lens_Iris_DB\Vista Scanner\54\Colored\Left\1.bmp,1,1,0.9999716
C:\Users\sahar\OneDrive\Desktop\EXPLAINABLE_IRIS_PAD\Data\Raw\IIITD_Contact_Lens_Iris_DB\Vista Scanner\54\Colored\Left\2.bmp,1,1,0.9999993
C:\Users\sahar\OneDrive\Desktop\EXPLAINABLE_IRIS_PAD\Data\Raw\IIITD_Contact_Lens_Iris_DB\Vista Scanner\54\Colored\Left\3.bmp,1,1,0.9999999
C:\Users\sahar\OneDrive\Desktop\EXPLAINABLE_IRIS_PAD\Data\Raw\IIITD_Contact_Lens_Iris_DB\Vista Scanner\54\Colored\Left\4.bmp,1,1,0.9999999
C:\Users\sahar\OneDrive\Desktop\EXPLAINABLE_IRIS_PAD\Data\Raw\IIITD_Contact_Lens_Iris_DB\Vista Scanner\54\Colored\Left\5.bmp,1,1,0.99999976
C:\Users\sahar\OneDrive\Desktop\EXPLAINABLE_IRIS_PAD\Data\Raw\IIITD_Contact_Lens_Iris_DB\Vista Scanner\54\Colored\Right\1.bmp,1,1,1.0
C:\Users\sahar\OneDrive\Desktop\EXPLAINABLE_IRIS_PAD\Data\Raw\IIITD_Contact_Lens_Iris_DB\Vista Scanner\54\Colored\Right\2.bmp,1,1,0.99957615
C:\Users\sahar\OneDrive\Desktop\EXPLAINABLE_IRIS_PAD\Data\Raw\IIITD_Contact_Lens_Iris_DB\Vista Scanner\54\Colored\Right\3.bmp,1,1,0.999899
C:\Users\sahar\OneDrive\Desktop\EXPLAINABLE_IRIS_PAD\Data\Raw\IIITD_Contact_Lens_Iris_DB\Vista Scanner\54\Colored\Right\4.bmp,1,1,0.9999614
C:\Users\sahar\OneDrive\Desktop\EXPLAINABLE_IRIS_PAD\Data\Raw\IIITD_Contact_Lens_Iris_DB\Vista Scanner\54\Colored\Right\5.bmp,1,1,0.9999995
C:\Users\sahar\OneDrive\Desktop\EXPLAINABLE_IRIS_PAD\Data\Raw\IIITD_Contact_Lens_Iris_DB\Vista Scanner\54\Normal\Left\1.bmp,0,0,2.2381832e-06
C:\Users\sahar\OneDrive\Desktop\EXPLAINABLE_IRIS_PAD\Data\Raw\IIITD_Contact_Lens_Iris_DB\Vista Scanner\54\Normal\Left\2.bmp,0,0,4.847228e-06
C:\Users\sahar\OneDrive\Desktop\EXPLAINABLE_IRIS_PAD\Data\Raw\IIITD_Contact_Lens_Iris_DB\Vista Scanner\54\Normal\Left\3.bmp,0,0,7.3082047e-09
C:\Users\sahar\OneDrive\Desktop\EXPLAINABLE_IRIS_PAD\Data\Raw\IIITD_Contact_Lens_Iris_DB\Vista Scanner\54\Normal\Left\4.bmp,0,0,2.9817031e-06
C:\Users\sahar\OneDrive\Desktop\EXPLAINABLE_IRIS_PAD\Data\Raw\IIITD_Contact_Lens_Iris_DB\Vista Scanner\54\Normal\Left\5.bmp,0,0,3.6852708e-07
C:\Users\sahar\OneDrive\Desktop\EXPLAINABLE_IRIS_PAD\Data\Raw\IIITD_Contact_Lens_Iris_DB\Vista Scanner\54\Normal\Right\1.bmp,0,0,8.960522e-07
C:\Users\sahar\OneDrive\Desktop\EXPLAINABLE_IRIS_PAD\Data\Raw\IIITD_Contact_Lens_Iris_DB\Vista Scanner\54\Normal\Right\2.bmp,0,0,6.0851045e-05
C:\Users\sahar\OneDrive\Desktop\EXPLAINABLE_IRIS_PAD\Data\Raw\IIITD_Contact_Lens_Iris_DB\Vista Scanner\54\Normal\Right\3.bmp,0,0,2.6703033e-06
C:\Users\sahar\OneDrive\Desktop\EXPLAINABLE_IRIS_PAD\Data\Raw\IIITD_Contact_Lens_Iris_DB\Vista Scanner\54\Normal\Right\4.bmp,0,0,3.0221432e-08
C:\Users\sahar\OneDrive\Desktop\EXPLAINABLE_IRIS_PAD\Data\Raw\IIITD_Contact_Lens_Iris_DB\Vista Scanner\54\Normal\Right\5.bmp,0,0,1.762416e-05
C:\Users\sahar\OneDrive\Desktop\EXPLAINABLE_IRIS_PAD\Data\Raw\IIITD_Contact_Lens_Iris_DB\Vista Scanner\55\Colored\Left\1.bmp,1,1,0.9999999
C:\Users\sahar\OneDrive\Desktop\EXPLAINABLE_IRIS_PAD\Data\Raw\IIITD_Contact_Lens_Iris_DB\Vista Scanner\55\Colored\Left\2.bmp,1,1,1.0
C:\Users\sahar\OneDrive\Desktop\EXPLAINABLE_IRIS_PAD\Data\Raw\IIITD_Contact_Lens_Iris_DB\Vista Scanner\55\Colored\Left\3.bmp,1,1,0.99999905
C:\Users\sahar\OneDrive\Desktop\EXPLAINABLE_IRIS_PAD\Data\Raw\IIITD_Contact_Lens_Iris_DB\Vista Scanner\55\Colored\Left\4.bmp,1,1,1.0
C:\Users\sahar\OneDrive\Desktop\EXPLAINABLE_IRIS_PAD\Data\Raw\IIITD_Contact_Lens_Iris_DB\Vista Scanner\55\Colored\Left\5.bmp,1,1,1.0
C:\Users\sahar\OneDrive\Desktop\EXPLAINABLE_IRIS_PAD\Data\Raw\IIITD_Contact_Lens_Iris_DB\Vista Scanner\55\Colored\Right\1.bmp,1,1,0.9999827
C:\Users\sahar\OneDrive\Desktop\EXPLAINABLE_IRIS_PAD\Data\Raw\IIITD_Contact_Lens_Iris_DB\Vista Scanner\55\Colored\Right\2.bmp,1,1,0.99996185
C:\Users\sahar\OneDrive\Desktop\EXPLAINABLE_IRIS_PAD\Data\Raw\IIITD_Contact_Lens_Iris_DB\Vista Scanner\55\Colored\Right\3.bmp,1,1,0.99995494
C:\Users\sahar\OneDrive\Desktop\EXPLAINABLE_IRIS_PAD\Data\Raw\IIITD_Contact_Lens_Iris_DB\Vista Scanner\55\Colored\Right\4.bmp,1,1,0.9999299
C:\Users\sahar\OneDrive\Desktop\EXPLAINABLE_IRIS_PAD\Data\Raw\IIITD_Contact_Lens_Iris_DB\Vista Scanner\55\Colored\Right\5.bmp,1,1,0.99976474
C:\Users\sahar\OneDrive\Desktop\EXPLAINABLE_IRIS_PAD\Data\Raw\IIITD_Contact_Lens_Iris_DB\Vista Scanner\55\Normal\Left\1.bmp,0,0,2.6009195e-07
C:\Users\sahar\OneDrive\Desktop\EXPLAINABLE_IRIS_PAD\Data\Raw\IIITD_Contact_Lens_Iris_DB\Vista Scanner\55\Normal\Left\2.bmp,0,0,7.459658e-07
C:\Users\sahar\OneDrive\Desktop\EXPLAINABLE_IRIS_PAD\Data\Raw\IIITD_Contact_Lens_Iris_DB\Vista Scanner\55\Normal\Left\3.bmp,0,0,8.2301534e-07
C:\Users\sahar\OneDrive\Desktop\EXPLAINABLE_IRIS_PAD\Data\Raw\IIITD_Contact_Lens_Iris_DB\Vista Scanner\55\Normal\Left\4.bmp,0,0,7.290071e-06
C:\Users\sahar\OneDrive\Desktop\EXPLAINABLE_IRIS_PAD\Data\Raw\IIITD_Contact_Lens_Iris_DB\Vista Scanner\55\Normal\Left\5.bmp,0,0,9.930291e-07
C:\Users\sahar\OneDrive\Desktop\EXPLAINABLE_IRIS_PAD\Data\Raw\IIITD_Contact_Lens_Iris_DB\Vista Scanner\55\Normal\Right\1.bmp,0,0,2.9775458e-06
C:\Users\sahar\OneDrive\Desktop\EXPLAINABLE_IRIS_PAD\Data\Raw\IIITD_Contact_Lens_Iris_DB\Vista Scanner\55\Normal\Right\2.bmp,0,0,6.098502e-07
C:\Users\sahar\OneDrive\Desktop\EXPLAINABLE_IRIS_PAD\Data\Raw\IIITD_Contact_Lens_Iris_DB\Vista Scanner\55\Normal\Right\3.bmp,0,0,1.1808479e-06
C:\Users\sahar\OneDrive\Desktop\EXPLAINABLE_IRIS_PAD\Data\Raw\IIITD_Contact_Lens_Iris_DB\Vista Scanner\55\Normal\Right\4.bmp,0,0,1.1374789e-06
C:\Users\sahar\OneDrive\Desktop\EXPLAINABLE_IRIS_PAD\Data\Raw\IIITD_Contact_Lens_Iris_DB\Vista Scanner\55\Normal\Right\5.bmp,0,0,6.874532e-06
C:\Users\sahar\OneDrive\Desktop\EXPLAINABLE_IRIS_PAD\Data\Raw\IIITD_Contact_Lens_Iris_DB\Vista Scanner\56\Colored\Left\1.bmp,1,1,0.99999654
C:\Users\sahar\OneDrive\Desktop\EXPLAINABLE_IRIS_PAD\Data\Raw\IIITD_Contact_Lens_Iris_DB\Vista Scanner\56\Colored\Left\2.bmp,1,1,0.99994504
C:\Users\sahar\OneDrive\Desktop\EXPLAINABLE_IRIS_PAD\Data\Raw\IIITD_Contact_Lens_Iris_DB\Vista Scanner\56\Colored\Left\3.bmp,1,1,0.99967766
C:\Users\sahar\OneDrive\Desktop\EXPLAINABLE_IRIS_PAD\Data\Raw\IIITD_Contact_Lens_Iris_DB\Vista Scanner\56\Colored\Left\4.bmp,1,1,0.999992
C:\Users\sahar\OneDrive\Desktop\EXPLAINABLE_IRIS_PAD\Data\Raw\IIITD_Contact_Lens_Iris_DB\Vista Scanner\56\Colored\Left\5.bmp,1,1,0.9999833
C:\Users\sahar\OneDrive\Desktop\EXPLAINABLE_IRIS_PAD\Data\Raw\IIITD_Contact_Lens_Iris_DB\Vista Scanner\56\Colored\Right\1.bmp,1,1,0.99961627
C:\Users\sahar\OneDrive\Desktop\EXPLAINABLE_IRIS_PAD\Data\Raw\IIITD_Contact_Lens_Iris_DB\Vista Scanner\56\Colored\Right\2.bmp,1,1,0.99991214
C:\Users\sahar\OneDrive\Desktop\EXPLAINABLE_IRIS_PAD\Data\Raw\IIITD_Contact_Lens_Iris_DB\Vista Scanner\56\Colored\Right\3.bmp,1,1,0.9999423
C:\Users\sahar\OneDrive\Desktop\EXPLAINABLE_IRIS_PAD\Data\Raw\IIITD_Contact_Lens_Iris_DB\Vista Scanner\56\Colored\Right\4.bmp,1,1,0.99978286
C:\Users\sahar\OneDrive\Desktop\EXPLAINABLE_IRIS_PAD\Data\Raw\IIITD_Contact_Lens_Iris_DB\Vista Scanner\56\Colored\Right\5.bmp,1,1,0.9991665
C:\Users\sahar\OneDrive\Desktop\EXPLAINABLE_IRIS_PAD\Data\Raw\IIITD_Contact_Lens_Iris_DB\Vista Scanner\56\Normal\Left\1.bmp,0,0,1.13834685e-05
C:\Users\sahar\OneDrive\Desktop\EXPLAINABLE_IRIS_PAD\Data\Raw\IIITD_Contact_Lens_Iris_DB\Vista Scanner\56\Normal\Left\2.bmp,0,0,1.4591759e-06
C:\Users\sahar\OneDrive\Desktop\EXPLAINABLE_IRIS_PAD\Data\Raw\IIITD_Contact_Lens_Iris_DB\Vista Scanner\56\Normal\Left\3.bmp,0,0,1.4590658e-07
C:\Users\sahar\OneDrive\Desktop\EXPLAINABLE_IRIS_PAD\Data\Raw\IIITD_Contact_Lens_Iris_DB\Vista Scanner\56\Normal\Left\4.bmp,0,0,3.3078545e-06
C:\Users\sahar\OneDrive\Desktop\EXPLAINABLE_IRIS_PAD\Data\Raw\IIITD_Contact_Lens_Iris_DB\Vista Scanner\56\Normal\Left\5.bmp,0,0,1.9267235e-07
C:\Users\sahar\OneDrive\Desktop\EXPLAINABLE_IRIS_PAD\Data\Raw\IIITD_Contact_Lens_Iris_DB\Vista Scanner\56\Normal\Right\1.bmp,0,0,8.042092e-09
C:\Users\sahar\OneDrive\Desktop\EXPLAINABLE_IRIS_PAD\Data\Raw\IIITD_Contact_Lens_Iris_DB\Vista Scanner\56\Normal\Right\2.bmp,0,0,1.0933397e-06
C:\Users\sahar\OneDrive\Desktop\EXPLAINABLE_IRIS_PAD\Data\Raw\IIITD_Contact_Lens_Iris_DB\Vista Scanner\56\Normal\Right\3.bmp,0,0,1.1233266e-05
C:\Users\sahar\OneDrive\Desktop\EXPLAINABLE_IRIS_PAD\Data\Raw\IIITD_Contact_Lens_Iris_DB\Vista Scanner\56\Normal\Right\4.bmp,0,0,2.6348098e-07
C:\Users\sahar\OneDrive\Desktop\EXPLAINABLE_IRIS_PAD\Data\Raw\IIITD_Contact_Lens_Iris_DB\Vista Scanner\56\Normal\Right\5.bmp,0,0,9.49673e-08
C:\Users\sahar\OneDrive\Desktop\EXPLAINABLE_IRIS_PAD\Data\Raw\IIITD_Contact_Lens_Iris_DB\Vista Scanner\57\Colored\Left\1.bmp,1,1,0.9999989
C:\Users\sahar\OneDrive\Desktop\EXPLAINABLE_IRIS_PAD\Data\Raw\IIITD_Contact_Lens_Iris_DB\Vista Scanner\57\Colored\Left\2.bmp,1,1,0.99999785
C:\Users\sahar\OneDrive\Desktop\EXPLAINABLE_IRIS_PAD\Data\Raw\IIITD_Contact_Lens_Iris_DB\Vista Scanner\57\Colored\Left\3.bmp,1,1,0.9999988
C:\Users\sahar\OneDrive\Desktop\EXPLAINABLE_IRIS_PAD\Data\Raw\IIITD_Contact_Lens_Iris_DB\Vista Scanner\57\Colored\Left\4.bmp,1,1,0.99999976
C:\Users\sahar\OneDrive\Desktop\EXPLAINABLE_IRIS_PAD\Data\Raw\IIITD_Contact_Lens_Iris_DB\Vista Scanner\57\Colored\Left\5.bmp,1,1,0.9999968
C:\Users\sahar\OneDrive\Desktop\EXPLAINABLE_IRIS_PAD\Data\Raw\IIITD_Contact_Lens_Iris_DB\Vista Scanner\57\Colored\Right\1.bmp,1,1,0.9999994
C:\Users\sahar\OneDrive\Desktop\EXPLAINABLE_IRIS_PAD\Data\Raw\IIITD_Contact_Lens_Iris_DB\Vista Scanner\57\Colored\Right\2.bmp,1,1,1.0
C:\Users\sahar\OneDrive\Desktop\EXPLAINABLE_IRIS_PAD\Data\Raw\IIITD_Contact_Lens_Iris_DB\Vista Scanner\57\Colored\Right\3.bmp,1,1,1.0
C:\Users\sahar\OneDrive\Desktop\EXPLAINABLE_IRIS_PAD\Data\Raw\IIITD_Contact_Lens_Iris_DB\Vista Scanner\57\Colored\Right\4.bmp,1,1,1.0
C:\Users\sahar\OneDrive\Desktop\EXPLAINABLE_IRIS_PAD\Data\Raw\IIITD_Contact_Lens_Iris_DB\Vista Scanner\57\Colored\Right\5.bmp,1,1,1.0
C:\Users\sahar\OneDrive\Desktop\EXPLAINABLE_IRIS_PAD\Data\Raw\IIITD_Contact_Lens_Iris_DB\Vista Scanner\57\Normal\Left\1.bmp,0,0,1.185192e-07
C:\Users\sahar\OneDrive\Desktop\EXPLAINABLE_IRIS_PAD\Data\Raw\IIITD_Contact_Lens_Iris_DB\Vista Scanner\57\Normal\Left\2.bmp,0,0,1.2874786e-07
C:\Users\sahar\OneDrive\Desktop\EXPLAINABLE_IRIS_PAD\Data\Raw\IIITD_Contact_Lens_Iris_DB\Vista Scanner\57\Normal\Left\3.bmp,0,0,2.437237e-08
C:\Users\sahar\OneDrive\Desktop\EXPLAINABLE_IRIS_PAD\Data\Raw\IIITD_Contact_Lens_Iris_DB\Vista Scanner\57\Normal\Left\4.bmp,0,0,8.860254e-08
C:\Users\sahar\OneDrive\Desktop\EXPLAINABLE_IRIS_PAD\Data\Raw\IIITD_Contact_Lens_Iris_DB\Vista Scanner\57\Normal\Left\5.bmp,0,0,4.814243e-07
C:\Users\sahar\OneDrive\Desktop\EXPLAINABLE_IRIS_PAD\Data\Raw\IIITD_Contact_Lens_Iris_DB\Vista Scanner\57\Normal\Right\1.bmp,0,0,4.1371433e-08
C:\Users\sahar\OneDrive\Desktop\EXPLAINABLE_IRIS_PAD\Data\Raw\IIITD_Contact_Lens_Iris_DB\Vista Scanner\57\Normal\Right\2.bmp,0,0,3.708583e-07
C:\Users\sahar\OneDrive\Desktop\EXPLAINABLE_IRIS_PAD\Data\Raw\IIITD_Contact_Lens_Iris_DB\Vista Scanner\57\Normal\Right\3.bmp,0,0,1.222427e-07
C:\Users\sahar\OneDrive\Desktop\EXPLAINABLE_IRIS_PAD\Data\Raw\IIITD_Contact_Lens_Iris_DB\Vista Scanner\57\Normal\Right\4.bmp,0,0,4.0557512e-07
C:\Users\sahar\OneDrive\Desktop\EXPLAINABLE_IRIS_PAD\Data\Raw\IIITD_Contact_Lens_Iris_DB\Vista Scanner\57\Normal\Right\5.bmp,0,0,1.1327931e-07
C:\Users\sahar\OneDrive\Desktop\EXPLAINABLE_IRIS_PAD\Data\Raw\IIITD_Contact_Lens_Iris_DB\Vista Scanner\58\Colored\Left\1.bmp,1,1,0.9999912
C:\Users\sahar\OneDrive\Desktop\EXPLAINABLE_IRIS_PAD\Data\Raw\IIITD_Contact_Lens_Iris_DB\Vista Scanner\58\Colored\Left\2.bmp,1,1,0.9998041
C:\Users\sahar\OneDrive\Desktop\EXPLAINABLE_IRIS_PAD\Data\Raw\IIITD_Contact_Lens_Iris_DB\Vista Scanner\58\Colored\Left\3.bmp,1,1,0.9999862
C:\Users\sahar\OneDrive\Desktop\EXPLAINABLE_IRIS_PAD\Data\Raw\IIITD_Contact_Lens_Iris_DB\Vista Scanner\58\Colored\Left\4.bmp,1,1,0.99997246
C:\Users\sahar\OneDrive\Desktop\EXPLAINABLE_IRIS_PAD\Data\Raw\IIITD_Contact_Lens_Iris_DB\Vista Scanner\58\Colored\Left\5.bmp,1,1,0.99999034
C:\Users\sahar\OneDrive\Desktop\EXPLAINABLE_IRIS_PAD\Data\Raw\IIITD_Contact_Lens_Iris_DB\Vista Scanner\58\Colored\Right\1.bmp,1,1,0.9999999
C:\Users\sahar\OneDrive\Desktop\EXPLAINABLE_IRIS_PAD\Data\Raw\IIITD_Contact_Lens_Iris_DB\Vista Scanner\58\Colored\Right\2.bmp,1,1,0.999998
C:\Users\sahar\OneDrive\Desktop\EXPLAINABLE_IRIS_PAD\Data\Raw\IIITD_Contact_Lens_Iris_DB\Vista Scanner\58\Colored\Right\3.bmp,1,1,0.9999989
C:\Users\sahar\OneDrive\Desktop\EXPLAINABLE_IRIS_PAD\Data\Raw\IIITD_Contact_Lens_Iris_DB\Vista Scanner\58\Colored\Right\4.bmp,1,1,0.9999995
C:\Users\sahar\OneDrive\Desktop\EXPLAINABLE_IRIS_PAD\Data\Raw\IIITD_Contact_Lens_Iris_DB\Vista Scanner\58\Colored\Right\5.bmp,1,1,0.9999912
C:\Users\sahar\OneDrive\Desktop\EXPLAINABLE_IRIS_PAD\Data\Raw\IIITD_Contact_Lens_Iris_DB\Vista Scanner\58\Normal\Left\1.bmp,0,0,1.6669698e-07
C:\Users\sahar\OneDrive\Desktop\EXPLAINABLE_IRIS_PAD\Data\Raw\IIITD_Contact_Lens_Iris_DB\Vista Scanner\58\Normal\Left\2.bmp,0,0,3.7937239e-06
C:\Users\sahar\OneDrive\Desktop\EXPLAINABLE_IRIS_PAD\Data\Raw\IIITD_Contact_Lens_Iris_DB\Vista Scanner\58\Normal\Left\3.bmp,0,0,7.681583e-08
C:\Users\sahar\OneDrive\Desktop\EXPLAINABLE_IRIS_PAD\Data\Raw\IIITD_Contact_Lens_Iris_DB\Vista Scanner\58\Normal\Left\4.bmp,0,0,4.5385576e-07
C:\Users\sahar\OneDrive\Desktop\EXPLAINABLE_IRIS_PAD\Data\Raw\IIITD_Contact_Lens_Iris_DB\Vista Scanner\58\Normal\Left\5.bmp,0,0,1.7199392e-09
C:\Users\sahar\OneDrive\Desktop\EXPLAINABLE_IRIS_PAD\Data\Raw\IIITD_Contact_Lens_Iris_DB\Vista Scanner\58\Normal\Right\1.bmp,0,0,2.4527708e-05
C:\Users\sahar\OneDrive\Desktop\EXPLAINABLE_IRIS_PAD\Data\Raw\IIITD_Contact_Lens_Iris_DB\Vista Scanner\58\Normal\Right\2.bmp,0,0,3.4805467e-05
C:\Users\sahar\OneDrive\Desktop\EXPLAINABLE_IRIS_PAD\Data\Raw\IIITD_Contact_Lens_Iris_DB\Vista Scanner\58\Normal\Right\3.bmp,0,0,0.0004518847
C:\Users\sahar\OneDrive\Desktop\EXPLAINABLE_IRIS_PAD\Data\Raw\IIITD_Contact_Lens_Iris_DB\Vista Scanner\58\Normal\Right\4.bmp,0,0,0.00026888322
C:\Users\sahar\OneDrive\Desktop\EXPLAINABLE_IRIS_PAD\Data\Raw\IIITD_Contact_Lens_Iris_DB\Vista Scanner\58\Normal\Right\5.bmp,0,0,0.00015422347
C:\Users\sahar\OneDrive\Desktop\EXPLAINABLE_IRIS_PAD\Data\Raw\IIITD_Contact_Lens_Iris_DB\Vista Scanner\59\Colored\Left\1.bmp,1,1,0.9999993
C:\Users\sahar\OneDrive\Desktop\EXPLAINABLE_IRIS_PAD\Data\Raw\IIITD_Contact_Lens_Iris_DB\Vista Scanner\59\Colored\Left\2.bmp,1,1,0.9999728
C:\Users\sahar\OneDrive\Desktop\EXPLAINABLE_IRIS_PAD\Data\Raw\IIITD_Contact_Lens_Iris_DB\Vista Scanner\59\Colored\Left\3.bmp,1,1,0.9999802
C:\Users\sahar\OneDrive\Desktop\EXPLAINABLE_IRIS_PAD\Data\Raw\IIITD_Contact_Lens_Iris_DB\Vista Scanner\59\Colored\Left\4.bmp,1,1,0.99991786
C:\Users\sahar\OneDrive\Desktop\EXPLAINABLE_IRIS_PAD\Data\Raw\IIITD_Contact_Lens_Iris_DB\Vista Scanner\59\Colored\Left\5.bmp,1,1,0.9998752
C:\Users\sahar\OneDrive\Desktop\EXPLAINABLE_IRIS_PAD\Data\Raw\IIITD_Contact_Lens_Iris_DB\Vista Scanner\59\Colored\Right\1.bmp,1,1,0.9998118
C:\Users\sahar\OneDrive\Desktop\EXPLAINABLE_IRIS_PAD\Data\Raw\IIITD_Contact_Lens_Iris_DB\Vista Scanner\59\Colored\Right\2.bmp,1,1,0.99993074
C:\Users\sahar\OneDrive\Desktop\EXPLAINABLE_IRIS_PAD\Data\Raw\IIITD_Contact_Lens_Iris_DB\Vista Scanner\59\Colored\Right\3.bmp,1,1,0.999619
C:\Users\sahar\OneDrive\Desktop\EXPLAINABLE_IRIS_PAD\Data\Raw\IIITD_Contact_Lens_Iris_DB\Vista Scanner\59\Colored\Right\4.bmp,1,1,0.9995066
C:\Users\sahar\OneDrive\Desktop\EXPLAINABLE_IRIS_PAD\Data\Raw\IIITD_Contact_Lens_Iris_DB\Vista Scanner\59\Colored\Right\5.bmp,1,1,0.9998826
C:\Users\sahar\OneDrive\Desktop\EXPLAINABLE_IRIS_PAD\Data\Raw\IIITD_Contact_Lens_Iris_DB\Vista Scanner\59\Normal\Left\1.bmp,0,0,0.00014366547
C:\Users\sahar\OneDrive\Desktop\EXPLAINABLE_IRIS_PAD\Data\Raw\IIITD_Contact_Lens_Iris_DB\Vista Scanner\59\Normal\Left\2.bmp,0,0,3.179085e-05
C:\Users\sahar\OneDrive\Desktop\EXPLAINABLE_IRIS_PAD\Data\Raw\IIITD_Contact_Lens_Iris_DB\Vista Scanner\59\Normal\Left\3.bmp,0,0,5.244436e-05
C:\Users\sahar\OneDrive\Desktop\EXPLAINABLE_IRIS_PAD\Data\Raw\IIITD_Contact_Lens_Iris_DB\Vista Scanner\59\Normal\Left\4.bmp,0,0,5.558219e-05
C:\Users\sahar\OneDrive\Desktop\EXPLAINABLE_IRIS_PAD\Data\Raw\IIITD_Contact_Lens_Iris_DB\Vista Scanner\59\Normal\Left\5.bmp,0,0,2.6130643e-05
C:\Users\sahar\OneDrive\Desktop\EXPLAINABLE_IRIS_PAD\Data\Raw\IIITD_Contact_Lens_Iris_DB\Vista Scanner\59\Normal\Right\1.bmp,0,0,5.752895e-06
C:\Users\sahar\OneDrive\Desktop\EXPLAINABLE_IRIS_PAD\Data\Raw\IIITD_Contact_Lens_Iris_DB\Vista Scanner\59\Normal\Right\2.bmp,0,0,1.4338256e-05
C:\Users\sahar\OneDrive\Desktop\EXPLAINABLE_IRIS_PAD\Data\Raw\IIITD_Contact_Lens_Iris_DB\Vista Scanner\59\Normal\Right\3.bmp,0,0,1.4976761e-09
C:\Users\sahar\OneDrive\Desktop\EXPLAINABLE_IRIS_PAD\Data\Raw\IIITD_Contact_Lens_Iris_DB\Vista Scanner\59\Normal\Right\4.bmp,0,0,6.496256e-07
C:\Users\sahar\OneDrive\Desktop\EXPLAINABLE_IRIS_PAD\Data\Raw\IIITD_Contact_Lens_Iris_DB\Vista Scanner\59\Normal\Right\5.bmp,0,0,1.0780594e-06
C:\Users\sahar\OneDrive\Desktop\EXPLAINABLE_IRIS_PAD\Data\Raw\IIITD_Contact_Lens_Iris_DB\Vista Scanner\6\Colored\Left\1.bmp,1,1,0.9999999
C:\Users\sahar\OneDrive\Desktop\EXPLAINABLE_IRIS_PAD\Data\Raw\IIITD_Contact_Lens_Iris_DB\Vista Scanner\6\Colored\Left\2.bmp,1,1,0.9999999
C:\Users\sahar\OneDrive\Desktop\EXPLAINABLE_IRIS_PAD\Data\Raw\IIITD_Contact_Lens_Iris_DB\Vista Scanner\6\Colored\Left\3.bmp,1,1,0.99999464
C:\Users\sahar\OneDrive\Desktop\EXPLAINABLE_IRIS_PAD\Data\Raw\IIITD_Contact_Lens_Iris_DB\Vista Scanner\6\Colored\Left\4.bmp,1,1,0.99999535
C:\Users\sahar\OneDrive\Desktop\EXPLAINABLE_IRIS_PAD\Data\Raw\IIITD_Contact_Lens_Iris_DB\Vista Scanner\6\Colored\Left\5.bmp,1,1,1.0
C:\Users\sahar\OneDrive\Desktop\EXPLAINABLE_IRIS_PAD\Data\Raw\IIITD_Contact_Lens_Iris_DB\Vista Scanner\6\Colored\Right\1.bmp,1,1,0.9999937
C:\Users\sahar\OneDrive\Desktop\EXPLAINABLE_IRIS_PAD\Data\Raw\IIITD_Contact_Lens_Iris_DB\Vista Scanner\6\Colored\Right\2.bmp,1,1,0.9999989
C:\Users\sahar\OneDrive\Desktop\EXPLAINABLE_IRIS_PAD\Data\Raw\IIITD_Contact_Lens_Iris_DB\Vista Scanner\6\Colored\Right\3.bmp,1,1,0.9999999
C:\Users\sahar\OneDrive\Desktop\EXPLAINABLE_IRIS_PAD\Data\Raw\IIITD_Contact_Lens_Iris_DB\Vista Scanner\6\Colored\Right\4.bmp,1,1,0.9999999
C:\Users\sahar\OneDrive\Desktop\EXPLAINABLE_IRIS_PAD\Data\Raw\IIITD_Contact_Lens_Iris_DB\Vista Scanner\6\Colored\Right\5.bmp,1,1,1.0
C:\Users\sahar\OneDrive\Desktop\EXPLAINABLE_IRIS_PAD\Data\Raw\IIITD_Contact_Lens_Iris_DB\Vista Scanner\6\Normal\Left\1.bmp,0,0,4.761508e-05
C:\Users\sahar\OneDrive\Desktop\EXPLAINABLE_IRIS_PAD\Data\Raw\IIITD_Contact_Lens_Iris_DB\Vista Scanner\6\Normal\Left\2.bmp,0,0,8.612883e-06
C:\Users\sahar\OneDrive\Desktop\EXPLAINABLE_IRIS_PAD\Data\Raw\IIITD_Contact_Lens_Iris_DB\Vista Scanner\6\Normal\Left\3.bmp,0,0,7.8068515e-05
C:\Users\sahar\OneDrive\Desktop\EXPLAINABLE_IRIS_PAD\Data\Raw\IIITD_Contact_Lens_Iris_DB\Vista Scanner\6\Normal\Left\4.bmp,0,0,4.137223e-05
C:\Users\sahar\OneDrive\Desktop\EXPLAINABLE_IRIS_PAD\Data\Raw\IIITD_Contact_Lens_Iris_DB\Vista Scanner\6\Normal\Left\5.bmp,0,0,1.6032512e-06
C:\Users\sahar\OneDrive\Desktop\EXPLAINABLE_IRIS_PAD\Data\Raw\IIITD_Contact_Lens_Iris_DB\Vista Scanner\6\Normal\Right\1.bmp,0,0,2.0934614e-08
C:\Users\sahar\OneDrive\Desktop\EXPLAINABLE_IRIS_PAD\Data\Raw\IIITD_Contact_Lens_Iris_DB\Vista Scanner\6\Normal\Right\2.bmp,0,0,3.7378334e-07
C:\Users\sahar\OneDrive\Desktop\EXPLAINABLE_IRIS_PAD\Data\Raw\IIITD_Contact_Lens_Iris_DB\Vista Scanner\6\Normal\Right\3.bmp,0,0,8.398177e-06
C:\Users\sahar\OneDrive\Desktop\EXPLAINABLE_IRIS_PAD\Data\Raw\IIITD_Contact_Lens_Iris_DB\Vista Scanner\6\Normal\Right\4.bmp,0,0,1.6758898e-07
C:\Users\sahar\OneDrive\Desktop\EXPLAINABLE_IRIS_PAD\Data\Raw\IIITD_Contact_Lens_Iris_DB\Vista Scanner\6\Normal\Right\5.bmp,0,0,4.2976268e-07
C:\Users\sahar\OneDrive\Desktop\EXPLAINABLE_IRIS_PAD\Data\Raw\IIITD_Contact_Lens_Iris_DB\Vista Scanner\60\Colored\Left\1.bmp,1,1,0.9999002
C:\Users\sahar\OneDrive\Desktop\EXPLAINABLE_IRIS_PAD\Data\Raw\IIITD_Contact_Lens_Iris_DB\Vista Scanner\60\Colored\Left\2.bmp,1,1,0.9999777
C:\Users\sahar\OneDrive\Desktop\EXPLAINABLE_IRIS_PAD\Data\Raw\IIITD_Contact_Lens_Iris_DB\Vista Scanner\60\Colored\Left\3.bmp,1,1,0.9999943
C:\Users\sahar\OneDrive\Desktop\EXPLAINABLE_IRIS_PAD\Data\Raw\IIITD_Contact_Lens_Iris_DB\Vista Scanner\60\Colored\Left\4.bmp,1,1,0.9999937
C:\Users\sahar\OneDrive\Desktop\EXPLAINABLE_IRIS_PAD\Data\Raw\IIITD_Contact_Lens_Iris_DB\Vista Scanner\60\Colored\Left\5.bmp,1,1,0.99999416
C:\Users\sahar\OneDrive\Desktop\EXPLAINABLE_IRIS_PAD\Data\Raw\IIITD_Contact_Lens_Iris_DB\Vista Scanner\60\Colored\Right\1.bmp,1,1,0.999879
C:\Users\sahar\OneDrive\Desktop\EXPLAINABLE_IRIS_PAD\Data\Raw\IIITD_Contact_Lens_Iris_DB\Vista Scanner\60\Colored\Right\2.bmp,1,1,0.9997243
C:\Users\sahar\OneDrive\Desktop\EXPLAINABLE_IRIS_PAD\Data\Raw\IIITD_Contact_Lens_Iris_DB\Vista Scanner\60\Colored\Right\3.bmp,1,1,0.9981207
C:\Users\sahar\OneDrive\Desktop\EXPLAINABLE_IRIS_PAD\Data\Raw\IIITD_Contact_Lens_Iris_DB\Vista Scanner\60\Colored\Right\4.bmp,1,1,0.9999348
C:\Users\sahar\OneDrive\Desktop\EXPLAINABLE_IRIS_PAD\Data\Raw\IIITD_Contact_Lens_Iris_DB\Vista Scanner\60\Colored\Right\5.bmp,1,1,0.99999523
C:\Users\sahar\OneDrive\Desktop\EXPLAINABLE_IRIS_PAD\Data\Raw\IIITD_Contact_Lens_Iris_DB\Vista Scanner\60\Normal\Left\1.bmp,0,0,1.8164033e-05
C:\Users\sahar\OneDrive\Desktop\EXPLAINABLE_IRIS_PAD\Data\Raw\IIITD_Contact_Lens_Iris_DB\Vista Scanner\60\Normal\Left\2.bmp,0,0,1.36917315e-05
C:\Users\sahar\OneDrive\Desktop\EXPLAINABLE_IRIS_PAD\Data\Raw\IIITD_Contact_Lens_Iris_DB\Vista Scanner\60\Normal\Left\3.bmp,0,0,2.1029698e-06
C:\Users\sahar\OneDrive\Desktop\EXPLAINABLE_IRIS_PAD\Data\Raw\IIITD_Contact_Lens_Iris_DB\Vista Scanner\60\Normal\Left\4.bmp,0,0,2.7681182e-05
C:\Users\sahar\OneDrive\Desktop\EXPLAINABLE_IRIS_PAD\Data\Raw\IIITD_Contact_Lens_Iris_DB\Vista Scanner\60\Normal\Left\5.bmp,0,0,2.19315e-06
C:\Users\sahar\OneDrive\Desktop\EXPLAINABLE_IRIS_PAD\Data\Raw\IIITD_Contact_Lens_Iris_DB\Vista Scanner\60\Normal\Right\1.bmp,0,0,9.885173e-07
C:\Users\sahar\OneDrive\Desktop\EXPLAINABLE_IRIS_PAD\Data\Raw\IIITD_Contact_Lens_Iris_DB\Vista Scanner\60\Normal\Right\2.bmp,0,0,3.692095e-08
C:\Users\sahar\OneDrive\Desktop\EXPLAINABLE_IRIS_PAD\Data\Raw\IIITD_Contact_Lens_Iris_DB\Vista Scanner\60\Normal\Right\3.bmp,0,0,1.2651171e-05
C:\Users\sahar\OneDrive\Desktop\EXPLAINABLE_IRIS_PAD\Data\Raw\IIITD_Contact_Lens_Iris_DB\Vista Scanner\60\Normal\Right\4.bmp,0,0,1.6591757e-05
C:\Users\sahar\OneDrive\Desktop\EXPLAINABLE_IRIS_PAD\Data\Raw\IIITD_Contact_Lens_Iris_DB\Vista Scanner\60\Normal\Right\5.bmp,0,0,9.3140653e-07
C:\Users\sahar\OneDrive\Desktop\EXPLAINABLE_IRIS_PAD\Data\Raw\IIITD_Contact_Lens_Iris_DB\Vista Scanner\61\Colored\Left\1.bmp,1,1,0.99999607
C:\Users\sahar\OneDrive\Desktop\EXPLAINABLE_IRIS_PAD\Data\Raw\IIITD_Contact_Lens_Iris_DB\Vista Scanner\61\Colored\Left\2.bmp,1,1,0.99998176
C:\Users\sahar\OneDrive\Desktop\EXPLAINABLE_IRIS_PAD\Data\Raw\IIITD_Contact_Lens_Iris_DB\Vista Scanner\61\Colored\Left\3.bmp,1,1,0.999944
C:\Users\sahar\OneDrive\Desktop\EXPLAINABLE_IRIS_PAD\Data\Raw\IIITD_Contact_Lens_Iris_DB\Vista Scanner\61\Colored\Left\4.bmp,1,1,0.9999274
C:\Users\sahar\OneDrive\Desktop\EXPLAINABLE_IRIS_PAD\Data\Raw\IIITD_Contact_Lens_Iris_DB\Vista Scanner\61\Colored\Left\5.bmp,1,1,0.99935526
C:\Users\sahar\OneDrive\Desktop\EXPLAINABLE_IRIS_PAD\Data\Raw\IIITD_Contact_Lens_Iris_DB\Vista Scanner\61\Colored\Right\1.bmp,1,1,0.9997414
C:\Users\sahar\OneDrive\Desktop\EXPLAINABLE_IRIS_PAD\Data\Raw\IIITD_Contact_Lens_Iris_DB\Vista Scanner\61\Colored\Right\2.bmp,1,1,0.99992716
C:\Users\sahar\OneDrive\Desktop\EXPLAINABLE_IRIS_PAD\Data\Raw\IIITD_Contact_Lens_Iris_DB\Vista Scanner\61\Colored\Right\3.bmp,1,1,0.99914944
C:\Users\sahar\OneDrive\Desktop\EXPLAINABLE_IRIS_PAD\Data\Raw\IIITD_Contact_Lens_Iris_DB\Vista Scanner\61\Colored\Right\4.bmp,1,1,0.999724
C:\Users\sahar\OneDrive\Desktop\EXPLAINABLE_IRIS_PAD\Data\Raw\IIITD_Contact_Lens_Iris_DB\Vista Scanner\61\Colored\Right\5.bmp,1,1,0.99991703
C:\Users\sahar\OneDrive\Desktop\EXPLAINABLE_IRIS_PAD\Data\Raw\IIITD_Contact_Lens_Iris_DB\Vista Scanner\61\Normal\Left\1.bmp,0,0,6.9983136e-05
C:\Users\sahar\OneDrive\Desktop\EXPLAINABLE_IRIS_PAD\Data\Raw\IIITD_Contact_Lens_Iris_DB\Vista Scanner\61\Normal\Left\2.bmp,0,0,5.8081646e-06
C:\Users\sahar\OneDrive\Desktop\EXPLAINABLE_IRIS_PAD\Data\Raw\IIITD_Contact_Lens_Iris_DB\Vista Scanner\61\Normal\Left\3.bmp,0,0,2.446712e-06
C:\Users\sahar\OneDrive\Desktop\EXPLAINABLE_IRIS_PAD\Data\Raw\IIITD_Contact_Lens_Iris_DB\Vista Scanner\61\Normal\Left\4.bmp,0,0,2.3143049e-07
C:\Users\sahar\OneDrive\Desktop\EXPLAINABLE_IRIS_PAD\Data\Raw\IIITD_Contact_Lens_Iris_DB\Vista Scanner\61\Normal\Left\5.bmp,0,0,2.4443887e-07
C:\Users\sahar\OneDrive\Desktop\EXPLAINABLE_IRIS_PAD\Data\Raw\IIITD_Contact_Lens_Iris_DB\Vista Scanner\61\Normal\Right\1.bmp,0,0,5.910223e-07
C:\Users\sahar\OneDrive\Desktop\EXPLAINABLE_IRIS_PAD\Data\Raw\IIITD_Contact_Lens_Iris_DB\Vista Scanner\61\Normal\Right\2.bmp,0,0,1.3428923e-05
C:\Users\sahar\OneDrive\Desktop\EXPLAINABLE_IRIS_PAD\Data\Raw\IIITD_Contact_Lens_Iris_DB\Vista Scanner\61\Normal\Right\3.bmp,0,0,4.7672443e-06
C:\Users\sahar\OneDrive\Desktop\EXPLAINABLE_IRIS_PAD\Data\Raw\IIITD_Contact_Lens_Iris_DB\Vista Scanner\61\Normal\Right\4.bmp,0,0,1.9156023e-07
C:\Users\sahar\OneDrive\Desktop\EXPLAINABLE_IRIS_PAD\Data\Raw\IIITD_Contact_Lens_Iris_DB\Vista Scanner\61\Normal\Right\5.bmp,0,0,8.882326e-06
C:\Users\sahar\OneDrive\Desktop\EXPLAINABLE_IRIS_PAD\Data\Raw\IIITD_Contact_Lens_Iris_DB\Vista Scanner\62\Colored\Left\1.bmp,1,0,0.21537818
C:\Users\sahar\OneDrive\Desktop\EXPLAINABLE_IRIS_PAD\Data\Raw\IIITD_Contact_Lens_Iris_DB\Vista Scanner\62\Colored\Left\2.bmp,1,1,0.96613663
C:\Users\sahar\OneDrive\Desktop\EXPLAINABLE_IRIS_PAD\Data\Raw\IIITD_Contact_Lens_Iris_DB\Vista Scanner\62\Colored\Left\3.bmp,1,1,0.9992791
C:\Users\sahar\OneDrive\Desktop\EXPLAINABLE_IRIS_PAD\Data\Raw\IIITD_Contact_Lens_Iris_DB\Vista Scanner\62\Colored\Left\4.bmp,1,1,0.9996823
C:\Users\sahar\OneDrive\Desktop\EXPLAINABLE_IRIS_PAD\Data\Raw\IIITD_Contact_Lens_Iris_DB\Vista Scanner\62\Colored\Left\5.bmp,1,1,0.99940324
C:\Users\sahar\OneDrive\Desktop\EXPLAINABLE_IRIS_PAD\Data\Raw\IIITD_Contact_Lens_Iris_DB\Vista Scanner\62\Colored\Right\1.bmp,1,1,0.9727836
C:\Users\sahar\OneDrive\Desktop\EXPLAINABLE_IRIS_PAD\Data\Raw\IIITD_Contact_Lens_Iris_DB\Vista Scanner\62\Colored\Right\2.bmp,1,1,0.9946719
C:\Users\sahar\OneDrive\Desktop\EXPLAINABLE_IRIS_PAD\Data\Raw\IIITD_Contact_Lens_Iris_DB\Vista Scanner\62\Colored\Right\3.bmp,1,1,0.9996371
C:\Users\sahar\OneDrive\Desktop\EXPLAINABLE_IRIS_PAD\Data\Raw\IIITD_Contact_Lens_Iris_DB\Vista Scanner\62\Colored\Right\4.bmp,1,1,0.9998628
C:\Users\sahar\OneDrive\Desktop\EXPLAINABLE_IRIS_PAD\Data\Raw\IIITD_Contact_Lens_Iris_DB\Vista Scanner\62\Colored\Right\5.bmp,1,1,0.9999894
C:\Users\sahar\OneDrive\Desktop\EXPLAINABLE_IRIS_PAD\Data\Raw\IIITD_Contact_Lens_Iris_DB\Vista Scanner\62\Normal\Left\1.bmp,0,0,3.2617638e-07
C:\Users\sahar\OneDrive\Desktop\EXPLAINABLE_IRIS_PAD\Data\Raw\IIITD_Contact_Lens_Iris_DB\Vista Scanner\62\Normal\Left\2.bmp,0,0,1.7809937e-07
C:\Users\sahar\OneDrive\Desktop\EXPLAINABLE_IRIS_PAD\Data\Raw\IIITD_Contact_Lens_Iris_DB\Vista Scanner\62\Normal\Left\3.bmp,0,0,1.8881419e-06
C:\Users\sahar\OneDrive\Desktop\EXPLAINABLE_IRIS_PAD\Data\Raw\IIITD_Contact_Lens_Iris_DB\Vista Scanner\62\Normal\Left\4.bmp,0,0,2.9017335e-06
C:\Users\sahar\OneDrive\Desktop\EXPLAINABLE_IRIS_PAD\Data\Raw\IIITD_Contact_Lens_Iris_DB\Vista Scanner\62\Normal\Left\5.bmp,0,0,4.452678e-06
C:\Users\sahar\OneDrive\Desktop\EXPLAINABLE_IRIS_PAD\Data\Raw\IIITD_Contact_Lens_Iris_DB\Vista Scanner\62\Normal\Right\1.bmp,0,0,2.6696412e-07
C:\Users\sahar\OneDrive\Desktop\EXPLAINABLE_IRIS_PAD\Data\Raw\IIITD_Contact_Lens_Iris_DB\Vista Scanner\62\Normal\Right\2.bmp,0,0,1.5486283e-06
C:\Users\sahar\OneDrive\Desktop\EXPLAINABLE_IRIS_PAD\Data\Raw\IIITD_Contact_Lens_Iris_DB\Vista Scanner\62\Normal\Right\3.bmp,0,0,5.7019166e-05
C:\Users\sahar\OneDrive\Desktop\EXPLAINABLE_IRIS_PAD\Data\Raw\IIITD_Contact_Lens_Iris_DB\Vista Scanner\62\Normal\Right\4.bmp,0,0,4.8352053e-06
C:\Users\sahar\OneDrive\Desktop\EXPLAINABLE_IRIS_PAD\Data\Raw\IIITD_Contact_Lens_Iris_DB\Vista Scanner\62\Normal\Right\5.bmp,0,0,3.4135794e-06
C:\Users\sahar\OneDrive\Desktop\EXPLAINABLE_IRIS_PAD\Data\Raw\IIITD_Contact_Lens_Iris_DB\Vista Scanner\63\Colored\Left\1.bmp,1,1,1.0
C:\Users\sahar\OneDrive\Desktop\EXPLAINABLE_IRIS_PAD\Data\Raw\IIITD_Contact_Lens_Iris_DB\Vista Scanner\63\Colored\Left\2.bmp,1,1,0.9999974
C:\Users\sahar\OneDrive\Desktop\EXPLAINABLE_IRIS_PAD\Data\Raw\IIITD_Contact_Lens_Iris_DB\Vista Scanner\63\Colored\Left\3.bmp,1,1,1.0
C:\Users\sahar\OneDrive\Desktop\EXPLAINABLE_IRIS_PAD\Data\Raw\IIITD_Contact_Lens_Iris_DB\Vista Scanner\63\Colored\Left\4.bmp,1,1,1.0
C:\Users\sahar\OneDrive\Desktop\EXPLAINABLE_IRIS_PAD\Data\Raw\IIITD_Contact_Lens_Iris_DB\Vista Scanner\63\Colored\Left\5.bmp,1,1,0.99997365
C:\Users\sahar\OneDrive\Desktop\EXPLAINABLE_IRIS_PAD\Data\Raw\IIITD_Contact_Lens_Iris_DB\Vista Scanner\63\Colored\Right\1.bmp,1,1,0.99999976
C:\Users\sahar\OneDrive\Desktop\EXPLAINABLE_IRIS_PAD\Data\Raw\IIITD_Contact_Lens_Iris_DB\Vista Scanner\63\Colored\Right\2.bmp,1,1,0.999938
C:\Users\sahar\OneDrive\Desktop\EXPLAINABLE_IRIS_PAD\Data\Raw\IIITD_Contact_Lens_Iris_DB\Vista Scanner\63\Colored\Right\3.bmp,1,1,0.9999999
C:\Users\sahar\OneDrive\Desktop\EXPLAINABLE_IRIS_PAD\Data\Raw\IIITD_Contact_Lens_Iris_DB\Vista Scanner\63\Colored\Right\4.bmp,1,1,0.9999993
C:\Users\sahar\OneDrive\Desktop\EXPLAINABLE_IRIS_PAD\Data\Raw\IIITD_Contact_Lens_Iris_DB\Vista Scanner\63\Colored\Right\5.bmp,1,1,0.9999851
C:\Users\sahar\OneDrive\Desktop\EXPLAINABLE_IRIS_PAD\Data\Raw\IIITD_Contact_Lens_Iris_DB\Vista Scanner\63\Normal\Left\1.bmp,0,0,0.00015448383
C:\Users\sahar\OneDrive\Desktop\EXPLAINABLE_IRIS_PAD\Data\Raw\IIITD_Contact_Lens_Iris_DB\Vista Scanner\63\Normal\Left\2.bmp,0,0,0.00010482039
C:\Users\sahar\OneDrive\Desktop\EXPLAINABLE_IRIS_PAD\Data\Raw\IIITD_Contact_Lens_Iris_DB\Vista Scanner\63\Normal\Left\3.bmp,0,0,0.00010306132
C:\Users\sahar\OneDrive\Desktop\EXPLAINABLE_IRIS_PAD\Data\Raw\IIITD_Contact_Lens_Iris_DB\Vista Scanner\63\Normal\Left\4.bmp,0,0,0.00022714598
C:\Users\sahar\OneDrive\Desktop\EXPLAINABLE_IRIS_PAD\Data\Raw\IIITD_Contact_Lens_Iris_DB\Vista Scanner\63\Normal\Left\5.bmp,0,0,4.155347e-06
C:\Users\sahar\OneDrive\Desktop\EXPLAINABLE_IRIS_PAD\Data\Raw\IIITD_Contact_Lens_Iris_DB\Vista Scanner\63\Normal\Right\1.bmp,0,0,0.0002227593
C:\Users\sahar\OneDrive\Desktop\EXPLAINABLE_IRIS_PAD\Data\Raw\IIITD_Contact_Lens_Iris_DB\Vista Scanner\63\Normal\Right\2.bmp,0,0,0.00025301738
C:\Users\sahar\OneDrive\Desktop\EXPLAINABLE_IRIS_PAD\Data\Raw\IIITD_Contact_Lens_Iris_DB\Vista Scanner\63\Normal\Right\3.bmp,0,0,6.5257525e-05
C:\Users\sahar\OneDrive\Desktop\EXPLAINABLE_IRIS_PAD\Data\Raw\IIITD_Contact_Lens_Iris_DB\Vista Scanner\63\Normal\Right\4.bmp,0,0,6.4092514e-05
C:\Users\sahar\OneDrive\Desktop\EXPLAINABLE_IRIS_PAD\Data\Raw\IIITD_Contact_Lens_Iris_DB\Vista Scanner\63\Normal\Right\5.bmp,0,0,0.00011500639
C:\Users\sahar\OneDrive\Desktop\EXPLAINABLE_IRIS_PAD\Data\Raw\IIITD_Contact_Lens_Iris_DB\Vista Scanner\64\Colored\Left\1.bmp,1,1,0.99962556
C:\Users\sahar\OneDrive\Desktop\EXPLAINABLE_IRIS_PAD\Data\Raw\IIITD_Contact_Lens_Iris_DB\Vista Scanner\64\Colored\Left\2.bmp,1,1,0.9995247
C:\Users\sahar\OneDrive\Desktop\EXPLAINABLE_IRIS_PAD\Data\Raw\IIITD_Contact_Lens_Iris_DB\Vista Scanner\64\Colored\Left\3.bmp,1,1,0.9998332
C:\Users\sahar\OneDrive\Desktop\EXPLAINABLE_IRIS_PAD\Data\Raw\IIITD_Contact_Lens_Iris_DB\Vista Scanner\64\Colored\Left\4.bmp,1,1,0.99999523
C:\Users\sahar\OneDrive\Desktop\EXPLAINABLE_IRIS_PAD\Data\Raw\IIITD_Contact_Lens_Iris_DB\Vista Scanner\64\Colored\Left\5.bmp,1,1,0.999979
C:\Users\sahar\OneDrive\Desktop\EXPLAINABLE_IRIS_PAD\Data\Raw\IIITD_Contact_Lens_Iris_DB\Vista Scanner\64\Colored\Right\1.bmp,1,1,0.99958676
C:\Users\sahar\OneDrive\Desktop\EXPLAINABLE_IRIS_PAD\Data\Raw\IIITD_Contact_Lens_Iris_DB\Vista Scanner\64\Colored\Right\2.bmp,1,1,0.999967
C:\Users\sahar\OneDrive\Desktop\EXPLAINABLE_IRIS_PAD\Data\Raw\IIITD_Contact_Lens_Iris_DB\Vista Scanner\64\Colored\Right\3.bmp,1,1,0.9541083
C:\Users\sahar\OneDrive\Desktop\EXPLAINABLE_IRIS_PAD\Data\Raw\IIITD_Contact_Lens_Iris_DB\Vista Scanner\64\Colored\Right\4.bmp,1,1,0.99966836
C:\Users\sahar\OneDrive\Desktop\EXPLAINABLE_IRIS_PAD\Data\Raw\IIITD_Contact_Lens_Iris_DB\Vista Scanner\64\Colored\Right\5.bmp,1,1,0.99999726
C:\Users\sahar\OneDrive\Desktop\EXPLAINABLE_IRIS_PAD\Data\Raw\IIITD_Contact_Lens_Iris_DB\Vista Scanner\64\Normal\Left\1.bmp,0,0,2.2156621e-07
C:\Users\sahar\OneDrive\Desktop\EXPLAINABLE_IRIS_PAD\Data\Raw\IIITD_Contact_Lens_Iris_DB\Vista Scanner\64\Normal\Left\2.bmp,0,0,9.1046945e-07
C:\Users\sahar\OneDrive\Desktop\EXPLAINABLE_IRIS_PAD\Data\Raw\IIITD_Contact_Lens_Iris_DB\Vista Scanner\64\Normal\Left\3.bmp,0,0,3.9007384e-07
C:\Users\sahar\OneDrive\Desktop\EXPLAINABLE_IRIS_PAD\Data\Raw\IIITD_Contact_Lens_Iris_DB\Vista Scanner\64\Normal\Left\4.bmp,0,0,3.3702943e-07
C:\Users\sahar\OneDrive\Desktop\EXPLAINABLE_IRIS_PAD\Data\Raw\IIITD_Contact_Lens_Iris_DB\Vista Scanner\64\Normal\Left\5.bmp,0,0,2.3444365e-07
C:\Users\sahar\OneDrive\Desktop\EXPLAINABLE_IRIS_PAD\Data\Raw\IIITD_Contact_Lens_Iris_DB\Vista Scanner\64\Normal\Right\1.bmp,0,0,1.037268e-08
C:\Users\sahar\OneDrive\Desktop\EXPLAINABLE_IRIS_PAD\Data\Raw\IIITD_Contact_Lens_Iris_DB\Vista Scanner\64\Normal\Right\2.bmp,0,0,1.37359075e-08
C:\Users\sahar\OneDrive\Desktop\EXPLAINABLE_IRIS_PAD\Data\Raw\IIITD_Contact_Lens_Iris_DB\Vista Scanner\64\Normal\Right\3.bmp,0,0,2.084562e-10
C:\Users\sahar\OneDrive\Desktop\EXPLAINABLE_IRIS_PAD\Data\Raw\IIITD_Contact_Lens_Iris_DB\Vista Scanner\64\Normal\Right\4.bmp,0,0,1.1073e-08
C:\Users\sahar\OneDrive\Desktop\EXPLAINABLE_IRIS_PAD\Data\Raw\IIITD_Contact_Lens_Iris_DB\Vista Scanner\64\Normal\Right\5.bmp,0,0,1.6238516e-10
C:\Users\sahar\OneDrive\Desktop\EXPLAINABLE_IRIS_PAD\Data\Raw\IIITD_Contact_Lens_Iris_DB\Vista Scanner\65\Colored\Left\1.bmp,1,1,0.9999976
C:\Users\sahar\OneDrive\Desktop\EXPLAINABLE_IRIS_PAD\Data\Raw\IIITD_Contact_Lens_Iris_DB\Vista Scanner\65\Colored\Left\2.bmp,1,1,0.9999919
C:\Users\sahar\OneDrive\Desktop\EXPLAINABLE_IRIS_PAD\Data\Raw\IIITD_Contact_Lens_Iris_DB\Vista Scanner\65\Colored\Left\3.bmp,1,1,0.99999785
C:\Users\sahar\OneDrive\Desktop\EXPLAINABLE_IRIS_PAD\Data\Raw\IIITD_Contact_Lens_Iris_DB\Vista Scanner\65\Colored\Left\4.bmp,1,1,0.99999404
C:\Users\sahar\OneDrive\Desktop\EXPLAINABLE_IRIS_PAD\Data\Raw\IIITD_Contact_Lens_Iris_DB\Vista Scanner\65\Colored\Left\5.bmp,1,1,0.9999136
C:\Users\sahar\OneDrive\Desktop\EXPLAINABLE_IRIS_PAD\Data\Raw\IIITD_Contact_Lens_Iris_DB\Vista Scanner\65\Colored\Right\1.bmp,1,1,0.99999523
C:\Users\sahar\OneDrive\Desktop\EXPLAINABLE_IRIS_PAD\Data\Raw\IIITD_Contact_Lens_Iris_DB\Vista Scanner\65\Colored\Right\2.bmp,1,1,0.99997306
C:\Users\sahar\OneDrive\Desktop\EXPLAINABLE_IRIS_PAD\Data\Raw\IIITD_Contact_Lens_Iris_DB\Vista Scanner\65\Colored\Right\3.bmp,1,1,0.9999496
C:\Users\sahar\OneDrive\Desktop\EXPLAINABLE_IRIS_PAD\Data\Raw\IIITD_Contact_Lens_Iris_DB\Vista Scanner\65\Colored\Right\4.bmp,1,1,0.999519
C:\Users\sahar\OneDrive\Desktop\EXPLAINABLE_IRIS_PAD\Data\Raw\IIITD_Contact_Lens_Iris_DB\Vista Scanner\65\Colored\Right\5.bmp,1,1,0.9971029
C:\Users\sahar\OneDrive\Desktop\EXPLAINABLE_IRIS_PAD\Data\Raw\IIITD_Contact_Lens_Iris_DB\Vista Scanner\65\Normal\Left\1.bmp,0,0,1.2494198e-07
C:\Users\sahar\OneDrive\Desktop\EXPLAINABLE_IRIS_PAD\Data\Raw\IIITD_Contact_Lens_Iris_DB\Vista Scanner\65\Normal\Left\2.bmp,0,0,3.327611e-06
C:\Users\sahar\OneDrive\Desktop\EXPLAINABLE_IRIS_PAD\Data\Raw\IIITD_Contact_Lens_Iris_DB\Vista Scanner\65\Normal\Left\3.bmp,0,0,9.090119e-07
C:\Users\sahar\OneDrive\Desktop\EXPLAINABLE_IRIS_PAD\Data\Raw\IIITD_Contact_Lens_Iris_DB\Vista Scanner\65\Normal\Left\4.bmp,0,0,1.1876467e-06
C:\Users\sahar\OneDrive\Desktop\EXPLAINABLE_IRIS_PAD\Data\Raw\IIITD_Contact_Lens_Iris_DB\Vista Scanner\65\Normal\Left\5.bmp,0,0,1.0978789e-07
C:\Users\sahar\OneDrive\Desktop\EXPLAINABLE_IRIS_PAD\Data\Raw\IIITD_Contact_Lens_Iris_DB\Vista Scanner\65\Normal\Right\1.bmp,0,0,1.1786966e-06
C:\Users\sahar\OneDrive\Desktop\EXPLAINABLE_IRIS_PAD\Data\Raw\IIITD_Contact_Lens_Iris_DB\Vista Scanner\65\Normal\Right\2.bmp,0,0,1.1291352e-06
C:\Users\sahar\OneDrive\Desktop\EXPLAINABLE_IRIS_PAD\Data\Raw\IIITD_Contact_Lens_Iris_DB\Vista Scanner\65\Normal\Right\3.bmp,0,0,9.2150486e-07
C:\Users\sahar\OneDrive\Desktop\EXPLAINABLE_IRIS_PAD\Data\Raw\IIITD_Contact_Lens_Iris_DB\Vista Scanner\65\Normal\Right\4.bmp,0,0,2.1772223e-06
C:\Users\sahar\OneDrive\Desktop\EXPLAINABLE_IRIS_PAD\Data\Raw\IIITD_Contact_Lens_Iris_DB\Vista Scanner\65\Normal\Right\5.bmp,0,0,2.5682425e-08
C:\Users\sahar\OneDrive\Desktop\EXPLAINABLE_IRIS_PAD\Data\Raw\IIITD_Contact_Lens_Iris_DB\Vista Scanner\66\Colored\Left\1.bmp,1,1,0.7391295
C:\Users\sahar\OneDrive\Desktop\EXPLAINABLE_IRIS_PAD\Data\Raw\IIITD_Contact_Lens_Iris_DB\Vista Scanner\66\Colored\Left\2.bmp,1,1,0.9985222
C:\Users\sahar\OneDrive\Desktop\EXPLAINABLE_IRIS_PAD\Data\Raw\IIITD_Contact_Lens_Iris_DB\Vista Scanner\66\Colored\Left\3.bmp,1,1,0.9996208
C:\Users\sahar\OneDrive\Desktop\EXPLAINABLE_IRIS_PAD\Data\Raw\IIITD_Contact_Lens_Iris_DB\Vista Scanner\66\Colored\Left\4.bmp,1,1,0.9999819
C:\Users\sahar\OneDrive\Desktop\EXPLAINABLE_IRIS_PAD\Data\Raw\IIITD_Contact_Lens_Iris_DB\Vista Scanner\66\Colored\Left\5.bmp,1,1,0.9996884
C:\Users\sahar\OneDrive\Desktop\EXPLAINABLE_IRIS_PAD\Data\Raw\IIITD_Contact_Lens_Iris_DB\Vista Scanner\66\Colored\Right\1.bmp,1,1,0.87752336
C:\Users\sahar\OneDrive\Desktop\EXPLAINABLE_IRIS_PAD\Data\Raw\IIITD_Contact_Lens_Iris_DB\Vista Scanner\66\Colored\Right\2.bmp,1,1,0.99191284
C:\Users\sahar\OneDrive\Desktop\EXPLAINABLE_IRIS_PAD\Data\Raw\IIITD_Contact_Lens_Iris_DB\Vista Scanner\66\Colored\Right\3.bmp,1,1,0.9893595
C:\Users\sahar\OneDrive\Desktop\EXPLAINABLE_IRIS_PAD\Data\Raw\IIITD_Contact_Lens_Iris_DB\Vista Scanner\66\Colored\Right\4.bmp,1,1,0.9986512
C:\Users\sahar\OneDrive\Desktop\EXPLAINABLE_IRIS_PAD\Data\Raw\IIITD_Contact_Lens_Iris_DB\Vista Scanner\66\Colored\Right\5.bmp,1,1,0.8741721
C:\Users\sahar\OneDrive\Desktop\EXPLAINABLE_IRIS_PAD\Data\Raw\IIITD_Contact_Lens_Iris_DB\Vista Scanner\66\Normal\Left\1.bmp,0,0,1.8404817e-05
C:\Users\sahar\OneDrive\Desktop\EXPLAINABLE_IRIS_PAD\Data\Raw\IIITD_Contact_Lens_Iris_DB\Vista Scanner\66\Normal\Left\2.bmp,0,0,5.0770022e-06
C:\Users\sahar\OneDrive\Desktop\EXPLAINABLE_IRIS_PAD\Data\Raw\IIITD_Contact_Lens_Iris_DB\Vista Scanner\66\Normal\Left\3.bmp,0,0,4.0706575e-05
C:\Users\sahar\OneDrive\Desktop\EXPLAINABLE_IRIS_PAD\Data\Raw\IIITD_Contact_Lens_Iris_DB\Vista Scanner\66\Normal\Left\4.bmp,0,0,5.223887e-05
C:\Users\sahar\OneDrive\Desktop\EXPLAINABLE_IRIS_PAD\Data\Raw\IIITD_Contact_Lens_Iris_DB\Vista Scanner\66\Normal\Left\5.bmp,0,0,1.2999291e-05
C:\Users\sahar\OneDrive\Desktop\EXPLAINABLE_IRIS_PAD\Data\Raw\IIITD_Contact_Lens_Iris_DB\Vista Scanner\66\Normal\Right\1.bmp,0,0,9.639938e-06
C:\Users\sahar\OneDrive\Desktop\EXPLAINABLE_IRIS_PAD\Data\Raw\IIITD_Contact_Lens_Iris_DB\Vista Scanner\66\Normal\Right\2.bmp,0,0,5.6460445e-05
C:\Users\sahar\OneDrive\Desktop\EXPLAINABLE_IRIS_PAD\Data\Raw\IIITD_Contact_Lens_Iris_DB\Vista Scanner\66\Normal\Right\3.bmp,0,0,4.5835523e-06
C:\Users\sahar\OneDrive\Desktop\EXPLAINABLE_IRIS_PAD\Data\Raw\IIITD_Contact_Lens_Iris_DB\Vista Scanner\66\Normal\Right\4.bmp,0,0,9.1671205e-07
C:\Users\sahar\OneDrive\Desktop\EXPLAINABLE_IRIS_PAD\Data\Raw\IIITD_Contact_Lens_Iris_DB\Vista Scanner\66\Normal\Right\5.bmp,0,0,1.4517666e-06
C:\Users\sahar\OneDrive\Desktop\EXPLAINABLE_IRIS_PAD\Data\Raw\IIITD_Contact_Lens_Iris_DB\Vista Scanner\67\Colored\Left\1.bmp,1,1,0.9574771
C:\Users\sahar\OneDrive\Desktop\EXPLAINABLE_IRIS_PAD\Data\Raw\IIITD_Contact_Lens_Iris_DB\Vista Scanner\67\Colored\Left\2.bmp,1,1,0.64840597
C:\Users\sahar\OneDrive\Desktop\EXPLAINABLE_IRIS_PAD\Data\Raw\IIITD_Contact_Lens_Iris_DB\Vista Scanner\67\Colored\Left\3.bmp,1,1,0.999887
C:\Users\sahar\OneDrive\Desktop\EXPLAINABLE_IRIS_PAD\Data\Raw\IIITD_Contact_Lens_Iris_DB\Vista Scanner\67\Colored\Left\4.bmp,1,1,0.99992704
C:\Users\sahar\OneDrive\Desktop\EXPLAINABLE_IRIS_PAD\Data\Raw\IIITD_Contact_Lens_Iris_DB\Vista Scanner\67\Colored\Left\5.bmp,1,1,0.99924433
C:\Users\sahar\OneDrive\Desktop\EXPLAINABLE_IRIS_PAD\Data\Raw\IIITD_Contact_Lens_Iris_DB\Vista Scanner\67\Colored\Right\1.bmp,1,1,0.99999654
C:\Users\sahar\OneDrive\Desktop\EXPLAINABLE_IRIS_PAD\Data\Raw\IIITD_Contact_Lens_Iris_DB\Vista Scanner\67\Colored\Right\2.bmp,1,1,0.99999404
C:\Users\sahar\OneDrive\Desktop\EXPLAINABLE_IRIS_PAD\Data\Raw\IIITD_Contact_Lens_Iris_DB\Vista Scanner\67\Colored\Right\3.bmp,1,1,0.99987197
C:\Users\sahar\OneDrive\Desktop\EXPLAINABLE_IRIS_PAD\Data\Raw\IIITD_Contact_Lens_Iris_DB\Vista Scanner\67\Colored\Right\4.bmp,1,1,0.99987876
C:\Users\sahar\OneDrive\Desktop\EXPLAINABLE_IRIS_PAD\Data\Raw\IIITD_Contact_Lens_Iris_DB\Vista Scanner\67\Colored\Right\5.bmp,1,1,0.99995065
C:\Users\sahar\OneDrive\Desktop\EXPLAINABLE_IRIS_PAD\Data\Raw\IIITD_Contact_Lens_Iris_DB\Vista Scanner\67\Normal\Left\1.bmp,0,0,7.5035055e-06
C:\Users\sahar\OneDrive\Desktop\EXPLAINABLE_IRIS_PAD\Data\Raw\IIITD_Contact_Lens_Iris_DB\Vista Scanner\67\Normal\Left\2.bmp,0,0,2.7486813e-05
C:\Users\sahar\OneDrive\Desktop\EXPLAINABLE_IRIS_PAD\Data\Raw\IIITD_Contact_Lens_Iris_DB\Vista Scanner\67\Normal\Left\3.bmp,0,0,7.1827194e-06
C:\Users\sahar\OneDrive\Desktop\EXPLAINABLE_IRIS_PAD\Data\Raw\IIITD_Contact_Lens_Iris_DB\Vista Scanner\67\Normal\Left\4.bmp,0,0,2.1356293e-05
C:\Users\sahar\OneDrive\Desktop\EXPLAINABLE_IRIS_PAD\Data\Raw\IIITD_Contact_Lens_Iris_DB\Vista Scanner\67\Normal\Left\5.bmp,0,0,5.0136255e-06
C:\Users\sahar\OneDrive\Desktop\EXPLAINABLE_IRIS_PAD\Data\Raw\IIITD_Contact_Lens_Iris_DB\Vista Scanner\67\Normal\Right\1.bmp,0,0,5.5872933e-05
C:\Users\sahar\OneDrive\Desktop\EXPLAINABLE_IRIS_PAD\Data\Raw\IIITD_Contact_Lens_Iris_DB\Vista Scanner\67\Normal\Right\2.bmp,0,0,1.5272095e-05
C:\Users\sahar\OneDrive\Desktop\EXPLAINABLE_IRIS_PAD\Data\Raw\IIITD_Contact_Lens_Iris_DB\Vista Scanner\67\Normal\Right\3.bmp,0,0,1.0797058e-05
C:\Users\sahar\OneDrive\Desktop\EXPLAINABLE_IRIS_PAD\Data\Raw\IIITD_Contact_Lens_Iris_DB\Vista Scanner\67\Normal\Right\4.bmp,0,0,2.4409379e-05
C:\Users\sahar\OneDrive\Desktop\EXPLAINABLE_IRIS_PAD\Data\Raw\IIITD_Contact_Lens_Iris_DB\Vista Scanner\67\Normal\Right\5.bmp,0,0,6.1578736e-05
C:\Users\sahar\OneDrive\Desktop\EXPLAINABLE_IRIS_PAD\Data\Raw\IIITD_Contact_Lens_Iris_DB\Vista Scanner\68\Colored\Left\1.bmp,1,1,1.0
C:\Users\sahar\OneDrive\Desktop\EXPLAINABLE_IRIS_PAD\Data\Raw\IIITD_Contact_Lens_Iris_DB\Vista Scanner\68\Colored\Left\2.bmp,1,1,1.0
C:\Users\sahar\OneDrive\Desktop\EXPLAINABLE_IRIS_PAD\Data\Raw\IIITD_Contact_Lens_Iris_DB\Vista Scanner\68\Colored\Left\3.bmp,1,1,1.0
C:\Users\sahar\OneDrive\Desktop\EXPLAINABLE_IRIS_PAD\Data\Raw\IIITD_Contact_Lens_Iris_DB\Vista Scanner\68\Colored\Left\4.bmp,1,1,0.9999999
C:\Users\sahar\OneDrive\Desktop\EXPLAINABLE_IRIS_PAD\Data\Raw\IIITD_Contact_Lens_Iris_DB\Vista Scanner\68\Colored\Left\5.bmp,1,1,0.9999999
C:\Users\sahar\OneDrive\Desktop\EXPLAINABLE_IRIS_PAD\Data\Raw\IIITD_Contact_Lens_Iris_DB\Vista Scanner\68\Colored\Right\1.bmp,1,1,1.0
C:\Users\sahar\OneDrive\Desktop\EXPLAINABLE_IRIS_PAD\Data\Raw\IIITD_Contact_Lens_Iris_DB\Vista Scanner\68\Colored\Right\2.bmp,1,1,0.99999964
C:\Users\sahar\OneDrive\Desktop\EXPLAINABLE_IRIS_PAD\Data\Raw\IIITD_Contact_Lens_Iris_DB\Vista Scanner\68\Colored\Right\3.bmp,1,1,0.99998164
C:\Users\sahar\OneDrive\Desktop\EXPLAINABLE_IRIS_PAD\Data\Raw\IIITD_Contact_Lens_Iris_DB\Vista Scanner\68\Colored\Right\4.bmp,1,1,0.99999607
C:\Users\sahar\OneDrive\Desktop\EXPLAINABLE_IRIS_PAD\Data\Raw\IIITD_Contact_Lens_Iris_DB\Vista Scanner\68\Colored\Right\5.bmp,1,1,0.99999666
C:\Users\sahar\OneDrive\Desktop\EXPLAINABLE_IRIS_PAD\Data\Raw\IIITD_Contact_Lens_Iris_DB\Vista Scanner\68\Normal\Left\1.bmp,0,0,3.88689e-06
C:\Users\sahar\OneDrive\Desktop\EXPLAINABLE_IRIS_PAD\Data\Raw\IIITD_Contact_Lens_Iris_DB\Vista Scanner\68\Normal\Left\2.bmp,0,0,2.256984e-05
C:\Users\sahar\OneDrive\Desktop\EXPLAINABLE_IRIS_PAD\Data\Raw\IIITD_Contact_Lens_Iris_DB\Vista Scanner\68\Normal\Left\3.bmp,0,0,2.4357943e-05
C:\Users\sahar\OneDrive\Desktop\EXPLAINABLE_IRIS_PAD\Data\Raw\IIITD_Contact_Lens_Iris_DB\Vista Scanner\68\Normal\Left\4.bmp,0,0,2.6886942e-06
C:\Users\sahar\OneDrive\Desktop\EXPLAINABLE_IRIS_PAD\Data\Raw\IIITD_Contact_Lens_Iris_DB\Vista Scanner\68\Normal\Left\5.bmp,0,0,5.9770787e-06
C:\Users\sahar\OneDrive\Desktop\EXPLAINABLE_IRIS_PAD\Data\Raw\IIITD_Contact_Lens_Iris_DB\Vista Scanner\68\Normal\Right\1.bmp,0,0,7.282091e-08
C:\Users\sahar\OneDrive\Desktop\EXPLAINABLE_IRIS_PAD\Data\Raw\IIITD_Contact_Lens_Iris_DB\Vista Scanner\68\Normal\Right\2.bmp,0,0,3.8772728e-07
C:\Users\sahar\OneDrive\Desktop\EXPLAINABLE_IRIS_PAD\Data\Raw\IIITD_Contact_Lens_Iris_DB\Vista Scanner\68\Normal\Right\3.bmp,0,0,1.4538712e-06
C:\Users\sahar\OneDrive\Desktop\EXPLAINABLE_IRIS_PAD\Data\Raw\IIITD_Contact_Lens_Iris_DB\Vista Scanner\68\Normal\Right\4.bmp,0,0,3.15642e-06
C:\Users\sahar\OneDrive\Desktop\EXPLAINABLE_IRIS_PAD\Data\Raw\IIITD_Contact_Lens_Iris_DB\Vista Scanner\68\Normal\Right\5.bmp,0,0,1.9034718e-06
C:\Users\sahar\OneDrive\Desktop\EXPLAINABLE_IRIS_PAD\Data\Raw\IIITD_Contact_Lens_Iris_DB\Vista Scanner\69\Colored\Left\1.bmp,1,1,0.9999788
C:\Users\sahar\OneDrive\Desktop\EXPLAINABLE_IRIS_PAD\Data\Raw\IIITD_Contact_Lens_Iris_DB\Vista Scanner\69\Colored\Left\2.bmp,1,1,0.99994457
C:\Users\sahar\OneDrive\Desktop\EXPLAINABLE_IRIS_PAD\Data\Raw\IIITD_Contact_Lens_Iris_DB\Vista Scanner\69\Colored\Left\3.bmp,1,1,0.9998399
C:\Users\sahar\OneDrive\Desktop\EXPLAINABLE_IRIS_PAD\Data\Raw\IIITD_Contact_Lens_Iris_DB\Vista Scanner\69\Colored\Left\4.bmp,1,1,0.9999002
C:\Users\sahar\OneDrive\Desktop\EXPLAINABLE_IRIS_PAD\Data\Raw\IIITD_Contact_Lens_Iris_DB\Vista Scanner\69\Colored\Left\5.bmp,1,1,0.99999714
C:\Users\sahar\OneDrive\Desktop\EXPLAINABLE_IRIS_PAD\Data\Raw\IIITD_Contact_Lens_Iris_DB\Vista Scanner\69\Colored\Right\1.bmp,1,1,0.99996793
C:\Users\sahar\OneDrive\Desktop\EXPLAINABLE_IRIS_PAD\Data\Raw\IIITD_Contact_Lens_Iris_DB\Vista Scanner\69\Colored\Right\2.bmp,1,1,0.999997
C:\Users\sahar\OneDrive\Desktop\EXPLAINABLE_IRIS_PAD\Data\Raw\IIITD_Contact_Lens_Iris_DB\Vista Scanner\69\Colored\Right\3.bmp,1,1,0.9999709
C:\Users\sahar\OneDrive\Desktop\EXPLAINABLE_IRIS_PAD\Data\Raw\IIITD_Contact_Lens_Iris_DB\Vista Scanner\69\Colored\Right\4.bmp,1,1,0.999995
C:\Users\sahar\OneDrive\Desktop\EXPLAINABLE_IRIS_PAD\Data\Raw\IIITD_Contact_Lens_Iris_DB\Vista Scanner\69\Colored\Right\5.bmp,1,1,0.9999676
C:\Users\sahar\OneDrive\Desktop\EXPLAINABLE_IRIS_PAD\Data\Raw\IIITD_Contact_Lens_Iris_DB\Vista Scanner\69\Normal\Left\1.bmp,0,0,2.3627172e-05
C:\Users\sahar\OneDrive\Desktop\EXPLAINABLE_IRIS_PAD\Data\Raw\IIITD_Contact_Lens_Iris_DB\Vista Scanner\69\Normal\Left\2.bmp,0,0,1.0400117e-06
C:\Users\sahar\OneDrive\Desktop\EXPLAINABLE_IRIS_PAD\Data\Raw\IIITD_Contact_Lens_Iris_DB\Vista Scanner\69\Normal\Left\3.bmp,0,0,6.3347024e-06
C:\Users\sahar\OneDrive\Desktop\EXPLAINABLE_IRIS_PAD\Data\Raw\IIITD_Contact_Lens_Iris_DB\Vista Scanner\69\Normal\Left\4.bmp,0,0,1.3554039e-06
C:\Users\sahar\OneDrive\Desktop\EXPLAINABLE_IRIS_PAD\Data\Raw\IIITD_Contact_Lens_Iris_DB\Vista Scanner\69\Normal\Left\5.bmp,0,0,2.8486636e-06
C:\Users\sahar\OneDrive\Desktop\EXPLAINABLE_IRIS_PAD\Data\Raw\IIITD_Contact_Lens_Iris_DB\Vista Scanner\69\Normal\Right\1.bmp,0,0,4.6669747e-06
C:\Users\sahar\OneDrive\Desktop\EXPLAINABLE_IRIS_PAD\Data\Raw\IIITD_Contact_Lens_Iris_DB\Vista Scanner\69\Normal\Right\2.bmp,0,0,7.217486e-07
C:\Users\sahar\OneDrive\Desktop\EXPLAINABLE_IRIS_PAD\Data\Raw\IIITD_Contact_Lens_Iris_DB\Vista Scanner\69\Normal\Right\3.bmp,0,0,4.279796e-06
C:\Users\sahar\OneDrive\Desktop\EXPLAINABLE_IRIS_PAD\Data\Raw\IIITD_Contact_Lens_Iris_DB\Vista Scanner\69\Normal\Right\4.bmp,0,0,1.5159752e-05
C:\Users\sahar\OneDrive\Desktop\EXPLAINABLE_IRIS_PAD\Data\Raw\IIITD_Contact_Lens_Iris_DB\Vista Scanner\69\Normal\Right\5.bmp,0,0,4.901696e-07
C:\Users\sahar\OneDrive\Desktop\EXPLAINABLE_IRIS_PAD\Data\Raw\IIITD_Contact_Lens_Iris_DB\Vista Scanner\7\Colored\Left\1.bmp,1,1,0.9999995
C:\Users\sahar\OneDrive\Desktop\EXPLAINABLE_IRIS_PAD\Data\Raw\IIITD_Contact_Lens_Iris_DB\Vista Scanner\7\Colored\Left\2.bmp,1,1,0.9999968
C:\Users\sahar\OneDrive\Desktop\EXPLAINABLE_IRIS_PAD\Data\Raw\IIITD_Contact_Lens_Iris_DB\Vista Scanner\7\Colored\Left\3.bmp,1,1,0.9999981
C:\Users\sahar\OneDrive\Desktop\EXPLAINABLE_IRIS_PAD\Data\Raw\IIITD_Contact_Lens_Iris_DB\Vista Scanner\7\Colored\Left\4.bmp,1,1,0.999992
C:\Users\sahar\OneDrive\Desktop\EXPLAINABLE_IRIS_PAD\Data\Raw\IIITD_Contact_Lens_Iris_DB\Vista Scanner\7\Colored\Left\5.bmp,1,1,1.0
C:\Users\sahar\OneDrive\Desktop\EXPLAINABLE_IRIS_PAD\Data\Raw\IIITD_Contact_Lens_Iris_DB\Vista Scanner\7\Colored\Right\1.bmp,1,1,1.0
C:\Users\sahar\OneDrive\Desktop\EXPLAINABLE_IRIS_PAD\Data\Raw\IIITD_Contact_Lens_Iris_DB\Vista Scanner\7\Colored\Right\2.bmp,1,1,0.99999976
C:\Users\sahar\OneDrive\Desktop\EXPLAINABLE_IRIS_PAD\Data\Raw\IIITD_Contact_Lens_Iris_DB\Vista Scanner\7\Colored\Right\3.bmp,1,1,0.9999999
C:\Users\sahar\OneDrive\Desktop\EXPLAINABLE_IRIS_PAD\Data\Raw\IIITD_Contact_Lens_Iris_DB\Vista Scanner\7\Colored\Right\4.bmp,1,1,0.9999999
C:\Users\sahar\OneDrive\Desktop\EXPLAINABLE_IRIS_PAD\Data\Raw\IIITD_Contact_Lens_Iris_DB\Vista Scanner\7\Colored\Right\5.bmp,1,1,1.0
C:\Users\sahar\OneDrive\Desktop\EXPLAINABLE_IRIS_PAD\Data\Raw\IIITD_Contact_Lens_Iris_DB\Vista Scanner\7\Normal\Left\1.bmp,0,0,0.0010329334
C:\Users\sahar\OneDrive\Desktop\EXPLAINABLE_IRIS_PAD\Data\Raw\IIITD_Contact_Lens_Iris_DB\Vista Scanner\7\Normal\Left\2.bmp,0,0,0.011268666
C:\Users\sahar\OneDrive\Desktop\EXPLAINABLE_IRIS_PAD\Data\Raw\IIITD_Contact_Lens_Iris_DB\Vista Scanner\7\Normal\Left\3.bmp,0,0,0.0054297955
C:\Users\sahar\OneDrive\Desktop\EXPLAINABLE_IRIS_PAD\Data\Raw\IIITD_Contact_Lens_Iris_DB\Vista Scanner\7\Normal\Left\4.bmp,0,0,0.00061923754
C:\Users\sahar\OneDrive\Desktop\EXPLAINABLE_IRIS_PAD\Data\Raw\IIITD_Contact_Lens_Iris_DB\Vista Scanner\7\Normal\Left\5.bmp,0,0,0.0013196284
C:\Users\sahar\OneDrive\Desktop\EXPLAINABLE_IRIS_PAD\Data\Raw\IIITD_Contact_Lens_Iris_DB\Vista Scanner\7\Normal\Right\1.bmp,0,0,0.00011011497
C:\Users\sahar\OneDrive\Desktop\EXPLAINABLE_IRIS_PAD\Data\Raw\IIITD_Contact_Lens_Iris_DB\Vista Scanner\7\Normal\Right\2.bmp,0,0,0.00019928589
C:\Users\sahar\OneDrive\Desktop\EXPLAINABLE_IRIS_PAD\Data\Raw\IIITD_Contact_Lens_Iris_DB\Vista Scanner\7\Normal\Right\3.bmp,0,0,0.00021009291
C:\Users\sahar\OneDrive\Desktop\EXPLAINABLE_IRIS_PAD\Data\Raw\IIITD_Contact_Lens_Iris_DB\Vista Scanner\7\Normal\Right\4.bmp,0,0,1.6676688e-05
C:\Users\sahar\OneDrive\Desktop\EXPLAINABLE_IRIS_PAD\Data\Raw\IIITD_Contact_Lens_Iris_DB\Vista Scanner\7\Normal\Right\5.bmp,0,0,0.0005031145
C:\Users\sahar\OneDrive\Desktop\EXPLAINABLE_IRIS_PAD\Data\Raw\IIITD_Contact_Lens_Iris_DB\Vista Scanner\70\Colored\Left\1.bmp,1,1,0.9999975
C:\Users\sahar\OneDrive\Desktop\EXPLAINABLE_IRIS_PAD\Data\Raw\IIITD_Contact_Lens_Iris_DB\Vista Scanner\70\Colored\Left\2.bmp,1,1,0.99910384
C:\Users\sahar\OneDrive\Desktop\EXPLAINABLE_IRIS_PAD\Data\Raw\IIITD_Contact_Lens_Iris_DB\Vista Scanner\70\Colored\Left\3.bmp,1,1,0.9999999
C:\Users\sahar\OneDrive\Desktop\EXPLAINABLE_IRIS_PAD\Data\Raw\IIITD_Contact_Lens_Iris_DB\Vista Scanner\70\Colored\Left\4.bmp,1,1,0.9999249
C:\Users\sahar\OneDrive\Desktop\EXPLAINABLE_IRIS_PAD\Data\Raw\IIITD_Contact_Lens_Iris_DB\Vista Scanner\70\Colored\Left\5.bmp,1,1,0.9999776
C:\Users\sahar\OneDrive\Desktop\EXPLAINABLE_IRIS_PAD\Data\Raw\IIITD_Contact_Lens_Iris_DB\Vista Scanner\70\Colored\Right\1.bmp,1,1,0.9999864
C:\Users\sahar\OneDrive\Desktop\EXPLAINABLE_IRIS_PAD\Data\Raw\IIITD_Contact_Lens_Iris_DB\Vista Scanner\70\Colored\Right\2.bmp,1,1,0.99999297
C:\Users\sahar\OneDrive\Desktop\EXPLAINABLE_IRIS_PAD\Data\Raw\IIITD_Contact_Lens_Iris_DB\Vista Scanner\70\Colored\Right\3.bmp,1,1,0.99998856
C:\Users\sahar\OneDrive\Desktop\EXPLAINABLE_IRIS_PAD\Data\Raw\IIITD_Contact_Lens_Iris_DB\Vista Scanner\70\Colored\Right\4.bmp,1,1,0.9999728
C:\Users\sahar\OneDrive\Desktop\EXPLAINABLE_IRIS_PAD\Data\Raw\IIITD_Contact_Lens_Iris_DB\Vista Scanner\70\Colored\Right\5.bmp,1,1,1.0
C:\Users\sahar\OneDrive\Desktop\EXPLAINABLE_IRIS_PAD\Data\Raw\IIITD_Contact_Lens_Iris_DB\Vista Scanner\70\Normal\Left\1.bmp,0,0,1.0358797e-05
C:\Users\sahar\OneDrive\Desktop\EXPLAINABLE_IRIS_PAD\Data\Raw\IIITD_Contact_Lens_Iris_DB\Vista Scanner\70\Normal\Left\2.bmp,0,0,2.3572379e-07
C:\Users\sahar\OneDrive\Desktop\EXPLAINABLE_IRIS_PAD\Data\Raw\IIITD_Contact_Lens_Iris_DB\Vista Scanner\70\Normal\Left\3.bmp,0,0,1.6239732e-06
C:\Users\sahar\OneDrive\Desktop\EXPLAINABLE_IRIS_PAD\Data\Raw\IIITD_Contact_Lens_Iris_DB\Vista Scanner\70\Normal\Left\4.bmp,0,0,1.1969158e-06
C:\Users\sahar\OneDrive\Desktop\EXPLAINABLE_IRIS_PAD\Data\Raw\IIITD_Contact_Lens_Iris_DB\Vista Scanner\70\Normal\Left\5.bmp,0,0,5.171065e-07
C:\Users\sahar\OneDrive\Desktop\EXPLAINABLE_IRIS_PAD\Data\Raw\IIITD_Contact_Lens_Iris_DB\Vista Scanner\70\Normal\Right\1.bmp,0,0,1.2826984e-05
C:\Users\sahar\OneDrive\Desktop\EXPLAINABLE_IRIS_PAD\Data\Raw\IIITD_Contact_Lens_Iris_DB\Vista Scanner\70\Normal\Right\2.bmp,0,0,1.1156451e-05
C:\Users\sahar\OneDrive\Desktop\EXPLAINABLE_IRIS_PAD\Data\Raw\IIITD_Contact_Lens_Iris_DB\Vista Scanner\70\Normal\Right\3.bmp,0,0,3.5722182e-06
C:\Users\sahar\OneDrive\Desktop\EXPLAINABLE_IRIS_PAD\Data\Raw\IIITD_Contact_Lens_Iris_DB\Vista Scanner\70\Normal\Right\4.bmp,0,0,5.3896965e-05
C:\Users\sahar\OneDrive\Desktop\EXPLAINABLE_IRIS_PAD\Data\Raw\IIITD_Contact_Lens_Iris_DB\Vista Scanner\70\Normal\Right\5.bmp,0,0,2.7530532e-06
C:\Users\sahar\OneDrive\Desktop\EXPLAINABLE_IRIS_PAD\Data\Raw\IIITD_Contact_Lens_Iris_DB\Vista Scanner\71\Colored\Left\1.bmp,1,1,0.99999714
C:\Users\sahar\OneDrive\Desktop\EXPLAINABLE_IRIS_PAD\Data\Raw\IIITD_Contact_Lens_Iris_DB\Vista Scanner\71\Colored\Left\2.bmp,1,1,0.9983491
C:\Users\sahar\OneDrive\Desktop\EXPLAINABLE_IRIS_PAD\Data\Raw\IIITD_Contact_Lens_Iris_DB\Vista Scanner\71\Colored\Left\3.bmp,1,1,0.9999546
C:\Users\sahar\OneDrive\Desktop\EXPLAINABLE_IRIS_PAD\Data\Raw\IIITD_Contact_Lens_Iris_DB\Vista Scanner\71\Colored\Left\4.bmp,1,1,0.99995244
C:\Users\sahar\OneDrive\Desktop\EXPLAINABLE_IRIS_PAD\Data\Raw\IIITD_Contact_Lens_Iris_DB\Vista Scanner\71\Colored\Left\5.bmp,1,1,0.99998665
C:\Users\sahar\OneDrive\Desktop\EXPLAINABLE_IRIS_PAD\Data\Raw\IIITD_Contact_Lens_Iris_DB\Vista Scanner\71\Colored\Right\1.bmp,1,1,1.0
C:\Users\sahar\OneDrive\Desktop\EXPLAINABLE_IRIS_PAD\Data\Raw\IIITD_Contact_Lens_Iris_DB\Vista Scanner\71\Colored\Right\2.bmp,1,1,1.0
C:\Users\sahar\OneDrive\Desktop\EXPLAINABLE_IRIS_PAD\Data\Raw\IIITD_Contact_Lens_Iris_DB\Vista Scanner\71\Colored\Right\3.bmp,1,1,0.99999774
C:\Users\sahar\OneDrive\Desktop\EXPLAINABLE_IRIS_PAD\Data\Raw\IIITD_Contact_Lens_Iris_DB\Vista Scanner\71\Colored\Right\4.bmp,1,1,0.9999951
C:\Users\sahar\OneDrive\Desktop\EXPLAINABLE_IRIS_PAD\Data\Raw\IIITD_Contact_Lens_Iris_DB\Vista Scanner\71\Colored\Right\5.bmp,1,1,1.0
C:\Users\sahar\OneDrive\Desktop\EXPLAINABLE_IRIS_PAD\Data\Raw\IIITD_Contact_Lens_Iris_DB\Vista Scanner\71\Normal\Left\1.bmp,0,0,2.495352e-05
C:\Users\sahar\OneDrive\Desktop\EXPLAINABLE_IRIS_PAD\Data\Raw\IIITD_Contact_Lens_Iris_DB\Vista Scanner\71\Normal\Left\2.bmp,0,0,1.1184393e-06
C:\Users\sahar\OneDrive\Desktop\EXPLAINABLE_IRIS_PAD\Data\Raw\IIITD_Contact_Lens_Iris_DB\Vista Scanner\71\Normal\Left\3.bmp,0,0,1.46621e-05
C:\Users\sahar\OneDrive\Desktop\EXPLAINABLE_IRIS_PAD\Data\Raw\IIITD_Contact_Lens_Iris_DB\Vista Scanner\71\Normal\Left\4.bmp,0,0,4.5377914e-05
C:\Users\sahar\OneDrive\Desktop\EXPLAINABLE_IRIS_PAD\Data\Raw\IIITD_Contact_Lens_Iris_DB\Vista Scanner\71\Normal\Left\5.bmp,0,0,1.8934306e-06
C:\Users\sahar\OneDrive\Desktop\EXPLAINABLE_IRIS_PAD\Data\Raw\IIITD_Contact_Lens_Iris_DB\Vista Scanner\71\Normal\Right\1.bmp,0,0,7.5186913e-06
C:\Users\sahar\OneDrive\Desktop\EXPLAINABLE_IRIS_PAD\Data\Raw\IIITD_Contact_Lens_Iris_DB\Vista Scanner\71\Normal\Right\2.bmp,0,0,6.5448904e-07
C:\Users\sahar\OneDrive\Desktop\EXPLAINABLE_IRIS_PAD\Data\Raw\IIITD_Contact_Lens_Iris_DB\Vista Scanner\71\Normal\Right\3.bmp,0,0,5.877431e-07
C:\Users\sahar\OneDrive\Desktop\EXPLAINABLE_IRIS_PAD\Data\Raw\IIITD_Contact_Lens_Iris_DB\Vista Scanner\71\Normal\Right\4.bmp,0,0,1.8993567e-05
C:\Users\sahar\OneDrive\Desktop\EXPLAINABLE_IRIS_PAD\Data\Raw\IIITD_Contact_Lens_Iris_DB\Vista Scanner\71\Normal\Right\5.bmp,0,0,7.2000176e-07
C:\Users\sahar\OneDrive\Desktop\EXPLAINABLE_IRIS_PAD\Data\Raw\IIITD_Contact_Lens_Iris_DB\Vista Scanner\72\Colored\Left\1.bmp,1,1,0.999959
C:\Users\sahar\OneDrive\Desktop\EXPLAINABLE_IRIS_PAD\Data\Raw\IIITD_Contact_Lens_Iris_DB\Vista Scanner\72\Colored\Left\2.bmp,1,1,0.9999988
C:\Users\sahar\OneDrive\Desktop\EXPLAINABLE_IRIS_PAD\Data\Raw\IIITD_Contact_Lens_Iris_DB\Vista Scanner\72\Colored\Left\3.bmp,1,1,0.99999964
C:\Users\sahar\OneDrive\Desktop\EXPLAINABLE_IRIS_PAD\Data\Raw\IIITD_Contact_Lens_Iris_DB\Vista Scanner\72\Colored\Left\4.bmp,1,1,0.9999957
C:\Users\sahar\OneDrive\Desktop\EXPLAINABLE_IRIS_PAD\Data\Raw\IIITD_Contact_Lens_Iris_DB\Vista Scanner\72\Colored\Left\5.bmp,1,1,0.9999993
C:\Users\sahar\OneDrive\Desktop\EXPLAINABLE_IRIS_PAD\Data\Raw\IIITD_Contact_Lens_Iris_DB\Vista Scanner\72\Colored\Right\1.bmp,1,1,0.9999814
C:\Users\sahar\OneDrive\Desktop\EXPLAINABLE_IRIS_PAD\Data\Raw\IIITD_Contact_Lens_Iris_DB\Vista Scanner\72\Colored\Right\2.bmp,1,1,0.99985003
C:\Users\sahar\OneDrive\Desktop\EXPLAINABLE_IRIS_PAD\Data\Raw\IIITD_Contact_Lens_Iris_DB\Vista Scanner\72\Colored\Right\3.bmp,1,1,0.9993381
C:\Users\sahar\OneDrive\Desktop\EXPLAINABLE_IRIS_PAD\Data\Raw\IIITD_Contact_Lens_Iris_DB\Vista Scanner\72\Colored\Right\4.bmp,1,1,0.99999726
C:\Users\sahar\OneDrive\Desktop\EXPLAINABLE_IRIS_PAD\Data\Raw\IIITD_Contact_Lens_Iris_DB\Vista Scanner\72\Colored\Right\5.bmp,1,1,0.9999981
C:\Users\sahar\OneDrive\Desktop\EXPLAINABLE_IRIS_PAD\Data\Raw\IIITD_Contact_Lens_Iris_DB\Vista Scanner\72\Normal\Left\1.bmp,0,0,7.854298e-05
C:\Users\sahar\OneDrive\Desktop\EXPLAINABLE_IRIS_PAD\Data\Raw\IIITD_Contact_Lens_Iris_DB\Vista Scanner\72\Normal\Left\2.bmp,0,0,0.0002333983
C:\Users\sahar\OneDrive\Desktop\EXPLAINABLE_IRIS_PAD\Data\Raw\IIITD_Contact_Lens_Iris_DB\Vista Scanner\72\Normal\Left\3.bmp,0,0,6.3663224e-06
C:\Users\sahar\OneDrive\Desktop\EXPLAINABLE_IRIS_PAD\Data\Raw\IIITD_Contact_Lens_Iris_DB\Vista Scanner\72\Normal\Left\4.bmp,0,0,3.790744e-06
C:\Users\sahar\OneDrive\Desktop\EXPLAINABLE_IRIS_PAD\Data\Raw\IIITD_Contact_Lens_Iris_DB\Vista Scanner\72\Normal\Left\5.bmp,0,0,9.29714e-06
C:\Users\sahar\OneDrive\Desktop\EXPLAINABLE_IRIS_PAD\Data\Raw\IIITD_Contact_Lens_Iris_DB\Vista Scanner\72\Normal\Right\1.bmp,0,0,9.815463e-06
C:\Users\sahar\OneDrive\Desktop\EXPLAINABLE_IRIS_PAD\Data\Raw\IIITD_Contact_Lens_Iris_DB\Vista Scanner\72\Normal\Right\2.bmp,0,0,7.124297e-05
C:\Users\sahar\OneDrive\Desktop\EXPLAINABLE_IRIS_PAD\Data\Raw\IIITD_Contact_Lens_Iris_DB\Vista Scanner\72\Normal\Right\3.bmp,0,0,1.9524321e-05
C:\Users\sahar\OneDrive\Desktop\EXPLAINABLE_IRIS_PAD\Data\Raw\IIITD_Contact_Lens_Iris_DB\Vista Scanner\72\Normal\Right\4.bmp,0,0,0.00022275145
C:\Users\sahar\OneDrive\Desktop\EXPLAINABLE_IRIS_PAD\Data\Raw\IIITD_Contact_Lens_Iris_DB\Vista Scanner\72\Normal\Right\5.bmp,0,0,8.721892e-05
C:\Users\sahar\OneDrive\Desktop\EXPLAINABLE_IRIS_PAD\Data\Raw\IIITD_Contact_Lens_Iris_DB\Vista Scanner\73\Colored\Left\1.bmp,1,1,0.9999999
C:\Users\sahar\OneDrive\Desktop\EXPLAINABLE_IRIS_PAD\Data\Raw\IIITD_Contact_Lens_Iris_DB\Vista Scanner\73\Colored\Left\2.bmp,1,1,0.99999917
C:\Users\sahar\OneDrive\Desktop\EXPLAINABLE_IRIS_PAD\Data\Raw\IIITD_Contact_Lens_Iris_DB\Vista Scanner\73\Colored\Left\3.bmp,1,1,0.9999999
C:\Users\sahar\OneDrive\Desktop\EXPLAINABLE_IRIS_PAD\Data\Raw\IIITD_Contact_Lens_Iris_DB\Vista Scanner\73\Colored\Left\4.bmp,1,1,0.9999981
C:\Users\sahar\OneDrive\Desktop\EXPLAINABLE_IRIS_PAD\Data\Raw\IIITD_Contact_Lens_Iris_DB\Vista Scanner\73\Colored\Left\5.bmp,1,1,1.0
C:\Users\sahar\OneDrive\Desktop\EXPLAINABLE_IRIS_PAD\Data\Raw\IIITD_Contact_Lens_Iris_DB\Vista Scanner\73\Colored\Right\1.bmp,1,1,0.99999905
C:\Users\sahar\OneDrive\Desktop\EXPLAINABLE_IRIS_PAD\Data\Raw\IIITD_Contact_Lens_Iris_DB\Vista Scanner\73\Colored\Right\2.bmp,1,1,0.9998987
C:\Users\sahar\OneDrive\Desktop\EXPLAINABLE_IRIS_PAD\Data\Raw\IIITD_Contact_Lens_Iris_DB\Vista Scanner\73\Colored\Right\3.bmp,1,1,0.99998593
C:\Users\sahar\OneDrive\Desktop\EXPLAINABLE_IRIS_PAD\Data\Raw\IIITD_Contact_Lens_Iris_DB\Vista Scanner\73\Colored\Right\4.bmp,1,1,0.999997
C:\Users\sahar\OneDrive\Desktop\EXPLAINABLE_IRIS_PAD\Data\Raw\IIITD_Contact_Lens_Iris_DB\Vista Scanner\73\Colored\Right\5.bmp,1,1,0.99999833
C:\Users\sahar\OneDrive\Desktop\EXPLAINABLE_IRIS_PAD\Data\Raw\IIITD_Contact_Lens_Iris_DB\Vista Scanner\73\Normal\Left\1.bmp,0,0,6.3682837e-06
C:\Users\sahar\OneDrive\Desktop\EXPLAINABLE_IRIS_PAD\Data\Raw\IIITD_Contact_Lens_Iris_DB\Vista Scanner\73\Normal\Left\2.bmp,0,0,0.00017015236
C:\Users\sahar\OneDrive\Desktop\EXPLAINABLE_IRIS_PAD\Data\Raw\IIITD_Contact_Lens_Iris_DB\Vista Scanner\73\Normal\Left\3.bmp,0,0,3.0195674e-06
C:\Users\sahar\OneDrive\Desktop\EXPLAINABLE_IRIS_PAD\Data\Raw\IIITD_Contact_Lens_Iris_DB\Vista Scanner\73\Normal\Left\4.bmp,0,0,5.601153e-07
C:\Users\sahar\OneDrive\Desktop\EXPLAINABLE_IRIS_PAD\Data\Raw\IIITD_Contact_Lens_Iris_DB\Vista Scanner\73\Normal\Left\5.bmp,0,0,5.3386543e-06
C:\Users\sahar\OneDrive\Desktop\EXPLAINABLE_IRIS_PAD\Data\Raw\IIITD_Contact_Lens_Iris_DB\Vista Scanner\73\Normal\Right\1.bmp,0,0,1.226165e-06
C:\Users\sahar\OneDrive\Desktop\EXPLAINABLE_IRIS_PAD\Data\Raw\IIITD_Contact_Lens_Iris_DB\Vista Scanner\73\Normal\Right\2.bmp,0,0,6.0798716e-06
C:\Users\sahar\OneDrive\Desktop\EXPLAINABLE_IRIS_PAD\Data\Raw\IIITD_Contact_Lens_Iris_DB\Vista Scanner\73\Normal\Right\3.bmp,0,0,0.0001981982
C:\Users\sahar\OneDrive\Desktop\EXPLAINABLE_IRIS_PAD\Data\Raw\IIITD_Contact_Lens_Iris_DB\Vista Scanner\73\Normal\Right\4.bmp,0,0,4.3184336e-06
C:\Users\sahar\OneDrive\Desktop\EXPLAINABLE_IRIS_PAD\Data\Raw\IIITD_Contact_Lens_Iris_DB\Vista Scanner\73\Normal\Right\5.bmp,0,0,5.792217e-05
C:\Users\sahar\OneDrive\Desktop\EXPLAINABLE_IRIS_PAD\Data\Raw\IIITD_Contact_Lens_Iris_DB\Vista Scanner\74\Colored\Left\1.bmp,1,1,0.9999368
C:\Users\sahar\OneDrive\Desktop\EXPLAINABLE_IRIS_PAD\Data\Raw\IIITD_Contact_Lens_Iris_DB\Vista Scanner\74\Colored\Left\2.bmp,1,1,0.9999951
C:\Users\sahar\OneDrive\Desktop\EXPLAINABLE_IRIS_PAD\Data\Raw\IIITD_Contact_Lens_Iris_DB\Vista Scanner\74\Colored\Left\3.bmp,1,1,0.99997616
C:\Users\sahar\OneDrive\Desktop\EXPLAINABLE_IRIS_PAD\Data\Raw\IIITD_Contact_Lens_Iris_DB\Vista Scanner\74\Colored\Left\4.bmp,1,1,0.9992168
C:\Users\sahar\OneDrive\Desktop\EXPLAINABLE_IRIS_PAD\Data\Raw\IIITD_Contact_Lens_Iris_DB\Vista Scanner\74\Colored\Left\5.bmp,1,1,0.9999505
C:\Users\sahar\OneDrive\Desktop\EXPLAINABLE_IRIS_PAD\Data\Raw\IIITD_Contact_Lens_Iris_DB\Vista Scanner\74\Colored\Right\1.bmp,1,1,0.99999785
C:\Users\sahar\OneDrive\Desktop\EXPLAINABLE_IRIS_PAD\Data\Raw\IIITD_Contact_Lens_Iris_DB\Vista Scanner\74\Colored\Right\2.bmp,1,1,0.99999774
C:\Users\sahar\OneDrive\Desktop\EXPLAINABLE_IRIS_PAD\Data\Raw\IIITD_Contact_Lens_Iris_DB\Vista Scanner\74\Colored\Right\3.bmp,1,1,0.99999845
C:\Users\sahar\OneDrive\Desktop\EXPLAINABLE_IRIS_PAD\Data\Raw\IIITD_Contact_Lens_Iris_DB\Vista Scanner\74\Colored\Right\4.bmp,1,1,0.9999993
C:\Users\sahar\OneDrive\Desktop\EXPLAINABLE_IRIS_PAD\Data\Raw\IIITD_Contact_Lens_Iris_DB\Vista Scanner\74\Colored\Right\5.bmp,1,1,0.9999627
C:\Users\sahar\OneDrive\Desktop\EXPLAINABLE_IRIS_PAD\Data\Raw\IIITD_Contact_Lens_Iris_DB\Vista Scanner\74\Normal\Left\1.bmp,0,0,6.8532854e-06
C:\Users\sahar\OneDrive\Desktop\EXPLAINABLE_IRIS_PAD\Data\Raw\IIITD_Contact_Lens_Iris_DB\Vista Scanner\74\Normal\Left\2.bmp,0,0,8.73629e-07
C:\Users\sahar\OneDrive\Desktop\EXPLAINABLE_IRIS_PAD\Data\Raw\IIITD_Contact_Lens_Iris_DB\Vista Scanner\74\Normal\Left\3.bmp,0,0,3.2601005e-05
C:\Users\sahar\OneDrive\Desktop\EXPLAINABLE_IRIS_PAD\Data\Raw\IIITD_Contact_Lens_Iris_DB\Vista Scanner\74\Normal\Left\4.bmp,0,0,4.9307593e-05
C:\Users\sahar\OneDrive\Desktop\EXPLAINABLE_IRIS_PAD\Data\Raw\IIITD_Contact_Lens_Iris_DB\Vista Scanner\74\Normal\Left\5.bmp,0,0,4.1963893e-05
C:\Users\sahar\OneDrive\Desktop\EXPLAINABLE_IRIS_PAD\Data\Raw\IIITD_Contact_Lens_Iris_DB\Vista Scanner\74\Normal\Right\1.bmp,0,0,2.9332372e-05
C:\Users\sahar\OneDrive\Desktop\EXPLAINABLE_IRIS_PAD\Data\Raw\IIITD_Contact_Lens_Iris_DB\Vista Scanner\74\Normal\Right\2.bmp,0,0,1.0118414e-05
C:\Users\sahar\OneDrive\Desktop\EXPLAINABLE_IRIS_PAD\Data\Raw\IIITD_Contact_Lens_Iris_DB\Vista Scanner\74\Normal\Right\3.bmp,0,0,5.7781104e-05
C:\Users\sahar\OneDrive\Desktop\EXPLAINABLE_IRIS_PAD\Data\Raw\IIITD_Contact_Lens_Iris_DB\Vista Scanner\74\Normal\Right\4.bmp,0,0,7.095949e-05
C:\Users\sahar\OneDrive\Desktop\EXPLAINABLE_IRIS_PAD\Data\Raw\IIITD_Contact_Lens_Iris_DB\Vista Scanner\74\Normal\Right\5.bmp,0,0,0.0002034456
C:\Users\sahar\OneDrive\Desktop\EXPLAINABLE_IRIS_PAD\Data\Raw\IIITD_Contact_Lens_Iris_DB\Vista Scanner\75\Colored\Left\1.bmp,1,1,0.99999785
C:\Users\sahar\OneDrive\Desktop\EXPLAINABLE_IRIS_PAD\Data\Raw\IIITD_Contact_Lens_Iris_DB\Vista Scanner\75\Colored\Left\2.bmp,1,1,0.9999994
C:\Users\sahar\OneDrive\Desktop\EXPLAINABLE_IRIS_PAD\Data\Raw\IIITD_Contact_Lens_Iris_DB\Vista Scanner\75\Colored\Left\3.bmp,1,1,0.9999778
C:\Users\sahar\OneDrive\Desktop\EXPLAINABLE_IRIS_PAD\Data\Raw\IIITD_Contact_Lens_Iris_DB\Vista Scanner\75\Colored\Left\4.bmp,1,1,0.99994195
C:\Users\sahar\OneDrive\Desktop\EXPLAINABLE_IRIS_PAD\Data\Raw\IIITD_Contact_Lens_Iris_DB\Vista Scanner\75\Colored\Left\5.bmp,1,1,0.9999634
C:\Users\sahar\OneDrive\Desktop\EXPLAINABLE_IRIS_PAD\Data\Raw\IIITD_Contact_Lens_Iris_DB\Vista Scanner\75\Colored\Right\1.bmp,1,1,0.9999999
C:\Users\sahar\OneDrive\Desktop\EXPLAINABLE_IRIS_PAD\Data\Raw\IIITD_Contact_Lens_Iris_DB\Vista Scanner\75\Colored\Right\2.bmp,1,1,1.0
C:\Users\sahar\OneDrive\Desktop\EXPLAINABLE_IRIS_PAD\Data\Raw\IIITD_Contact_Lens_Iris_DB\Vista Scanner\75\Colored\Right\3.bmp,1,1,0.9999949
C:\Users\sahar\OneDrive\Desktop\EXPLAINABLE_IRIS_PAD\Data\Raw\IIITD_Contact_Lens_Iris_DB\Vista Scanner\75\Colored\Right\4.bmp,1,1,0.99999917
C:\Users\sahar\OneDrive\Desktop\EXPLAINABLE_IRIS_PAD\Data\Raw\IIITD_Contact_Lens_Iris_DB\Vista Scanner\75\Colored\Right\5.bmp,1,1,0.99999964
C:\Users\sahar\OneDrive\Desktop\EXPLAINABLE_IRIS_PAD\Data\Raw\IIITD_Contact_Lens_Iris_DB\Vista Scanner\75\Normal\Left\1.bmp,0,0,6.8520353e-07
C:\Users\sahar\OneDrive\Desktop\EXPLAINABLE_IRIS_PAD\Data\Raw\IIITD_Contact_Lens_Iris_DB\Vista Scanner\75\Normal\Left\2.bmp,0,0,2.3701687e-06
C:\Users\sahar\OneDrive\Desktop\EXPLAINABLE_IRIS_PAD\Data\Raw\IIITD_Contact_Lens_Iris_DB\Vista Scanner\75\Normal\Left\3.bmp,0,0,1.0924141e-06
C:\Users\sahar\OneDrive\Desktop\EXPLAINABLE_IRIS_PAD\Data\Raw\IIITD_Contact_Lens_Iris_DB\Vista Scanner\75\Normal\Left\4.bmp,0,0,8.521178e-07
C:\Users\sahar\OneDrive\Desktop\EXPLAINABLE_IRIS_PAD\Data\Raw\IIITD_Contact_Lens_Iris_DB\Vista Scanner\75\Normal\Left\5.bmp,0,0,3.0872923e-07
C:\Users\sahar\OneDrive\Desktop\EXPLAINABLE_IRIS_PAD\Data\Raw\IIITD_Contact_Lens_Iris_DB\Vista Scanner\75\Normal\Right\1.bmp,0,0,3.0868975e-08
C:\Users\sahar\OneDrive\Desktop\EXPLAINABLE_IRIS_PAD\Data\Raw\IIITD_Contact_Lens_Iris_DB\Vista Scanner\75\Normal\Right\2.bmp,0,0,2.1902457e-07
C:\Users\sahar\OneDrive\Desktop\EXPLAINABLE_IRIS_PAD\Data\Raw\IIITD_Contact_Lens_Iris_DB\Vista Scanner\75\Normal\Right\3.bmp,0,0,1.5587527e-07
C:\Users\sahar\OneDrive\Desktop\EXPLAINABLE_IRIS_PAD\Data\Raw\IIITD_Contact_Lens_Iris_DB\Vista Scanner\75\Normal\Right\4.bmp,0,0,9.3059086e-08
C:\Users\sahar\OneDrive\Desktop\EXPLAINABLE_IRIS_PAD\Data\Raw\IIITD_Contact_Lens_Iris_DB\Vista Scanner\75\Normal\Right\5.bmp,0,0,7.1405873e-07
C:\Users\sahar\OneDrive\Desktop\EXPLAINABLE_IRIS_PAD\Data\Raw\IIITD_Contact_Lens_Iris_DB\Vista Scanner\76\Colored\Left\1.bmp,1,1,0.9989792
C:\Users\sahar\OneDrive\Desktop\EXPLAINABLE_IRIS_PAD\Data\Raw\IIITD_Contact_Lens_Iris_DB\Vista Scanner\76\Colored\Left\2.bmp,1,1,0.99976844
C:\Users\sahar\OneDrive\Desktop\EXPLAINABLE_IRIS_PAD\Data\Raw\IIITD_Contact_Lens_Iris_DB\Vista Scanner\76\Colored\Left\3.bmp,1,1,0.9538072
C:\Users\sahar\OneDrive\Desktop\EXPLAINABLE_IRIS_PAD\Data\Raw\IIITD_Contact_Lens_Iris_DB\Vista Scanner\76\Colored\Left\4.bmp,1,1,0.9999914
C:\Users\sahar\OneDrive\Desktop\EXPLAINABLE_IRIS_PAD\Data\Raw\IIITD_Contact_Lens_Iris_DB\Vista Scanner\76\Colored\Left\5.bmp,1,1,0.9998123
C:\Users\sahar\OneDrive\Desktop\EXPLAINABLE_IRIS_PAD\Data\Raw\IIITD_Contact_Lens_Iris_DB\Vista Scanner\76\Colored\Right\1.bmp,1,1,0.99999726
C:\Users\sahar\OneDrive\Desktop\EXPLAINABLE_IRIS_PAD\Data\Raw\IIITD_Contact_Lens_Iris_DB\Vista Scanner\76\Colored\Right\2.bmp,1,1,0.9999553
C:\Users\sahar\OneDrive\Desktop\EXPLAINABLE_IRIS_PAD\Data\Raw\IIITD_Contact_Lens_Iris_DB\Vista Scanner\76\Colored\Right\3.bmp,1,1,0.99999857
C:\Users\sahar\OneDrive\Desktop\EXPLAINABLE_IRIS_PAD\Data\Raw\IIITD_Contact_Lens_Iris_DB\Vista Scanner\76\Colored\Right\4.bmp,1,1,0.9999925
C:\Users\sahar\OneDrive\Desktop\EXPLAINABLE_IRIS_PAD\Data\Raw\IIITD_Contact_Lens_Iris_DB\Vista Scanner\76\Colored\Right\5.bmp,1,1,0.9999974
C:\Users\sahar\OneDrive\Desktop\EXPLAINABLE_IRIS_PAD\Data\Raw\IIITD_Contact_Lens_Iris_DB\Vista Scanner\76\Normal\Left\1.bmp,0,0,6.536802e-06
C:\Users\sahar\OneDrive\Desktop\EXPLAINABLE_IRIS_PAD\Data\Raw\IIITD_Contact_Lens_Iris_DB\Vista Scanner\76\Normal\Left\2.bmp,0,0,1.252738e-05
C:\Users\sahar\OneDrive\Desktop\EXPLAINABLE_IRIS_PAD\Data\Raw\IIITD_Contact_Lens_Iris_DB\Vista Scanner\76\Normal\Left\3.bmp,0,0,2.234775e-06
C:\Users\sahar\OneDrive\Desktop\EXPLAINABLE_IRIS_PAD\Data\Raw\IIITD_Contact_Lens_Iris_DB\Vista Scanner\76\Normal\Left\4.bmp,0,0,8.684164e-05
C:\Users\sahar\OneDrive\Desktop\EXPLAINABLE_IRIS_PAD\Data\Raw\IIITD_Contact_Lens_Iris_DB\Vista Scanner\76\Normal\Left\5.bmp,0,0,0.0002748451
C:\Users\sahar\OneDrive\Desktop\EXPLAINABLE_IRIS_PAD\Data\Raw\IIITD_Contact_Lens_Iris_DB\Vista Scanner\76\Normal\Right\1.bmp,0,0,2.7473216e-05
C:\Users\sahar\OneDrive\Desktop\EXPLAINABLE_IRIS_PAD\Data\Raw\IIITD_Contact_Lens_Iris_DB\Vista Scanner\76\Normal\Right\2.bmp,0,0,1.9954066e-05
C:\Users\sahar\OneDrive\Desktop\EXPLAINABLE_IRIS_PAD\Data\Raw\IIITD_Contact_Lens_Iris_DB\Vista Scanner\76\Normal\Right\3.bmp,0,0,0.06887046
C:\Users\sahar\OneDrive\Desktop\EXPLAINABLE_IRIS_PAD\Data\Raw\IIITD_Contact_Lens_Iris_DB\Vista Scanner\76\Normal\Right\4.bmp,0,0,0.00025414795
C:\Users\sahar\OneDrive\Desktop\EXPLAINABLE_IRIS_PAD\Data\Raw\IIITD_Contact_Lens_Iris_DB\Vista Scanner\76\Normal\Right\5.bmp,0,0,0.00015323942
C:\Users\sahar\OneDrive\Desktop\EXPLAINABLE_IRIS_PAD\Data\Raw\IIITD_Contact_Lens_Iris_DB\Vista Scanner\77\Colored\Left\1.bmp,1,1,0.99998546
C:\Users\sahar\OneDrive\Desktop\EXPLAINABLE_IRIS_PAD\Data\Raw\IIITD_Contact_Lens_Iris_DB\Vista Scanner\77\Colored\Left\2.bmp,1,1,0.9994824
C:\Users\sahar\OneDrive\Desktop\EXPLAINABLE_IRIS_PAD\Data\Raw\IIITD_Contact_Lens_Iris_DB\Vista Scanner\77\Colored\Left\3.bmp,1,1,0.99764735
C:\Users\sahar\OneDrive\Desktop\EXPLAINABLE_IRIS_PAD\Data\Raw\IIITD_Contact_Lens_Iris_DB\Vista Scanner\77\Colored\Left\4.bmp,1,1,0.9998149
C:\Users\sahar\OneDrive\Desktop\EXPLAINABLE_IRIS_PAD\Data\Raw\IIITD_Contact_Lens_Iris_DB\Vista Scanner\77\Colored\Left\5.bmp,1,1,0.9986363
C:\Users\sahar\OneDrive\Desktop\EXPLAINABLE_IRIS_PAD\Data\Raw\IIITD_Contact_Lens_Iris_DB\Vista Scanner\77\Colored\Right\1.bmp,1,1,0.9992483
C:\Users\sahar\OneDrive\Desktop\EXPLAINABLE_IRIS_PAD\Data\Raw\IIITD_Contact_Lens_Iris_DB\Vista Scanner\77\Colored\Right\2.bmp,1,1,0.9987649
C:\Users\sahar\OneDrive\Desktop\EXPLAINABLE_IRIS_PAD\Data\Raw\IIITD_Contact_Lens_Iris_DB\Vista Scanner\77\Colored\Right\3.bmp,1,1,0.9997818
C:\Users\sahar\OneDrive\Desktop\EXPLAINABLE_IRIS_PAD\Data\Raw\IIITD_Contact_Lens_Iris_DB\Vista Scanner\77\Colored\Right\4.bmp,1,1,0.9981509
C:\Users\sahar\OneDrive\Desktop\EXPLAINABLE_IRIS_PAD\Data\Raw\IIITD_Contact_Lens_Iris_DB\Vista Scanner\77\Colored\Right\5.bmp,1,1,0.9999995
C:\Users\sahar\OneDrive\Desktop\EXPLAINABLE_IRIS_PAD\Data\Raw\IIITD_Contact_Lens_Iris_DB\Vista Scanner\77\Normal\Left\1.bmp,0,0,9.856886e-06
C:\Users\sahar\OneDrive\Desktop\EXPLAINABLE_IRIS_PAD\Data\Raw\IIITD_Contact_Lens_Iris_DB\Vista Scanner\77\Normal\Left\2.bmp,0,0,6.955115e-07
C:\Users\sahar\OneDrive\Desktop\EXPLAINABLE_IRIS_PAD\Data\Raw\IIITD_Contact_Lens_Iris_DB\Vista Scanner\77\Normal\Left\3.bmp,0,0,5.2689757e-06
C:\Users\sahar\OneDrive\Desktop\EXPLAINABLE_IRIS_PAD\Data\Raw\IIITD_Contact_Lens_Iris_DB\Vista Scanner\77\Normal\Left\4.bmp,0,0,1.3157062e-05
C:\Users\sahar\OneDrive\Desktop\EXPLAINABLE_IRIS_PAD\Data\Raw\IIITD_Contact_Lens_Iris_DB\Vista Scanner\77\Normal\Left\5.bmp,0,0,3.2094206e-06
C:\Users\sahar\OneDrive\Desktop\EXPLAINABLE_IRIS_PAD\Data\Raw\IIITD_Contact_Lens_Iris_DB\Vista Scanner\77\Normal\Right\1.bmp,0,0,1.6173999e-07
C:\Users\sahar\OneDrive\Desktop\EXPLAINABLE_IRIS_PAD\Data\Raw\IIITD_Contact_Lens_Iris_DB\Vista Scanner\77\Normal\Right\2.bmp,0,0,1.0864863e-07
C:\Users\sahar\OneDrive\Desktop\EXPLAINABLE_IRIS_PAD\Data\Raw\IIITD_Contact_Lens_Iris_DB\Vista Scanner\77\Normal\Right\3.bmp,0,0,4.689715e-08
C:\Users\sahar\OneDrive\Desktop\EXPLAINABLE_IRIS_PAD\Data\Raw\IIITD_Contact_Lens_Iris_DB\Vista Scanner\77\Normal\Right\4.bmp,0,0,1.445792e-07
C:\Users\sahar\OneDrive\Desktop\EXPLAINABLE_IRIS_PAD\Data\Raw\IIITD_Contact_Lens_Iris_DB\Vista Scanner\77\Normal\Right\5.bmp,0,0,3.62547e-06
C:\Users\sahar\OneDrive\Desktop\EXPLAINABLE_IRIS_PAD\Data\Raw\IIITD_Contact_Lens_Iris_DB\Vista Scanner\78\Colored\Left\1.bmp,1,1,0.99999285
C:\Users\sahar\OneDrive\Desktop\EXPLAINABLE_IRIS_PAD\Data\Raw\IIITD_Contact_Lens_Iris_DB\Vista Scanner\78\Colored\Left\2.bmp,1,1,0.9999852
C:\Users\sahar\OneDrive\Desktop\EXPLAINABLE_IRIS_PAD\Data\Raw\IIITD_Contact_Lens_Iris_DB\Vista Scanner\78\Colored\Left\3.bmp,1,1,0.9999956
C:\Users\sahar\OneDrive\Desktop\EXPLAINABLE_IRIS_PAD\Data\Raw\IIITD_Contact_Lens_Iris_DB\Vista Scanner\78\Colored\Left\4.bmp,1,1,0.9999869
C:\Users\sahar\OneDrive\Desktop\EXPLAINABLE_IRIS_PAD\Data\Raw\IIITD_Contact_Lens_Iris_DB\Vista Scanner\78\Colored\Left\5.bmp,1,1,0.99999046
C:\Users\sahar\OneDrive\Desktop\EXPLAINABLE_IRIS_PAD\Data\Raw\IIITD_Contact_Lens_Iris_DB\Vista Scanner\78\Colored\Right\1.bmp,1,1,0.9999994
C:\Users\sahar\OneDrive\Desktop\EXPLAINABLE_IRIS_PAD\Data\Raw\IIITD_Contact_Lens_Iris_DB\Vista Scanner\78\Colored\Right\2.bmp,1,1,0.99999976
C:\Users\sahar\OneDrive\Desktop\EXPLAINABLE_IRIS_PAD\Data\Raw\IIITD_Contact_Lens_Iris_DB\Vista Scanner\78\Colored\Right\3.bmp,1,1,0.99999976
C:\Users\sahar\OneDrive\Desktop\EXPLAINABLE_IRIS_PAD\Data\Raw\IIITD_Contact_Lens_Iris_DB\Vista Scanner\78\Colored\Right\4.bmp,1,1,0.9999958
C:\Users\sahar\OneDrive\Desktop\EXPLAINABLE_IRIS_PAD\Data\Raw\IIITD_Contact_Lens_Iris_DB\Vista Scanner\78\Colored\Right\5.bmp,1,1,0.99998665
C:\Users\sahar\OneDrive\Desktop\EXPLAINABLE_IRIS_PAD\Data\Raw\IIITD_Contact_Lens_Iris_DB\Vista Scanner\78\Normal\Left\1.bmp,0,0,4.6490408e-07
C:\Users\sahar\OneDrive\Desktop\EXPLAINABLE_IRIS_PAD\Data\Raw\IIITD_Contact_Lens_Iris_DB\Vista Scanner\78\Normal\Left\2.bmp,0,0,2.4626053e-05
C:\Users\sahar\OneDrive\Desktop\EXPLAINABLE_IRIS_PAD\Data\Raw\IIITD_Contact_Lens_Iris_DB\Vista Scanner\78\Normal\Left\3.bmp,0,0,3.211948e-05
C:\Users\sahar\OneDrive\Desktop\EXPLAINABLE_IRIS_PAD\Data\Raw\IIITD_Contact_Lens_Iris_DB\Vista Scanner\78\Normal\Left\4.bmp,0,0,1.7104388e-06
C:\Users\sahar\OneDrive\Desktop\EXPLAINABLE_IRIS_PAD\Data\Raw\IIITD_Contact_Lens_Iris_DB\Vista Scanner\78\Normal\Left\5.bmp,0,0,1.4298097e-06
C:\Users\sahar\OneDrive\Desktop\EXPLAINABLE_IRIS_PAD\Data\Raw\IIITD_Contact_Lens_Iris_DB\Vista Scanner\78\Normal\Right\1.bmp,0,0,2.0576117e-05
C:\Users\sahar\OneDrive\Desktop\EXPLAINABLE_IRIS_PAD\Data\Raw\IIITD_Contact_Lens_Iris_DB\Vista Scanner\78\Normal\Right\2.bmp,0,0,2.8473482e-05
C:\Users\sahar\OneDrive\Desktop\EXPLAINABLE_IRIS_PAD\Data\Raw\IIITD_Contact_Lens_Iris_DB\Vista Scanner\78\Normal\Right\3.bmp,0,0,5.0577633e-05
C:\Users\sahar\OneDrive\Desktop\EXPLAINABLE_IRIS_PAD\Data\Raw\IIITD_Contact_Lens_Iris_DB\Vista Scanner\78\Normal\Right\4.bmp,0,0,0.00014103901
C:\Users\sahar\OneDrive\Desktop\EXPLAINABLE_IRIS_PAD\Data\Raw\IIITD_Contact_Lens_Iris_DB\Vista Scanner\78\Normal\Right\5.bmp,0,0,8.035346e-05
C:\Users\sahar\OneDrive\Desktop\EXPLAINABLE_IRIS_PAD\Data\Raw\IIITD_Contact_Lens_Iris_DB\Vista Scanner\79\Colored\Left\1.bmp,1,1,1.0
C:\Users\sahar\OneDrive\Desktop\EXPLAINABLE_IRIS_PAD\Data\Raw\IIITD_Contact_Lens_Iris_DB\Vista Scanner\79\Colored\Left\2.bmp,1,1,0.9999832
C:\Users\sahar\OneDrive\Desktop\EXPLAINABLE_IRIS_PAD\Data\Raw\IIITD_Contact_Lens_Iris_DB\Vista Scanner\79\Colored\Left\3.bmp,1,1,0.99999976
C:\Users\sahar\OneDrive\Desktop\EXPLAINABLE_IRIS_PAD\Data\Raw\IIITD_Contact_Lens_Iris_DB\Vista Scanner\79\Colored\Left\4.bmp,1,1,0.99999964
C:\Users\sahar\OneDrive\Desktop\EXPLAINABLE_IRIS_PAD\Data\Raw\IIITD_Contact_Lens_Iris_DB\Vista Scanner\79\Colored\Left\5.bmp,1,1,0.9999993
C:\Users\sahar\OneDrive\Desktop\EXPLAINABLE_IRIS_PAD\Data\Raw\IIITD_Contact_Lens_Iris_DB\Vista Scanner\79\Colored\Right\1.bmp,1,1,0.9999964
C:\Users\sahar\OneDrive\Desktop\EXPLAINABLE_IRIS_PAD\Data\Raw\IIITD_Contact_Lens_Iris_DB\Vista Scanner\79\Colored\Right\2.bmp,1,1,0.99999905
C:\Users\sahar\OneDrive\Desktop\EXPLAINABLE_IRIS_PAD\Data\Raw\IIITD_Contact_Lens_Iris_DB\Vista Scanner\79\Colored\Right\3.bmp,1,1,0.99999607
C:\Users\sahar\OneDrive\Desktop\EXPLAINABLE_IRIS_PAD\Data\Raw\IIITD_Contact_Lens_Iris_DB\Vista Scanner\79\Colored\Right\4.bmp,1,1,0.99999774
C:\Users\sahar\OneDrive\Desktop\EXPLAINABLE_IRIS_PAD\Data\Raw\IIITD_Contact_Lens_Iris_DB\Vista Scanner\79\Colored\Right\5.bmp,1,1,0.9999994
C:\Users\sahar\OneDrive\Desktop\EXPLAINABLE_IRIS_PAD\Data\Raw\IIITD_Contact_Lens_Iris_DB\Vista Scanner\79\Normal\Left\1.bmp,0,0,1.152532e-05
C:\Users\sahar\OneDrive\Desktop\EXPLAINABLE_IRIS_PAD\Data\Raw\IIITD_Contact_Lens_Iris_DB\Vista Scanner\79\Normal\Left\2.bmp,0,0,4.956632e-05
C:\Users\sahar\OneDrive\Desktop\EXPLAINABLE_IRIS_PAD\Data\Raw\IIITD_Contact_Lens_Iris_DB\Vista Scanner\79\Normal\Left\3.bmp,0,0,6.91428e-05
C:\Users\sahar\OneDrive\Desktop\EXPLAINABLE_IRIS_PAD\Data\Raw\IIITD_Contact_Lens_Iris_DB\Vista Scanner\79\Normal\Left\4.bmp,0,0,9.966324e-06
C:\Users\sahar\OneDrive\Desktop\EXPLAINABLE_IRIS_PAD\Data\Raw\IIITD_Contact_Lens_Iris_DB\Vista Scanner\79\Normal\Left\5.bmp,0,0,1.4748571e-05
C:\Users\sahar\OneDrive\Desktop\EXPLAINABLE_IRIS_PAD\Data\Raw\IIITD_Contact_Lens_Iris_DB\Vista Scanner\79\Normal\Right\1.bmp,0,0,3.8371374e-05
C:\Users\sahar\OneDrive\Desktop\EXPLAINABLE_IRIS_PAD\Data\Raw\IIITD_Contact_Lens_Iris_DB\Vista Scanner\79\Normal\Right\2.bmp,0,0,2.5614187e-07
C:\Users\sahar\OneDrive\Desktop\EXPLAINABLE_IRIS_PAD\Data\Raw\IIITD_Contact_Lens_Iris_DB\Vista Scanner\79\Normal\Right\3.bmp,0,0,2.29398e-06
C:\Users\sahar\OneDrive\Desktop\EXPLAINABLE_IRIS_PAD\Data\Raw\IIITD_Contact_Lens_Iris_DB\Vista Scanner\79\Normal\Right\4.bmp,0,0,0.00017594612
C:\Users\sahar\OneDrive\Desktop\EXPLAINABLE_IRIS_PAD\Data\Raw\IIITD_Contact_Lens_Iris_DB\Vista Scanner\79\Normal\Right\5.bmp,0,0,6.980623e-05
C:\Users\sahar\OneDrive\Desktop\EXPLAINABLE_IRIS_PAD\Data\Raw\IIITD_Contact_Lens_Iris_DB\Vista Scanner\8\Colored\Left\1.bmp,1,1,0.9891684
C:\Users\sahar\OneDrive\Desktop\EXPLAINABLE_IRIS_PAD\Data\Raw\IIITD_Contact_Lens_Iris_DB\Vista Scanner\8\Colored\Left\2.bmp,1,1,0.9993193
C:\Users\sahar\OneDrive\Desktop\EXPLAINABLE_IRIS_PAD\Data\Raw\IIITD_Contact_Lens_Iris_DB\Vista Scanner\8\Colored\Left\3.bmp,1,1,0.9998739
C:\Users\sahar\OneDrive\Desktop\EXPLAINABLE_IRIS_PAD\Data\Raw\IIITD_Contact_Lens_Iris_DB\Vista Scanner\8\Colored\Left\4.bmp,1,1,0.9987268
C:\Users\sahar\OneDrive\Desktop\EXPLAINABLE_IRIS_PAD\Data\Raw\IIITD_Contact_Lens_Iris_DB\Vista Scanner\8\Colored\Left\5.bmp,1,1,0.9982152
C:\Users\sahar\OneDrive\Desktop\EXPLAINABLE_IRIS_PAD\Data\Raw\IIITD_Contact_Lens_Iris_DB\Vista Scanner\8\Colored\Right\1.bmp,1,1,0.99720156
C:\Users\sahar\OneDrive\Desktop\EXPLAINABLE_IRIS_PAD\Data\Raw\IIITD_Contact_Lens_Iris_DB\Vista Scanner\8\Colored\Right\2.bmp,1,1,0.99530715
C:\Users\sahar\OneDrive\Desktop\EXPLAINABLE_IRIS_PAD\Data\Raw\IIITD_Contact_Lens_Iris_DB\Vista Scanner\8\Colored\Right\3.bmp,1,1,0.99872404
C:\Users\sahar\OneDrive\Desktop\EXPLAINABLE_IRIS_PAD\Data\Raw\IIITD_Contact_Lens_Iris_DB\Vista Scanner\8\Colored\Right\4.bmp,1,1,0.99656624
C:\Users\sahar\OneDrive\Desktop\EXPLAINABLE_IRIS_PAD\Data\Raw\IIITD_Contact_Lens_Iris_DB\Vista Scanner\8\Colored\Right\5.bmp,1,1,0.9995753
C:\Users\sahar\OneDrive\Desktop\EXPLAINABLE_IRIS_PAD\Data\Raw\IIITD_Contact_Lens_Iris_DB\Vista Scanner\8\Normal\Left\1.bmp,0,0,2.1225553e-07
C:\Users\sahar\OneDrive\Desktop\EXPLAINABLE_IRIS_PAD\Data\Raw\IIITD_Contact_Lens_Iris_DB\Vista Scanner\8\Normal\Left\2.bmp,0,0,5.2728986e-08
C:\Users\sahar\OneDrive\Desktop\EXPLAINABLE_IRIS_PAD\Data\Raw\IIITD_Contact_Lens_Iris_DB\Vista Scanner\8\Normal\Left\3.bmp,0,0,2.8709766e-07
C:\Users\sahar\OneDrive\Desktop\EXPLAINABLE_IRIS_PAD\Data\Raw\IIITD_Contact_Lens_Iris_DB\Vista Scanner\8\Normal\Left\4.bmp,0,0,1.6067796e-06
C:\Users\sahar\OneDrive\Desktop\EXPLAINABLE_IRIS_PAD\Data\Raw\IIITD_Contact_Lens_Iris_DB\Vista Scanner\8\Normal\Left\5.bmp,0,0,1.8446235e-07
C:\Users\sahar\OneDrive\Desktop\EXPLAINABLE_IRIS_PAD\Data\Raw\IIITD_Contact_Lens_Iris_DB\Vista Scanner\8\Normal\Right\1.bmp,0,0,1.1758729e-06
C:\Users\sahar\OneDrive\Desktop\EXPLAINABLE_IRIS_PAD\Data\Raw\IIITD_Contact_Lens_Iris_DB\Vista Scanner\8\Normal\Right\2.bmp,0,0,3.4699778e-07
C:\Users\sahar\OneDrive\Desktop\EXPLAINABLE_IRIS_PAD\Data\Raw\IIITD_Contact_Lens_Iris_DB\Vista Scanner\8\Normal\Right\3.bmp,0,0,6.9245393e-06
C:\Users\sahar\OneDrive\Desktop\EXPLAINABLE_IRIS_PAD\Data\Raw\IIITD_Contact_Lens_Iris_DB\Vista Scanner\8\Normal\Right\4.bmp,0,0,6.7031397e-07
C:\Users\sahar\OneDrive\Desktop\EXPLAINABLE_IRIS_PAD\Data\Raw\IIITD_Contact_Lens_Iris_DB\Vista Scanner\8\Normal\Right\5.bmp,0,0,1.2743102e-07
C:\Users\sahar\OneDrive\Desktop\EXPLAINABLE_IRIS_PAD\Data\Raw\IIITD_Contact_Lens_Iris_DB\Vista Scanner\80\Colored\Left\1.bmp,1,1,0.9999964
C:\Users\sahar\OneDrive\Desktop\EXPLAINABLE_IRIS_PAD\Data\Raw\IIITD_Contact_Lens_Iris_DB\Vista Scanner\80\Colored\Left\2.bmp,1,1,0.97762793
C:\Users\sahar\OneDrive\Desktop\EXPLAINABLE_IRIS_PAD\Data\Raw\IIITD_Contact_Lens_Iris_DB\Vista Scanner\80\Colored\Left\3.bmp,1,1,0.99999964
C:\Users\sahar\OneDrive\Desktop\EXPLAINABLE_IRIS_PAD\Data\Raw\IIITD_Contact_Lens_Iris_DB\Vista Scanner\80\Colored\Left\4.bmp,1,1,0.9999999
C:\Users\sahar\OneDrive\Desktop\EXPLAINABLE_IRIS_PAD\Data\Raw\IIITD_Contact_Lens_Iris_DB\Vista Scanner\80\Colored\Left\5.bmp,1,1,0.9999993
C:\Users\sahar\OneDrive\Desktop\EXPLAINABLE_IRIS_PAD\Data\Raw\IIITD_Contact_Lens_Iris_DB\Vista Scanner\80\Colored\Right\1.bmp,1,1,0.9988275
C:\Users\sahar\OneDrive\Desktop\EXPLAINABLE_IRIS_PAD\Data\Raw\IIITD_Contact_Lens_Iris_DB\Vista Scanner\80\Colored\Right\2.bmp,1,1,0.9999995
C:\Users\sahar\OneDrive\Desktop\EXPLAINABLE_IRIS_PAD\Data\Raw\IIITD_Contact_Lens_Iris_DB\Vista Scanner\80\Colored\Right\3.bmp,1,1,0.99999213
C:\Users\sahar\OneDrive\Desktop\EXPLAINABLE_IRIS_PAD\Data\Raw\IIITD_Contact_Lens_Iris_DB\Vista Scanner\80\Colored\Right\4.bmp,1,1,0.99997294
C:\Users\sahar\OneDrive\Desktop\EXPLAINABLE_IRIS_PAD\Data\Raw\IIITD_Contact_Lens_Iris_DB\Vista Scanner\80\Colored\Right\5.bmp,1,1,0.99989986
C:\Users\sahar\OneDrive\Desktop\EXPLAINABLE_IRIS_PAD\Data\Raw\IIITD_Contact_Lens_Iris_DB\Vista Scanner\80\Normal\Left\1.bmp,0,0,2.6014602e-06
C:\Users\sahar\OneDrive\Desktop\EXPLAINABLE_IRIS_PAD\Data\Raw\IIITD_Contact_Lens_Iris_DB\Vista Scanner\80\Normal\Left\2.bmp,0,0,1.169292e-06
C:\Users\sahar\OneDrive\Desktop\EXPLAINABLE_IRIS_PAD\Data\Raw\IIITD_Contact_Lens_Iris_DB\Vista Scanner\80\Normal\Left\3.bmp,0,0,9.696587e-06
C:\Users\sahar\OneDrive\Desktop\EXPLAINABLE_IRIS_PAD\Data\Raw\IIITD_Contact_Lens_Iris_DB\Vista Scanner\80\Normal\Left\4.bmp,0,0,3.5489852e-06
C:\Users\sahar\OneDrive\Desktop\EXPLAINABLE_IRIS_PAD\Data\Raw\IIITD_Contact_Lens_Iris_DB\Vista Scanner\80\Normal\Left\5.bmp,0,0,4.4235944e-07
C:\Users\sahar\OneDrive\Desktop\EXPLAINABLE_IRIS_PAD\Data\Raw\IIITD_Contact_Lens_Iris_DB\Vista Scanner\80\Normal\Right\1.bmp,0,0,2.0147238e-06
C:\Users\sahar\OneDrive\Desktop\EXPLAINABLE_IRIS_PAD\Data\Raw\IIITD_Contact_Lens_Iris_DB\Vista Scanner\80\Normal\Right\2.bmp,0,0,1.47891205e-05
C:\Users\sahar\OneDrive\Desktop\EXPLAINABLE_IRIS_PAD\Data\Raw\IIITD_Contact_Lens_Iris_DB\Vista Scanner\80\Normal\Right\3.bmp,0,0,6.702024e-05
C:\Users\sahar\OneDrive\Desktop\EXPLAINABLE_IRIS_PAD\Data\Raw\IIITD_Contact_Lens_Iris_DB\Vista Scanner\80\Normal\Right\4.bmp,0,0,8.739043e-05
C:\Users\sahar\OneDrive\Desktop\EXPLAINABLE_IRIS_PAD\Data\Raw\IIITD_Contact_Lens_Iris_DB\Vista Scanner\80\Normal\Right\5.bmp,0,0,2.8139324e-05
C:\Users\sahar\OneDrive\Desktop\EXPLAINABLE_IRIS_PAD\Data\Raw\IIITD_Contact_Lens_Iris_DB\Vista Scanner\81\Colored\Left\1.bmp,1,1,0.99999857
C:\Users\sahar\OneDrive\Desktop\EXPLAINABLE_IRIS_PAD\Data\Raw\IIITD_Contact_Lens_Iris_DB\Vista Scanner\81\Colored\Left\2.bmp,1,1,0.99960834
C:\Users\sahar\OneDrive\Desktop\EXPLAINABLE_IRIS_PAD\Data\Raw\IIITD_Contact_Lens_Iris_DB\Vista Scanner\81\Colored\Left\3.bmp,1,1,0.9999988
C:\Users\sahar\OneDrive\Desktop\EXPLAINABLE_IRIS_PAD\Data\Raw\IIITD_Contact_Lens_Iris_DB\Vista Scanner\81\Colored\Left\4.bmp,1,1,0.9999999
C:\Users\sahar\OneDrive\Desktop\EXPLAINABLE_IRIS_PAD\Data\Raw\IIITD_Contact_Lens_Iris_DB\Vista Scanner\81\Colored\Left\5.bmp,1,1,0.99999404
C:\Users\sahar\OneDrive\Desktop\EXPLAINABLE_IRIS_PAD\Data\Raw\IIITD_Contact_Lens_Iris_DB\Vista Scanner\81\Colored\Right\1.bmp,1,1,0.99999905
C:\Users\sahar\OneDrive\Desktop\EXPLAINABLE_IRIS_PAD\Data\Raw\IIITD_Contact_Lens_Iris_DB\Vista Scanner\81\Colored\Right\2.bmp,1,1,0.99995637
C:\Users\sahar\OneDrive\Desktop\EXPLAINABLE_IRIS_PAD\Data\Raw\IIITD_Contact_Lens_Iris_DB\Vista Scanner\81\Colored\Right\3.bmp,1,1,0.99999595
C:\Users\sahar\OneDrive\Desktop\EXPLAINABLE_IRIS_PAD\Data\Raw\IIITD_Contact_Lens_Iris_DB\Vista Scanner\81\Colored\Right\4.bmp,1,1,0.9999981
C:\Users\sahar\OneDrive\Desktop\EXPLAINABLE_IRIS_PAD\Data\Raw\IIITD_Contact_Lens_Iris_DB\Vista Scanner\81\Colored\Right\5.bmp,1,1,0.999928
C:\Users\sahar\OneDrive\Desktop\EXPLAINABLE_IRIS_PAD\Data\Raw\IIITD_Contact_Lens_Iris_DB\Vista Scanner\81\Normal\Left\1.bmp,0,0,1.9703288e-05
C:\Users\sahar\OneDrive\Desktop\EXPLAINABLE_IRIS_PAD\Data\Raw\IIITD_Contact_Lens_Iris_DB\Vista Scanner\81\Normal\Left\2.bmp,0,0,1.2411961e-06
C:\Users\sahar\OneDrive\Desktop\EXPLAINABLE_IRIS_PAD\Data\Raw\IIITD_Contact_Lens_Iris_DB\Vista Scanner\81\Normal\Left\3.bmp,0,0,5.719918e-06
C:\Users\sahar\OneDrive\Desktop\EXPLAINABLE_IRIS_PAD\Data\Raw\IIITD_Contact_Lens_Iris_DB\Vista Scanner\81\Normal\Left\4.bmp,0,0,7.758507e-05
C:\Users\sahar\OneDrive\Desktop\EXPLAINABLE_IRIS_PAD\Data\Raw\IIITD_Contact_Lens_Iris_DB\Vista Scanner\81\Normal\Left\5.bmp,0,0,2.24188e-05
C:\Users\sahar\OneDrive\Desktop\EXPLAINABLE_IRIS_PAD\Data\Raw\IIITD_Contact_Lens_Iris_DB\Vista Scanner\81\Normal\Right\1.bmp,0,0,2.531906e-06
C:\Users\sahar\OneDrive\Desktop\EXPLAINABLE_IRIS_PAD\Data\Raw\IIITD_Contact_Lens_Iris_DB\Vista Scanner\81\Normal\Right\2.bmp,0,0,3.0933455e-07
C:\Users\sahar\OneDrive\Desktop\EXPLAINABLE_IRIS_PAD\Data\Raw\IIITD_Contact_Lens_Iris_DB\Vista Scanner\81\Normal\Right\3.bmp,0,0,1.1675385e-05
C:\Users\sahar\OneDrive\Desktop\EXPLAINABLE_IRIS_PAD\Data\Raw\IIITD_Contact_Lens_Iris_DB\Vista Scanner\81\Normal\Right\4.bmp,0,0,7.585954e-06
C:\Users\sahar\OneDrive\Desktop\EXPLAINABLE_IRIS_PAD\Data\Raw\IIITD_Contact_Lens_Iris_DB\Vista Scanner\81\Normal\Right\5.bmp,0,0,2.9524253e-06
C:\Users\sahar\OneDrive\Desktop\EXPLAINABLE_IRIS_PAD\Data\Raw\IIITD_Contact_Lens_Iris_DB\Vista Scanner\82\Colored\Left\1.bmp,1,1,0.9999262
C:\Users\sahar\OneDrive\Desktop\EXPLAINABLE_IRIS_PAD\Data\Raw\IIITD_Contact_Lens_Iris_DB\Vista Scanner\82\Colored\Left\2.bmp,1,1,0.99961746
C:\Users\sahar\OneDrive\Desktop\EXPLAINABLE_IRIS_PAD\Data\Raw\IIITD_Contact_Lens_Iris_DB\Vista Scanner\82\Colored\Left\3.bmp,1,1,0.99939644
C:\Users\sahar\OneDrive\Desktop\EXPLAINABLE_IRIS_PAD\Data\Raw\IIITD_Contact_Lens_Iris_DB\Vista Scanner\82\Colored\Left\4.bmp,1,1,0.9999746
C:\Users\sahar\OneDrive\Desktop\EXPLAINABLE_IRIS_PAD\Data\Raw\IIITD_Contact_Lens_Iris_DB\Vista Scanner\82\Colored\Left\5.bmp,1,1,0.998697
C:\Users\sahar\OneDrive\Desktop\EXPLAINABLE_IRIS_PAD\Data\Raw\IIITD_Contact_Lens_Iris_DB\Vista Scanner\82\Colored\Right\1.bmp,1,1,0.9999964
C:\Users\sahar\OneDrive\Desktop\EXPLAINABLE_IRIS_PAD\Data\Raw\IIITD_Contact_Lens_Iris_DB\Vista Scanner\82\Colored\Right\2.bmp,1,1,0.9999999
C:\Users\sahar\OneDrive\Desktop\EXPLAINABLE_IRIS_PAD\Data\Raw\IIITD_Contact_Lens_Iris_DB\Vista Scanner\82\Colored\Right\3.bmp,1,1,1.0
C:\Users\sahar\OneDrive\Desktop\EXPLAINABLE_IRIS_PAD\Data\Raw\IIITD_Contact_Lens_Iris_DB\Vista Scanner\82\Colored\Right\4.bmp,1,1,0.9999999
C:\Users\sahar\OneDrive\Desktop\EXPLAINABLE_IRIS_PAD\Data\Raw\IIITD_Contact_Lens_Iris_DB\Vista Scanner\82\Colored\Right\5.bmp,1,1,1.0
C:\Users\sahar\OneDrive\Desktop\EXPLAINABLE_IRIS_PAD\Data\Raw\IIITD_Contact_Lens_Iris_DB\Vista Scanner\82\Normal\Left\1.bmp,0,0,5.8748706e-06
C:\Users\sahar\OneDrive\Desktop\EXPLAINABLE_IRIS_PAD\Data\Raw\IIITD_Contact_Lens_Iris_DB\Vista Scanner\82\Normal\Left\2.bmp,0,0,4.0492455e-06
C:\Users\sahar\OneDrive\Desktop\EXPLAINABLE_IRIS_PAD\Data\Raw\IIITD_Contact_Lens_Iris_DB\Vista Scanner\82\Normal\Left\3.bmp,0,0,6.1928185e-06
C:\Users\sahar\OneDrive\Desktop\EXPLAINABLE_IRIS_PAD\Data\Raw\IIITD_Contact_Lens_Iris_DB\Vista Scanner\82\Normal\Left\4.bmp,0,0,2.7673414e-06
C:\Users\sahar\OneDrive\Desktop\EXPLAINABLE_IRIS_PAD\Data\Raw\IIITD_Contact_Lens_Iris_DB\Vista Scanner\82\Normal\Left\5.bmp,0,0,1.2834914e-05
C:\Users\sahar\OneDrive\Desktop\EXPLAINABLE_IRIS_PAD\Data\Raw\IIITD_Contact_Lens_Iris_DB\Vista Scanner\82\Normal\Right\1.bmp,0,0,1.8861474e-05
C:\Users\sahar\OneDrive\Desktop\EXPLAINABLE_IRIS_PAD\Data\Raw\IIITD_Contact_Lens_Iris_DB\Vista Scanner\82\Normal\Right\2.bmp,0,0,6.719949e-06
C:\Users\sahar\OneDrive\Desktop\EXPLAINABLE_IRIS_PAD\Data\Raw\IIITD_Contact_Lens_Iris_DB\Vista Scanner\82\Normal\Right\3.bmp,0,0,1.6879687e-05
C:\Users\sahar\OneDrive\Desktop\EXPLAINABLE_IRIS_PAD\Data\Raw\IIITD_Contact_Lens_Iris_DB\Vista Scanner\82\Normal\Right\4.bmp,0,0,2.008715e-06
C:\Users\sahar\OneDrive\Desktop\EXPLAINABLE_IRIS_PAD\Data\Raw\IIITD_Contact_Lens_Iris_DB\Vista Scanner\82\Normal\Right\5.bmp,0,0,0.00013426028
C:\Users\sahar\OneDrive\Desktop\EXPLAINABLE_IRIS_PAD\Data\Raw\IIITD_Contact_Lens_Iris_DB\Vista Scanner\83\Colored\Left\1.bmp,1,1,0.99998236
C:\Users\sahar\OneDrive\Desktop\EXPLAINABLE_IRIS_PAD\Data\Raw\IIITD_Contact_Lens_Iris_DB\Vista Scanner\83\Colored\Left\2.bmp,1,1,0.99988735
C:\Users\sahar\OneDrive\Desktop\EXPLAINABLE_IRIS_PAD\Data\Raw\IIITD_Contact_Lens_Iris_DB\Vista Scanner\83\Colored\Left\3.bmp,1,1,0.99999154
C:\Users\sahar\OneDrive\Desktop\EXPLAINABLE_IRIS_PAD\Data\Raw\IIITD_Contact_Lens_Iris_DB\Vista Scanner\83\Colored\Left\4.bmp,1,1,0.99995744
C:\Users\sahar\OneDrive\Desktop\EXPLAINABLE_IRIS_PAD\Data\Raw\IIITD_Contact_Lens_Iris_DB\Vista Scanner\83\Colored\Left\5.bmp,1,1,0.9999981
C:\Users\sahar\OneDrive\Desktop\EXPLAINABLE_IRIS_PAD\Data\Raw\IIITD_Contact_Lens_Iris_DB\Vista Scanner\83\Colored\Right\1.bmp,1,1,1.0
C:\Users\sahar\OneDrive\Desktop\EXPLAINABLE_IRIS_PAD\Data\Raw\IIITD_Contact_Lens_Iris_DB\Vista Scanner\83\Colored\Right\2.bmp,1,1,0.9999999
C:\Users\sahar\OneDrive\Desktop\EXPLAINABLE_IRIS_PAD\Data\Raw\IIITD_Contact_Lens_Iris_DB\Vista Scanner\83\Colored\Right\3.bmp,1,1,1.0
C:\Users\sahar\OneDrive\Desktop\EXPLAINABLE_IRIS_PAD\Data\Raw\IIITD_Contact_Lens_Iris_DB\Vista Scanner\83\Colored\Right\4.bmp,1,1,0.99999964
C:\Users\sahar\OneDrive\Desktop\EXPLAINABLE_IRIS_PAD\Data\Raw\IIITD_Contact_Lens_Iris_DB\Vista Scanner\83\Colored\Right\5.bmp,1,1,1.0
C:\Users\sahar\OneDrive\Desktop\EXPLAINABLE_IRIS_PAD\Data\Raw\IIITD_Contact_Lens_Iris_DB\Vista Scanner\83\Normal\Left\1.bmp,0,0,2.5955918e-05
C:\Users\sahar\OneDrive\Desktop\EXPLAINABLE_IRIS_PAD\Data\Raw\IIITD_Contact_Lens_Iris_DB\Vista Scanner\83\Normal\Left\2.bmp,0,0,6.6978835e-05
C:\Users\sahar\OneDrive\Desktop\EXPLAINABLE_IRIS_PAD\Data\Raw\IIITD_Contact_Lens_Iris_DB\Vista Scanner\83\Normal\Left\3.bmp,0,0,2.3574461e-05
C:\Users\sahar\OneDrive\Desktop\EXPLAINABLE_IRIS_PAD\Data\Raw\IIITD_Contact_Lens_Iris_DB\Vista Scanner\83\Normal\Left\4.bmp,0,0,7.713575e-06
C:\Users\sahar\OneDrive\Desktop\EXPLAINABLE_IRIS_PAD\Data\Raw\IIITD_Contact_Lens_Iris_DB\Vista Scanner\83\Normal\Left\5.bmp,0,0,3.149474e-06
C:\Users\sahar\OneDrive\Desktop\EXPLAINABLE_IRIS_PAD\Data\Raw\IIITD_Contact_Lens_Iris_DB\Vista Scanner\83\Normal\Right\1.bmp,0,0,2.1942773e-05
C:\Users\sahar\OneDrive\Desktop\EXPLAINABLE_IRIS_PAD\Data\Raw\IIITD_Contact_Lens_Iris_DB\Vista Scanner\83\Normal\Right\2.bmp,0,0,2.1909778e-05
C:\Users\sahar\OneDrive\Desktop\EXPLAINABLE_IRIS_PAD\Data\Raw\IIITD_Contact_Lens_Iris_DB\Vista Scanner\83\Normal\Right\3.bmp,0,0,0.00015618477
C:\Users\sahar\OneDrive\Desktop\EXPLAINABLE_IRIS_PAD\Data\Raw\IIITD_Contact_Lens_Iris_DB\Vista Scanner\83\Normal\Right\4.bmp,0,0,2.2363556e-05
C:\Users\sahar\OneDrive\Desktop\EXPLAINABLE_IRIS_PAD\Data\Raw\IIITD_Contact_Lens_Iris_DB\Vista Scanner\83\Normal\Right\5.bmp,0,0,5.8257833e-06
C:\Users\sahar\OneDrive\Desktop\EXPLAINABLE_IRIS_PAD\Data\Raw\IIITD_Contact_Lens_Iris_DB\Vista Scanner\84\Colored\Left\1.bmp,1,1,0.9999999
C:\Users\sahar\OneDrive\Desktop\EXPLAINABLE_IRIS_PAD\Data\Raw\IIITD_Contact_Lens_Iris_DB\Vista Scanner\84\Colored\Left\2.bmp,1,1,0.9999908
C:\Users\sahar\OneDrive\Desktop\EXPLAINABLE_IRIS_PAD\Data\Raw\IIITD_Contact_Lens_Iris_DB\Vista Scanner\84\Colored\Left\3.bmp,1,1,0.9999949
C:\Users\sahar\OneDrive\Desktop\EXPLAINABLE_IRIS_PAD\Data\Raw\IIITD_Contact_Lens_Iris_DB\Vista Scanner\84\Colored\Left\4.bmp,1,1,1.0
C:\Users\sahar\OneDrive\Desktop\EXPLAINABLE_IRIS_PAD\Data\Raw\IIITD_Contact_Lens_Iris_DB\Vista Scanner\84\Colored\Left\5.bmp,1,1,0.99983
C:\Users\sahar\OneDrive\Desktop\EXPLAINABLE_IRIS_PAD\Data\Raw\IIITD_Contact_Lens_Iris_DB\Vista Scanner\84\Colored\Right\1.bmp,1,1,0.9999844
C:\Users\sahar\OneDrive\Desktop\EXPLAINABLE_IRIS_PAD\Data\Raw\IIITD_Contact_Lens_Iris_DB\Vista Scanner\84\Colored\Right\2.bmp,1,1,0.9999914
C:\Users\sahar\OneDrive\Desktop\EXPLAINABLE_IRIS_PAD\Data\Raw\IIITD_Contact_Lens_Iris_DB\Vista Scanner\84\Colored\Right\3.bmp,1,1,1.0
C:\Users\sahar\OneDrive\Desktop\EXPLAINABLE_IRIS_PAD\Data\Raw\IIITD_Contact_Lens_Iris_DB\Vista Scanner\84\Colored\Right\4.bmp,1,1,0.99997115
C:\Users\sahar\OneDrive\Desktop\EXPLAINABLE_IRIS_PAD\Data\Raw\IIITD_Contact_Lens_Iris_DB\Vista Scanner\84\Colored\Right\5.bmp,1,1,0.9999999
C:\Users\sahar\OneDrive\Desktop\EXPLAINABLE_IRIS_PAD\Data\Raw\IIITD_Contact_Lens_Iris_DB\Vista Scanner\84\Normal\Left\1.bmp,0,0,3.254382e-05
C:\Users\sahar\OneDrive\Desktop\EXPLAINABLE_IRIS_PAD\Data\Raw\IIITD_Contact_Lens_Iris_DB\Vista Scanner\84\Normal\Left\2.bmp,0,0,0.00036610026
C:\Users\sahar\OneDrive\Desktop\EXPLAINABLE_IRIS_PAD\Data\Raw\IIITD_Contact_Lens_Iris_DB\Vista Scanner\84\Normal\Left\3.bmp,0,0,0.00014279319
C:\Users\sahar\OneDrive\Desktop\EXPLAINABLE_IRIS_PAD\Data\Raw\IIITD_Contact_Lens_Iris_DB\Vista Scanner\84\Normal\Left\4.bmp,0,0,0.00029121674
C:\Users\sahar\OneDrive\Desktop\EXPLAINABLE_IRIS_PAD\Data\Raw\IIITD_Contact_Lens_Iris_DB\Vista Scanner\84\Normal\Left\5.bmp,0,0,0.00033215844
C:\Users\sahar\OneDrive\Desktop\EXPLAINABLE_IRIS_PAD\Data\Raw\IIITD_Contact_Lens_Iris_DB\Vista Scanner\84\Normal\Right\1.bmp,0,0,0.0018686756
C:\Users\sahar\OneDrive\Desktop\EXPLAINABLE_IRIS_PAD\Data\Raw\IIITD_Contact_Lens_Iris_DB\Vista Scanner\84\Normal\Right\2.bmp,0,0,0.000116351905
C:\Users\sahar\OneDrive\Desktop\EXPLAINABLE_IRIS_PAD\Data\Raw\IIITD_Contact_Lens_Iris_DB\Vista Scanner\84\Normal\Right\3.bmp,0,0,0.0015994528
C:\Users\sahar\OneDrive\Desktop\EXPLAINABLE_IRIS_PAD\Data\Raw\IIITD_Contact_Lens_Iris_DB\Vista Scanner\84\Normal\Right\4.bmp,0,0,0.00010146184
C:\Users\sahar\OneDrive\Desktop\EXPLAINABLE_IRIS_PAD\Data\Raw\IIITD_Contact_Lens_Iris_DB\Vista Scanner\84\Normal\Right\5.bmp,0,0,0.00013295165
C:\Users\sahar\OneDrive\Desktop\EXPLAINABLE_IRIS_PAD\Data\Raw\IIITD_Contact_Lens_Iris_DB\Vista Scanner\85\Colored\Left\1.bmp,1,1,0.9999734
C:\Users\sahar\OneDrive\Desktop\EXPLAINABLE_IRIS_PAD\Data\Raw\IIITD_Contact_Lens_Iris_DB\Vista Scanner\85\Colored\Left\2.bmp,1,1,0.9999653
C:\Users\sahar\OneDrive\Desktop\EXPLAINABLE_IRIS_PAD\Data\Raw\IIITD_Contact_Lens_Iris_DB\Vista Scanner\85\Colored\Left\3.bmp,1,1,0.9999534
C:\Users\sahar\OneDrive\Desktop\EXPLAINABLE_IRIS_PAD\Data\Raw\IIITD_Contact_Lens_Iris_DB\Vista Scanner\85\Colored\Left\4.bmp,1,1,0.99999964
C:\Users\sahar\OneDrive\Desktop\EXPLAINABLE_IRIS_PAD\Data\Raw\IIITD_Contact_Lens_Iris_DB\Vista Scanner\85\Colored\Left\5.bmp,1,1,0.9998872
C:\Users\sahar\OneDrive\Desktop\EXPLAINABLE_IRIS_PAD\Data\Raw\IIITD_Contact_Lens_Iris_DB\Vista Scanner\85\Colored\Right\1.bmp,1,1,0.99993324
C:\Users\sahar\OneDrive\Desktop\EXPLAINABLE_IRIS_PAD\Data\Raw\IIITD_Contact_Lens_Iris_DB\Vista Scanner\85\Colored\Right\2.bmp,1,1,0.9998535
C:\Users\sahar\OneDrive\Desktop\EXPLAINABLE_IRIS_PAD\Data\Raw\IIITD_Contact_Lens_Iris_DB\Vista Scanner\85\Colored\Right\3.bmp,1,1,0.9999726
C:\Users\sahar\OneDrive\Desktop\EXPLAINABLE_IRIS_PAD\Data\Raw\IIITD_Contact_Lens_Iris_DB\Vista Scanner\85\Colored\Right\4.bmp,1,1,0.9998222
C:\Users\sahar\OneDrive\Desktop\EXPLAINABLE_IRIS_PAD\Data\Raw\IIITD_Contact_Lens_Iris_DB\Vista Scanner\85\Colored\Right\5.bmp,1,1,0.99997747
C:\Users\sahar\OneDrive\Desktop\EXPLAINABLE_IRIS_PAD\Data\Raw\IIITD_Contact_Lens_Iris_DB\Vista Scanner\85\Normal\Left\1.bmp,0,0,6.196507e-07
C:\Users\sahar\OneDrive\Desktop\EXPLAINABLE_IRIS_PAD\Data\Raw\IIITD_Contact_Lens_Iris_DB\Vista Scanner\85\Normal\Left\2.bmp,0,0,4.4170054e-08
C:\Users\sahar\OneDrive\Desktop\EXPLAINABLE_IRIS_PAD\Data\Raw\IIITD_Contact_Lens_Iris_DB\Vista Scanner\85\Normal\Left\3.bmp,0,0,3.7187537e-08
C:\Users\sahar\OneDrive\Desktop\EXPLAINABLE_IRIS_PAD\Data\Raw\IIITD_Contact_Lens_Iris_DB\Vista Scanner\85\Normal\Left\4.bmp,0,0,2.6512168e-09
C:\Users\sahar\OneDrive\Desktop\EXPLAINABLE_IRIS_PAD\Data\Raw\IIITD_Contact_Lens_Iris_DB\Vista Scanner\85\Normal\Left\5.bmp,0,0,3.0313572e-08
C:\Users\sahar\OneDrive\Desktop\EXPLAINABLE_IRIS_PAD\Data\Raw\IIITD_Contact_Lens_Iris_DB\Vista Scanner\85\Normal\Right\1.bmp,0,0,1.2748657e-07
C:\Users\sahar\OneDrive\Desktop\EXPLAINABLE_IRIS_PAD\Data\Raw\IIITD_Contact_Lens_Iris_DB\Vista Scanner\85\Normal\Right\2.bmp,0,0,4.0964466e-07
C:\Users\sahar\OneDrive\Desktop\EXPLAINABLE_IRIS_PAD\Data\Raw\IIITD_Contact_Lens_Iris_DB\Vista Scanner\85\Normal\Right\3.bmp,0,0,8.086793e-07
C:\Users\sahar\OneDrive\Desktop\EXPLAINABLE_IRIS_PAD\Data\Raw\IIITD_Contact_Lens_Iris_DB\Vista Scanner\85\Normal\Right\4.bmp,0,0,3.670133e-07
C:\Users\sahar\OneDrive\Desktop\EXPLAINABLE_IRIS_PAD\Data\Raw\IIITD_Contact_Lens_Iris_DB\Vista Scanner\85\Normal\Right\5.bmp,0,0,2.2573688e-06
C:\Users\sahar\OneDrive\Desktop\EXPLAINABLE_IRIS_PAD\Data\Raw\IIITD_Contact_Lens_Iris_DB\Vista Scanner\86\Colored\Left\1.bmp,1,1,0.9846119
C:\Users\sahar\OneDrive\Desktop\EXPLAINABLE_IRIS_PAD\Data\Raw\IIITD_Contact_Lens_Iris_DB\Vista Scanner\86\Colored\Left\2.bmp,1,1,0.9994618
C:\Users\sahar\OneDrive\Desktop\EXPLAINABLE_IRIS_PAD\Data\Raw\IIITD_Contact_Lens_Iris_DB\Vista Scanner\86\Colored\Left\3.bmp,1,1,0.9997863
C:\Users\sahar\OneDrive\Desktop\EXPLAINABLE_IRIS_PAD\Data\Raw\IIITD_Contact_Lens_Iris_DB\Vista Scanner\86\Colored\Left\4.bmp,1,1,0.9999709
C:\Users\sahar\OneDrive\Desktop\EXPLAINABLE_IRIS_PAD\Data\Raw\IIITD_Contact_Lens_Iris_DB\Vista Scanner\86\Colored\Left\5.bmp,1,1,0.9992855
C:\Users\sahar\OneDrive\Desktop\EXPLAINABLE_IRIS_PAD\Data\Raw\IIITD_Contact_Lens_Iris_DB\Vista Scanner\86\Colored\Right\1.bmp,1,1,0.9999598
C:\Users\sahar\OneDrive\Desktop\EXPLAINABLE_IRIS_PAD\Data\Raw\IIITD_Contact_Lens_Iris_DB\Vista Scanner\86\Colored\Right\2.bmp,1,1,0.999998
C:\Users\sahar\OneDrive\Desktop\EXPLAINABLE_IRIS_PAD\Data\Raw\IIITD_Contact_Lens_Iris_DB\Vista Scanner\86\Colored\Right\3.bmp,1,1,0.9999821
C:\Users\sahar\OneDrive\Desktop\EXPLAINABLE_IRIS_PAD\Data\Raw\IIITD_Contact_Lens_Iris_DB\Vista Scanner\86\Colored\Right\4.bmp,1,1,0.9999684
C:\Users\sahar\OneDrive\Desktop\EXPLAINABLE_IRIS_PAD\Data\Raw\IIITD_Contact_Lens_Iris_DB\Vista Scanner\86\Colored\Right\5.bmp,1,1,0.99964225
C:\Users\sahar\OneDrive\Desktop\EXPLAINABLE_IRIS_PAD\Data\Raw\IIITD_Contact_Lens_Iris_DB\Vista Scanner\87\Colored\Left\1.bmp,1,1,0.9996101
C:\Users\sahar\OneDrive\Desktop\EXPLAINABLE_IRIS_PAD\Data\Raw\IIITD_Contact_Lens_Iris_DB\Vista Scanner\87\Colored\Left\2.bmp,1,1,0.9998994
C:\Users\sahar\OneDrive\Desktop\EXPLAINABLE_IRIS_PAD\Data\Raw\IIITD_Contact_Lens_Iris_DB\Vista Scanner\87\Colored\Left\3.bmp,1,1,0.999554
C:\Users\sahar\OneDrive\Desktop\EXPLAINABLE_IRIS_PAD\Data\Raw\IIITD_Contact_Lens_Iris_DB\Vista Scanner\87\Colored\Left\4.bmp,1,1,0.95582783
C:\Users\sahar\OneDrive\Desktop\EXPLAINABLE_IRIS_PAD\Data\Raw\IIITD_Contact_Lens_Iris_DB\Vista Scanner\87\Colored\Left\5.bmp,1,1,0.9994869
C:\Users\sahar\OneDrive\Desktop\EXPLAINABLE_IRIS_PAD\Data\Raw\IIITD_Contact_Lens_Iris_DB\Vista Scanner\87\Colored\Right\1.bmp,1,1,0.9980628
C:\Users\sahar\OneDrive\Desktop\EXPLAINABLE_IRIS_PAD\Data\Raw\IIITD_Contact_Lens_Iris_DB\Vista Scanner\87\Colored\Right\2.bmp,1,1,0.99866605
C:\Users\sahar\OneDrive\Desktop\EXPLAINABLE_IRIS_PAD\Data\Raw\IIITD_Contact_Lens_Iris_DB\Vista Scanner\87\Colored\Right\3.bmp,1,1,0.9999659
C:\Users\sahar\OneDrive\Desktop\EXPLAINABLE_IRIS_PAD\Data\Raw\IIITD_Contact_Lens_Iris_DB\Vista Scanner\87\Colored\Right\4.bmp,1,1,0.99969304
C:\Users\sahar\OneDrive\Desktop\EXPLAINABLE_IRIS_PAD\Data\Raw\IIITD_Contact_Lens_Iris_DB\Vista Scanner\87\Colored\Right\5.bmp,1,1,0.99964356
C:\Users\sahar\OneDrive\Desktop\EXPLAINABLE_IRIS_PAD\Data\Raw\IIITD_Contact_Lens_Iris_DB\Vista Scanner\87\Normal\Left\1.bmp,0,0,3.1568463e-05
C:\Users\sahar\OneDrive\Desktop\EXPLAINABLE_IRIS_PAD\Data\Raw\IIITD_Contact_Lens_Iris_DB\Vista Scanner\87\Normal\Left\2.bmp,0,0,3.0875075e-05
C:\Users\sahar\OneDrive\Desktop\EXPLAINABLE_IRIS_PAD\Data\Raw\IIITD_Contact_Lens_Iris_DB\Vista Scanner\87\Normal\Left\3.bmp,0,0,1.6631001e-06
C:\Users\sahar\OneDrive\Desktop\EXPLAINABLE_IRIS_PAD\Data\Raw\IIITD_Contact_Lens_Iris_DB\Vista Scanner\87\Normal\Left\4.bmp,0,0,2.135513e-05
C:\Users\sahar\OneDrive\Desktop\EXPLAINABLE_IRIS_PAD\Data\Raw\IIITD_Contact_Lens_Iris_DB\Vista Scanner\87\Normal\Left\5.bmp,0,0,9.965136e-06
C:\Users\sahar\OneDrive\Desktop\EXPLAINABLE_IRIS_PAD\Data\Raw\IIITD_Contact_Lens_Iris_DB\Vista Scanner\87\Normal\Right\1.bmp,0,0,5.8935007e-07
C:\Users\sahar\OneDrive\Desktop\EXPLAINABLE_IRIS_PAD\Data\Raw\IIITD_Contact_Lens_Iris_DB\Vista Scanner\87\Normal\Right\2.bmp,0,0,2.5147855e-08
C:\Users\sahar\OneDrive\Desktop\EXPLAINABLE_IRIS_PAD\Data\Raw\IIITD_Contact_Lens_Iris_DB\Vista Scanner\87\Normal\Right\3.bmp,0,0,7.1339045e-08
C:\Users\sahar\OneDrive\Desktop\EXPLAINABLE_IRIS_PAD\Data\Raw\IIITD_Contact_Lens_Iris_DB\Vista Scanner\87\Normal\Right\4.bmp,0,0,2.4461044e-05
C:\Users\sahar\OneDrive\Desktop\EXPLAINABLE_IRIS_PAD\Data\Raw\IIITD_Contact_Lens_Iris_DB\Vista Scanner\87\Normal\Right\5.bmp,0,0,1.9090405e-07
C:\Users\sahar\OneDrive\Desktop\EXPLAINABLE_IRIS_PAD\Data\Raw\IIITD_Contact_Lens_Iris_DB\Vista Scanner\88\Colored\Left\1.bmp,1,1,1.0
C:\Users\sahar\OneDrive\Desktop\EXPLAINABLE_IRIS_PAD\Data\Raw\IIITD_Contact_Lens_Iris_DB\Vista Scanner\88\Colored\Left\2.bmp,1,1,0.9999995
C:\Users\sahar\OneDrive\Desktop\EXPLAINABLE_IRIS_PAD\Data\Raw\IIITD_Contact_Lens_Iris_DB\Vista Scanner\88\Colored\Left\3.bmp,1,1,1.0
C:\Users\sahar\OneDrive\Desktop\EXPLAINABLE_IRIS_PAD\Data\Raw\IIITD_Contact_Lens_Iris_DB\Vista Scanner\88\Colored\Left\4.bmp,1,1,0.9999919
C:\Users\sahar\OneDrive\Desktop\EXPLAINABLE_IRIS_PAD\Data\Raw\IIITD_Contact_Lens_Iris_DB\Vista Scanner\88\Colored\Left\5.bmp,1,1,1.0
C:\Users\sahar\OneDrive\Desktop\EXPLAINABLE_IRIS_PAD\Data\Raw\IIITD_Contact_Lens_Iris_DB\Vista Scanner\88\Colored\Right\1.bmp,1,1,0.99998105
C:\Users\sahar\OneDrive\Desktop\EXPLAINABLE_IRIS_PAD\Data\Raw\IIITD_Contact_Lens_Iris_DB\Vista Scanner\88\Colored\Right\2.bmp,1,1,0.999995
C:\Users\sahar\OneDrive\Desktop\EXPLAINABLE_IRIS_PAD\Data\Raw\IIITD_Contact_Lens_Iris_DB\Vista Scanner\88\Colored\Right\3.bmp,1,1,0.99987614
C:\Users\sahar\OneDrive\Desktop\EXPLAINABLE_IRIS_PAD\Data\Raw\IIITD_Contact_Lens_Iris_DB\Vista Scanner\88\Colored\Right\4.bmp,1,1,0.9999733
C:\Users\sahar\OneDrive\Desktop\EXPLAINABLE_IRIS_PAD\Data\Raw\IIITD_Contact_Lens_Iris_DB\Vista Scanner\88\Colored\Right\5.bmp,1,1,0.99999034
C:\Users\sahar\OneDrive\Desktop\EXPLAINABLE_IRIS_PAD\Data\Raw\IIITD_Contact_Lens_Iris_DB\Vista Scanner\88\Normal\Left\1.bmp,0,0,3.1157547e-06
C:\Users\sahar\OneDrive\Desktop\EXPLAINABLE_IRIS_PAD\Data\Raw\IIITD_Contact_Lens_Iris_DB\Vista Scanner\88\Normal\Left\2.bmp,0,0,1.9806528e-06
C:\Users\sahar\OneDrive\Desktop\EXPLAINABLE_IRIS_PAD\Data\Raw\IIITD_Contact_Lens_Iris_DB\Vista Scanner\88\Normal\Left\3.bmp,0,0,1.8059929e-05
C:\Users\sahar\OneDrive\Desktop\EXPLAINABLE_IRIS_PAD\Data\Raw\IIITD_Contact_Lens_Iris_DB\Vista Scanner\88\Normal\Left\4.bmp,0,0,8.749299e-06
C:\Users\sahar\OneDrive\Desktop\EXPLAINABLE_IRIS_PAD\Data\Raw\IIITD_Contact_Lens_Iris_DB\Vista Scanner\88\Normal\Left\5.bmp,0,0,1.517604e-05
C:\Users\sahar\OneDrive\Desktop\EXPLAINABLE_IRIS_PAD\Data\Raw\IIITD_Contact_Lens_Iris_DB\Vista Scanner\88\Normal\Right\1.bmp,0,0,9.225582e-09
C:\Users\sahar\OneDrive\Desktop\EXPLAINABLE_IRIS_PAD\Data\Raw\IIITD_Contact_Lens_Iris_DB\Vista Scanner\88\Normal\Right\2.bmp,0,0,2.0652394e-06
C:\Users\sahar\OneDrive\Desktop\EXPLAINABLE_IRIS_PAD\Data\Raw\IIITD_Contact_Lens_Iris_DB\Vista Scanner\88\Normal\Right\3.bmp,0,0,2.0285956e-06
C:\Users\sahar\OneDrive\Desktop\EXPLAINABLE_IRIS_PAD\Data\Raw\IIITD_Contact_Lens_Iris_DB\Vista Scanner\88\Normal\Right\4.bmp,0,0,6.594605e-07
C:\Users\sahar\OneDrive\Desktop\EXPLAINABLE_IRIS_PAD\Data\Raw\IIITD_Contact_Lens_Iris_DB\Vista Scanner\88\Normal\Right\5.bmp,0,0,1.5839927e-07
C:\Users\sahar\OneDrive\Desktop\EXPLAINABLE_IRIS_PAD\Data\Raw\IIITD_Contact_Lens_Iris_DB\Vista Scanner\89\Colored\Left\1.bmp,1,1,0.9996376
C:\Users\sahar\OneDrive\Desktop\EXPLAINABLE_IRIS_PAD\Data\Raw\IIITD_Contact_Lens_Iris_DB\Vista Scanner\89\Colored\Left\2.bmp,1,1,0.9998344
C:\Users\sahar\OneDrive\Desktop\EXPLAINABLE_IRIS_PAD\Data\Raw\IIITD_Contact_Lens_Iris_DB\Vista Scanner\89\Colored\Left\3.bmp,1,1,0.9993799
C:\Users\sahar\OneDrive\Desktop\EXPLAINABLE_IRIS_PAD\Data\Raw\IIITD_Contact_Lens_Iris_DB\Vista Scanner\89\Colored\Left\4.bmp,1,1,0.99992025
C:\Users\sahar\OneDrive\Desktop\EXPLAINABLE_IRIS_PAD\Data\Raw\IIITD_Contact_Lens_Iris_DB\Vista Scanner\89\Colored\Left\5.bmp,1,1,0.99958736
C:\Users\sahar\OneDrive\Desktop\EXPLAINABLE_IRIS_PAD\Data\Raw\IIITD_Contact_Lens_Iris_DB\Vista Scanner\89\Colored\Right\1.bmp,1,1,0.9999982
C:\Users\sahar\OneDrive\Desktop\EXPLAINABLE_IRIS_PAD\Data\Raw\IIITD_Contact_Lens_Iris_DB\Vista Scanner\89\Colored\Right\2.bmp,1,1,0.99999917
C:\Users\sahar\OneDrive\Desktop\EXPLAINABLE_IRIS_PAD\Data\Raw\IIITD_Contact_Lens_Iris_DB\Vista Scanner\89\Colored\Right\3.bmp,1,1,0.99999535
C:\Users\sahar\OneDrive\Desktop\EXPLAINABLE_IRIS_PAD\Data\Raw\IIITD_Contact_Lens_Iris_DB\Vista Scanner\89\Colored\Right\4.bmp,1,1,0.9999995
C:\Users\sahar\OneDrive\Desktop\EXPLAINABLE_IRIS_PAD\Data\Raw\IIITD_Contact_Lens_Iris_DB\Vista Scanner\89\Colored\Right\5.bmp,1,1,0.9999969
C:\Users\sahar\OneDrive\Desktop\EXPLAINABLE_IRIS_PAD\Data\Raw\IIITD_Contact_Lens_Iris_DB\Vista Scanner\89\Normal\Left\1.bmp,0,0,1.1618998e-06
C:\Users\sahar\OneDrive\Desktop\EXPLAINABLE_IRIS_PAD\Data\Raw\IIITD_Contact_Lens_Iris_DB\Vista Scanner\89\Normal\Left\2.bmp,0,0,1.3719291e-06
C:\Users\sahar\OneDrive\Desktop\EXPLAINABLE_IRIS_PAD\Data\Raw\IIITD_Contact_Lens_Iris_DB\Vista Scanner\89\Normal\Left\3.bmp,0,0,1.8593939e-05
C:\Users\sahar\OneDrive\Desktop\EXPLAINABLE_IRIS_PAD\Data\Raw\IIITD_Contact_Lens_Iris_DB\Vista Scanner\89\Normal\Left\4.bmp,0,0,2.5130917e-06
C:\Users\sahar\OneDrive\Desktop\EXPLAINABLE_IRIS_PAD\Data\Raw\IIITD_Contact_Lens_Iris_DB\Vista Scanner\89\Normal\Left\5.bmp,0,0,1.5270974e-05
C:\Users\sahar\OneDrive\Desktop\EXPLAINABLE_IRIS_PAD\Data\Raw\IIITD_Contact_Lens_Iris_DB\Vista Scanner\89\Normal\Right\1.bmp,0,0,6.2340625e-08
C:\Users\sahar\OneDrive\Desktop\EXPLAINABLE_IRIS_PAD\Data\Raw\IIITD_Contact_Lens_Iris_DB\Vista Scanner\89\Normal\Right\2.bmp,0,0,3.741521e-07
C:\Users\sahar\OneDrive\Desktop\EXPLAINABLE_IRIS_PAD\Data\Raw\IIITD_Contact_Lens_Iris_DB\Vista Scanner\89\Normal\Right\3.bmp,0,0,3.7276204e-06
C:\Users\sahar\OneDrive\Desktop\EXPLAINABLE_IRIS_PAD\Data\Raw\IIITD_Contact_Lens_Iris_DB\Vista Scanner\89\Normal\Right\4.bmp,0,0,4.6680734e-07
C:\Users\sahar\OneDrive\Desktop\EXPLAINABLE_IRIS_PAD\Data\Raw\IIITD_Contact_Lens_Iris_DB\Vista Scanner\89\Normal\Right\5.bmp,0,0,7.155406e-06
C:\Users\sahar\OneDrive\Desktop\EXPLAINABLE_IRIS_PAD\Data\Raw\IIITD_Contact_Lens_Iris_DB\Vista Scanner\9\Colored\Left\1.bmp,1,1,0.9999833
C:\Users\sahar\OneDrive\Desktop\EXPLAINABLE_IRIS_PAD\Data\Raw\IIITD_Contact_Lens_Iris_DB\Vista Scanner\9\Colored\Left\2.bmp,1,1,0.9999721
C:\Users\sahar\OneDrive\Desktop\EXPLAINABLE_IRIS_PAD\Data\Raw\IIITD_Contact_Lens_Iris_DB\Vista Scanner\9\Colored\Left\3.bmp,1,1,0.999998
C:\Users\sahar\OneDrive\Desktop\EXPLAINABLE_IRIS_PAD\Data\Raw\IIITD_Contact_Lens_Iris_DB\Vista Scanner\9\Colored\Left\4.bmp,1,1,0.9999925
C:\Users\sahar\OneDrive\Desktop\EXPLAINABLE_IRIS_PAD\Data\Raw\IIITD_Contact_Lens_Iris_DB\Vista Scanner\9\Colored\Left\5.bmp,1,1,0.99927145
C:\Users\sahar\OneDrive\Desktop\EXPLAINABLE_IRIS_PAD\Data\Raw\IIITD_Contact_Lens_Iris_DB\Vista Scanner\9\Colored\Right\1.bmp,1,1,0.99999225
C:\Users\sahar\OneDrive\Desktop\EXPLAINABLE_IRIS_PAD\Data\Raw\IIITD_Contact_Lens_Iris_DB\Vista Scanner\9\Colored\Right\2.bmp,1,1,0.9999993
C:\Users\sahar\OneDrive\Desktop\EXPLAINABLE_IRIS_PAD\Data\Raw\IIITD_Contact_Lens_Iris_DB\Vista Scanner\9\Colored\Right\3.bmp,1,1,0.9999999
C:\Users\sahar\OneDrive\Desktop\EXPLAINABLE_IRIS_PAD\Data\Raw\IIITD_Contact_Lens_Iris_DB\Vista Scanner\9\Colored\Right\4.bmp,1,1,1.0
C:\Users\sahar\OneDrive\Desktop\EXPLAINABLE_IRIS_PAD\Data\Raw\IIITD_Contact_Lens_Iris_DB\Vista Scanner\9\Colored\Right\5.bmp,1,1,0.9999987
C:\Users\sahar\OneDrive\Desktop\EXPLAINABLE_IRIS_PAD\Data\Raw\IIITD_Contact_Lens_Iris_DB\Vista Scanner\9\Normal\Left\1.bmp,0,0,2.4632598e-06
C:\Users\sahar\OneDrive\Desktop\EXPLAINABLE_IRIS_PAD\Data\Raw\IIITD_Contact_Lens_Iris_DB\Vista Scanner\9\Normal\Left\2.bmp,0,0,5.829374e-06
C:\Users\sahar\OneDrive\Desktop\EXPLAINABLE_IRIS_PAD\Data\Raw\IIITD_Contact_Lens_Iris_DB\Vista Scanner\9\Normal\Left\3.bmp,0,0,2.604362e-05
C:\Users\sahar\OneDrive\Desktop\EXPLAINABLE_IRIS_PAD\Data\Raw\IIITD_Contact_Lens_Iris_DB\Vista Scanner\9\Normal\Left\4.bmp,0,0,1.2312352e-06
C:\Users\sahar\OneDrive\Desktop\EXPLAINABLE_IRIS_PAD\Data\Raw\IIITD_Contact_Lens_Iris_DB\Vista Scanner\9\Normal\Left\5.bmp,0,0,5.245994e-07
C:\Users\sahar\OneDrive\Desktop\EXPLAINABLE_IRIS_PAD\Data\Raw\IIITD_Contact_Lens_Iris_DB\Vista Scanner\9\Normal\Right\1.bmp,0,0,7.656564e-06
C:\Users\sahar\OneDrive\Desktop\EXPLAINABLE_IRIS_PAD\Data\Raw\IIITD_Contact_Lens_Iris_DB\Vista Scanner\9\Normal\Right\2.bmp,0,0,9.362027e-06
C:\Users\sahar\OneDrive\Desktop\EXPLAINABLE_IRIS_PAD\Data\Raw\IIITD_Contact_Lens_Iris_DB\Vista Scanner\9\Normal\Right\3.bmp,0,0,7.613836e-06
C:\Users\sahar\OneDrive\Desktop\EXPLAINABLE_IRIS_PAD\Data\Raw\IIITD_Contact_Lens_Iris_DB\Vista Scanner\9\Normal\Right\4.bmp,0,0,4.8005768e-05
C:\Users\sahar\OneDrive\Desktop\EXPLAINABLE_IRIS_PAD\Data\Raw\IIITD_Contact_Lens_Iris_DB\Vista Scanner\9\Normal\Right\5.bmp,0,0,5.5258884e-06
C:\Users\sahar\OneDrive\Desktop\EXPLAINABLE_IRIS_PAD\Data\Raw\IIITD_Contact_Lens_Iris_DB\Vista Scanner\90\Colored\Left\1.bmp,1,0,0.0260873
C:\Users\sahar\OneDrive\Desktop\EXPLAINABLE_IRIS_PAD\Data\Raw\IIITD_Contact_Lens_Iris_DB\Vista Scanner\90\Colored\Left\2.bmp,1,1,0.9994684
C:\Users\sahar\OneDrive\Desktop\EXPLAINABLE_IRIS_PAD\Data\Raw\IIITD_Contact_Lens_Iris_DB\Vista Scanner\90\Colored\Left\3.bmp,1,1,0.9550913
C:\Users\sahar\OneDrive\Desktop\EXPLAINABLE_IRIS_PAD\Data\Raw\IIITD_Contact_Lens_Iris_DB\Vista Scanner\90\Colored\Left\4.bmp,1,1,0.9999248
C:\Users\sahar\OneDrive\Desktop\EXPLAINABLE_IRIS_PAD\Data\Raw\IIITD_Contact_Lens_Iris_DB\Vista Scanner\90\Colored\Left\5.bmp,1,1,0.9990884
C:\Users\sahar\OneDrive\Desktop\EXPLAINABLE_IRIS_PAD\Data\Raw\IIITD_Contact_Lens_Iris_DB\Vista Scanner\90\Colored\Right\1.bmp,1,1,0.99902964
C:\Users\sahar\OneDrive\Desktop\EXPLAINABLE_IRIS_PAD\Data\Raw\IIITD_Contact_Lens_Iris_DB\Vista Scanner\90\Colored\Right\2.bmp,1,1,0.99998224
C:\Users\sahar\OneDrive\Desktop\EXPLAINABLE_IRIS_PAD\Data\Raw\IIITD_Contact_Lens_Iris_DB\Vista Scanner\90\Colored\Right\3.bmp,1,1,0.9999157
C:\Users\sahar\OneDrive\Desktop\EXPLAINABLE_IRIS_PAD\Data\Raw\IIITD_Contact_Lens_Iris_DB\Vista Scanner\90\Colored\Right\4.bmp,1,1,0.9999361
C:\Users\sahar\OneDrive\Desktop\EXPLAINABLE_IRIS_PAD\Data\Raw\IIITD_Contact_Lens_Iris_DB\Vista Scanner\90\Colored\Right\5.bmp,1,1,0.9999896
C:\Users\sahar\OneDrive\Desktop\EXPLAINABLE_IRIS_PAD\Data\Raw\IIITD_Contact_Lens_Iris_DB\Vista Scanner\90\Normal\Left\1.bmp,0,0,1.0188481e-05
C:\Users\sahar\OneDrive\Desktop\EXPLAINABLE_IRIS_PAD\Data\Raw\IIITD_Contact_Lens_Iris_DB\Vista Scanner\90\Normal\Left\2.bmp,0,0,2.9551268e-06
C:\Users\sahar\OneDrive\Desktop\EXPLAINABLE_IRIS_PAD\Data\Raw\IIITD_Contact_Lens_Iris_DB\Vista Scanner\90\Normal\Left\3.bmp,0,0,9.928038e-06
C:\Users\sahar\OneDrive\Desktop\EXPLAINABLE_IRIS_PAD\Data\Raw\IIITD_Contact_Lens_Iris_DB\Vista Scanner\90\Normal\Left\4.bmp,0,0,6.20557e-05
C:\Users\sahar\OneDrive\Desktop\EXPLAINABLE_IRIS_PAD\Data\Raw\IIITD_Contact_Lens_Iris_DB\Vista Scanner\90\Normal\Left\5.bmp,0,0,2.4898514e-05
C:\Users\sahar\OneDrive\Desktop\EXPLAINABLE_IRIS_PAD\Data\Raw\IIITD_Contact_Lens_Iris_DB\Vista Scanner\90\Normal\Right\1.bmp,0,0,1.4062472e-06
C:\Users\sahar\OneDrive\Desktop\EXPLAINABLE_IRIS_PAD\Data\Raw\IIITD_Contact_Lens_Iris_DB\Vista Scanner\90\Normal\Right\2.bmp,0,0,9.600263e-07
C:\Users\sahar\OneDrive\Desktop\EXPLAINABLE_IRIS_PAD\Data\Raw\IIITD_Contact_Lens_Iris_DB\Vista Scanner\90\Normal\Right\3.bmp,0,0,4.706898e-07
C:\Users\sahar\OneDrive\Desktop\EXPLAINABLE_IRIS_PAD\Data\Raw\IIITD_Contact_Lens_Iris_DB\Vista Scanner\90\Normal\Right\4.bmp,0,0,4.7902954e-06
C:\Users\sahar\OneDrive\Desktop\EXPLAINABLE_IRIS_PAD\Data\Raw\IIITD_Contact_Lens_Iris_DB\Vista Scanner\90\Normal\Right\5.bmp,0,0,9.341669e-07
C:\Users\sahar\OneDrive\Desktop\EXPLAINABLE_IRIS_PAD\Data\Raw\IIITD_Contact_Lens_Iris_DB\Vista Scanner\91\Colored\Left\1.bmp,1,1,0.9999999
C:\Users\sahar\OneDrive\Desktop\EXPLAINABLE_IRIS_PAD\Data\Raw\IIITD_Contact_Lens_Iris_DB\Vista Scanner\91\Colored\Left\2.bmp,1,1,0.99999774
C:\Users\sahar\OneDrive\Desktop\EXPLAINABLE_IRIS_PAD\Data\Raw\IIITD_Contact_Lens_Iris_DB\Vista Scanner\91\Colored\Left\3.bmp,1,1,0.9999982
C:\Users\sahar\OneDrive\Desktop\EXPLAINABLE_IRIS_PAD\Data\Raw\IIITD_Contact_Lens_Iris_DB\Vista Scanner\91\Colored\Left\4.bmp,1,1,0.99999833
C:\Users\sahar\OneDrive\Desktop\EXPLAINABLE_IRIS_PAD\Data\Raw\IIITD_Contact_Lens_Iris_DB\Vista Scanner\91\Colored\Left\5.bmp,1,1,0.9999995
C:\Users\sahar\OneDrive\Desktop\EXPLAINABLE_IRIS_PAD\Data\Raw\IIITD_Contact_Lens_Iris_DB\Vista Scanner\91\Colored\Right\1.bmp,1,1,0.9999956
C:\Users\sahar\OneDrive\Desktop\EXPLAINABLE_IRIS_PAD\Data\Raw\IIITD_Contact_Lens_Iris_DB\Vista Scanner\91\Colored\Right\2.bmp,1,1,0.9999968
C:\Users\sahar\OneDrive\Desktop\EXPLAINABLE_IRIS_PAD\Data\Raw\IIITD_Contact_Lens_Iris_DB\Vista Scanner\91\Colored\Right\3.bmp,1,1,0.9999554
C:\Users\sahar\OneDrive\Desktop\EXPLAINABLE_IRIS_PAD\Data\Raw\IIITD_Contact_Lens_Iris_DB\Vista Scanner\91\Colored\Right\4.bmp,1,1,0.9999999
C:\Users\sahar\OneDrive\Desktop\EXPLAINABLE_IRIS_PAD\Data\Raw\IIITD_Contact_Lens_Iris_DB\Vista Scanner\91\Colored\Right\5.bmp,1,1,0.9999999
C:\Users\sahar\OneDrive\Desktop\EXPLAINABLE_IRIS_PAD\Data\Raw\IIITD_Contact_Lens_Iris_DB\Vista Scanner\91\Normal\Left\1.bmp,0,0,8.663718e-05
C:\Users\sahar\OneDrive\Desktop\EXPLAINABLE_IRIS_PAD\Data\Raw\IIITD_Contact_Lens_Iris_DB\Vista Scanner\91\Normal\Left\2.bmp,0,0,6.027623e-06
C:\Users\sahar\OneDrive\Desktop\EXPLAINABLE_IRIS_PAD\Data\Raw\IIITD_Contact_Lens_Iris_DB\Vista Scanner\91\Normal\Left\3.bmp,0,0,2.13488e-05
C:\Users\sahar\OneDrive\Desktop\EXPLAINABLE_IRIS_PAD\Data\Raw\IIITD_Contact_Lens_Iris_DB\Vista Scanner\91\Normal\Left\4.bmp,0,0,1.1483914e-05
C:\Users\sahar\OneDrive\Desktop\EXPLAINABLE_IRIS_PAD\Data\Raw\IIITD_Contact_Lens_Iris_DB\Vista Scanner\91\Normal\Left\5.bmp,0,0,1.2026311e-06
C:\Users\sahar\OneDrive\Desktop\EXPLAINABLE_IRIS_PAD\Data\Raw\IIITD_Contact_Lens_Iris_DB\Vista Scanner\91\Normal\Right\1.bmp,0,0,3.0674277e-05
C:\Users\sahar\OneDrive\Desktop\EXPLAINABLE_IRIS_PAD\Data\Raw\IIITD_Contact_Lens_Iris_DB\Vista Scanner\91\Normal\Right\2.bmp,0,0,3.8235735e-06
C:\Users\sahar\OneDrive\Desktop\EXPLAINABLE_IRIS_PAD\Data\Raw\IIITD_Contact_Lens_Iris_DB\Vista Scanner\91\Normal\Right\3.bmp,0,0,8.130438e-06
C:\Users\sahar\OneDrive\Desktop\EXPLAINABLE_IRIS_PAD\Data\Raw\IIITD_Contact_Lens_Iris_DB\Vista Scanner\91\Normal\Right\4.bmp,0,0,3.8422753e-05
C:\Users\sahar\OneDrive\Desktop\EXPLAINABLE_IRIS_PAD\Data\Raw\IIITD_Contact_Lens_Iris_DB\Vista Scanner\91\Normal\Right\5.bmp,0,0,9.003282e-06
C:\Users\sahar\OneDrive\Desktop\EXPLAINABLE_IRIS_PAD\Data\Raw\IIITD_Contact_Lens_Iris_DB\Vista Scanner\92\Colored\Left\1.bmp,1,1,0.9999987
C:\Users\sahar\OneDrive\Desktop\EXPLAINABLE_IRIS_PAD\Data\Raw\IIITD_Contact_Lens_Iris_DB\Vista Scanner\92\Colored\Left\2.bmp,1,1,0.999951
C:\Users\sahar\OneDrive\Desktop\EXPLAINABLE_IRIS_PAD\Data\Raw\IIITD_Contact_Lens_Iris_DB\Vista Scanner\92\Colored\Left\3.bmp,1,1,0.9999994
C:\Users\sahar\OneDrive\Desktop\EXPLAINABLE_IRIS_PAD\Data\Raw\IIITD_Contact_Lens_Iris_DB\Vista Scanner\92\Colored\Left\4.bmp,1,1,0.99980384
C:\Users\sahar\OneDrive\Desktop\EXPLAINABLE_IRIS_PAD\Data\Raw\IIITD_Contact_Lens_Iris_DB\Vista Scanner\92\Colored\Left\5.bmp,1,1,0.9999943
C:\Users\sahar\OneDrive\Desktop\EXPLAINABLE_IRIS_PAD\Data\Raw\IIITD_Contact_Lens_Iris_DB\Vista Scanner\92\Colored\Right\1.bmp,1,1,0.9999527
C:\Users\sahar\OneDrive\Desktop\EXPLAINABLE_IRIS_PAD\Data\Raw\IIITD_Contact_Lens_Iris_DB\Vista Scanner\92\Colored\Right\2.bmp,1,1,0.9999931
C:\Users\sahar\OneDrive\Desktop\EXPLAINABLE_IRIS_PAD\Data\Raw\IIITD_Contact_Lens_Iris_DB\Vista Scanner\92\Colored\Right\3.bmp,1,1,0.9999999
C:\Users\sahar\OneDrive\Desktop\EXPLAINABLE_IRIS_PAD\Data\Raw\IIITD_Contact_Lens_Iris_DB\Vista Scanner\92\Colored\Right\4.bmp,1,1,0.99999166
C:\Users\sahar\OneDrive\Desktop\EXPLAINABLE_IRIS_PAD\Data\Raw\IIITD_Contact_Lens_Iris_DB\Vista Scanner\92\Colored\Right\5.bmp,1,1,0.9999988
C:\Users\sahar\OneDrive\Desktop\EXPLAINABLE_IRIS_PAD\Data\Raw\IIITD_Contact_Lens_Iris_DB\Vista Scanner\92\Normal\Left\1.bmp,0,0,1.8252853e-05
C:\Users\sahar\OneDrive\Desktop\EXPLAINABLE_IRIS_PAD\Data\Raw\IIITD_Contact_Lens_Iris_DB\Vista Scanner\92\Normal\Left\2.bmp,0,0,9.427062e-06
C:\Users\sahar\OneDrive\Desktop\EXPLAINABLE_IRIS_PAD\Data\Raw\IIITD_Contact_Lens_Iris_DB\Vista Scanner\92\Normal\Left\3.bmp,0,0,1.6999887e-06
C:\Users\sahar\OneDrive\Desktop\EXPLAINABLE_IRIS_PAD\Data\Raw\IIITD_Contact_Lens_Iris_DB\Vista Scanner\92\Normal\Left\4.bmp,0,0,1.432825e-06
C:\Users\sahar\OneDrive\Desktop\EXPLAINABLE_IRIS_PAD\Data\Raw\IIITD_Contact_Lens_Iris_DB\Vista Scanner\92\Normal\Left\5.bmp,0,0,6.203115e-06
C:\Users\sahar\OneDrive\Desktop\EXPLAINABLE_IRIS_PAD\Data\Raw\IIITD_Contact_Lens_Iris_DB\Vista Scanner\92\Normal\Right\1.bmp,0,0,1.3099308e-05
C:\Users\sahar\OneDrive\Desktop\EXPLAINABLE_IRIS_PAD\Data\Raw\IIITD_Contact_Lens_Iris_DB\Vista Scanner\92\Normal\Right\2.bmp,0,0,1.2864001e-06
C:\Users\sahar\OneDrive\Desktop\EXPLAINABLE_IRIS_PAD\Data\Raw\IIITD_Contact_Lens_Iris_DB\Vista Scanner\92\Normal\Right\3.bmp,0,0,1.8550172e-06
C:\Users\sahar\OneDrive\Desktop\EXPLAINABLE_IRIS_PAD\Data\Raw\IIITD_Contact_Lens_Iris_DB\Vista Scanner\92\Normal\Right\4.bmp,0,0,3.4359462e-05
C:\Users\sahar\OneDrive\Desktop\EXPLAINABLE_IRIS_PAD\Data\Raw\IIITD_Contact_Lens_Iris_DB\Vista Scanner\92\Normal\Right\5.bmp,0,0,6.7848077e-06
C:\Users\sahar\OneDrive\Desktop\EXPLAINABLE_IRIS_PAD\Data\Raw\IIITD_Contact_Lens_Iris_DB\Vista Scanner\93\Colored\Left\1.bmp,1,1,0.999607
C:\Users\sahar\OneDrive\Desktop\EXPLAINABLE_IRIS_PAD\Data\Raw\IIITD_Contact_Lens_Iris_DB\Vista Scanner\93\Colored\Left\2.bmp,1,1,0.99999154
C:\Users\sahar\OneDrive\Desktop\EXPLAINABLE_IRIS_PAD\Data\Raw\IIITD_Contact_Lens_Iris_DB\Vista Scanner\93\Colored\Left\3.bmp,1,1,0.999956
C:\Users\sahar\OneDrive\Desktop\EXPLAINABLE_IRIS_PAD\Data\Raw\IIITD_Contact_Lens_Iris_DB\Vista Scanner\93\Colored\Left\4.bmp,1,1,0.9994906
C:\Users\sahar\OneDrive\Desktop\EXPLAINABLE_IRIS_PAD\Data\Raw\IIITD_Contact_Lens_Iris_DB\Vista Scanner\93\Colored\Left\5.bmp,1,1,0.99999857
C:\Users\sahar\OneDrive\Desktop\EXPLAINABLE_IRIS_PAD\Data\Raw\IIITD_Contact_Lens_Iris_DB\Vista Scanner\93\Colored\Right\1.bmp,1,1,0.9999869
C:\Users\sahar\OneDrive\Desktop\EXPLAINABLE_IRIS_PAD\Data\Raw\IIITD_Contact_Lens_Iris_DB\Vista Scanner\93\Colored\Right\2.bmp,1,1,0.99997306
C:\Users\sahar\OneDrive\Desktop\EXPLAINABLE_IRIS_PAD\Data\Raw\IIITD_Contact_Lens_Iris_DB\Vista Scanner\93\Colored\Right\3.bmp,1,1,0.9999994
C:\Users\sahar\OneDrive\Desktop\EXPLAINABLE_IRIS_PAD\Data\Raw\IIITD_Contact_Lens_Iris_DB\Vista Scanner\93\Colored\Right\4.bmp,1,1,0.9998834
C:\Users\sahar\OneDrive\Desktop\EXPLAINABLE_IRIS_PAD\Data\Raw\IIITD_Contact_Lens_Iris_DB\Vista Scanner\93\Colored\Right\5.bmp,1,1,0.99983335
C:\Users\sahar\OneDrive\Desktop\EXPLAINABLE_IRIS_PAD\Data\Raw\IIITD_Contact_Lens_Iris_DB\Vista Scanner\93\Normal\Left\1.bmp,0,0,6.4878775e-05
C:\Users\sahar\OneDrive\Desktop\EXPLAINABLE_IRIS_PAD\Data\Raw\IIITD_Contact_Lens_Iris_DB\Vista Scanner\93\Normal\Left\2.bmp,0,0,1.7378765e-05
C:\Users\sahar\OneDrive\Desktop\EXPLAINABLE_IRIS_PAD\Data\Raw\IIITD_Contact_Lens_Iris_DB\Vista Scanner\93\Normal\Left\3.bmp,0,0,1.535153e-05
C:\Users\sahar\OneDrive\Desktop\EXPLAINABLE_IRIS_PAD\Data\Raw\IIITD_Contact_Lens_Iris_DB\Vista Scanner\93\Normal\Left\4.bmp,0,0,9.785106e-06
C:\Users\sahar\OneDrive\Desktop\EXPLAINABLE_IRIS_PAD\Data\Raw\IIITD_Contact_Lens_Iris_DB\Vista Scanner\93\Normal\Left\5.bmp,0,0,1.3313523e-05
C:\Users\sahar\OneDrive\Desktop\EXPLAINABLE_IRIS_PAD\Data\Raw\IIITD_Contact_Lens_Iris_DB\Vista Scanner\93\Normal\Right\1.bmp,0,0,4.1703975e-06
C:\Users\sahar\OneDrive\Desktop\EXPLAINABLE_IRIS_PAD\Data\Raw\IIITD_Contact_Lens_Iris_DB\Vista Scanner\93\Normal\Right\2.bmp,0,0,2.472823e-06
C:\Users\sahar\OneDrive\Desktop\EXPLAINABLE_IRIS_PAD\Data\Raw\IIITD_Contact_Lens_Iris_DB\Vista Scanner\93\Normal\Right\3.bmp,0,0,2.1093123e-05
C:\Users\sahar\OneDrive\Desktop\EXPLAINABLE_IRIS_PAD\Data\Raw\IIITD_Contact_Lens_Iris_DB\Vista Scanner\93\Normal\Right\4.bmp,0,0,3.5393723e-06
C:\Users\sahar\OneDrive\Desktop\EXPLAINABLE_IRIS_PAD\Data\Raw\IIITD_Contact_Lens_Iris_DB\Vista Scanner\93\Normal\Right\5.bmp,0,0,2.2333197e-06
C:\Users\sahar\OneDrive\Desktop\EXPLAINABLE_IRIS_PAD\Data\Raw\IIITD_Contact_Lens_Iris_DB\Vista Scanner\94\Colored\Left\1.bmp,1,1,1.0
C:\Users\sahar\OneDrive\Desktop\EXPLAINABLE_IRIS_PAD\Data\Raw\IIITD_Contact_Lens_Iris_DB\Vista Scanner\94\Colored\Left\2.bmp,1,1,1.0
C:\Users\sahar\OneDrive\Desktop\EXPLAINABLE_IRIS_PAD\Data\Raw\IIITD_Contact_Lens_Iris_DB\Vista Scanner\94\Colored\Left\3.bmp,1,1,1.0
C:\Users\sahar\OneDrive\Desktop\EXPLAINABLE_IRIS_PAD\Data\Raw\IIITD_Contact_Lens_Iris_DB\Vista Scanner\94\Colored\Left\4.bmp,1,1,0.999997
C:\Users\sahar\OneDrive\Desktop\EXPLAINABLE_IRIS_PAD\Data\Raw\IIITD_Contact_Lens_Iris_DB\Vista Scanner\94\Colored\Left\5.bmp,1,1,0.9999988
C:\Users\sahar\OneDrive\Desktop\EXPLAINABLE_IRIS_PAD\Data\Raw\IIITD_Contact_Lens_Iris_DB\Vista Scanner\94\Colored\Right\1.bmp,1,1,0.9999913
C:\Users\sahar\OneDrive\Desktop\EXPLAINABLE_IRIS_PAD\Data\Raw\IIITD_Contact_Lens_Iris_DB\Vista Scanner\94\Colored\Right\2.bmp,1,1,0.99999857
C:\Users\sahar\OneDrive\Desktop\EXPLAINABLE_IRIS_PAD\Data\Raw\IIITD_Contact_Lens_Iris_DB\Vista Scanner\94\Colored\Right\3.bmp,1,1,0.9999999
C:\Users\sahar\OneDrive\Desktop\EXPLAINABLE_IRIS_PAD\Data\Raw\IIITD_Contact_Lens_Iris_DB\Vista Scanner\94\Colored\Right\4.bmp,1,1,0.99999535
C:\Users\sahar\OneDrive\Desktop\EXPLAINABLE_IRIS_PAD\Data\Raw\IIITD_Contact_Lens_Iris_DB\Vista Scanner\94\Colored\Right\5.bmp,1,1,0.99984336
C:\Users\sahar\OneDrive\Desktop\EXPLAINABLE_IRIS_PAD\Data\Raw\IIITD_Contact_Lens_Iris_DB\Vista Scanner\94\Normal\Left\1.bmp,0,0,3.0390395e-06
C:\Users\sahar\OneDrive\Desktop\EXPLAINABLE_IRIS_PAD\Data\Raw\IIITD_Contact_Lens_Iris_DB\Vista Scanner\94\Normal\Left\2.bmp,0,0,1.7369022e-07
C:\Users\sahar\OneDrive\Desktop\EXPLAINABLE_IRIS_PAD\Data\Raw\IIITD_Contact_Lens_Iris_DB\Vista Scanner\94\Normal\Left\3.bmp,0,0,1.3998778e-07
C:\Users\sahar\OneDrive\Desktop\EXPLAINABLE_IRIS_PAD\Data\Raw\IIITD_Contact_Lens_Iris_DB\Vista Scanner\94\Normal\Left\4.bmp,0,0,4.764276e-07
C:\Users\sahar\OneDrive\Desktop\EXPLAINABLE_IRIS_PAD\Data\Raw\IIITD_Contact_Lens_Iris_DB\Vista Scanner\94\Normal\Left\5.bmp,0,0,4.1088495e-07
C:\Users\sahar\OneDrive\Desktop\EXPLAINABLE_IRIS_PAD\Data\Raw\IIITD_Contact_Lens_Iris_DB\Vista Scanner\94\Normal\Right\1.bmp,0,0,2.4679146e-08
C:\Users\sahar\OneDrive\Desktop\EXPLAINABLE_IRIS_PAD\Data\Raw\IIITD_Contact_Lens_Iris_DB\Vista Scanner\94\Normal\Right\2.bmp,0,0,4.0930463e-09
C:\Users\sahar\OneDrive\Desktop\EXPLAINABLE_IRIS_PAD\Data\Raw\IIITD_Contact_Lens_Iris_DB\Vista Scanner\94\Normal\Right\3.bmp,0,0,2.3320242e-08
C:\Users\sahar\OneDrive\Desktop\EXPLAINABLE_IRIS_PAD\Data\Raw\IIITD_Contact_Lens_Iris_DB\Vista Scanner\94\Normal\Right\4.bmp,0,0,2.8538573e-06
C:\Users\sahar\OneDrive\Desktop\EXPLAINABLE_IRIS_PAD\Data\Raw\IIITD_Contact_Lens_Iris_DB\Vista Scanner\94\Normal\Right\5.bmp,0,0,9.3948273e-07
C:\Users\sahar\OneDrive\Desktop\EXPLAINABLE_IRIS_PAD\Data\Raw\IIITD_Contact_Lens_Iris_DB\Vista Scanner\95\Colored\Left\1.bmp,1,1,0.99999917
C:\Users\sahar\OneDrive\Desktop\EXPLAINABLE_IRIS_PAD\Data\Raw\IIITD_Contact_Lens_Iris_DB\Vista Scanner\95\Colored\Left\2.bmp,1,1,0.9999937
C:\Users\sahar\OneDrive\Desktop\EXPLAINABLE_IRIS_PAD\Data\Raw\IIITD_Contact_Lens_Iris_DB\Vista Scanner\95\Colored\Left\3.bmp,1,1,0.99999964
C:\Users\sahar\OneDrive\Desktop\EXPLAINABLE_IRIS_PAD\Data\Raw\IIITD_Contact_Lens_Iris_DB\Vista Scanner\95\Colored\Left\4.bmp,1,1,0.99998665
C:\Users\sahar\OneDrive\Desktop\EXPLAINABLE_IRIS_PAD\Data\Raw\IIITD_Contact_Lens_Iris_DB\Vista Scanner\95\Colored\Left\5.bmp,1,1,0.99999917
C:\Users\sahar\OneDrive\Desktop\EXPLAINABLE_IRIS_PAD\Data\Raw\IIITD_Contact_Lens_Iris_DB\Vista Scanner\95\Colored\Right\1.bmp,1,1,0.99999976
C:\Users\sahar\OneDrive\Desktop\EXPLAINABLE_IRIS_PAD\Data\Raw\IIITD_Contact_Lens_Iris_DB\Vista Scanner\95\Colored\Right\2.bmp,1,1,0.9999988
C:\Users\sahar\OneDrive\Desktop\EXPLAINABLE_IRIS_PAD\Data\Raw\IIITD_Contact_Lens_Iris_DB\Vista Scanner\95\Colored\Right\3.bmp,1,1,0.9999969
C:\Users\sahar\OneDrive\Desktop\EXPLAINABLE_IRIS_PAD\Data\Raw\IIITD_Contact_Lens_Iris_DB\Vista Scanner\95\Colored\Right\4.bmp,1,1,0.9999919
C:\Users\sahar\OneDrive\Desktop\EXPLAINABLE_IRIS_PAD\Data\Raw\IIITD_Contact_Lens_Iris_DB\Vista Scanner\95\Colored\Right\5.bmp,1,1,0.99999964
C:\Users\sahar\OneDrive\Desktop\EXPLAINABLE_IRIS_PAD\Data\Raw\IIITD_Contact_Lens_Iris_DB\Vista Scanner\95\Normal\Left\1.bmp,0,0,1.6043985e-09
C:\Users\sahar\OneDrive\Desktop\EXPLAINABLE_IRIS_PAD\Data\Raw\IIITD_Contact_Lens_Iris_DB\Vista Scanner\95\Normal\Left\2.bmp,0,0,1.0238449e-08
C:\Users\sahar\OneDrive\Desktop\EXPLAINABLE_IRIS_PAD\Data\Raw\IIITD_Contact_Lens_Iris_DB\Vista Scanner\95\Normal\Left\3.bmp,0,0,1.1275905e-07
C:\Users\sahar\OneDrive\Desktop\EXPLAINABLE_IRIS_PAD\Data\Raw\IIITD_Contact_Lens_Iris_DB\Vista Scanner\95\Normal\Left\4.bmp,0,0,4.6030706e-08
C:\Users\sahar\OneDrive\Desktop\EXPLAINABLE_IRIS_PAD\Data\Raw\IIITD_Contact_Lens_Iris_DB\Vista Scanner\95\Normal\Left\5.bmp,0,0,1.6670015e-06
C:\Users\sahar\OneDrive\Desktop\EXPLAINABLE_IRIS_PAD\Data\Raw\IIITD_Contact_Lens_Iris_DB\Vista Scanner\95\Normal\Right\1.bmp,0,0,3.8837666e-06
C:\Users\sahar\OneDrive\Desktop\EXPLAINABLE_IRIS_PAD\Data\Raw\IIITD_Contact_Lens_Iris_DB\Vista Scanner\95\Normal\Right\2.bmp,0,0,3.8818493e-07
C:\Users\sahar\OneDrive\Desktop\EXPLAINABLE_IRIS_PAD\Data\Raw\IIITD_Contact_Lens_Iris_DB\Vista Scanner\95\Normal\Right\3.bmp,0,0,6.049807e-06
C:\Users\sahar\OneDrive\Desktop\EXPLAINABLE_IRIS_PAD\Data\Raw\IIITD_Contact_Lens_Iris_DB\Vista Scanner\95\Normal\Right\4.bmp,0,0,3.2885296e-06
C:\Users\sahar\OneDrive\Desktop\EXPLAINABLE_IRIS_PAD\Data\Raw\IIITD_Contact_Lens_Iris_DB\Vista Scanner\95\Normal\Right\5.bmp,0,0,1.3881861e-05
C:\Users\sahar\OneDrive\Desktop\EXPLAINABLE_IRIS_PAD\Data\Raw\IIITD_Contact_Lens_Iris_DB\Vista Scanner\96\Colored\Left\1.bmp,1,1,1.0
C:\Users\sahar\OneDrive\Desktop\EXPLAINABLE_IRIS_PAD\Data\Raw\IIITD_Contact_Lens_Iris_DB\Vista Scanner\96\Colored\Left\2.bmp,1,1,1.0
C:\Users\sahar\OneDrive\Desktop\EXPLAINABLE_IRIS_PAD\Data\Raw\IIITD_Contact_Lens_Iris_DB\Vista Scanner\96\Colored\Left\3.bmp,1,1,0.99999714
C:\Users\sahar\OneDrive\Desktop\EXPLAINABLE_IRIS_PAD\Data\Raw\IIITD_Contact_Lens_Iris_DB\Vista Scanner\96\Colored\Left\4.bmp,1,1,0.99999785
C:\Users\sahar\OneDrive\Desktop\EXPLAINABLE_IRIS_PAD\Data\Raw\IIITD_Contact_Lens_Iris_DB\Vista Scanner\96\Colored\Left\5.bmp,1,1,1.0
C:\Users\sahar\OneDrive\Desktop\EXPLAINABLE_IRIS_PAD\Data\Raw\IIITD_Contact_Lens_Iris_DB\Vista Scanner\96\Colored\Right\1.bmp,1,1,0.99939287
C:\Users\sahar\OneDrive\Desktop\EXPLAINABLE_IRIS_PAD\Data\Raw\IIITD_Contact_Lens_Iris_DB\Vista Scanner\96\Colored\Right\2.bmp,1,1,0.9995882
C:\Users\sahar\OneDrive\Desktop\EXPLAINABLE_IRIS_PAD\Data\Raw\IIITD_Contact_Lens_Iris_DB\Vista Scanner\96\Colored\Right\3.bmp,1,1,0.9999198
C:\Users\sahar\OneDrive\Desktop\EXPLAINABLE_IRIS_PAD\Data\Raw\IIITD_Contact_Lens_Iris_DB\Vista Scanner\96\Colored\Right\4.bmp,1,1,0.99788636
C:\Users\sahar\OneDrive\Desktop\EXPLAINABLE_IRIS_PAD\Data\Raw\IIITD_Contact_Lens_Iris_DB\Vista Scanner\96\Colored\Right\5.bmp,1,1,0.9989537
C:\Users\sahar\OneDrive\Desktop\EXPLAINABLE_IRIS_PAD\Data\Raw\IIITD_Contact_Lens_Iris_DB\Vista Scanner\96\Normal\Left\1.bmp,0,0,1.733531e-06
C:\Users\sahar\OneDrive\Desktop\EXPLAINABLE_IRIS_PAD\Data\Raw\IIITD_Contact_Lens_Iris_DB\Vista Scanner\96\Normal\Left\2.bmp,0,0,7.910773e-06
C:\Users\sahar\OneDrive\Desktop\EXPLAINABLE_IRIS_PAD\Data\Raw\IIITD_Contact_Lens_Iris_DB\Vista Scanner\96\Normal\Left\3.bmp,0,0,0.002469943
C:\Users\sahar\OneDrive\Desktop\EXPLAINABLE_IRIS_PAD\Data\Raw\IIITD_Contact_Lens_Iris_DB\Vista Scanner\96\Normal\Left\4.bmp,0,0,1.4112399e-05
C:\Users\sahar\OneDrive\Desktop\EXPLAINABLE_IRIS_PAD\Data\Raw\IIITD_Contact_Lens_Iris_DB\Vista Scanner\96\Normal\Left\5.bmp,0,0,8.5701583e-07
C:\Users\sahar\OneDrive\Desktop\EXPLAINABLE_IRIS_PAD\Data\Raw\IIITD_Contact_Lens_Iris_DB\Vista Scanner\96\Normal\Right\1.bmp,0,0,3.2296389e-06
C:\Users\sahar\OneDrive\Desktop\EXPLAINABLE_IRIS_PAD\Data\Raw\IIITD_Contact_Lens_Iris_DB\Vista Scanner\96\Normal\Right\2.bmp,0,0,0.00015289454
C:\Users\sahar\OneDrive\Desktop\EXPLAINABLE_IRIS_PAD\Data\Raw\IIITD_Contact_Lens_Iris_DB\Vista Scanner\96\Normal\Right\3.bmp,0,0,4.9009308e-05
C:\Users\sahar\OneDrive\Desktop\EXPLAINABLE_IRIS_PAD\Data\Raw\IIITD_Contact_Lens_Iris_DB\Vista Scanner\96\Normal\Right\4.bmp,0,0,0.00012898276
C:\Users\sahar\OneDrive\Desktop\EXPLAINABLE_IRIS_PAD\Data\Raw\IIITD_Contact_Lens_Iris_DB\Vista Scanner\96\Normal\Right\5.bmp,0,0,2.5766954e-05
C:\Users\sahar\OneDrive\Desktop\EXPLAINABLE_IRIS_PAD\Data\Raw\IIITD_Contact_Lens_Iris_DB\Vista Scanner\97\Colored\Left\1.bmp,1,1,0.9996031
C:\Users\sahar\OneDrive\Desktop\EXPLAINABLE_IRIS_PAD\Data\Raw\IIITD_Contact_Lens_Iris_DB\Vista Scanner\97\Colored\Left\2.bmp,1,1,0.9638285
C:\Users\sahar\OneDrive\Desktop\EXPLAINABLE_IRIS_PAD\Data\Raw\IIITD_Contact_Lens_Iris_DB\Vista Scanner\97\Colored\Left\3.bmp,1,1,0.9993894
C:\Users\sahar\OneDrive\Desktop\EXPLAINABLE_IRIS_PAD\Data\Raw\IIITD_Contact_Lens_Iris_DB\Vista Scanner\97\Colored\Left\4.bmp,1,1,0.9999459
C:\Users\sahar\OneDrive\Desktop\EXPLAINABLE_IRIS_PAD\Data\Raw\IIITD_Contact_Lens_Iris_DB\Vista Scanner\97\Colored\Left\5.bmp,1,1,0.99056154
C:\Users\sahar\OneDrive\Desktop\EXPLAINABLE_IRIS_PAD\Data\Raw\IIITD_Contact_Lens_Iris_DB\Vista Scanner\97\Colored\Right\1.bmp,1,1,0.9509688
C:\Users\sahar\OneDrive\Desktop\EXPLAINABLE_IRIS_PAD\Data\Raw\IIITD_Contact_Lens_Iris_DB\Vista Scanner\97\Colored\Right\2.bmp,1,0,0.20977132
C:\Users\sahar\OneDrive\Desktop\EXPLAINABLE_IRIS_PAD\Data\Raw\IIITD_Contact_Lens_Iris_DB\Vista Scanner\97\Colored\Right\3.bmp,1,1,0.709093
C:\Users\sahar\OneDrive\Desktop\EXPLAINABLE_IRIS_PAD\Data\Raw\IIITD_Contact_Lens_Iris_DB\Vista Scanner\97\Colored\Right\4.bmp,1,1,0.99540555
C:\Users\sahar\OneDrive\Desktop\EXPLAINABLE_IRIS_PAD\Data\Raw\IIITD_Contact_Lens_Iris_DB\Vista Scanner\97\Colored\Right\5.bmp,1,1,0.99373627
C:\Users\sahar\OneDrive\Desktop\EXPLAINABLE_IRIS_PAD\Data\Raw\IIITD_Contact_Lens_Iris_DB\Vista Scanner\97\Normal\Left\1.bmp,0,0,1.14241075e-07
C:\Users\sahar\OneDrive\Desktop\EXPLAINABLE_IRIS_PAD\Data\Raw\IIITD_Contact_Lens_Iris_DB\Vista Scanner\97\Normal\Left\2.bmp,0,0,5.1514155e-07
C:\Users\sahar\OneDrive\Desktop\EXPLAINABLE_IRIS_PAD\Data\Raw\IIITD_Contact_Lens_Iris_DB\Vista Scanner\97\Normal\Left\3.bmp,0,0,4.220544e-07
C:\Users\sahar\OneDrive\Desktop\EXPLAINABLE_IRIS_PAD\Data\Raw\IIITD_Contact_Lens_Iris_DB\Vista Scanner\97\Normal\Left\4.bmp,0,0,1.6808245e-07
C:\Users\sahar\OneDrive\Desktop\EXPLAINABLE_IRIS_PAD\Data\Raw\IIITD_Contact_Lens_Iris_DB\Vista Scanner\97\Normal\Left\5.bmp,0,0,8.338264e-08
C:\Users\sahar\OneDrive\Desktop\EXPLAINABLE_IRIS_PAD\Data\Raw\IIITD_Contact_Lens_Iris_DB\Vista Scanner\97\Normal\Right\1.bmp,0,0,5.0701496e-09
C:\Users\sahar\OneDrive\Desktop\EXPLAINABLE_IRIS_PAD\Data\Raw\IIITD_Contact_Lens_Iris_DB\Vista Scanner\97\Normal\Right\2.bmp,0,0,9.860338e-08
C:\Users\sahar\OneDrive\Desktop\EXPLAINABLE_IRIS_PAD\Data\Raw\IIITD_Contact_Lens_Iris_DB\Vista Scanner\97\Normal\Right\3.bmp,0,0,1.3014797e-08
C:\Users\sahar\OneDrive\Desktop\EXPLAINABLE_IRIS_PAD\Data\Raw\IIITD_Contact_Lens_Iris_DB\Vista Scanner\97\Normal\Right\4.bmp,0,0,1.4447087e-09
C:\Users\sahar\OneDrive\Desktop\EXPLAINABLE_IRIS_PAD\Data\Raw\IIITD_Contact_Lens_Iris_DB\Vista Scanner\97\Normal\Right\5.bmp,0,0,1.5282626e-07
C:\Users\sahar\OneDrive\Desktop\EXPLAINABLE_IRIS_PAD\Data\Raw\IIITD_Contact_Lens_Iris_DB\Vista Scanner\98\Colored\Left\1.bmp,1,1,0.99921656
C:\Users\sahar\OneDrive\Desktop\EXPLAINABLE_IRIS_PAD\Data\Raw\IIITD_Contact_Lens_Iris_DB\Vista Scanner\98\Colored\Left\2.bmp,1,1,0.9991923
C:\Users\sahar\OneDrive\Desktop\EXPLAINABLE_IRIS_PAD\Data\Raw\IIITD_Contact_Lens_Iris_DB\Vista Scanner\98\Colored\Left\3.bmp,1,1,0.99998415
C:\Users\sahar\OneDrive\Desktop\EXPLAINABLE_IRIS_PAD\Data\Raw\IIITD_Contact_Lens_Iris_DB\Vista Scanner\98\Colored\Left\4.bmp,1,1,0.9999577
C:\Users\sahar\OneDrive\Desktop\EXPLAINABLE_IRIS_PAD\Data\Raw\IIITD_Contact_Lens_Iris_DB\Vista Scanner\98\Colored\Left\5.bmp,1,1,0.99944204
C:\Users\sahar\OneDrive\Desktop\EXPLAINABLE_IRIS_PAD\Data\Raw\IIITD_Contact_Lens_Iris_DB\Vista Scanner\98\Colored\Right\1.bmp,1,1,1.0
C:\Users\sahar\OneDrive\Desktop\EXPLAINABLE_IRIS_PAD\Data\Raw\IIITD_Contact_Lens_Iris_DB\Vista Scanner\98\Colored\Right\2.bmp,1,1,0.99998224
C:\Users\sahar\OneDrive\Desktop\EXPLAINABLE_IRIS_PAD\Data\Raw\IIITD_Contact_Lens_Iris_DB\Vista Scanner\98\Colored\Right\3.bmp,1,1,0.99999917
C:\Users\sahar\OneDrive\Desktop\EXPLAINABLE_IRIS_PAD\Data\Raw\IIITD_Contact_Lens_Iris_DB\Vista Scanner\98\Colored\Right\4.bmp,1,1,0.99999535
C:\Users\sahar\OneDrive\Desktop\EXPLAINABLE_IRIS_PAD\Data\Raw\IIITD_Contact_Lens_Iris_DB\Vista Scanner\98\Colored\Right\5.bmp,1,1,0.9999901
C:\Users\sahar\OneDrive\Desktop\EXPLAINABLE_IRIS_PAD\Data\Raw\IIITD_Contact_Lens_Iris_DB\Vista Scanner\98\Normal\Left\1.bmp,0,0,9.756553e-07
C:\Users\sahar\OneDrive\Desktop\EXPLAINABLE_IRIS_PAD\Data\Raw\IIITD_Contact_Lens_Iris_DB\Vista Scanner\98\Normal\Left\2.bmp,0,0,2.18202e-06
C:\Users\sahar\OneDrive\Desktop\EXPLAINABLE_IRIS_PAD\Data\Raw\IIITD_Contact_Lens_Iris_DB\Vista Scanner\98\Normal\Left\3.bmp,0,0,1.7144319e-07
C:\Users\sahar\OneDrive\Desktop\EXPLAINABLE_IRIS_PAD\Data\Raw\IIITD_Contact_Lens_Iris_DB\Vista Scanner\98\Normal\Left\4.bmp,0,0,1.653147e-05
C:\Users\sahar\OneDrive\Desktop\EXPLAINABLE_IRIS_PAD\Data\Raw\IIITD_Contact_Lens_Iris_DB\Vista Scanner\98\Normal\Left\5.bmp,0,0,3.28393e-08
C:\Users\sahar\OneDrive\Desktop\EXPLAINABLE_IRIS_PAD\Data\Raw\IIITD_Contact_Lens_Iris_DB\Vista Scanner\98\Normal\Right\1.bmp,0,0,1.0161098e-06
C:\Users\sahar\OneDrive\Desktop\EXPLAINABLE_IRIS_PAD\Data\Raw\IIITD_Contact_Lens_Iris_DB\Vista Scanner\98\Normal\Right\2.bmp,0,0,1.473575e-05
C:\Users\sahar\OneDrive\Desktop\EXPLAINABLE_IRIS_PAD\Data\Raw\IIITD_Contact_Lens_Iris_DB\Vista Scanner\98\Normal\Right\3.bmp,0,0,4.563479e-08
C:\Users\sahar\OneDrive\Desktop\EXPLAINABLE_IRIS_PAD\Data\Raw\IIITD_Contact_Lens_Iris_DB\Vista Scanner\98\Normal\Right\4.bmp,0,0,3.638146e-07
C:\Users\sahar\OneDrive\Desktop\EXPLAINABLE_IRIS_PAD\Data\Raw\IIITD_Contact_Lens_Iris_DB\Vista Scanner\98\Normal\Right\5.bmp,0,0,7.326104e-06
C:\Users\sahar\OneDrive\Desktop\EXPLAINABLE_IRIS_PAD\Data\Raw\IIITD_Contact_Lens_Iris_DB\Vista Scanner\99\Colored\Left\1.bmp,1,1,0.9999776
C:\Users\sahar\OneDrive\Desktop\EXPLAINABLE_IRIS_PAD\Data\Raw\IIITD_Contact_Lens_Iris_DB\Vista Scanner\99\Colored\Left\2.bmp,1,1,0.9999999
C:\Users\sahar\OneDrive\Desktop\EXPLAINABLE_IRIS_PAD\Data\Raw\IIITD_Contact_Lens_Iris_DB\Vista Scanner\99\Colored\Left\3.bmp,1,1,0.99999976
C:\Users\sahar\OneDrive\Desktop\EXPLAINABLE_IRIS_PAD\Data\Raw\IIITD_Contact_Lens_Iris_DB\Vista Scanner\99\Colored\Left\4.bmp,1,1,1.0
C:\Users\sahar\OneDrive\Desktop\EXPLAINABLE_IRIS_PAD\Data\Raw\IIITD_Contact_Lens_Iris_DB\Vista Scanner\99\Colored\Left\5.bmp,1,1,0.99999964
C:\Users\sahar\OneDrive\Desktop\EXPLAINABLE_IRIS_PAD\Data\Raw\IIITD_Contact_Lens_Iris_DB\Vista Scanner\99\Colored\Right\1.bmp,1,1,0.9999995
C:\Users\sahar\OneDrive\Desktop\EXPLAINABLE_IRIS_PAD\Data\Raw\IIITD_Contact_Lens_Iris_DB\Vista Scanner\99\Colored\Right\2.bmp,1,1,0.99999964
C:\Users\sahar\OneDrive\Desktop\EXPLAINABLE_IRIS_PAD\Data\Raw\IIITD_Contact_Lens_Iris_DB\Vista Scanner\99\Colored\Right\3.bmp,1,1,0.99999976
C:\Users\sahar\OneDrive\Desktop\EXPLAINABLE_IRIS_PAD\Data\Raw\IIITD_Contact_Lens_Iris_DB\Vista Scanner\99\Colored\Right\4.bmp,1,1,0.99996555
C:\Users\sahar\OneDrive\Desktop\EXPLAINABLE_IRIS_PAD\Data\Raw\IIITD_Contact_Lens_Iris_DB\Vista Scanner\99\Colored\Right\5.bmp,1,1,0.99999976
C:\Users\sahar\OneDrive\Desktop\EXPLAINABLE_IRIS_PAD\Data\Raw\IIITD_Contact_Lens_Iris_DB\Vista Scanner\99\Normal\Left\1.bmp,0,0,3.9122646e-08
C:\Users\sahar\OneDrive\Desktop\EXPLAINABLE_IRIS_PAD\Data\Raw\IIITD_Contact_Lens_Iris_DB\Vista Scanner\99\Normal\Left\2.bmp,0,0,4.2403776e-08
C:\Users\sahar\OneDrive\Desktop\EXPLAINABLE_IRIS_PAD\Data\Raw\IIITD_Contact_Lens_Iris_DB\Vista Scanner\99\Normal\Left\3.bmp,0,0,6.559944e-10
C:\Users\sahar\OneDrive\Desktop\EXPLAINABLE_IRIS_PAD\Data\Raw\IIITD_Contact_Lens_Iris_DB\Vista Scanner\99\Normal\Left\4.bmp,0,0,2.4872504e-06
C:\Users\sahar\OneDrive\Desktop\EXPLAINABLE_IRIS_PAD\Data\Raw\IIITD_Contact_Lens_Iris_DB\Vista Scanner\99\Normal\Left\5.bmp,0,0,9.170827e-09
C:\Users\sahar\OneDrive\Desktop\EXPLAINABLE_IRIS_PAD\Data\Raw\IIITD_Contact_Lens_Iris_DB\Vista Scanner\99\Normal\Right\1.bmp,0,0,1.1625337e-06
C:\Users\sahar\OneDrive\Desktop\EXPLAINABLE_IRIS_PAD\Data\Raw\IIITD_Contact_Lens_Iris_DB\Vista Scanner\99\Normal\Right\2.bmp,0,0,2.335129e-05
C:\Users\sahar\OneDrive\Desktop\EXPLAINABLE_IRIS_PAD\Data\Raw\IIITD_Contact_Lens_Iris_DB\Vista Scanner\99\Normal\Right\3.bmp,0,0,9.418848e-06
C:\Users\sahar\OneDrive\Desktop\EXPLAINABLE_IRIS_PAD\Data\Raw\IIITD_Contact_Lens_Iris_DB\Vista Scanner\99\Normal\Right\4.bmp,0,0,4.5558772e-05
C:\Users\sahar\OneDrive\Desktop\EXPLAINABLE_IRIS_PAD\Data\Raw\IIITD_Contact_Lens_Iris_DB\Vista Scanner\99\Normal\Right\5.bmp,0,0,7.244063e-07
