path,label,pred,prob
C:\Users\sahar\OneDrive\Desktop\EXPLAINABLE_IRIS_PAD\Data\Raw\IIITD_Contact_Lens_Iris_DB\Cogent Scanner\1\Colored\20120914164317_L.bmp,1,1,0.99997914
C:\Users\sahar\OneDrive\Desktop\EXPLAINABLE_IRIS_PAD\Data\Raw\IIITD_Contact_Lens_Iris_DB\Cogent Scanner\1\Colored\20120914164317_R.bmp,1,1,1.0
C:\Users\sahar\OneDrive\Desktop\EXPLAINABLE_IRIS_PAD\Data\Raw\IIITD_Contact_Lens_Iris_DB\Cogent Scanner\1\Colored\20120914164320_L.bmp,1,1,0.9999825
C:\Users\sahar\OneDrive\Desktop\EXPLAINABLE_IRIS_PAD\Data\Raw\IIITD_Contact_Lens_Iris_DB\Cogent Scanner\1\Colored\20120914164320_R.bmp,1,1,1.0
C:\Users\sahar\OneDrive\Desktop\EXPLAINABLE_IRIS_PAD\Data\Raw\IIITD_Contact_Lens_Iris_DB\Cogent Scanner\1\Colored\20120914164322_L.bmp,1,1,0.999997
C:\Users\sahar\OneDrive\Desktop\EXPLAINABLE_IRIS_PAD\Data\Raw\IIITD_Contact_Lens_Iris_DB\Cogent Scanner\1\Colored\20120914164322_R.bmp,1,1,1.0
C:\Users\sahar\OneDrive\Desktop\EXPLAINABLE_IRIS_PAD\Data\Raw\IIITD_Contact_Lens_Iris_DB\Cogent Scanner\1\Colored\20120914164325_L.bmp,1,1,0.99995303
C:\Users\sahar\OneDrive\Desktop\EXPLAINABLE_IRIS_PAD\Data\Raw\IIITD_Contact_Lens_Iris_DB\Cogent Scanner\1\Colored\20120914164325_R.bmp,1,1,1.0
C:\Users\sahar\OneDrive\Desktop\EXPLAINABLE_IRIS_PAD\Data\Raw\IIITD_Contact_Lens_Iris_DB\Cogent Scanner\1\Colored\20120914164328_L.bmp,1,1,0.99978775
C:\Users\sahar\OneDrive\Desktop\EXPLAINABLE_IRIS_PAD\Data\Raw\IIITD_Contact_Lens_Iris_DB\Cogent Scanner\1\Colored\20120914164328_R.bmp,1,1,0.99999774
C:\Users\sahar\OneDrive\Desktop\EXPLAINABLE_IRIS_PAD\Data\Raw\IIITD_Contact_Lens_Iris_DB\Cogent Scanner\1\Colored\20120914164331_L.bmp,1,1,0.99999607
C:\Users\sahar\OneDrive\Desktop\EXPLAINABLE_IRIS_PAD\Data\Raw\IIITD_Contact_Lens_Iris_DB\Cogent Scanner\1\Colored\20120914164331_R.bmp,1,1,0.9999988
C:\Users\sahar\OneDrive\Desktop\EXPLAINABLE_IRIS_PAD\Data\Raw\IIITD_Contact_Lens_Iris_DB\Cogent Scanner\1\Colored\20120914164333_L.bmp,1,1,0.99999726
C:\Users\sahar\OneDrive\Desktop\EXPLAINABLE_IRIS_PAD\Data\Raw\IIITD_Contact_Lens_Iris_DB\Cogent Scanner\1\Colored\20120914164333_R.bmp,1,1,1.0
C:\Users\sahar\OneDrive\Desktop\EXPLAINABLE_IRIS_PAD\Data\Raw\IIITD_Contact_Lens_Iris_DB\Cogent Scanner\1\Normal\20120914163848_L.bmp,0,0,4.995376e-08
C:\Users\sahar\OneDrive\Desktop\EXPLAINABLE_IRIS_PAD\Data\Raw\IIITD_Contact_Lens_Iris_DB\Cogent Scanner\1\Normal\20120914163848_R.bmp,0,0,9.2403925e-09
C:\Users\sahar\OneDrive\Desktop\EXPLAINABLE_IRIS_PAD\Data\Raw\IIITD_Contact_Lens_Iris_DB\Cogent Scanner\1\Normal\20120914163856_L.bmp,0,0,3.3383094e-09
C:\Users\sahar\OneDrive\Desktop\EXPLAINABLE_IRIS_PAD\Data\Raw\IIITD_Contact_Lens_Iris_DB\Cogent Scanner\1\Normal\20120914163856_R.bmp,0,0,1.6134276e-08
C:\Users\sahar\OneDrive\Desktop\EXPLAINABLE_IRIS_PAD\Data\Raw\IIITD_Contact_Lens_Iris_DB\Cogent Scanner\1\Normal\20120914163901_L.bmp,0,0,7.65822e-08
C:\Users\sahar\OneDrive\Desktop\EXPLAINABLE_IRIS_PAD\Data\Raw\IIITD_Contact_Lens_Iris_DB\Cogent Scanner\1\Normal\20120914163901_R.bmp,0,0,1.9554924e-09
C:\Users\sahar\OneDrive\Desktop\EXPLAINABLE_IRIS_PAD\Data\Raw\IIITD_Contact_Lens_Iris_DB\Cogent Scanner\1\Normal\20120914163905_L.bmp,0,0,8.38907e-07
C:\Users\sahar\OneDrive\Desktop\EXPLAINABLE_IRIS_PAD\Data\Raw\IIITD_Contact_Lens_Iris_DB\Cogent Scanner\1\Normal\20120914163905_R.bmp,0,0,2.7817921e-09
C:\Users\sahar\OneDrive\Desktop\EXPLAINABLE_IRIS_PAD\Data\Raw\IIITD_Contact_Lens_Iris_DB\Cogent Scanner\1\Normal\20120914163907_L.bmp,0,0,6.9179646e-07
C:\Users\sahar\OneDrive\Desktop\EXPLAINABLE_IRIS_PAD\Data\Raw\IIITD_Contact_Lens_Iris_DB\Cogent Scanner\1\Normal\20120914163907_R.bmp,0,0,4.7441246e-09
C:\Users\sahar\OneDrive\Desktop\EXPLAINABLE_IRIS_PAD\Data\Raw\IIITD_Contact_Lens_Iris_DB\Cogent Scanner\18\Colored\20120919150418_L.bmp,1,1,0.99994445
C:\Users\sahar\OneDrive\Desktop\EXPLAINABLE_IRIS_PAD\Data\Raw\IIITD_Contact_Lens_Iris_DB\Cogent Scanner\18\Colored\20120919150418_R.bmp,1,1,0.99997485
C:\Users\sahar\OneDrive\Desktop\EXPLAINABLE_IRIS_PAD\Data\Raw\IIITD_Contact_Lens_Iris_DB\Cogent Scanner\18\Colored\20120919150420_L.bmp,1,1,0.9989668
C:\Users\sahar\OneDrive\Desktop\EXPLAINABLE_IRIS_PAD\Data\Raw\IIITD_Contact_Lens_Iris_DB\Cogent Scanner\18\Colored\20120919150420_R.bmp,1,1,0.9997427
C:\Users\sahar\OneDrive\Desktop\EXPLAINABLE_IRIS_PAD\Data\Raw\IIITD_Contact_Lens_Iris_DB\Cogent Scanner\18\Colored\20120919150423_L.bmp,1,1,0.99999034
C:\Users\sahar\OneDrive\Desktop\EXPLAINABLE_IRIS_PAD\Data\Raw\IIITD_Contact_Lens_Iris_DB\Cogent Scanner\18\Colored\20120919150423_R.bmp,1,1,0.99999535
C:\Users\sahar\OneDrive\Desktop\EXPLAINABLE_IRIS_PAD\Data\Raw\IIITD_Contact_Lens_Iris_DB\Cogent Scanner\18\Colored\20120919150426_L.bmp,1,1,0.9999862
C:\Users\sahar\OneDrive\Desktop\EXPLAINABLE_IRIS_PAD\Data\Raw\IIITD_Contact_Lens_Iris_DB\Cogent Scanner\18\Colored\20120919150426_R.bmp,1,1,0.99999964
C:\Users\sahar\OneDrive\Desktop\EXPLAINABLE_IRIS_PAD\Data\Raw\IIITD_Contact_Lens_Iris_DB\Cogent Scanner\18\Colored\20120919150434_L.bmp,1,1,0.99999547
C:\Users\sahar\OneDrive\Desktop\EXPLAINABLE_IRIS_PAD\Data\Raw\IIITD_Contact_Lens_Iris_DB\Cogent Scanner\18\Colored\20120919150434_R.bmp,1,1,0.9999355
C:\Users\sahar\OneDrive\Desktop\EXPLAINABLE_IRIS_PAD\Data\Raw\IIITD_Contact_Lens_Iris_DB\Cogent Scanner\18\Colored\20120919150437_L.bmp,1,1,0.999997
C:\Users\sahar\OneDrive\Desktop\EXPLAINABLE_IRIS_PAD\Data\Raw\IIITD_Contact_Lens_Iris_DB\Cogent Scanner\18\Colored\20120919150437_R.bmp,1,1,0.9999198
C:\Users\sahar\OneDrive\Desktop\EXPLAINABLE_IRIS_PAD\Data\Raw\IIITD_Contact_Lens_Iris_DB\Cogent Scanner\18\Colored\20120919150440_L.bmp,1,1,0.9999918
C:\Users\sahar\OneDrive\Desktop\EXPLAINABLE_IRIS_PAD\Data\Raw\IIITD_Contact_Lens_Iris_DB\Cogent Scanner\18\Colored\20120919150440_R.bmp,1,1,0.99970645
C:\Users\sahar\OneDrive\Desktop\EXPLAINABLE_IRIS_PAD\Data\Raw\IIITD_Contact_Lens_Iris_DB\Cogent Scanner\18\Colored\20120919150443_L.bmp,1,1,0.99999857
C:\Users\sahar\OneDrive\Desktop\EXPLAINABLE_IRIS_PAD\Data\Raw\IIITD_Contact_Lens_Iris_DB\Cogent Scanner\18\Colored\20120919150443_R.bmp,1,1,0.99982315
C:\Users\sahar\OneDrive\Desktop\EXPLAINABLE_IRIS_PAD\Data\Raw\IIITD_Contact_Lens_Iris_DB\Cogent Scanner\18\Normal\20120919145006_L.bmp,0,0,6.7956853e-07
C:\Users\sahar\OneDrive\Desktop\EXPLAINABLE_IRIS_PAD\Data\Raw\IIITD_Contact_Lens_Iris_DB\Cogent Scanner\18\Normal\20120919145006_R.bmp,0,0,1.0977822e-08
C:\Users\sahar\OneDrive\Desktop\EXPLAINABLE_IRIS_PAD\Data\Raw\IIITD_Contact_Lens_Iris_DB\Cogent Scanner\18\Normal\20120919145009_L.bmp,0,0,1.5126954e-05
C:\Users\sahar\OneDrive\Desktop\EXPLAINABLE_IRIS_PAD\Data\Raw\IIITD_Contact_Lens_Iris_DB\Cogent Scanner\18\Normal\20120919145009_R.bmp,0,0,3.4071057e-10
C:\Users\sahar\OneDrive\Desktop\EXPLAINABLE_IRIS_PAD\Data\Raw\IIITD_Contact_Lens_Iris_DB\Cogent Scanner\18\Normal\20120919145013_L.bmp,0,0,9.39082e-05
C:\Users\sahar\OneDrive\Desktop\EXPLAINABLE_IRIS_PAD\Data\Raw\IIITD_Contact_Lens_Iris_DB\Cogent Scanner\18\Normal\20120919145013_R.bmp,0,0,1.0641271e-07
C:\Users\sahar\OneDrive\Desktop\EXPLAINABLE_IRIS_PAD\Data\Raw\IIITD_Contact_Lens_Iris_DB\Cogent Scanner\18\Normal\20120919145016_L.bmp,0,0,8.665115e-06
C:\Users\sahar\OneDrive\Desktop\EXPLAINABLE_IRIS_PAD\Data\Raw\IIITD_Contact_Lens_Iris_DB\Cogent Scanner\18\Normal\20120919145016_R.bmp,0,0,6.902195e-07
C:\Users\sahar\OneDrive\Desktop\EXPLAINABLE_IRIS_PAD\Data\Raw\IIITD_Contact_Lens_Iris_DB\Cogent Scanner\18\Normal\20120919145019_L.bmp,0,0,3.254354e-05
C:\Users\sahar\OneDrive\Desktop\EXPLAINABLE_IRIS_PAD\Data\Raw\IIITD_Contact_Lens_Iris_DB\Cogent Scanner\18\Normal\20120919145019_R.bmp,0,0,3.8041068e-10
C:\Users\sahar\OneDrive\Desktop\EXPLAINABLE_IRIS_PAD\Data\Raw\IIITD_Contact_Lens_Iris_DB\Cogent Scanner\18\Normal\20120919145023_L.bmp,0,0,0.000104786115
C:\Users\sahar\OneDrive\Desktop\EXPLAINABLE_IRIS_PAD\Data\Raw\IIITD_Contact_Lens_Iris_DB\Cogent Scanner\18\Normal\20120919145023_R.bmp,0,0,6.023479e-09
C:\Users\sahar\OneDrive\Desktop\EXPLAINABLE_IRIS_PAD\Data\Raw\IIITD_Contact_Lens_Iris_DB\Cogent Scanner\18\Normal\20120919145027_L.bmp,0,0,1.11395575e-05
C:\Users\sahar\OneDrive\Desktop\EXPLAINABLE_IRIS_PAD\Data\Raw\IIITD_Contact_Lens_Iris_DB\Cogent Scanner\18\Normal\20120919145027_R.bmp,0,0,5.0323634e-09
C:\Users\sahar\OneDrive\Desktop\EXPLAINABLE_IRIS_PAD\Data\Raw\IIITD_Contact_Lens_Iris_DB\Cogent Scanner\19\Colored\20120920165809_L.bmp,1,1,0.9999634
C:\Users\sahar\OneDrive\Desktop\EXPLAINABLE_IRIS_PAD\Data\Raw\IIITD_Contact_Lens_Iris_DB\Cogent Scanner\19\Colored\20120920165809_R.bmp,1,1,0.9999994
C:\Users\sahar\OneDrive\Desktop\EXPLAINABLE_IRIS_PAD\Data\Raw\IIITD_Contact_Lens_Iris_DB\Cogent Scanner\19\Colored\20120920170213_L.bmp,1,1,0.9997404
C:\Users\sahar\OneDrive\Desktop\EXPLAINABLE_IRIS_PAD\Data\Raw\IIITD_Contact_Lens_Iris_DB\Cogent Scanner\19\Colored\20120920170213_R.bmp,1,1,0.99981314
C:\Users\sahar\OneDrive\Desktop\EXPLAINABLE_IRIS_PAD\Data\Raw\IIITD_Contact_Lens_Iris_DB\Cogent Scanner\19\Colored\20120920170217_L.bmp,1,1,0.99953794
C:\Users\sahar\OneDrive\Desktop\EXPLAINABLE_IRIS_PAD\Data\Raw\IIITD_Contact_Lens_Iris_DB\Cogent Scanner\19\Colored\20120920170217_R.bmp,1,1,0.9999945
C:\Users\sahar\OneDrive\Desktop\EXPLAINABLE_IRIS_PAD\Data\Raw\IIITD_Contact_Lens_Iris_DB\Cogent Scanner\19\Colored\20120920170221_L.bmp,1,1,0.9999958
C:\Users\sahar\OneDrive\Desktop\EXPLAINABLE_IRIS_PAD\Data\Raw\IIITD_Contact_Lens_Iris_DB\Cogent Scanner\19\Colored\20120920170221_R.bmp,1,1,0.99999976
C:\Users\sahar\OneDrive\Desktop\EXPLAINABLE_IRIS_PAD\Data\Raw\IIITD_Contact_Lens_Iris_DB\Cogent Scanner\19\Colored\20120920170225_L.bmp,1,1,0.9999639
C:\Users\sahar\OneDrive\Desktop\EXPLAINABLE_IRIS_PAD\Data\Raw\IIITD_Contact_Lens_Iris_DB\Cogent Scanner\19\Colored\20120920170225_R.bmp,1,1,1.0
C:\Users\sahar\OneDrive\Desktop\EXPLAINABLE_IRIS_PAD\Data\Raw\IIITD_Contact_Lens_Iris_DB\Cogent Scanner\19\Colored\20120920170229_L.bmp,1,1,1.0
C:\Users\sahar\OneDrive\Desktop\EXPLAINABLE_IRIS_PAD\Data\Raw\IIITD_Contact_Lens_Iris_DB\Cogent Scanner\19\Colored\20120920170229_R.bmp,1,1,0.9999999
C:\Users\sahar\OneDrive\Desktop\EXPLAINABLE_IRIS_PAD\Data\Raw\IIITD_Contact_Lens_Iris_DB\Cogent Scanner\19\Normal\20120920134437_L.bmp,0,0,9.207546e-09
C:\Users\sahar\OneDrive\Desktop\EXPLAINABLE_IRIS_PAD\Data\Raw\IIITD_Contact_Lens_Iris_DB\Cogent Scanner\19\Normal\20120920134438_R.bmp,0,0,1.0413193e-09
C:\Users\sahar\OneDrive\Desktop\EXPLAINABLE_IRIS_PAD\Data\Raw\IIITD_Contact_Lens_Iris_DB\Cogent Scanner\19\Normal\20120920134440_L.bmp,0,0,5.2403155e-11
C:\Users\sahar\OneDrive\Desktop\EXPLAINABLE_IRIS_PAD\Data\Raw\IIITD_Contact_Lens_Iris_DB\Cogent Scanner\19\Normal\20120920134440_R.bmp,0,0,1.6292026e-07
C:\Users\sahar\OneDrive\Desktop\EXPLAINABLE_IRIS_PAD\Data\Raw\IIITD_Contact_Lens_Iris_DB\Cogent Scanner\19\Normal\20120920134443_L.bmp,0,0,3.7940073e-09
C:\Users\sahar\OneDrive\Desktop\EXPLAINABLE_IRIS_PAD\Data\Raw\IIITD_Contact_Lens_Iris_DB\Cogent Scanner\19\Normal\20120920134443_R.bmp,0,0,2.4338347e-05
C:\Users\sahar\OneDrive\Desktop\EXPLAINABLE_IRIS_PAD\Data\Raw\IIITD_Contact_Lens_Iris_DB\Cogent Scanner\19\Normal\20120920134446_L.bmp,0,0,9.475227e-10
C:\Users\sahar\OneDrive\Desktop\EXPLAINABLE_IRIS_PAD\Data\Raw\IIITD_Contact_Lens_Iris_DB\Cogent Scanner\19\Normal\20120920134446_R.bmp,0,0,3.8469898e-05
C:\Users\sahar\OneDrive\Desktop\EXPLAINABLE_IRIS_PAD\Data\Raw\IIITD_Contact_Lens_Iris_DB\Cogent Scanner\19\Normal\20120920134449_L.bmp,0,0,3.1778075e-10
C:\Users\sahar\OneDrive\Desktop\EXPLAINABLE_IRIS_PAD\Data\Raw\IIITD_Contact_Lens_Iris_DB\Cogent Scanner\19\Normal\20120920134449_R.bmp,0,0,3.3390728e-07
C:\Users\sahar\OneDrive\Desktop\EXPLAINABLE_IRIS_PAD\Data\Raw\IIITD_Contact_Lens_Iris_DB\Cogent Scanner\28\Colored\20120914141902_L.bmp,1,1,1.0
C:\Users\sahar\OneDrive\Desktop\EXPLAINABLE_IRIS_PAD\Data\Raw\IIITD_Contact_Lens_Iris_DB\Cogent Scanner\28\Colored\20120914141902_R.bmp,1,1,0.99999976
C:\Users\sahar\OneDrive\Desktop\EXPLAINABLE_IRIS_PAD\Data\Raw\IIITD_Contact_Lens_Iris_DB\Cogent Scanner\28\Colored\20120914141905_L.bmp,1,1,1.0
C:\Users\sahar\OneDrive\Desktop\EXPLAINABLE_IRIS_PAD\Data\Raw\IIITD_Contact_Lens_Iris_DB\Cogent Scanner\28\Colored\20120914141905_R.bmp,1,1,0.99999976
C:\Users\sahar\OneDrive\Desktop\EXPLAINABLE_IRIS_PAD\Data\Raw\IIITD_Contact_Lens_Iris_DB\Cogent Scanner\28\Colored\20120914141910_L.bmp,1,1,0.99977
C:\Users\sahar\OneDrive\Desktop\EXPLAINABLE_IRIS_PAD\Data\Raw\IIITD_Contact_Lens_Iris_DB\Cogent Scanner\28\Colored\20120914141910_R.bmp,1,1,1.0
C:\Users\sahar\OneDrive\Desktop\EXPLAINABLE_IRIS_PAD\Data\Raw\IIITD_Contact_Lens_Iris_DB\Cogent Scanner\28\Colored\20120914141923_L.bmp,1,1,0.99999857
C:\Users\sahar\OneDrive\Desktop\EXPLAINABLE_IRIS_PAD\Data\Raw\IIITD_Contact_Lens_Iris_DB\Cogent Scanner\28\Colored\20120914141923_R.bmp,1,1,0.9999981
C:\Users\sahar\OneDrive\Desktop\EXPLAINABLE_IRIS_PAD\Data\Raw\IIITD_Contact_Lens_Iris_DB\Cogent Scanner\28\Colored\20120914141926_L.bmp,1,1,0.99999905
C:\Users\sahar\OneDrive\Desktop\EXPLAINABLE_IRIS_PAD\Data\Raw\IIITD_Contact_Lens_Iris_DB\Cogent Scanner\28\Colored\20120914141926_R.bmp,1,1,1.0
C:\Users\sahar\OneDrive\Desktop\EXPLAINABLE_IRIS_PAD\Data\Raw\IIITD_Contact_Lens_Iris_DB\Cogent Scanner\28\Colored\20120914141930_L.bmp,1,1,0.9999919
C:\Users\sahar\OneDrive\Desktop\EXPLAINABLE_IRIS_PAD\Data\Raw\IIITD_Contact_Lens_Iris_DB\Cogent Scanner\28\Colored\20120914141930_R.bmp,1,1,1.0
C:\Users\sahar\OneDrive\Desktop\EXPLAINABLE_IRIS_PAD\Data\Raw\IIITD_Contact_Lens_Iris_DB\Cogent Scanner\28\Normal\20120912125701_L.bmp,0,0,7.19157e-08
C:\Users\sahar\OneDrive\Desktop\EXPLAINABLE_IRIS_PAD\Data\Raw\IIITD_Contact_Lens_Iris_DB\Cogent Scanner\28\Normal\20120912125701_R.bmp,0,0,3.1317498e-07
C:\Users\sahar\OneDrive\Desktop\EXPLAINABLE_IRIS_PAD\Data\Raw\IIITD_Contact_Lens_Iris_DB\Cogent Scanner\28\Normal\20120912125705_L.bmp,0,0,2.9683542e-10
C:\Users\sahar\OneDrive\Desktop\EXPLAINABLE_IRIS_PAD\Data\Raw\IIITD_Contact_Lens_Iris_DB\Cogent Scanner\28\Normal\20120912125705_R.bmp,0,0,5.2626683e-06
C:\Users\sahar\OneDrive\Desktop\EXPLAINABLE_IRIS_PAD\Data\Raw\IIITD_Contact_Lens_Iris_DB\Cogent Scanner\28\Normal\20120912125716_L.bmp,0,0,8.857411e-13
C:\Users\sahar\OneDrive\Desktop\EXPLAINABLE_IRIS_PAD\Data\Raw\IIITD_Contact_Lens_Iris_DB\Cogent Scanner\28\Normal\20120912125716_R.bmp,0,0,4.818022e-10
C:\Users\sahar\OneDrive\Desktop\EXPLAINABLE_IRIS_PAD\Data\Raw\IIITD_Contact_Lens_Iris_DB\Cogent Scanner\28\Normal\20120912125721_L.bmp,0,0,5.3475318e-09
C:\Users\sahar\OneDrive\Desktop\EXPLAINABLE_IRIS_PAD\Data\Raw\IIITD_Contact_Lens_Iris_DB\Cogent Scanner\28\Normal\20120912125721_R.bmp,0,0,2.2443194e-09
C:\Users\sahar\OneDrive\Desktop\EXPLAINABLE_IRIS_PAD\Data\Raw\IIITD_Contact_Lens_Iris_DB\Cogent Scanner\28\Normal\20120912125736_L.bmp,0,0,5.7419567e-09
C:\Users\sahar\OneDrive\Desktop\EXPLAINABLE_IRIS_PAD\Data\Raw\IIITD_Contact_Lens_Iris_DB\Cogent Scanner\28\Normal\20120912125736_R.bmp,0,0,1.9072935e-07
C:\Users\sahar\OneDrive\Desktop\EXPLAINABLE_IRIS_PAD\Data\Raw\IIITD_Contact_Lens_Iris_DB\Cogent Scanner\31\Colored\20120912123709_L.bmp,1,0,0.013108128
C:\Users\sahar\OneDrive\Desktop\EXPLAINABLE_IRIS_PAD\Data\Raw\IIITD_Contact_Lens_Iris_DB\Cogent Scanner\31\Colored\20120912123709_R.bmp,1,0,1.2977672e-06
C:\Users\sahar\OneDrive\Desktop\EXPLAINABLE_IRIS_PAD\Data\Raw\IIITD_Contact_Lens_Iris_DB\Cogent Scanner\31\Colored\20120912123713_L.bmp,1,0,0.0033849666
C:\Users\sahar\OneDrive\Desktop\EXPLAINABLE_IRIS_PAD\Data\Raw\IIITD_Contact_Lens_Iris_DB\Cogent Scanner\31\Colored\20120912123713_R.bmp,1,0,0.0001865494
C:\Users\sahar\OneDrive\Desktop\EXPLAINABLE_IRIS_PAD\Data\Raw\IIITD_Contact_Lens_Iris_DB\Cogent Scanner\31\Colored\20120912123719_L.bmp,1,1,0.70538574
C:\Users\sahar\OneDrive\Desktop\EXPLAINABLE_IRIS_PAD\Data\Raw\IIITD_Contact_Lens_Iris_DB\Cogent Scanner\31\Colored\20120912123719_R.bmp,1,0,0.03881324
C:\Users\sahar\OneDrive\Desktop\EXPLAINABLE_IRIS_PAD\Data\Raw\IIITD_Contact_Lens_Iris_DB\Cogent Scanner\31\Colored\20120912123731_L.bmp,1,1,0.9957208
C:\Users\sahar\OneDrive\Desktop\EXPLAINABLE_IRIS_PAD\Data\Raw\IIITD_Contact_Lens_Iris_DB\Cogent Scanner\31\Colored\20120912123731_R.bmp,1,1,0.66479385
C:\Users\sahar\OneDrive\Desktop\EXPLAINABLE_IRIS_PAD\Data\Raw\IIITD_Contact_Lens_Iris_DB\Cogent Scanner\31\Colored\20120912123737_L.bmp,1,1,0.999479
C:\Users\sahar\OneDrive\Desktop\EXPLAINABLE_IRIS_PAD\Data\Raw\IIITD_Contact_Lens_Iris_DB\Cogent Scanner\31\Colored\20120912123737_R.bmp,1,1,0.99301976
C:\Users\sahar\OneDrive\Desktop\EXPLAINABLE_IRIS_PAD\Data\Raw\IIITD_Contact_Lens_Iris_DB\Cogent Scanner\31\Normal\20120912122205_L.bmp,0,0,8.3771276e-08
C:\Users\sahar\OneDrive\Desktop\EXPLAINABLE_IRIS_PAD\Data\Raw\IIITD_Contact_Lens_Iris_DB\Cogent Scanner\31\Normal\20120912122206_R.bmp,0,0,2.2006805e-08
C:\Users\sahar\OneDrive\Desktop\EXPLAINABLE_IRIS_PAD\Data\Raw\IIITD_Contact_Lens_Iris_DB\Cogent Scanner\31\Normal\20120912122213_L.bmp,0,0,3.2962046e-08
C:\Users\sahar\OneDrive\Desktop\EXPLAINABLE_IRIS_PAD\Data\Raw\IIITD_Contact_Lens_Iris_DB\Cogent Scanner\31\Normal\20120912122213_R.bmp,0,0,1.2545156e-07
C:\Users\sahar\OneDrive\Desktop\EXPLAINABLE_IRIS_PAD\Data\Raw\IIITD_Contact_Lens_Iris_DB\Cogent Scanner\31\Normal\20120912122220_L.bmp,0,0,1.687433e-08
C:\Users\sahar\OneDrive\Desktop\EXPLAINABLE_IRIS_PAD\Data\Raw\IIITD_Contact_Lens_Iris_DB\Cogent Scanner\31\Normal\20120912122220_R.bmp,0,0,3.254604e-08
C:\Users\sahar\OneDrive\Desktop\EXPLAINABLE_IRIS_PAD\Data\Raw\IIITD_Contact_Lens_Iris_DB\Cogent Scanner\31\Normal\20120912122223_L.bmp,0,0,1.0852974e-07
C:\Users\sahar\OneDrive\Desktop\EXPLAINABLE_IRIS_PAD\Data\Raw\IIITD_Contact_Lens_Iris_DB\Cogent Scanner\31\Normal\20120912122223_R.bmp,0,0,8.294522e-07
C:\Users\sahar\OneDrive\Desktop\EXPLAINABLE_IRIS_PAD\Data\Raw\IIITD_Contact_Lens_Iris_DB\Cogent Scanner\31\Normal\20120912122231_L.bmp,0,0,1.9174776e-07
C:\Users\sahar\OneDrive\Desktop\EXPLAINABLE_IRIS_PAD\Data\Raw\IIITD_Contact_Lens_Iris_DB\Cogent Scanner\31\Normal\20120912122231_R.bmp,0,0,1.3771432e-07
C:\Users\sahar\OneDrive\Desktop\EXPLAINABLE_IRIS_PAD\Data\Raw\IIITD_Contact_Lens_Iris_DB\Cogent Scanner\36\Colored\20120919165135_L.bmp,1,1,1.0
C:\Users\sahar\OneDrive\Desktop\EXPLAINABLE_IRIS_PAD\Data\Raw\IIITD_Contact_Lens_Iris_DB\Cogent Scanner\36\Colored\20120919165135_R.bmp,1,1,1.0
C:\Users\sahar\OneDrive\Desktop\EXPLAINABLE_IRIS_PAD\Data\Raw\IIITD_Contact_Lens_Iris_DB\Cogent Scanner\36\Colored\20120919165138_L.bmp,1,1,1.0
C:\Users\sahar\OneDrive\Desktop\EXPLAINABLE_IRIS_PAD\Data\Raw\IIITD_Contact_Lens_Iris_DB\Cogent Scanner\36\Colored\20120919165138_R.bmp,1,1,0.9999999
C:\Users\sahar\OneDrive\Desktop\EXPLAINABLE_IRIS_PAD\Data\Raw\IIITD_Contact_Lens_Iris_DB\Cogent Scanner\36\Colored\20120919165142_L.bmp,1,1,1.0
C:\Users\sahar\OneDrive\Desktop\EXPLAINABLE_IRIS_PAD\Data\Raw\IIITD_Contact_Lens_Iris_DB\Cogent Scanner\36\Colored\20120919165142_R.bmp,1,1,0.9999988
C:\Users\sahar\OneDrive\Desktop\EXPLAINABLE_IRIS_PAD\Data\Raw\IIITD_Contact_Lens_Iris_DB\Cogent Scanner\36\Colored\20120919165145_L.bmp,1,1,1.0
C:\Users\sahar\OneDrive\Desktop\EXPLAINABLE_IRIS_PAD\Data\Raw\IIITD_Contact_Lens_Iris_DB\Cogent Scanner\36\Colored\20120919165145_R.bmp,1,1,0.99999917
C:\Users\sahar\OneDrive\Desktop\EXPLAINABLE_IRIS_PAD\Data\Raw\IIITD_Contact_Lens_Iris_DB\Cogent Scanner\36\Colored\20120919165151_L.bmp,1,1,1.0
C:\Users\sahar\OneDrive\Desktop\EXPLAINABLE_IRIS_PAD\Data\Raw\IIITD_Contact_Lens_Iris_DB\Cogent Scanner\36\Colored\20120919165151_R.bmp,1,1,0.9999999
C:\Users\sahar\OneDrive\Desktop\EXPLAINABLE_IRIS_PAD\Data\Raw\IIITD_Contact_Lens_Iris_DB\Cogent Scanner\36\Colored\20120919165155_L.bmp,1,1,1.0
C:\Users\sahar\OneDrive\Desktop\EXPLAINABLE_IRIS_PAD\Data\Raw\IIITD_Contact_Lens_Iris_DB\Cogent Scanner\36\Colored\20120919165155_R.bmp,1,1,1.0
C:\Users\sahar\OneDrive\Desktop\EXPLAINABLE_IRIS_PAD\Data\Raw\IIITD_Contact_Lens_Iris_DB\Cogent Scanner\36\Normal\20120912115940_L.bmp,0,0,4.129179e-09
C:\Users\sahar\OneDrive\Desktop\EXPLAINABLE_IRIS_PAD\Data\Raw\IIITD_Contact_Lens_Iris_DB\Cogent Scanner\36\Normal\20120912115940_R.bmp,0,0,3.1425123e-09
C:\Users\sahar\OneDrive\Desktop\EXPLAINABLE_IRIS_PAD\Data\Raw\IIITD_Contact_Lens_Iris_DB\Cogent Scanner\36\Normal\20120912115943_L.bmp,0,0,1.230449e-10
C:\Users\sahar\OneDrive\Desktop\EXPLAINABLE_IRIS_PAD\Data\Raw\IIITD_Contact_Lens_Iris_DB\Cogent Scanner\36\Normal\20120912115943_R.bmp,0,0,4.3866965e-08
C:\Users\sahar\OneDrive\Desktop\EXPLAINABLE_IRIS_PAD\Data\Raw\IIITD_Contact_Lens_Iris_DB\Cogent Scanner\36\Normal\20120912115946_L.bmp,0,0,2.1427713e-08
C:\Users\sahar\OneDrive\Desktop\EXPLAINABLE_IRIS_PAD\Data\Raw\IIITD_Contact_Lens_Iris_DB\Cogent Scanner\36\Normal\20120912115946_R.bmp,0,0,4.7417206e-08
C:\Users\sahar\OneDrive\Desktop\EXPLAINABLE_IRIS_PAD\Data\Raw\IIITD_Contact_Lens_Iris_DB\Cogent Scanner\36\Normal\20120912115949_L.bmp,0,0,6.142659e-07
C:\Users\sahar\OneDrive\Desktop\EXPLAINABLE_IRIS_PAD\Data\Raw\IIITD_Contact_Lens_Iris_DB\Cogent Scanner\36\Normal\20120912115949_R.bmp,0,0,1.1952778e-06
C:\Users\sahar\OneDrive\Desktop\EXPLAINABLE_IRIS_PAD\Data\Raw\IIITD_Contact_Lens_Iris_DB\Cogent Scanner\36\Normal\20120912115952_L.bmp,0,0,8.869333e-12
C:\Users\sahar\OneDrive\Desktop\EXPLAINABLE_IRIS_PAD\Data\Raw\IIITD_Contact_Lens_Iris_DB\Cogent Scanner\36\Normal\20120912115952_R.bmp,0,0,1.3439532e-09
C:\Users\sahar\OneDrive\Desktop\EXPLAINABLE_IRIS_PAD\Data\Raw\IIITD_Contact_Lens_Iris_DB\Cogent Scanner\38\Colored\20120914140756_L.bmp,1,1,1.0
C:\Users\sahar\OneDrive\Desktop\EXPLAINABLE_IRIS_PAD\Data\Raw\IIITD_Contact_Lens_Iris_DB\Cogent Scanner\38\Colored\20120914140756_R.bmp,1,1,1.0
C:\Users\sahar\OneDrive\Desktop\EXPLAINABLE_IRIS_PAD\Data\Raw\IIITD_Contact_Lens_Iris_DB\Cogent Scanner\38\Colored\20120914140759_L.bmp,1,1,0.99998534
C:\Users\sahar\OneDrive\Desktop\EXPLAINABLE_IRIS_PAD\Data\Raw\IIITD_Contact_Lens_Iris_DB\Cogent Scanner\38\Colored\20120914140759_R.bmp,1,1,0.99999774
C:\Users\sahar\OneDrive\Desktop\EXPLAINABLE_IRIS_PAD\Data\Raw\IIITD_Contact_Lens_Iris_DB\Cogent Scanner\38\Colored\20120914140830_L.bmp,1,1,0.9999999
C:\Users\sahar\OneDrive\Desktop\EXPLAINABLE_IRIS_PAD\Data\Raw\IIITD_Contact_Lens_Iris_DB\Cogent Scanner\38\Colored\20120914140830_R.bmp,1,1,0.9999819
C:\Users\sahar\OneDrive\Desktop\EXPLAINABLE_IRIS_PAD\Data\Raw\IIITD_Contact_Lens_Iris_DB\Cogent Scanner\38\Colored\20120914140833_L.bmp,1,1,1.0
C:\Users\sahar\OneDrive\Desktop\EXPLAINABLE_IRIS_PAD\Data\Raw\IIITD_Contact_Lens_Iris_DB\Cogent Scanner\38\Colored\20120914140833_R.bmp,1,1,1.0
C:\Users\sahar\OneDrive\Desktop\EXPLAINABLE_IRIS_PAD\Data\Raw\IIITD_Contact_Lens_Iris_DB\Cogent Scanner\38\Colored\20120914140837_L.bmp,1,1,1.0
C:\Users\sahar\OneDrive\Desktop\EXPLAINABLE_IRIS_PAD\Data\Raw\IIITD_Contact_Lens_Iris_DB\Cogent Scanner\38\Colored\20120914140837_R.bmp,1,1,1.0
C:\Users\sahar\OneDrive\Desktop\EXPLAINABLE_IRIS_PAD\Data\Raw\IIITD_Contact_Lens_Iris_DB\Cogent Scanner\38\Colored\20120914140842_L.bmp,1,1,1.0
C:\Users\sahar\OneDrive\Desktop\EXPLAINABLE_IRIS_PAD\Data\Raw\IIITD_Contact_Lens_Iris_DB\Cogent Scanner\38\Colored\20120914140842_R.bmp,1,1,0.9999999
C:\Users\sahar\OneDrive\Desktop\EXPLAINABLE_IRIS_PAD\Data\Raw\IIITD_Contact_Lens_Iris_DB\Cogent Scanner\38\Normal\20120912130445_L.bmp,0,0,0.005464961
C:\Users\sahar\OneDrive\Desktop\EXPLAINABLE_IRIS_PAD\Data\Raw\IIITD_Contact_Lens_Iris_DB\Cogent Scanner\38\Normal\20120912130445_R.bmp,0,0,0.0034342683
C:\Users\sahar\OneDrive\Desktop\EXPLAINABLE_IRIS_PAD\Data\Raw\IIITD_Contact_Lens_Iris_DB\Cogent Scanner\38\Normal\20120912130451_L.bmp,0,0,1.10710885e-10
C:\Users\sahar\OneDrive\Desktop\EXPLAINABLE_IRIS_PAD\Data\Raw\IIITD_Contact_Lens_Iris_DB\Cogent Scanner\38\Normal\20120912130451_R.bmp,0,0,1.222427e-07
C:\Users\sahar\OneDrive\Desktop\EXPLAINABLE_IRIS_PAD\Data\Raw\IIITD_Contact_Lens_Iris_DB\Cogent Scanner\38\Normal\20120912130455_L.bmp,0,0,4.781424e-09
C:\Users\sahar\OneDrive\Desktop\EXPLAINABLE_IRIS_PAD\Data\Raw\IIITD_Contact_Lens_Iris_DB\Cogent Scanner\38\Normal\20120912130455_R.bmp,0,0,1.6472725e-07
C:\Users\sahar\OneDrive\Desktop\EXPLAINABLE_IRIS_PAD\Data\Raw\IIITD_Contact_Lens_Iris_DB\Cogent Scanner\38\Normal\20120912130457_L.bmp,0,0,2.1152377e-10
C:\Users\sahar\OneDrive\Desktop\EXPLAINABLE_IRIS_PAD\Data\Raw\IIITD_Contact_Lens_Iris_DB\Cogent Scanner\38\Normal\20120912130457_R.bmp,0,0,3.0189256e-06
C:\Users\sahar\OneDrive\Desktop\EXPLAINABLE_IRIS_PAD\Data\Raw\IIITD_Contact_Lens_Iris_DB\Cogent Scanner\38\Normal\20120912130501_L.bmp,0,0,5.3332303e-09
C:\Users\sahar\OneDrive\Desktop\EXPLAINABLE_IRIS_PAD\Data\Raw\IIITD_Contact_Lens_Iris_DB\Cogent Scanner\38\Normal\20120912130501_R.bmp,0,0,1.936699e-07
C:\Users\sahar\OneDrive\Desktop\EXPLAINABLE_IRIS_PAD\Data\Raw\IIITD_Contact_Lens_Iris_DB\Cogent Scanner\38\Normal\20120912130503_L.bmp,0,0,6.6765864e-07
C:\Users\sahar\OneDrive\Desktop\EXPLAINABLE_IRIS_PAD\Data\Raw\IIITD_Contact_Lens_Iris_DB\Cogent Scanner\38\Normal\20120912130503_R.bmp,0,0,1.0988643e-05
C:\Users\sahar\OneDrive\Desktop\EXPLAINABLE_IRIS_PAD\Data\Raw\IIITD_Contact_Lens_Iris_DB\Cogent Scanner\43\Colored\20120919172819_L.bmp,1,0,0.020042215
C:\Users\sahar\OneDrive\Desktop\EXPLAINABLE_IRIS_PAD\Data\Raw\IIITD_Contact_Lens_Iris_DB\Cogent Scanner\43\Colored\20120919172819_R.bmp,1,1,0.9993856
C:\Users\sahar\OneDrive\Desktop\EXPLAINABLE_IRIS_PAD\Data\Raw\IIITD_Contact_Lens_Iris_DB\Cogent Scanner\43\Colored\20120919172822_L.bmp,1,0,0.38583478
C:\Users\sahar\OneDrive\Desktop\EXPLAINABLE_IRIS_PAD\Data\Raw\IIITD_Contact_Lens_Iris_DB\Cogent Scanner\43\Colored\20120919172822_R.bmp,1,1,0.9999871
C:\Users\sahar\OneDrive\Desktop\EXPLAINABLE_IRIS_PAD\Data\Raw\IIITD_Contact_Lens_Iris_DB\Cogent Scanner\43\Colored\20120919172827_L.bmp,1,1,0.9997781
C:\Users\sahar\OneDrive\Desktop\EXPLAINABLE_IRIS_PAD\Data\Raw\IIITD_Contact_Lens_Iris_DB\Cogent Scanner\43\Colored\20120919172827_R.bmp,1,1,0.99999976
C:\Users\sahar\OneDrive\Desktop\EXPLAINABLE_IRIS_PAD\Data\Raw\IIITD_Contact_Lens_Iris_DB\Cogent Scanner\43\Colored\20120919172831_L.bmp,1,1,0.99990666
C:\Users\sahar\OneDrive\Desktop\EXPLAINABLE_IRIS_PAD\Data\Raw\IIITD_Contact_Lens_Iris_DB\Cogent Scanner\43\Colored\20120919172831_R.bmp,1,1,0.999997
C:\Users\sahar\OneDrive\Desktop\EXPLAINABLE_IRIS_PAD\Data\Raw\IIITD_Contact_Lens_Iris_DB\Cogent Scanner\43\Colored\20120919172834_L.bmp,1,1,0.99939847
C:\Users\sahar\OneDrive\Desktop\EXPLAINABLE_IRIS_PAD\Data\Raw\IIITD_Contact_Lens_Iris_DB\Cogent Scanner\43\Colored\20120919172834_R.bmp,1,1,0.9999956
C:\Users\sahar\OneDrive\Desktop\EXPLAINABLE_IRIS_PAD\Data\Raw\IIITD_Contact_Lens_Iris_DB\Cogent Scanner\43\Colored\20120919172840_L.bmp,1,1,0.9998716
C:\Users\sahar\OneDrive\Desktop\EXPLAINABLE_IRIS_PAD\Data\Raw\IIITD_Contact_Lens_Iris_DB\Cogent Scanner\43\Colored\20120919172840_R.bmp,1,1,0.99999714
C:\Users\sahar\OneDrive\Desktop\EXPLAINABLE_IRIS_PAD\Data\Raw\IIITD_Contact_Lens_Iris_DB\Cogent Scanner\43\Colored\20120919172845_L.bmp,1,1,0.9999478
C:\Users\sahar\OneDrive\Desktop\EXPLAINABLE_IRIS_PAD\Data\Raw\IIITD_Contact_Lens_Iris_DB\Cogent Scanner\43\Colored\20120919172845_R.bmp,1,1,1.0
C:\Users\sahar\OneDrive\Desktop\EXPLAINABLE_IRIS_PAD\Data\Raw\IIITD_Contact_Lens_Iris_DB\Cogent Scanner\43\Colored\20120919172848_L.bmp,1,1,0.99997306
C:\Users\sahar\OneDrive\Desktop\EXPLAINABLE_IRIS_PAD\Data\Raw\IIITD_Contact_Lens_Iris_DB\Cogent Scanner\43\Colored\20120919172848_R.bmp,1,1,1.0
C:\Users\sahar\OneDrive\Desktop\EXPLAINABLE_IRIS_PAD\Data\Raw\IIITD_Contact_Lens_Iris_DB\Cogent Scanner\43\Normal\20120919165733_L.bmp,0,0,9.4075794e-08
C:\Users\sahar\OneDrive\Desktop\EXPLAINABLE_IRIS_PAD\Data\Raw\IIITD_Contact_Lens_Iris_DB\Cogent Scanner\43\Normal\20120919165733_R.bmp,0,0,1.4709632e-08
C:\Users\sahar\OneDrive\Desktop\EXPLAINABLE_IRIS_PAD\Data\Raw\IIITD_Contact_Lens_Iris_DB\Cogent Scanner\43\Normal\20120919165736_L.bmp,0,0,4.329828e-06
C:\Users\sahar\OneDrive\Desktop\EXPLAINABLE_IRIS_PAD\Data\Raw\IIITD_Contact_Lens_Iris_DB\Cogent Scanner\43\Normal\20120919165736_R.bmp,0,0,2.6426613e-07
C:\Users\sahar\OneDrive\Desktop\EXPLAINABLE_IRIS_PAD\Data\Raw\IIITD_Contact_Lens_Iris_DB\Cogent Scanner\43\Normal\20120919165739_L.bmp,0,0,6.286886e-06
C:\Users\sahar\OneDrive\Desktop\EXPLAINABLE_IRIS_PAD\Data\Raw\IIITD_Contact_Lens_Iris_DB\Cogent Scanner\43\Normal\20120919165739_R.bmp,0,0,1.060999e-05
C:\Users\sahar\OneDrive\Desktop\EXPLAINABLE_IRIS_PAD\Data\Raw\IIITD_Contact_Lens_Iris_DB\Cogent Scanner\43\Normal\20120919165743_L.bmp,0,0,1.1947246e-07
C:\Users\sahar\OneDrive\Desktop\EXPLAINABLE_IRIS_PAD\Data\Raw\IIITD_Contact_Lens_Iris_DB\Cogent Scanner\43\Normal\20120919165743_R.bmp,0,0,3.334525e-08
C:\Users\sahar\OneDrive\Desktop\EXPLAINABLE_IRIS_PAD\Data\Raw\IIITD_Contact_Lens_Iris_DB\Cogent Scanner\43\Normal\20120919165747_L.bmp,0,0,1.0771731e-09
C:\Users\sahar\OneDrive\Desktop\EXPLAINABLE_IRIS_PAD\Data\Raw\IIITD_Contact_Lens_Iris_DB\Cogent Scanner\43\Normal\20120919165747_R.bmp,0,0,1.9690515e-05
C:\Users\sahar\OneDrive\Desktop\EXPLAINABLE_IRIS_PAD\Data\Raw\IIITD_Contact_Lens_Iris_DB\Cogent Scanner\46\Colored\20120919140649_L.bmp,1,1,0.9999999
C:\Users\sahar\OneDrive\Desktop\EXPLAINABLE_IRIS_PAD\Data\Raw\IIITD_Contact_Lens_Iris_DB\Cogent Scanner\46\Colored\20120919140649_R.bmp,1,1,1.0
C:\Users\sahar\OneDrive\Desktop\EXPLAINABLE_IRIS_PAD\Data\Raw\IIITD_Contact_Lens_Iris_DB\Cogent Scanner\46\Colored\20120919140653_L.bmp,1,1,1.0
C:\Users\sahar\OneDrive\Desktop\EXPLAINABLE_IRIS_PAD\Data\Raw\IIITD_Contact_Lens_Iris_DB\Cogent Scanner\46\Colored\20120919140653_R.bmp,1,1,1.0
C:\Users\sahar\OneDrive\Desktop\EXPLAINABLE_IRIS_PAD\Data\Raw\IIITD_Contact_Lens_Iris_DB\Cogent Scanner\46\Colored\20120919140657_L.bmp,1,1,1.0
C:\Users\sahar\OneDrive\Desktop\EXPLAINABLE_IRIS_PAD\Data\Raw\IIITD_Contact_Lens_Iris_DB\Cogent Scanner\46\Colored\20120919140657_R.bmp,1,1,1.0
C:\Users\sahar\OneDrive\Desktop\EXPLAINABLE_IRIS_PAD\Data\Raw\IIITD_Contact_Lens_Iris_DB\Cogent Scanner\46\Colored\20120919140702_L.bmp,1,1,0.99999845
C:\Users\sahar\OneDrive\Desktop\EXPLAINABLE_IRIS_PAD\Data\Raw\IIITD_Contact_Lens_Iris_DB\Cogent Scanner\46\Colored\20120919140708_R.bmp,1,1,1.0
C:\Users\sahar\OneDrive\Desktop\EXPLAINABLE_IRIS_PAD\Data\Raw\IIITD_Contact_Lens_Iris_DB\Cogent Scanner\46\Colored\20120919140715_L.bmp,1,1,1.0
C:\Users\sahar\OneDrive\Desktop\EXPLAINABLE_IRIS_PAD\Data\Raw\IIITD_Contact_Lens_Iris_DB\Cogent Scanner\46\Colored\20120919140715_R.bmp,1,1,1.0
C:\Users\sahar\OneDrive\Desktop\EXPLAINABLE_IRIS_PAD\Data\Raw\IIITD_Contact_Lens_Iris_DB\Cogent Scanner\46\Normal\20120919130959_L.bmp,0,0,0.0011362514
C:\Users\sahar\OneDrive\Desktop\EXPLAINABLE_IRIS_PAD\Data\Raw\IIITD_Contact_Lens_Iris_DB\Cogent Scanner\46\Normal\20120919130959_R.bmp,0,0,6.094578e-07
C:\Users\sahar\OneDrive\Desktop\EXPLAINABLE_IRIS_PAD\Data\Raw\IIITD_Contact_Lens_Iris_DB\Cogent Scanner\46\Normal\20120919131002_L.bmp,0,0,4.6247198e-05
C:\Users\sahar\OneDrive\Desktop\EXPLAINABLE_IRIS_PAD\Data\Raw\IIITD_Contact_Lens_Iris_DB\Cogent Scanner\46\Normal\20120919131002_R.bmp,0,0,1.4702767e-06
C:\Users\sahar\OneDrive\Desktop\EXPLAINABLE_IRIS_PAD\Data\Raw\IIITD_Contact_Lens_Iris_DB\Cogent Scanner\46\Normal\20120919131005_L.bmp,0,0,2.421338e-05
C:\Users\sahar\OneDrive\Desktop\EXPLAINABLE_IRIS_PAD\Data\Raw\IIITD_Contact_Lens_Iris_DB\Cogent Scanner\46\Normal\20120919131005_R.bmp,0,0,3.698224e-06
C:\Users\sahar\OneDrive\Desktop\EXPLAINABLE_IRIS_PAD\Data\Raw\IIITD_Contact_Lens_Iris_DB\Cogent Scanner\46\Normal\20120919131009_L.bmp,0,0,0.0073747626
C:\Users\sahar\OneDrive\Desktop\EXPLAINABLE_IRIS_PAD\Data\Raw\IIITD_Contact_Lens_Iris_DB\Cogent Scanner\46\Normal\20120919131009_R.bmp,0,0,5.616994e-06
C:\Users\sahar\OneDrive\Desktop\EXPLAINABLE_IRIS_PAD\Data\Raw\IIITD_Contact_Lens_Iris_DB\Cogent Scanner\46\Normal\20120919131013_L.bmp,0,0,0.0035068376
C:\Users\sahar\OneDrive\Desktop\EXPLAINABLE_IRIS_PAD\Data\Raw\IIITD_Contact_Lens_Iris_DB\Cogent Scanner\46\Normal\20120919131013_R.bmp,0,0,0.27024278
C:\Users\sahar\OneDrive\Desktop\EXPLAINABLE_IRIS_PAD\Data\Raw\IIITD_Contact_Lens_Iris_DB\Cogent Scanner\48\Colored\20120912131439_L.bmp,1,0,7.052713e-05
C:\Users\sahar\OneDrive\Desktop\EXPLAINABLE_IRIS_PAD\Data\Raw\IIITD_Contact_Lens_Iris_DB\Cogent Scanner\48\Colored\20120912131439_R.bmp,1,0,4.356205e-05
C:\Users\sahar\OneDrive\Desktop\EXPLAINABLE_IRIS_PAD\Data\Raw\IIITD_Contact_Lens_Iris_DB\Cogent Scanner\48\Colored\20120912131448_L.bmp,1,1,0.9874607
C:\Users\sahar\OneDrive\Desktop\EXPLAINABLE_IRIS_PAD\Data\Raw\IIITD_Contact_Lens_Iris_DB\Cogent Scanner\48\Colored\20120912131448_R.bmp,1,0,0.028296659
C:\Users\sahar\OneDrive\Desktop\EXPLAINABLE_IRIS_PAD\Data\Raw\IIITD_Contact_Lens_Iris_DB\Cogent Scanner\48\Colored\20120912131454_L.bmp,1,1,0.99252135
C:\Users\sahar\OneDrive\Desktop\EXPLAINABLE_IRIS_PAD\Data\Raw\IIITD_Contact_Lens_Iris_DB\Cogent Scanner\48\Colored\20120912131454_R.bmp,1,1,0.9289216
C:\Users\sahar\OneDrive\Desktop\EXPLAINABLE_IRIS_PAD\Data\Raw\IIITD_Contact_Lens_Iris_DB\Cogent Scanner\48\Colored\20120912131505_L.bmp,1,0,0.00026805262
C:\Users\sahar\OneDrive\Desktop\EXPLAINABLE_IRIS_PAD\Data\Raw\IIITD_Contact_Lens_Iris_DB\Cogent Scanner\48\Colored\20120912131505_R.bmp,1,1,0.99811196
C:\Users\sahar\OneDrive\Desktop\EXPLAINABLE_IRIS_PAD\Data\Raw\IIITD_Contact_Lens_Iris_DB\Cogent Scanner\48\Colored\20120912131509_L.bmp,1,0,0.054367904
C:\Users\sahar\OneDrive\Desktop\EXPLAINABLE_IRIS_PAD\Data\Raw\IIITD_Contact_Lens_Iris_DB\Cogent Scanner\48\Colored\20120912131509_R.bmp,1,1,0.9999298
C:\Users\sahar\OneDrive\Desktop\EXPLAINABLE_IRIS_PAD\Data\Raw\IIITD_Contact_Lens_Iris_DB\Cogent Scanner\48\Normal\20120921164426_L.bmp,0,0,5.435177e-06
C:\Users\sahar\OneDrive\Desktop\EXPLAINABLE_IRIS_PAD\Data\Raw\IIITD_Contact_Lens_Iris_DB\Cogent Scanner\48\Normal\20120921164426_R.bmp,0,0,0.038658574
C:\Users\sahar\OneDrive\Desktop\EXPLAINABLE_IRIS_PAD\Data\Raw\IIITD_Contact_Lens_Iris_DB\Cogent Scanner\48\Normal\20120921164430_L.bmp,0,0,7.882275e-07
C:\Users\sahar\OneDrive\Desktop\EXPLAINABLE_IRIS_PAD\Data\Raw\IIITD_Contact_Lens_Iris_DB\Cogent Scanner\48\Normal\20120921164430_R.bmp,0,0,1.6516848e-05
C:\Users\sahar\OneDrive\Desktop\EXPLAINABLE_IRIS_PAD\Data\Raw\IIITD_Contact_Lens_Iris_DB\Cogent Scanner\48\Normal\20120921164434_L.bmp,0,0,3.886979e-05
C:\Users\sahar\OneDrive\Desktop\EXPLAINABLE_IRIS_PAD\Data\Raw\IIITD_Contact_Lens_Iris_DB\Cogent Scanner\48\Normal\20120921164434_R.bmp,0,0,0.0030818267
C:\Users\sahar\OneDrive\Desktop\EXPLAINABLE_IRIS_PAD\Data\Raw\IIITD_Contact_Lens_Iris_DB\Cogent Scanner\48\Normal\20120921164437_L.bmp,0,0,2.201254e-07
C:\Users\sahar\OneDrive\Desktop\EXPLAINABLE_IRIS_PAD\Data\Raw\IIITD_Contact_Lens_Iris_DB\Cogent Scanner\48\Normal\20120921164437_R.bmp,0,0,0.0008089215
C:\Users\sahar\OneDrive\Desktop\EXPLAINABLE_IRIS_PAD\Data\Raw\IIITD_Contact_Lens_Iris_DB\Cogent Scanner\48\Normal\20120921164441_L.bmp,0,0,1.1771377e-05
C:\Users\sahar\OneDrive\Desktop\EXPLAINABLE_IRIS_PAD\Data\Raw\IIITD_Contact_Lens_Iris_DB\Cogent Scanner\48\Normal\20120921164441_R.bmp,0,0,0.0012226811
C:\Users\sahar\OneDrive\Desktop\EXPLAINABLE_IRIS_PAD\Data\Raw\IIITD_Contact_Lens_Iris_DB\Cogent Scanner\48\Normal\20120921164444_L.bmp,0,0,5.061167e-07
C:\Users\sahar\OneDrive\Desktop\EXPLAINABLE_IRIS_PAD\Data\Raw\IIITD_Contact_Lens_Iris_DB\Cogent Scanner\48\Normal\20120921164444_R.bmp,0,0,0.00010409137
C:\Users\sahar\OneDrive\Desktop\EXPLAINABLE_IRIS_PAD\Data\Raw\IIITD_Contact_Lens_Iris_DB\Cogent Scanner\49\Colored\20120914142848_L.bmp,1,1,0.9999987
C:\Users\sahar\OneDrive\Desktop\EXPLAINABLE_IRIS_PAD\Data\Raw\IIITD_Contact_Lens_Iris_DB\Cogent Scanner\49\Colored\20120914142848_R.bmp,1,1,0.99971277
C:\Users\sahar\OneDrive\Desktop\EXPLAINABLE_IRIS_PAD\Data\Raw\IIITD_Contact_Lens_Iris_DB\Cogent Scanner\49\Colored\20120914142852_L.bmp,1,1,0.99999976
C:\Users\sahar\OneDrive\Desktop\EXPLAINABLE_IRIS_PAD\Data\Raw\IIITD_Contact_Lens_Iris_DB\Cogent Scanner\49\Colored\20120914142852_R.bmp,1,1,0.999987
C:\Users\sahar\OneDrive\Desktop\EXPLAINABLE_IRIS_PAD\Data\Raw\IIITD_Contact_Lens_Iris_DB\Cogent Scanner\49\Colored\20120914142856_L.bmp,1,1,1.0
C:\Users\sahar\OneDrive\Desktop\EXPLAINABLE_IRIS_PAD\Data\Raw\IIITD_Contact_Lens_Iris_DB\Cogent Scanner\49\Colored\20120914142856_R.bmp,1,1,0.99999535
C:\Users\sahar\OneDrive\Desktop\EXPLAINABLE_IRIS_PAD\Data\Raw\IIITD_Contact_Lens_Iris_DB\Cogent Scanner\49\Colored\20120914142859_L.bmp,1,1,1.0
C:\Users\sahar\OneDrive\Desktop\EXPLAINABLE_IRIS_PAD\Data\Raw\IIITD_Contact_Lens_Iris_DB\Cogent Scanner\49\Colored\20120914142859_R.bmp,1,1,0.99967396
C:\Users\sahar\OneDrive\Desktop\EXPLAINABLE_IRIS_PAD\Data\Raw\IIITD_Contact_Lens_Iris_DB\Cogent Scanner\49\Colored\20120914142905_L.bmp,1,1,1.0
C:\Users\sahar\OneDrive\Desktop\EXPLAINABLE_IRIS_PAD\Data\Raw\IIITD_Contact_Lens_Iris_DB\Cogent Scanner\49\Colored\20120914142905_R.bmp,1,1,0.9999962
C:\Users\sahar\OneDrive\Desktop\EXPLAINABLE_IRIS_PAD\Data\Raw\IIITD_Contact_Lens_Iris_DB\Cogent Scanner\49\Normal\20120912123230_L.bmp,0,0,2.5823793e-08
C:\Users\sahar\OneDrive\Desktop\EXPLAINABLE_IRIS_PAD\Data\Raw\IIITD_Contact_Lens_Iris_DB\Cogent Scanner\49\Normal\20120912123230_R.bmp,0,0,2.83435e-08
C:\Users\sahar\OneDrive\Desktop\EXPLAINABLE_IRIS_PAD\Data\Raw\IIITD_Contact_Lens_Iris_DB\Cogent Scanner\49\Normal\20120912123233_L.bmp,0,0,2.7766366e-11
C:\Users\sahar\OneDrive\Desktop\EXPLAINABLE_IRIS_PAD\Data\Raw\IIITD_Contact_Lens_Iris_DB\Cogent Scanner\49\Normal\20120912123233_R.bmp,0,0,5.6383637e-10
C:\Users\sahar\OneDrive\Desktop\EXPLAINABLE_IRIS_PAD\Data\Raw\IIITD_Contact_Lens_Iris_DB\Cogent Scanner\49\Normal\20120912123237_L.bmp,0,0,2.3931026e-12
C:\Users\sahar\OneDrive\Desktop\EXPLAINABLE_IRIS_PAD\Data\Raw\IIITD_Contact_Lens_Iris_DB\Cogent Scanner\49\Normal\20120912123237_R.bmp,0,0,1.7883939e-07
C:\Users\sahar\OneDrive\Desktop\EXPLAINABLE_IRIS_PAD\Data\Raw\IIITD_Contact_Lens_Iris_DB\Cogent Scanner\49\Normal\20120912123240_L.bmp,0,0,4.6677345e-12
C:\Users\sahar\OneDrive\Desktop\EXPLAINABLE_IRIS_PAD\Data\Raw\IIITD_Contact_Lens_Iris_DB\Cogent Scanner\49\Normal\20120912123240_R.bmp,0,0,5.5298408e-08
C:\Users\sahar\OneDrive\Desktop\EXPLAINABLE_IRIS_PAD\Data\Raw\IIITD_Contact_Lens_Iris_DB\Cogent Scanner\49\Normal\20120912123242_L.bmp,0,0,1.1635916e-09
C:\Users\sahar\OneDrive\Desktop\EXPLAINABLE_IRIS_PAD\Data\Raw\IIITD_Contact_Lens_Iris_DB\Cogent Scanner\49\Normal\20120912123242_R.bmp,0,0,1.6929076e-07
C:\Users\sahar\OneDrive\Desktop\EXPLAINABLE_IRIS_PAD\Data\Raw\IIITD_Contact_Lens_Iris_DB\Cogent Scanner\49\Normal\20120912123244_L.bmp,0,0,7.495582e-13
C:\Users\sahar\OneDrive\Desktop\EXPLAINABLE_IRIS_PAD\Data\Raw\IIITD_Contact_Lens_Iris_DB\Cogent Scanner\49\Normal\20120912123244_R.bmp,0,0,6.52923e-07
C:\Users\sahar\OneDrive\Desktop\EXPLAINABLE_IRIS_PAD\Data\Raw\IIITD_Contact_Lens_Iris_DB\Cogent Scanner\73\Colored\20120920130157_L.bmp,1,1,1.0
C:\Users\sahar\OneDrive\Desktop\EXPLAINABLE_IRIS_PAD\Data\Raw\IIITD_Contact_Lens_Iris_DB\Cogent Scanner\73\Colored\20120920130157_R.bmp,1,1,0.99999976
C:\Users\sahar\OneDrive\Desktop\EXPLAINABLE_IRIS_PAD\Data\Raw\IIITD_Contact_Lens_Iris_DB\Cogent Scanner\73\Colored\20120920130201_L.bmp,1,1,1.0
C:\Users\sahar\OneDrive\Desktop\EXPLAINABLE_IRIS_PAD\Data\Raw\IIITD_Contact_Lens_Iris_DB\Cogent Scanner\73\Colored\20120920130201_R.bmp,1,1,1.0
C:\Users\sahar\OneDrive\Desktop\EXPLAINABLE_IRIS_PAD\Data\Raw\IIITD_Contact_Lens_Iris_DB\Cogent Scanner\73\Colored\20120920130204_L.bmp,1,1,1.0
C:\Users\sahar\OneDrive\Desktop\EXPLAINABLE_IRIS_PAD\Data\Raw\IIITD_Contact_Lens_Iris_DB\Cogent Scanner\73\Colored\20120920130204_R.bmp,1,1,1.0
C:\Users\sahar\OneDrive\Desktop\EXPLAINABLE_IRIS_PAD\Data\Raw\IIITD_Contact_Lens_Iris_DB\Cogent Scanner\73\Colored\20120920130208_L.bmp,1,1,1.0
C:\Users\sahar\OneDrive\Desktop\EXPLAINABLE_IRIS_PAD\Data\Raw\IIITD_Contact_Lens_Iris_DB\Cogent Scanner\73\Colored\20120920130208_R.bmp,1,1,1.0
C:\Users\sahar\OneDrive\Desktop\EXPLAINABLE_IRIS_PAD\Data\Raw\IIITD_Contact_Lens_Iris_DB\Cogent Scanner\73\Colored\20120920130212_L.bmp,1,1,1.0
C:\Users\sahar\OneDrive\Desktop\EXPLAINABLE_IRIS_PAD\Data\Raw\IIITD_Contact_Lens_Iris_DB\Cogent Scanner\73\Colored\20120920130212_R.bmp,1,1,1.0
C:\Users\sahar\OneDrive\Desktop\EXPLAINABLE_IRIS_PAD\Data\Raw\IIITD_Contact_Lens_Iris_DB\Cogent Scanner\73\Normal\20120920123153_L.bmp,0,0,1.311282e-05
C:\Users\sahar\OneDrive\Desktop\EXPLAINABLE_IRIS_PAD\Data\Raw\IIITD_Contact_Lens_Iris_DB\Cogent Scanner\73\Normal\20120920123153_R.bmp,0,0,1.3492303e-06
C:\Users\sahar\OneDrive\Desktop\EXPLAINABLE_IRIS_PAD\Data\Raw\IIITD_Contact_Lens_Iris_DB\Cogent Scanner\73\Normal\20120920123156_L.bmp,0,0,5.934834e-05
C:\Users\sahar\OneDrive\Desktop\EXPLAINABLE_IRIS_PAD\Data\Raw\IIITD_Contact_Lens_Iris_DB\Cogent Scanner\73\Normal\20120920123156_R.bmp,0,0,1.9073568e-06
C:\Users\sahar\OneDrive\Desktop\EXPLAINABLE_IRIS_PAD\Data\Raw\IIITD_Contact_Lens_Iris_DB\Cogent Scanner\73\Normal\20120920123159_L.bmp,0,0,0.00015916607
C:\Users\sahar\OneDrive\Desktop\EXPLAINABLE_IRIS_PAD\Data\Raw\IIITD_Contact_Lens_Iris_DB\Cogent Scanner\73\Normal\20120920123159_R.bmp,0,0,3.9144365e-06
C:\Users\sahar\OneDrive\Desktop\EXPLAINABLE_IRIS_PAD\Data\Raw\IIITD_Contact_Lens_Iris_DB\Cogent Scanner\73\Normal\20120920123202_L.bmp,0,0,2.593981e-05
C:\Users\sahar\OneDrive\Desktop\EXPLAINABLE_IRIS_PAD\Data\Raw\IIITD_Contact_Lens_Iris_DB\Cogent Scanner\73\Normal\20120920123202_R.bmp,0,0,4.3142096e-05
C:\Users\sahar\OneDrive\Desktop\EXPLAINABLE_IRIS_PAD\Data\Raw\IIITD_Contact_Lens_Iris_DB\Cogent Scanner\73\Normal\20120920123205_L.bmp,0,0,0.00032613156
C:\Users\sahar\OneDrive\Desktop\EXPLAINABLE_IRIS_PAD\Data\Raw\IIITD_Contact_Lens_Iris_DB\Cogent Scanner\73\Normal\20120920123205_R.bmp,0,0,0.0040243124
C:\Users\sahar\OneDrive\Desktop\EXPLAINABLE_IRIS_PAD\Data\Raw\IIITD_Contact_Lens_Iris_DB\Cogent Scanner\77\Colored\20120913150209_L.bmp,1,1,0.9996358
C:\Users\sahar\OneDrive\Desktop\EXPLAINABLE_IRIS_PAD\Data\Raw\IIITD_Contact_Lens_Iris_DB\Cogent Scanner\77\Colored\20120913150209_R.bmp,1,1,0.99999094
C:\Users\sahar\OneDrive\Desktop\EXPLAINABLE_IRIS_PAD\Data\Raw\IIITD_Contact_Lens_Iris_DB\Cogent Scanner\77\Colored\20120913150213_L.bmp,1,1,0.99968696
C:\Users\sahar\OneDrive\Desktop\EXPLAINABLE_IRIS_PAD\Data\Raw\IIITD_Contact_Lens_Iris_DB\Cogent Scanner\77\Colored\20120913150213_R.bmp,1,1,0.9999994
C:\Users\sahar\OneDrive\Desktop\EXPLAINABLE_IRIS_PAD\Data\Raw\IIITD_Contact_Lens_Iris_DB\Cogent Scanner\77\Colored\20120913150219_L.bmp,1,1,0.99815243
C:\Users\sahar\OneDrive\Desktop\EXPLAINABLE_IRIS_PAD\Data\Raw\IIITD_Contact_Lens_Iris_DB\Cogent Scanner\77\Colored\20120913150219_R.bmp,1,1,0.99999654
C:\Users\sahar\OneDrive\Desktop\EXPLAINABLE_IRIS_PAD\Data\Raw\IIITD_Contact_Lens_Iris_DB\Cogent Scanner\77\Colored\20120913150222_L.bmp,1,1,0.98683596
C:\Users\sahar\OneDrive\Desktop\EXPLAINABLE_IRIS_PAD\Data\Raw\IIITD_Contact_Lens_Iris_DB\Cogent Scanner\77\Colored\20120913150222_R.bmp,1,1,0.998204
C:\Users\sahar\OneDrive\Desktop\EXPLAINABLE_IRIS_PAD\Data\Raw\IIITD_Contact_Lens_Iris_DB\Cogent Scanner\77\Colored\20120913150226_L.bmp,1,1,0.9999629
C:\Users\sahar\OneDrive\Desktop\EXPLAINABLE_IRIS_PAD\Data\Raw\IIITD_Contact_Lens_Iris_DB\Cogent Scanner\77\Colored\20120913150226_R.bmp,1,1,0.9999999
C:\Users\sahar\OneDrive\Desktop\EXPLAINABLE_IRIS_PAD\Data\Raw\IIITD_Contact_Lens_Iris_DB\Cogent Scanner\77\Normal\20120913122722_L.bmp,0,0,3.8030182e-10
C:\Users\sahar\OneDrive\Desktop\EXPLAINABLE_IRIS_PAD\Data\Raw\IIITD_Contact_Lens_Iris_DB\Cogent Scanner\77\Normal\20120913122722_R.bmp,0,0,1.44671185e-11
C:\Users\sahar\OneDrive\Desktop\EXPLAINABLE_IRIS_PAD\Data\Raw\IIITD_Contact_Lens_Iris_DB\Cogent Scanner\77\Normal\20120913122753_L.bmp,0,0,1.6359753e-07
C:\Users\sahar\OneDrive\Desktop\EXPLAINABLE_IRIS_PAD\Data\Raw\IIITD_Contact_Lens_Iris_DB\Cogent Scanner\77\Normal\20120913122753_R.bmp,0,0,3.4301657e-08
C:\Users\sahar\OneDrive\Desktop\EXPLAINABLE_IRIS_PAD\Data\Raw\IIITD_Contact_Lens_Iris_DB\Cogent Scanner\77\Normal\20120913122832_L.bmp,0,0,1.8771822e-12
C:\Users\sahar\OneDrive\Desktop\EXPLAINABLE_IRIS_PAD\Data\Raw\IIITD_Contact_Lens_Iris_DB\Cogent Scanner\77\Normal\20120913122832_R.bmp,0,0,1.4157976e-10
C:\Users\sahar\OneDrive\Desktop\EXPLAINABLE_IRIS_PAD\Data\Raw\IIITD_Contact_Lens_Iris_DB\Cogent Scanner\77\Normal\20120913122839_L.bmp,0,0,6.763366e-10
C:\Users\sahar\OneDrive\Desktop\EXPLAINABLE_IRIS_PAD\Data\Raw\IIITD_Contact_Lens_Iris_DB\Cogent Scanner\77\Normal\20120913122839_R.bmp,0,0,2.8646225e-08
C:\Users\sahar\OneDrive\Desktop\EXPLAINABLE_IRIS_PAD\Data\Raw\IIITD_Contact_Lens_Iris_DB\Cogent Scanner\77\Normal\20120913122849_L.bmp,0,0,3.585737e-08
C:\Users\sahar\OneDrive\Desktop\EXPLAINABLE_IRIS_PAD\Data\Raw\IIITD_Contact_Lens_Iris_DB\Cogent Scanner\77\Normal\20120913122849_R.bmp,0,0,5.426837e-08
C:\Users\sahar\OneDrive\Desktop\EXPLAINABLE_IRIS_PAD\Data\Raw\IIITD_Contact_Lens_Iris_DB\Cogent Scanner\77\Normal\20120913122854_L.bmp,0,0,2.4856e-09
C:\Users\sahar\OneDrive\Desktop\EXPLAINABLE_IRIS_PAD\Data\Raw\IIITD_Contact_Lens_Iris_DB\Cogent Scanner\77\Normal\20120913122854_R.bmp,0,0,4.0696563e-08
C:\Users\sahar\OneDrive\Desktop\EXPLAINABLE_IRIS_PAD\Data\Raw\IIITD_Contact_Lens_Iris_DB\Cogent Scanner\77\Normal\20120913122859_L.bmp,0,0,1.723007e-08
C:\Users\sahar\OneDrive\Desktop\EXPLAINABLE_IRIS_PAD\Data\Raw\IIITD_Contact_Lens_Iris_DB\Cogent Scanner\77\Normal\20120913122859_R.bmp,0,0,1.9766848e-08
C:\Users\sahar\OneDrive\Desktop\EXPLAINABLE_IRIS_PAD\Data\Raw\IIITD_Contact_Lens_Iris_DB\Cogent Scanner\77\Normal\20120913122901_L.bmp,0,0,8.149006e-07
C:\Users\sahar\OneDrive\Desktop\EXPLAINABLE_IRIS_PAD\Data\Raw\IIITD_Contact_Lens_Iris_DB\Cogent Scanner\77\Normal\20120913122901_R.bmp,0,0,4.1509914e-08
C:\Users\sahar\OneDrive\Desktop\EXPLAINABLE_IRIS_PAD\Data\Raw\IIITD_Contact_Lens_Iris_DB\Cogent Scanner\78\Colored\20120920142445_L.bmp,1,0,0.0032664307
C:\Users\sahar\OneDrive\Desktop\EXPLAINABLE_IRIS_PAD\Data\Raw\IIITD_Contact_Lens_Iris_DB\Cogent Scanner\78\Colored\20120920142446_R.bmp,1,0,0.0030181059
C:\Users\sahar\OneDrive\Desktop\EXPLAINABLE_IRIS_PAD\Data\Raw\IIITD_Contact_Lens_Iris_DB\Cogent Scanner\78\Colored\20120920142454_L.bmp,1,1,0.9966677
C:\Users\sahar\OneDrive\Desktop\EXPLAINABLE_IRIS_PAD\Data\Raw\IIITD_Contact_Lens_Iris_DB\Cogent Scanner\78\Colored\20120920142454_R.bmp,1,1,0.99999857
C:\Users\sahar\OneDrive\Desktop\EXPLAINABLE_IRIS_PAD\Data\Raw\IIITD_Contact_Lens_Iris_DB\Cogent Scanner\78\Colored\20120920142502_L.bmp,1,1,0.99999
C:\Users\sahar\OneDrive\Desktop\EXPLAINABLE_IRIS_PAD\Data\Raw\IIITD_Contact_Lens_Iris_DB\Cogent Scanner\78\Colored\20120920142502_R.bmp,1,1,0.99999976
C:\Users\sahar\OneDrive\Desktop\EXPLAINABLE_IRIS_PAD\Data\Raw\IIITD_Contact_Lens_Iris_DB\Cogent Scanner\78\Colored\20120920142505_L.bmp,1,1,0.99996555
C:\Users\sahar\OneDrive\Desktop\EXPLAINABLE_IRIS_PAD\Data\Raw\IIITD_Contact_Lens_Iris_DB\Cogent Scanner\78\Colored\20120920142505_R.bmp,1,1,0.9999999
C:\Users\sahar\OneDrive\Desktop\EXPLAINABLE_IRIS_PAD\Data\Raw\IIITD_Contact_Lens_Iris_DB\Cogent Scanner\78\Colored\20120920142512_L.bmp,1,1,0.99974865
C:\Users\sahar\OneDrive\Desktop\EXPLAINABLE_IRIS_PAD\Data\Raw\IIITD_Contact_Lens_Iris_DB\Cogent Scanner\78\Colored\20120920142512_R.bmp,1,1,0.99999905
C:\Users\sahar\OneDrive\Desktop\EXPLAINABLE_IRIS_PAD\Data\Raw\IIITD_Contact_Lens_Iris_DB\Cogent Scanner\78\Colored\20120920142519_L.bmp,1,1,0.9996024
C:\Users\sahar\OneDrive\Desktop\EXPLAINABLE_IRIS_PAD\Data\Raw\IIITD_Contact_Lens_Iris_DB\Cogent Scanner\78\Colored\20120920142519_R.bmp,1,1,1.0
C:\Users\sahar\OneDrive\Desktop\EXPLAINABLE_IRIS_PAD\Data\Raw\IIITD_Contact_Lens_Iris_DB\Cogent Scanner\78\Normal\20120920135228_L.bmp,0,0,1.3295785e-05
C:\Users\sahar\OneDrive\Desktop\EXPLAINABLE_IRIS_PAD\Data\Raw\IIITD_Contact_Lens_Iris_DB\Cogent Scanner\78\Normal\20120920135228_R.bmp,0,0,0.054883346
C:\Users\sahar\OneDrive\Desktop\EXPLAINABLE_IRIS_PAD\Data\Raw\IIITD_Contact_Lens_Iris_DB\Cogent Scanner\78\Normal\20120920135231_L.bmp,0,0,1.3347696e-06
C:\Users\sahar\OneDrive\Desktop\EXPLAINABLE_IRIS_PAD\Data\Raw\IIITD_Contact_Lens_Iris_DB\Cogent Scanner\78\Normal\20120920135231_R.bmp,0,0,0.0002220085
C:\Users\sahar\OneDrive\Desktop\EXPLAINABLE_IRIS_PAD\Data\Raw\IIITD_Contact_Lens_Iris_DB\Cogent Scanner\78\Normal\20120920135234_L.bmp,0,0,1.3572087e-10
C:\Users\sahar\OneDrive\Desktop\EXPLAINABLE_IRIS_PAD\Data\Raw\IIITD_Contact_Lens_Iris_DB\Cogent Scanner\78\Normal\20120920135234_R.bmp,0,0,1.0703173e-05
C:\Users\sahar\OneDrive\Desktop\EXPLAINABLE_IRIS_PAD\Data\Raw\IIITD_Contact_Lens_Iris_DB\Cogent Scanner\78\Normal\20120920135236_L.bmp,0,0,1.3968407e-08
C:\Users\sahar\OneDrive\Desktop\EXPLAINABLE_IRIS_PAD\Data\Raw\IIITD_Contact_Lens_Iris_DB\Cogent Scanner\78\Normal\20120920135236_R.bmp,0,0,2.5498801e-08
C:\Users\sahar\OneDrive\Desktop\EXPLAINABLE_IRIS_PAD\Data\Raw\IIITD_Contact_Lens_Iris_DB\Cogent Scanner\78\Normal\20120920135239_L.bmp,0,0,3.1443008e-08
C:\Users\sahar\OneDrive\Desktop\EXPLAINABLE_IRIS_PAD\Data\Raw\IIITD_Contact_Lens_Iris_DB\Cogent Scanner\78\Normal\20120920135239_R.bmp,0,0,1.0567069e-06
C:\Users\sahar\OneDrive\Desktop\EXPLAINABLE_IRIS_PAD\Data\Raw\IIITD_Contact_Lens_Iris_DB\Cogent Scanner\78\Normal\20120920135241_L.bmp,0,0,4.6605382e-07
C:\Users\sahar\OneDrive\Desktop\EXPLAINABLE_IRIS_PAD\Data\Raw\IIITD_Contact_Lens_Iris_DB\Cogent Scanner\78\Normal\20120920135241_R.bmp,0,0,9.277311e-07
C:\Users\sahar\OneDrive\Desktop\EXPLAINABLE_IRIS_PAD\Data\Raw\IIITD_Contact_Lens_Iris_DB\Cogent Scanner\78\Normal\20120920135244_L.bmp,0,0,4.4830987e-08
C:\Users\sahar\OneDrive\Desktop\EXPLAINABLE_IRIS_PAD\Data\Raw\IIITD_Contact_Lens_Iris_DB\Cogent Scanner\78\Normal\20120920135244_R.bmp,0,0,6.2207273e-06
C:\Users\sahar\OneDrive\Desktop\EXPLAINABLE_IRIS_PAD\Data\Raw\IIITD_Contact_Lens_Iris_DB\Cogent Scanner\89\Colored\20120913154824_L.bmp,1,1,1.0
C:\Users\sahar\OneDrive\Desktop\EXPLAINABLE_IRIS_PAD\Data\Raw\IIITD_Contact_Lens_Iris_DB\Cogent Scanner\89\Colored\20120913154824_R.bmp,1,1,1.0
C:\Users\sahar\OneDrive\Desktop\EXPLAINABLE_IRIS_PAD\Data\Raw\IIITD_Contact_Lens_Iris_DB\Cogent Scanner\89\Colored\20120913154828_L.bmp,1,1,0.9999999
C:\Users\sahar\OneDrive\Desktop\EXPLAINABLE_IRIS_PAD\Data\Raw\IIITD_Contact_Lens_Iris_DB\Cogent Scanner\89\Colored\20120913154828_R.bmp,1,1,1.0
C:\Users\sahar\OneDrive\Desktop\EXPLAINABLE_IRIS_PAD\Data\Raw\IIITD_Contact_Lens_Iris_DB\Cogent Scanner\89\Colored\20120913154831_L.bmp,1,1,0.9999999
C:\Users\sahar\OneDrive\Desktop\EXPLAINABLE_IRIS_PAD\Data\Raw\IIITD_Contact_Lens_Iris_DB\Cogent Scanner\89\Colored\20120913154831_R.bmp,1,1,0.9999995
C:\Users\sahar\OneDrive\Desktop\EXPLAINABLE_IRIS_PAD\Data\Raw\IIITD_Contact_Lens_Iris_DB\Cogent Scanner\89\Colored\20120913154841_L.bmp,1,1,1.0
C:\Users\sahar\OneDrive\Desktop\EXPLAINABLE_IRIS_PAD\Data\Raw\IIITD_Contact_Lens_Iris_DB\Cogent Scanner\89\Colored\20120913154841_R.bmp,1,1,0.9999888
C:\Users\sahar\OneDrive\Desktop\EXPLAINABLE_IRIS_PAD\Data\Raw\IIITD_Contact_Lens_Iris_DB\Cogent Scanner\89\Colored\20120913154846_L.bmp,1,1,1.0
C:\Users\sahar\OneDrive\Desktop\EXPLAINABLE_IRIS_PAD\Data\Raw\IIITD_Contact_Lens_Iris_DB\Cogent Scanner\89\Colored\20120913154846_R.bmp,1,1,0.9999995
C:\Users\sahar\OneDrive\Desktop\EXPLAINABLE_IRIS_PAD\Data\Raw\IIITD_Contact_Lens_Iris_DB\Cogent Scanner\89\Normal\20120913141528_L.bmp,0,0,9.289624e-06
C:\Users\sahar\OneDrive\Desktop\EXPLAINABLE_IRIS_PAD\Data\Raw\IIITD_Contact_Lens_Iris_DB\Cogent Scanner\89\Normal\20120913141529_R.bmp,0,0,1.7351896e-08
C:\Users\sahar\OneDrive\Desktop\EXPLAINABLE_IRIS_PAD\Data\Raw\IIITD_Contact_Lens_Iris_DB\Cogent Scanner\89\Normal\20120913141532_L.bmp,0,0,0.00028612532
C:\Users\sahar\OneDrive\Desktop\EXPLAINABLE_IRIS_PAD\Data\Raw\IIITD_Contact_Lens_Iris_DB\Cogent Scanner\89\Normal\20120913141532_R.bmp,0,0,6.781909e-08
C:\Users\sahar\OneDrive\Desktop\EXPLAINABLE_IRIS_PAD\Data\Raw\IIITD_Contact_Lens_Iris_DB\Cogent Scanner\89\Normal\20120913141537_L.bmp,0,0,2.5702728e-05
C:\Users\sahar\OneDrive\Desktop\EXPLAINABLE_IRIS_PAD\Data\Raw\IIITD_Contact_Lens_Iris_DB\Cogent Scanner\89\Normal\20120913141537_R.bmp,0,0,8.0665224e-08
C:\Users\sahar\OneDrive\Desktop\EXPLAINABLE_IRIS_PAD\Data\Raw\IIITD_Contact_Lens_Iris_DB\Cogent Scanner\89\Normal\20120913141542_L.bmp,0,0,2.7025349e-06
C:\Users\sahar\OneDrive\Desktop\EXPLAINABLE_IRIS_PAD\Data\Raw\IIITD_Contact_Lens_Iris_DB\Cogent Scanner\89\Normal\20120913141542_R.bmp,0,0,4.5636025e-06
C:\Users\sahar\OneDrive\Desktop\EXPLAINABLE_IRIS_PAD\Data\Raw\IIITD_Contact_Lens_Iris_DB\Cogent Scanner\89\Normal\20120913141547_L.bmp,0,0,9.2148906e-07
C:\Users\sahar\OneDrive\Desktop\EXPLAINABLE_IRIS_PAD\Data\Raw\IIITD_Contact_Lens_Iris_DB\Cogent Scanner\89\Normal\20120913141547_R.bmp,0,0,2.1285376e-09
C:\Users\sahar\OneDrive\Desktop\EXPLAINABLE_IRIS_PAD\Data\Raw\IIITD_Contact_Lens_Iris_DB\Cogent Scanner\95\Colored\20120914142036_L.bmp,1,1,0.9999989
C:\Users\sahar\OneDrive\Desktop\EXPLAINABLE_IRIS_PAD\Data\Raw\IIITD_Contact_Lens_Iris_DB\Cogent Scanner\95\Colored\20120914142036_R.bmp,1,1,0.99999976
C:\Users\sahar\OneDrive\Desktop\EXPLAINABLE_IRIS_PAD\Data\Raw\IIITD_Contact_Lens_Iris_DB\Cogent Scanner\95\Colored\20120914142039_L.bmp,1,1,0.99999976
C:\Users\sahar\OneDrive\Desktop\EXPLAINABLE_IRIS_PAD\Data\Raw\IIITD_Contact_Lens_Iris_DB\Cogent Scanner\95\Colored\20120914142039_R.bmp,1,1,1.0
C:\Users\sahar\OneDrive\Desktop\EXPLAINABLE_IRIS_PAD\Data\Raw\IIITD_Contact_Lens_Iris_DB\Cogent Scanner\95\Colored\20120914142042_L.bmp,1,1,0.99998426
C:\Users\sahar\OneDrive\Desktop\EXPLAINABLE_IRIS_PAD\Data\Raw\IIITD_Contact_Lens_Iris_DB\Cogent Scanner\95\Colored\20120914142042_R.bmp,1,1,1.0
C:\Users\sahar\OneDrive\Desktop\EXPLAINABLE_IRIS_PAD\Data\Raw\IIITD_Contact_Lens_Iris_DB\Cogent Scanner\95\Colored\20120914142047_L.bmp,1,1,0.9999999
C:\Users\sahar\OneDrive\Desktop\EXPLAINABLE_IRIS_PAD\Data\Raw\IIITD_Contact_Lens_Iris_DB\Cogent Scanner\95\Colored\20120914142047_R.bmp,1,1,1.0
C:\Users\sahar\OneDrive\Desktop\EXPLAINABLE_IRIS_PAD\Data\Raw\IIITD_Contact_Lens_Iris_DB\Cogent Scanner\95\Colored\20120914142050_L.bmp,1,1,1.0
C:\Users\sahar\OneDrive\Desktop\EXPLAINABLE_IRIS_PAD\Data\Raw\IIITD_Contact_Lens_Iris_DB\Cogent Scanner\95\Colored\20120914142050_R.bmp,1,1,0.9999999
C:\Users\sahar\OneDrive\Desktop\EXPLAINABLE_IRIS_PAD\Data\Raw\IIITD_Contact_Lens_Iris_DB\Cogent Scanner\95\Normal\20120913123619_L.bmp,0,0,5.071662e-07
C:\Users\sahar\OneDrive\Desktop\EXPLAINABLE_IRIS_PAD\Data\Raw\IIITD_Contact_Lens_Iris_DB\Cogent Scanner\95\Normal\20120913123619_R.bmp,0,0,3.9692036e-10
C:\Users\sahar\OneDrive\Desktop\EXPLAINABLE_IRIS_PAD\Data\Raw\IIITD_Contact_Lens_Iris_DB\Cogent Scanner\95\Normal\20120913123624_L.bmp,0,0,2.848669e-08
C:\Users\sahar\OneDrive\Desktop\EXPLAINABLE_IRIS_PAD\Data\Raw\IIITD_Contact_Lens_Iris_DB\Cogent Scanner\95\Normal\20120913123624_R.bmp,0,0,1.1644978e-06
C:\Users\sahar\OneDrive\Desktop\EXPLAINABLE_IRIS_PAD\Data\Raw\IIITD_Contact_Lens_Iris_DB\Cogent Scanner\95\Normal\20120913123627_L.bmp,0,0,2.8761172e-06
C:\Users\sahar\OneDrive\Desktop\EXPLAINABLE_IRIS_PAD\Data\Raw\IIITD_Contact_Lens_Iris_DB\Cogent Scanner\95\Normal\20120913123627_R.bmp,0,0,2.9963896e-08
C:\Users\sahar\OneDrive\Desktop\EXPLAINABLE_IRIS_PAD\Data\Raw\IIITD_Contact_Lens_Iris_DB\Cogent Scanner\95\Normal\20120913123629_L.bmp,0,0,7.885495e-08
C:\Users\sahar\OneDrive\Desktop\EXPLAINABLE_IRIS_PAD\Data\Raw\IIITD_Contact_Lens_Iris_DB\Cogent Scanner\95\Normal\20120913123629_R.bmp,0,0,2.3715975e-06
C:\Users\sahar\OneDrive\Desktop\EXPLAINABLE_IRIS_PAD\Data\Raw\IIITD_Contact_Lens_Iris_DB\Cogent Scanner\95\Normal\20120913123632_L.bmp,0,0,0.00011335127
C:\Users\sahar\OneDrive\Desktop\EXPLAINABLE_IRIS_PAD\Data\Raw\IIITD_Contact_Lens_Iris_DB\Cogent Scanner\95\Normal\20120913123632_R.bmp,0,0,8.569631e-06
C:\Users\sahar\OneDrive\Desktop\EXPLAINABLE_IRIS_PAD\Data\Raw\IIITD_Contact_Lens_Iris_DB\Cogent Scanner\95\Normal\20120913123634_L.bmp,0,0,1.1786955e-06
C:\Users\sahar\OneDrive\Desktop\EXPLAINABLE_IRIS_PAD\Data\Raw\IIITD_Contact_Lens_Iris_DB\Cogent Scanner\95\Normal\20120913123634_R.bmp,0,0,4.022727e-07
C:\Users\sahar\OneDrive\Desktop\EXPLAINABLE_IRIS_PAD\Data\Raw\IIITD_Contact_Lens_Iris_DB\Cogent Scanner\95\Normal\20120913123637_L.bmp,0,0,3.1221296e-07
C:\Users\sahar\OneDrive\Desktop\EXPLAINABLE_IRIS_PAD\Data\Raw\IIITD_Contact_Lens_Iris_DB\Cogent Scanner\95\Normal\20120913123637_R.bmp,0,0,9.499485e-05
C:\Users\sahar\OneDrive\Desktop\EXPLAINABLE_IRIS_PAD\Data\Raw\IIITD_Contact_Lens_Iris_DB\Vista Scanner\1\Colored\Left\1.bmp,1,1,0.9999995
C:\Users\sahar\OneDrive\Desktop\EXPLAINABLE_IRIS_PAD\Data\Raw\IIITD_Contact_Lens_Iris_DB\Vista Scanner\1\Colored\Left\2.bmp,1,1,1.0
C:\Users\sahar\OneDrive\Desktop\EXPLAINABLE_IRIS_PAD\Data\Raw\IIITD_Contact_Lens_Iris_DB\Vista Scanner\1\Colored\Left\3.bmp,1,1,1.0
C:\Users\sahar\OneDrive\Desktop\EXPLAINABLE_IRIS_PAD\Data\Raw\IIITD_Contact_Lens_Iris_DB\Vista Scanner\1\Colored\Left\4.bmp,1,1,0.99999845
C:\Users\sahar\OneDrive\Desktop\EXPLAINABLE_IRIS_PAD\Data\Raw\IIITD_Contact_Lens_Iris_DB\Vista Scanner\1\Colored\Left\5.bmp,1,1,1.0
C:\Users\sahar\OneDrive\Desktop\EXPLAINABLE_IRIS_PAD\Data\Raw\IIITD_Contact_Lens_Iris_DB\Vista Scanner\1\Colored\Right\1.bmp,1,1,0.9999995
C:\Users\sahar\OneDrive\Desktop\EXPLAINABLE_IRIS_PAD\Data\Raw\IIITD_Contact_Lens_Iris_DB\Vista Scanner\1\Colored\Right\2.bmp,1,1,0.9999999
C:\Users\sahar\OneDrive\Desktop\EXPLAINABLE_IRIS_PAD\Data\Raw\IIITD_Contact_Lens_Iris_DB\Vista Scanner\1\Colored\Right\3.bmp,1,1,1.0
C:\Users\sahar\OneDrive\Desktop\EXPLAINABLE_IRIS_PAD\Data\Raw\IIITD_Contact_Lens_Iris_DB\Vista Scanner\1\Colored\Right\4.bmp,1,1,1.0
C:\Users\sahar\OneDrive\Desktop\EXPLAINABLE_IRIS_PAD\Data\Raw\IIITD_Contact_Lens_Iris_DB\Vista Scanner\1\Colored\Right\5.bmp,1,1,0.999997
C:\Users\sahar\OneDrive\Desktop\EXPLAINABLE_IRIS_PAD\Data\Raw\IIITD_Contact_Lens_Iris_DB\Vista Scanner\1\Normal\Left\1.bmp,0,0,6.7934474e-05
C:\Users\sahar\OneDrive\Desktop\EXPLAINABLE_IRIS_PAD\Data\Raw\IIITD_Contact_Lens_Iris_DB\Vista Scanner\1\Normal\Left\2.bmp,0,0,3.781706e-06
C:\Users\sahar\OneDrive\Desktop\EXPLAINABLE_IRIS_PAD\Data\Raw\IIITD_Contact_Lens_Iris_DB\Vista Scanner\1\Normal\Left\3.bmp,0,0,4.3937657e-06
C:\Users\sahar\OneDrive\Desktop\EXPLAINABLE_IRIS_PAD\Data\Raw\IIITD_Contact_Lens_Iris_DB\Vista Scanner\1\Normal\Left\4.bmp,0,0,1.4150455e-05
C:\Users\sahar\OneDrive\Desktop\EXPLAINABLE_IRIS_PAD\Data\Raw\IIITD_Contact_Lens_Iris_DB\Vista Scanner\1\Normal\Left\5.bmp,0,0,6.6122598e-06
C:\Users\sahar\OneDrive\Desktop\EXPLAINABLE_IRIS_PAD\Data\Raw\IIITD_Contact_Lens_Iris_DB\Vista Scanner\1\Normal\Right\1.bmp,0,0,3.8966107e-08
C:\Users\sahar\OneDrive\Desktop\EXPLAINABLE_IRIS_PAD\Data\Raw\IIITD_Contact_Lens_Iris_DB\Vista Scanner\1\Normal\Right\2.bmp,0,0,2.5750408e-08
C:\Users\sahar\OneDrive\Desktop\EXPLAINABLE_IRIS_PAD\Data\Raw\IIITD_Contact_Lens_Iris_DB\Vista Scanner\1\Normal\Right\3.bmp,0,0,2.225004e-08
C:\Users\sahar\OneDrive\Desktop\EXPLAINABLE_IRIS_PAD\Data\Raw\IIITD_Contact_Lens_Iris_DB\Vista Scanner\1\Normal\Right\4.bmp,0,0,1.2868622e-07
C:\Users\sahar\OneDrive\Desktop\EXPLAINABLE_IRIS_PAD\Data\Raw\IIITD_Contact_Lens_Iris_DB\Vista Scanner\1\Normal\Right\5.bmp,0,0,2.6410381e-08
C:\Users\sahar\OneDrive\Desktop\EXPLAINABLE_IRIS_PAD\Data\Raw\IIITD_Contact_Lens_Iris_DB\Vista Scanner\18\Colored\Left\1.bmp,1,1,1.0
C:\Users\sahar\OneDrive\Desktop\EXPLAINABLE_IRIS_PAD\Data\Raw\IIITD_Contact_Lens_Iris_DB\Vista Scanner\18\Colored\Left\2.bmp,1,1,1.0
C:\Users\sahar\OneDrive\Desktop\EXPLAINABLE_IRIS_PAD\Data\Raw\IIITD_Contact_Lens_Iris_DB\Vista Scanner\18\Colored\Left\3.bmp,1,1,1.0
C:\Users\sahar\OneDrive\Desktop\EXPLAINABLE_IRIS_PAD\Data\Raw\IIITD_Contact_Lens_Iris_DB\Vista Scanner\18\Colored\Left\4.bmp,1,1,1.0
C:\Users\sahar\OneDrive\Desktop\EXPLAINABLE_IRIS_PAD\Data\Raw\IIITD_Contact_Lens_Iris_DB\Vista Scanner\18\Colored\Left\5.bmp,1,1,1.0
C:\Users\sahar\OneDrive\Desktop\EXPLAINABLE_IRIS_PAD\Data\Raw\IIITD_Contact_Lens_Iris_DB\Vista Scanner\18\Colored\Right\1.bmp,1,1,0.9999927
C:\Users\sahar\OneDrive\Desktop\EXPLAINABLE_IRIS_PAD\Data\Raw\IIITD_Contact_Lens_Iris_DB\Vista Scanner\18\Colored\Right\2.bmp,1,1,1.0
C:\Users\sahar\OneDrive\Desktop\EXPLAINABLE_IRIS_PAD\Data\Raw\IIITD_Contact_Lens_Iris_DB\Vista Scanner\18\Colored\Right\3.bmp,1,1,0.9998425
C:\Users\sahar\OneDrive\Desktop\EXPLAINABLE_IRIS_PAD\Data\Raw\IIITD_Contact_Lens_Iris_DB\Vista Scanner\18\Colored\Right\4.bmp,1,1,1.0
C:\Users\sahar\OneDrive\Desktop\EXPLAINABLE_IRIS_PAD\Data\Raw\IIITD_Contact_Lens_Iris_DB\Vista Scanner\18\Colored\Right\5.bmp,1,1,0.9999995
C:\Users\sahar\OneDrive\Desktop\EXPLAINABLE_IRIS_PAD\Data\Raw\IIITD_Contact_Lens_Iris_DB\Vista Scanner\18\Normal\Left\1.bmp,0,0,4.2365176e-07
C:\Users\sahar\OneDrive\Desktop\EXPLAINABLE_IRIS_PAD\Data\Raw\IIITD_Contact_Lens_Iris_DB\Vista Scanner\18\Normal\Left\2.bmp,0,0,1.277454e-08
C:\Users\sahar\OneDrive\Desktop\EXPLAINABLE_IRIS_PAD\Data\Raw\IIITD_Contact_Lens_Iris_DB\Vista Scanner\18\Normal\Left\3.bmp,0,0,1.6566574e-09
C:\Users\sahar\OneDrive\Desktop\EXPLAINABLE_IRIS_PAD\Data\Raw\IIITD_Contact_Lens_Iris_DB\Vista Scanner\18\Normal\Left\4.bmp,0,0,4.221621e-09
C:\Users\sahar\OneDrive\Desktop\EXPLAINABLE_IRIS_PAD\Data\Raw\IIITD_Contact_Lens_Iris_DB\Vista Scanner\18\Normal\Left\5.bmp,0,0,7.475238e-09
C:\Users\sahar\OneDrive\Desktop\EXPLAINABLE_IRIS_PAD\Data\Raw\IIITD_Contact_Lens_Iris_DB\Vista Scanner\18\Normal\Right\1.bmp,0,0,3.4357896e-12
C:\Users\sahar\OneDrive\Desktop\EXPLAINABLE_IRIS_PAD\Data\Raw\IIITD_Contact_Lens_Iris_DB\Vista Scanner\18\Normal\Right\2.bmp,0,0,1.8611997e-08
C:\Users\sahar\OneDrive\Desktop\EXPLAINABLE_IRIS_PAD\Data\Raw\IIITD_Contact_Lens_Iris_DB\Vista Scanner\18\Normal\Right\3.bmp,0,0,2.0578787e-08
C:\Users\sahar\OneDrive\Desktop\EXPLAINABLE_IRIS_PAD\Data\Raw\IIITD_Contact_Lens_Iris_DB\Vista Scanner\18\Normal\Right\4.bmp,0,0,3.3649304e-08
C:\Users\sahar\OneDrive\Desktop\EXPLAINABLE_IRIS_PAD\Data\Raw\IIITD_Contact_Lens_Iris_DB\Vista Scanner\18\Normal\Right\5.bmp,0,0,5.426748e-10
C:\Users\sahar\OneDrive\Desktop\EXPLAINABLE_IRIS_PAD\Data\Raw\IIITD_Contact_Lens_Iris_DB\Vista Scanner\19\Colored\Left\1.bmp,1,1,0.9999918
C:\Users\sahar\OneDrive\Desktop\EXPLAINABLE_IRIS_PAD\Data\Raw\IIITD_Contact_Lens_Iris_DB\Vista Scanner\19\Colored\Left\2.bmp,1,1,1.0
C:\Users\sahar\OneDrive\Desktop\EXPLAINABLE_IRIS_PAD\Data\Raw\IIITD_Contact_Lens_Iris_DB\Vista Scanner\19\Colored\Left\3.bmp,1,1,0.99988496
C:\Users\sahar\OneDrive\Desktop\EXPLAINABLE_IRIS_PAD\Data\Raw\IIITD_Contact_Lens_Iris_DB\Vista Scanner\19\Colored\Left\4.bmp,1,1,0.9999999
C:\Users\sahar\OneDrive\Desktop\EXPLAINABLE_IRIS_PAD\Data\Raw\IIITD_Contact_Lens_Iris_DB\Vista Scanner\19\Colored\Left\5.bmp,1,1,0.99999976
C:\Users\sahar\OneDrive\Desktop\EXPLAINABLE_IRIS_PAD\Data\Raw\IIITD_Contact_Lens_Iris_DB\Vista Scanner\19\Colored\Right\1.bmp,1,1,1.0
C:\Users\sahar\OneDrive\Desktop\EXPLAINABLE_IRIS_PAD\Data\Raw\IIITD_Contact_Lens_Iris_DB\Vista Scanner\19\Colored\Right\2.bmp,1,1,1.0
C:\Users\sahar\OneDrive\Desktop\EXPLAINABLE_IRIS_PAD\Data\Raw\IIITD_Contact_Lens_Iris_DB\Vista Scanner\19\Colored\Right\3.bmp,1,1,1.0
C:\Users\sahar\OneDrive\Desktop\EXPLAINABLE_IRIS_PAD\Data\Raw\IIITD_Contact_Lens_Iris_DB\Vista Scanner\19\Colored\Right\4.bmp,1,1,1.0
C:\Users\sahar\OneDrive\Desktop\EXPLAINABLE_IRIS_PAD\Data\Raw\IIITD_Contact_Lens_Iris_DB\Vista Scanner\19\Colored\Right\5.bmp,1,1,1.0
C:\Users\sahar\OneDrive\Desktop\EXPLAINABLE_IRIS_PAD\Data\Raw\IIITD_Contact_Lens_Iris_DB\Vista Scanner\19\Normal\Left\1.bmp,0,0,2.6572521e-05
C:\Users\sahar\OneDrive\Desktop\EXPLAINABLE_IRIS_PAD\Data\Raw\IIITD_Contact_Lens_Iris_DB\Vista Scanner\19\Normal\Left\2.bmp,0,0,1.26423665e-05
C:\Users\sahar\OneDrive\Desktop\EXPLAINABLE_IRIS_PAD\Data\Raw\IIITD_Contact_Lens_Iris_DB\Vista Scanner\19\Normal\Left\3.bmp,0,0,1.493393e-07
C:\Users\sahar\OneDrive\Desktop\EXPLAINABLE_IRIS_PAD\Data\Raw\IIITD_Contact_Lens_Iris_DB\Vista Scanner\19\Normal\Left\4.bmp,0,0,1.923703e-06
C:\Users\sahar\OneDrive\Desktop\EXPLAINABLE_IRIS_PAD\Data\Raw\IIITD_Contact_Lens_Iris_DB\Vista Scanner\19\Normal\Left\5.bmp,0,0,1.7711224e-07
C:\Users\sahar\OneDrive\Desktop\EXPLAINABLE_IRIS_PAD\Data\Raw\IIITD_Contact_Lens_Iris_DB\Vista Scanner\19\Normal\Right\1.bmp,0,0,1.6157387e-10
C:\Users\sahar\OneDrive\Desktop\EXPLAINABLE_IRIS_PAD\Data\Raw\IIITD_Contact_Lens_Iris_DB\Vista Scanner\19\Normal\Right\2.bmp,0,0,1.0455694e-11
C:\Users\sahar\OneDrive\Desktop\EXPLAINABLE_IRIS_PAD\Data\Raw\IIITD_Contact_Lens_Iris_DB\Vista Scanner\19\Normal\Right\3.bmp,0,0,5.158054e-09
C:\Users\sahar\OneDrive\Desktop\EXPLAINABLE_IRIS_PAD\Data\Raw\IIITD_Contact_Lens_Iris_DB\Vista Scanner\19\Normal\Right\4.bmp,0,0,5.539436e-12
C:\Users\sahar\OneDrive\Desktop\EXPLAINABLE_IRIS_PAD\Data\Raw\IIITD_Contact_Lens_Iris_DB\Vista Scanner\19\Normal\Right\5.bmp,0,0,1.0165799e-10
C:\Users\sahar\OneDrive\Desktop\EXPLAINABLE_IRIS_PAD\Data\Raw\IIITD_Contact_Lens_Iris_DB\Vista Scanner\28\Colored\Left\1.bmp,1,1,1.0
C:\Users\sahar\OneDrive\Desktop\EXPLAINABLE_IRIS_PAD\Data\Raw\IIITD_Contact_Lens_Iris_DB\Vista Scanner\28\Colored\Left\2.bmp,1,1,1.0
C:\Users\sahar\OneDrive\Desktop\EXPLAINABLE_IRIS_PAD\Data\Raw\IIITD_Contact_Lens_Iris_DB\Vista Scanner\28\Colored\Left\3.bmp,1,1,1.0
C:\Users\sahar\OneDrive\Desktop\EXPLAINABLE_IRIS_PAD\Data\Raw\IIITD_Contact_Lens_Iris_DB\Vista Scanner\28\Colored\Left\4.bmp,1,1,1.0
C:\Users\sahar\OneDrive\Desktop\EXPLAINABLE_IRIS_PAD\Data\Raw\IIITD_Contact_Lens_Iris_DB\Vista Scanner\28\Colored\Left\5.bmp,1,1,1.0
C:\Users\sahar\OneDrive\Desktop\EXPLAINABLE_IRIS_PAD\Data\Raw\IIITD_Contact_Lens_Iris_DB\Vista Scanner\28\Colored\Right\1.bmp,1,1,1.0
C:\Users\sahar\OneDrive\Desktop\EXPLAINABLE_IRIS_PAD\Data\Raw\IIITD_Contact_Lens_Iris_DB\Vista Scanner\28\Colored\Right\2.bmp,1,1,1.0
C:\Users\sahar\OneDrive\Desktop\EXPLAINABLE_IRIS_PAD\Data\Raw\IIITD_Contact_Lens_Iris_DB\Vista Scanner\28\Colored\Right\3.bmp,1,1,1.0
C:\Users\sahar\OneDrive\Desktop\EXPLAINABLE_IRIS_PAD\Data\Raw\IIITD_Contact_Lens_Iris_DB\Vista Scanner\28\Colored\Right\4.bmp,1,1,1.0
C:\Users\sahar\OneDrive\Desktop\EXPLAINABLE_IRIS_PAD\Data\Raw\IIITD_Contact_Lens_Iris_DB\Vista Scanner\28\Colored\Right\5.bmp,1,1,1.0
C:\Users\sahar\OneDrive\Desktop\EXPLAINABLE_IRIS_PAD\Data\Raw\IIITD_Contact_Lens_Iris_DB\Vista Scanner\28\Normal\Left\1.bmp,0,0,3.5199954e-10
C:\Users\sahar\OneDrive\Desktop\EXPLAINABLE_IRIS_PAD\Data\Raw\IIITD_Contact_Lens_Iris_DB\Vista Scanner\28\Normal\Left\2.bmp,0,0,1.2311502e-07
C:\Users\sahar\OneDrive\Desktop\EXPLAINABLE_IRIS_PAD\Data\Raw\IIITD_Contact_Lens_Iris_DB\Vista Scanner\28\Normal\Left\3.bmp,0,0,1.375037e-09
C:\Users\sahar\OneDrive\Desktop\EXPLAINABLE_IRIS_PAD\Data\Raw\IIITD_Contact_Lens_Iris_DB\Vista Scanner\28\Normal\Left\4.bmp,0,0,3.3151828e-08
C:\Users\sahar\OneDrive\Desktop\EXPLAINABLE_IRIS_PAD\Data\Raw\IIITD_Contact_Lens_Iris_DB\Vista Scanner\28\Normal\Left\5.bmp,0,0,1.2210505e-10
C:\Users\sahar\OneDrive\Desktop\EXPLAINABLE_IRIS_PAD\Data\Raw\IIITD_Contact_Lens_Iris_DB\Vista Scanner\28\Normal\Right\1.bmp,0,0,7.1107764e-10
C:\Users\sahar\OneDrive\Desktop\EXPLAINABLE_IRIS_PAD\Data\Raw\IIITD_Contact_Lens_Iris_DB\Vista Scanner\28\Normal\Right\2.bmp,0,0,1.9200938e-08
C:\Users\sahar\OneDrive\Desktop\EXPLAINABLE_IRIS_PAD\Data\Raw\IIITD_Contact_Lens_Iris_DB\Vista Scanner\28\Normal\Right\3.bmp,0,0,1.7988276e-08
C:\Users\sahar\OneDrive\Desktop\EXPLAINABLE_IRIS_PAD\Data\Raw\IIITD_Contact_Lens_Iris_DB\Vista Scanner\28\Normal\Right\4.bmp,0,0,2.1752783e-08
C:\Users\sahar\OneDrive\Desktop\EXPLAINABLE_IRIS_PAD\Data\Raw\IIITD_Contact_Lens_Iris_DB\Vista Scanner\28\Normal\Right\5.bmp,0,0,1.18177e-07
C:\Users\sahar\OneDrive\Desktop\EXPLAINABLE_IRIS_PAD\Data\Raw\IIITD_Contact_Lens_Iris_DB\Vista Scanner\31\Colored\Left\1.bmp,1,1,0.9998011
C:\Users\sahar\OneDrive\Desktop\EXPLAINABLE_IRIS_PAD\Data\Raw\IIITD_Contact_Lens_Iris_DB\Vista Scanner\31\Colored\Left\2.bmp,1,1,0.99968994
C:\Users\sahar\OneDrive\Desktop\EXPLAINABLE_IRIS_PAD\Data\Raw\IIITD_Contact_Lens_Iris_DB\Vista Scanner\31\Colored\Left\3.bmp,1,1,0.99948764
C:\Users\sahar\OneDrive\Desktop\EXPLAINABLE_IRIS_PAD\Data\Raw\IIITD_Contact_Lens_Iris_DB\Vista Scanner\31\Colored\Left\4.bmp,1,1,0.9999896
C:\Users\sahar\OneDrive\Desktop\EXPLAINABLE_IRIS_PAD\Data\Raw\IIITD_Contact_Lens_Iris_DB\Vista Scanner\31\Colored\Left\5.bmp,1,1,0.9999999
C:\Users\sahar\OneDrive\Desktop\EXPLAINABLE_IRIS_PAD\Data\Raw\IIITD_Contact_Lens_Iris_DB\Vista Scanner\31\Colored\Right\1.bmp,1,1,0.9999876
C:\Users\sahar\OneDrive\Desktop\EXPLAINABLE_IRIS_PAD\Data\Raw\IIITD_Contact_Lens_Iris_DB\Vista Scanner\31\Colored\Right\2.bmp,1,1,0.9995701
C:\Users\sahar\OneDrive\Desktop\EXPLAINABLE_IRIS_PAD\Data\Raw\IIITD_Contact_Lens_Iris_DB\Vista Scanner\31\Colored\Right\3.bmp,1,1,0.9999999
C:\Users\sahar\OneDrive\Desktop\EXPLAINABLE_IRIS_PAD\Data\Raw\IIITD_Contact_Lens_Iris_DB\Vista Scanner\31\Colored\Right\4.bmp,1,1,0.9999994
C:\Users\sahar\OneDrive\Desktop\EXPLAINABLE_IRIS_PAD\Data\Raw\IIITD_Contact_Lens_Iris_DB\Vista Scanner\31\Colored\Right\5.bmp,1,1,0.9999999
C:\Users\sahar\OneDrive\Desktop\EXPLAINABLE_IRIS_PAD\Data\Raw\IIITD_Contact_Lens_Iris_DB\Vista Scanner\31\Normal\Left\1.bmp,0,0,1.1028021e-08
C:\Users\sahar\OneDrive\Desktop\EXPLAINABLE_IRIS_PAD\Data\Raw\IIITD_Contact_Lens_Iris_DB\Vista Scanner\31\Normal\Left\2.bmp,0,0,5.201971e-09
C:\Users\sahar\OneDrive\Desktop\EXPLAINABLE_IRIS_PAD\Data\Raw\IIITD_Contact_Lens_Iris_DB\Vista Scanner\31\Normal\Left\3.bmp,0,0,4.760383e-10
C:\Users\sahar\OneDrive\Desktop\EXPLAINABLE_IRIS_PAD\Data\Raw\IIITD_Contact_Lens_Iris_DB\Vista Scanner\31\Normal\Left\4.bmp,0,0,9.420212e-10
C:\Users\sahar\OneDrive\Desktop\EXPLAINABLE_IRIS_PAD\Data\Raw\IIITD_Contact_Lens_Iris_DB\Vista Scanner\31\Normal\Left\5.bmp,0,0,8.989824e-10
C:\Users\sahar\OneDrive\Desktop\EXPLAINABLE_IRIS_PAD\Data\Raw\IIITD_Contact_Lens_Iris_DB\Vista Scanner\31\Normal\Right\1.bmp,0,0,1.5963644e-09
C:\Users\sahar\OneDrive\Desktop\EXPLAINABLE_IRIS_PAD\Data\Raw\IIITD_Contact_Lens_Iris_DB\Vista Scanner\31\Normal\Right\2.bmp,0,0,6.8792275e-07
C:\Users\sahar\OneDrive\Desktop\EXPLAINABLE_IRIS_PAD\Data\Raw\IIITD_Contact_Lens_Iris_DB\Vista Scanner\31\Normal\Right\3.bmp,0,0,1.1157999e-07
C:\Users\sahar\OneDrive\Desktop\EXPLAINABLE_IRIS_PAD\Data\Raw\IIITD_Contact_Lens_Iris_DB\Vista Scanner\31\Normal\Right\4.bmp,0,0,1.0322844e-08
C:\Users\sahar\OneDrive\Desktop\EXPLAINABLE_IRIS_PAD\Data\Raw\IIITD_Contact_Lens_Iris_DB\Vista Scanner\31\Normal\Right\5.bmp,0,0,9.721104e-08
C:\Users\sahar\OneDrive\Desktop\EXPLAINABLE_IRIS_PAD\Data\Raw\IIITD_Contact_Lens_Iris_DB\Vista Scanner\36\Colored\Left\1.bmp,1,1,1.0
C:\Users\sahar\OneDrive\Desktop\EXPLAINABLE_IRIS_PAD\Data\Raw\IIITD_Contact_Lens_Iris_DB\Vista Scanner\36\Colored\Left\2.bmp,1,1,1.0
C:\Users\sahar\OneDrive\Desktop\EXPLAINABLE_IRIS_PAD\Data\Raw\IIITD_Contact_Lens_Iris_DB\Vista Scanner\36\Colored\Left\3.bmp,1,1,1.0
C:\Users\sahar\OneDrive\Desktop\EXPLAINABLE_IRIS_PAD\Data\Raw\IIITD_Contact_Lens_Iris_DB\Vista Scanner\36\Colored\Left\4.bmp,1,1,1.0
C:\Users\sahar\OneDrive\Desktop\EXPLAINABLE_IRIS_PAD\Data\Raw\IIITD_Contact_Lens_Iris_DB\Vista Scanner\36\Colored\Left\5.bmp,1,1,1.0
C:\Users\sahar\OneDrive\Desktop\EXPLAINABLE_IRIS_PAD\Data\Raw\IIITD_Contact_Lens_Iris_DB\Vista Scanner\36\Colored\Right\1.bmp,1,1,1.0
C:\Users\sahar\OneDrive\Desktop\EXPLAINABLE_IRIS_PAD\Data\Raw\IIITD_Contact_Lens_Iris_DB\Vista Scanner\36\Colored\Right\2.bmp,1,1,1.0
C:\Users\sahar\OneDrive\Desktop\EXPLAINABLE_IRIS_PAD\Data\Raw\IIITD_Contact_Lens_Iris_DB\Vista Scanner\36\Colored\Right\3.bmp,1,1,0.9999994
C:\Users\sahar\OneDrive\Desktop\EXPLAINABLE_IRIS_PAD\Data\Raw\IIITD_Contact_Lens_Iris_DB\Vista Scanner\36\Colored\Right\4.bmp,1,1,0.99999857
C:\Users\sahar\OneDrive\Desktop\EXPLAINABLE_IRIS_PAD\Data\Raw\IIITD_Contact_Lens_Iris_DB\Vista Scanner\36\Colored\Right\5.bmp,1,1,0.99999964
C:\Users\sahar\OneDrive\Desktop\EXPLAINABLE_IRIS_PAD\Data\Raw\IIITD_Contact_Lens_Iris_DB\Vista Scanner\36\Normal\Left\1.bmp,0,0,1.0555944e-07
C:\Users\sahar\OneDrive\Desktop\EXPLAINABLE_IRIS_PAD\Data\Raw\IIITD_Contact_Lens_Iris_DB\Vista Scanner\36\Normal\Left\2.bmp,0,0,1.2632859e-09
C:\Users\sahar\OneDrive\Desktop\EXPLAINABLE_IRIS_PAD\Data\Raw\IIITD_Contact_Lens_Iris_DB\Vista Scanner\36\Normal\Left\3.bmp,0,0,9.1219576e-10
C:\Users\sahar\OneDrive\Desktop\EXPLAINABLE_IRIS_PAD\Data\Raw\IIITD_Contact_Lens_Iris_DB\Vista Scanner\36\Normal\Left\4.bmp,0,0,5.975943e-09
C:\Users\sahar\OneDrive\Desktop\EXPLAINABLE_IRIS_PAD\Data\Raw\IIITD_Contact_Lens_Iris_DB\Vista Scanner\36\Normal\Left\5.bmp,0,0,2.3381845e-07
C:\Users\sahar\OneDrive\Desktop\EXPLAINABLE_IRIS_PAD\Data\Raw\IIITD_Contact_Lens_Iris_DB\Vista Scanner\36\Normal\Right\1.bmp,0,0,2.4576225e-08
C:\Users\sahar\OneDrive\Desktop\EXPLAINABLE_IRIS_PAD\Data\Raw\IIITD_Contact_Lens_Iris_DB\Vista Scanner\36\Normal\Right\2.bmp,0,0,2.245985e-09
C:\Users\sahar\OneDrive\Desktop\EXPLAINABLE_IRIS_PAD\Data\Raw\IIITD_Contact_Lens_Iris_DB\Vista Scanner\36\Normal\Right\3.bmp,0,0,1.1818733e-08
C:\Users\sahar\OneDrive\Desktop\EXPLAINABLE_IRIS_PAD\Data\Raw\IIITD_Contact_Lens_Iris_DB\Vista Scanner\36\Normal\Right\4.bmp,0,0,8.579349e-09
C:\Users\sahar\OneDrive\Desktop\EXPLAINABLE_IRIS_PAD\Data\Raw\IIITD_Contact_Lens_Iris_DB\Vista Scanner\36\Normal\Right\5.bmp,0,0,1.4184344e-08
C:\Users\sahar\OneDrive\Desktop\EXPLAINABLE_IRIS_PAD\Data\Raw\IIITD_Contact_Lens_Iris_DB\Vista Scanner\38\Colored\Left\1.bmp,1,1,0.9997565
C:\Users\sahar\OneDrive\Desktop\EXPLAINABLE_IRIS_PAD\Data\Raw\IIITD_Contact_Lens_Iris_DB\Vista Scanner\38\Colored\Left\2.bmp,1,1,0.99967015
C:\Users\sahar\OneDrive\Desktop\EXPLAINABLE_IRIS_PAD\Data\Raw\IIITD_Contact_Lens_Iris_DB\Vista Scanner\38\Colored\Left\3.bmp,1,1,0.9998957
C:\Users\sahar\OneDrive\Desktop\EXPLAINABLE_IRIS_PAD\Data\Raw\IIITD_Contact_Lens_Iris_DB\Vista Scanner\38\Colored\Left\4.bmp,1,1,0.99985135
C:\Users\sahar\OneDrive\Desktop\EXPLAINABLE_IRIS_PAD\Data\Raw\IIITD_Contact_Lens_Iris_DB\Vista Scanner\38\Colored\Left\5.bmp,1,1,0.99975246
C:\Users\sahar\OneDrive\Desktop\EXPLAINABLE_IRIS_PAD\Data\Raw\IIITD_Contact_Lens_Iris_DB\Vista Scanner\38\Colored\Right\1.bmp,1,1,1.0
C:\Users\sahar\OneDrive\Desktop\EXPLAINABLE_IRIS_PAD\Data\Raw\IIITD_Contact_Lens_Iris_DB\Vista Scanner\38\Colored\Right\2.bmp,1,1,0.99999976
C:\Users\sahar\OneDrive\Desktop\EXPLAINABLE_IRIS_PAD\Data\Raw\IIITD_Contact_Lens_Iris_DB\Vista Scanner\38\Colored\Right\3.bmp,1,1,0.99999785
C:\Users\sahar\OneDrive\Desktop\EXPLAINABLE_IRIS_PAD\Data\Raw\IIITD_Contact_Lens_Iris_DB\Vista Scanner\38\Colored\Right\4.bmp,1,1,0.9999944
C:\Users\sahar\OneDrive\Desktop\EXPLAINABLE_IRIS_PAD\Data\Raw\IIITD_Contact_Lens_Iris_DB\Vista Scanner\38\Colored\Right\5.bmp,1,1,0.9999988
C:\Users\sahar\OneDrive\Desktop\EXPLAINABLE_IRIS_PAD\Data\Raw\IIITD_Contact_Lens_Iris_DB\Vista Scanner\38\Normal\Left\1.bmp,0,0,1.2198707e-07
C:\Users\sahar\OneDrive\Desktop\EXPLAINABLE_IRIS_PAD\Data\Raw\IIITD_Contact_Lens_Iris_DB\Vista Scanner\38\Normal\Left\2.bmp,0,0,4.471268e-06
C:\Users\sahar\OneDrive\Desktop\EXPLAINABLE_IRIS_PAD\Data\Raw\IIITD_Contact_Lens_Iris_DB\Vista Scanner\38\Normal\Left\3.bmp,0,0,6.9301143e-07
C:\Users\sahar\OneDrive\Desktop\EXPLAINABLE_IRIS_PAD\Data\Raw\IIITD_Contact_Lens_Iris_DB\Vista Scanner\38\Normal\Left\4.bmp,0,0,0.004777054
C:\Users\sahar\OneDrive\Desktop\EXPLAINABLE_IRIS_PAD\Data\Raw\IIITD_Contact_Lens_Iris_DB\Vista Scanner\38\Normal\Left\5.bmp,0,0,4.3043224e-06
C:\Users\sahar\OneDrive\Desktop\EXPLAINABLE_IRIS_PAD\Data\Raw\IIITD_Contact_Lens_Iris_DB\Vista Scanner\38\Normal\Right\1.bmp,0,0,0.00027999576
C:\Users\sahar\OneDrive\Desktop\EXPLAINABLE_IRIS_PAD\Data\Raw\IIITD_Contact_Lens_Iris_DB\Vista Scanner\38\Normal\Right\2.bmp,0,0,3.3362525e-07
C:\Users\sahar\OneDrive\Desktop\EXPLAINABLE_IRIS_PAD\Data\Raw\IIITD_Contact_Lens_Iris_DB\Vista Scanner\38\Normal\Right\3.bmp,0,0,1.263128e-05
C:\Users\sahar\OneDrive\Desktop\EXPLAINABLE_IRIS_PAD\Data\Raw\IIITD_Contact_Lens_Iris_DB\Vista Scanner\38\Normal\Right\4.bmp,0,0,2.713658e-05
C:\Users\sahar\OneDrive\Desktop\EXPLAINABLE_IRIS_PAD\Data\Raw\IIITD_Contact_Lens_Iris_DB\Vista Scanner\38\Normal\Right\5.bmp,0,0,2.3056522e-05
C:\Users\sahar\OneDrive\Desktop\EXPLAINABLE_IRIS_PAD\Data\Raw\IIITD_Contact_Lens_Iris_DB\Vista Scanner\43\Colored\Left\1.bmp,1,1,1.0
C:\Users\sahar\OneDrive\Desktop\EXPLAINABLE_IRIS_PAD\Data\Raw\IIITD_Contact_Lens_Iris_DB\Vista Scanner\43\Colored\Left\2.bmp,1,1,0.9999999
C:\Users\sahar\OneDrive\Desktop\EXPLAINABLE_IRIS_PAD\Data\Raw\IIITD_Contact_Lens_Iris_DB\Vista Scanner\43\Colored\Left\3.bmp,1,1,0.9999989
C:\Users\sahar\OneDrive\Desktop\EXPLAINABLE_IRIS_PAD\Data\Raw\IIITD_Contact_Lens_Iris_DB\Vista Scanner\43\Colored\Left\4.bmp,1,1,0.9999976
C:\Users\sahar\OneDrive\Desktop\EXPLAINABLE_IRIS_PAD\Data\Raw\IIITD_Contact_Lens_Iris_DB\Vista Scanner\43\Colored\Left\5.bmp,1,1,0.99999547
C:\Users\sahar\OneDrive\Desktop\EXPLAINABLE_IRIS_PAD\Data\Raw\IIITD_Contact_Lens_Iris_DB\Vista Scanner\43\Colored\Right\1.bmp,1,1,0.9999993
C:\Users\sahar\OneDrive\Desktop\EXPLAINABLE_IRIS_PAD\Data\Raw\IIITD_Contact_Lens_Iris_DB\Vista Scanner\43\Colored\Right\2.bmp,1,1,1.0
C:\Users\sahar\OneDrive\Desktop\EXPLAINABLE_IRIS_PAD\Data\Raw\IIITD_Contact_Lens_Iris_DB\Vista Scanner\43\Colored\Right\3.bmp,1,1,0.9999999
C:\Users\sahar\OneDrive\Desktop\EXPLAINABLE_IRIS_PAD\Data\Raw\IIITD_Contact_Lens_Iris_DB\Vista Scanner\43\Colored\Right\4.bmp,1,1,0.9999981
C:\Users\sahar\OneDrive\Desktop\EXPLAINABLE_IRIS_PAD\Data\Raw\IIITD_Contact_Lens_Iris_DB\Vista Scanner\43\Colored\Right\5.bmp,1,1,0.99999964
C:\Users\sahar\OneDrive\Desktop\EXPLAINABLE_IRIS_PAD\Data\Raw\IIITD_Contact_Lens_Iris_DB\Vista Scanner\43\Normal\Left\1.bmp,0,0,0.00024782147
C:\Users\sahar\OneDrive\Desktop\EXPLAINABLE_IRIS_PAD\Data\Raw\IIITD_Contact_Lens_Iris_DB\Vista Scanner\43\Normal\Left\2.bmp,0,0,3.586742e-05
C:\Users\sahar\OneDrive\Desktop\EXPLAINABLE_IRIS_PAD\Data\Raw\IIITD_Contact_Lens_Iris_DB\Vista Scanner\43\Normal\Left\3.bmp,0,0,9.966752e-07
C:\Users\sahar\OneDrive\Desktop\EXPLAINABLE_IRIS_PAD\Data\Raw\IIITD_Contact_Lens_Iris_DB\Vista Scanner\43\Normal\Left\4.bmp,0,0,0.00013869061
C:\Users\sahar\OneDrive\Desktop\EXPLAINABLE_IRIS_PAD\Data\Raw\IIITD_Contact_Lens_Iris_DB\Vista Scanner\43\Normal\Left\5.bmp,0,0,4.2519937e-06
C:\Users\sahar\OneDrive\Desktop\EXPLAINABLE_IRIS_PAD\Data\Raw\IIITD_Contact_Lens_Iris_DB\Vista Scanner\43\Normal\Right\1.bmp,0,0,8.6305243e-07
C:\Users\sahar\OneDrive\Desktop\EXPLAINABLE_IRIS_PAD\Data\Raw\IIITD_Contact_Lens_Iris_DB\Vista Scanner\43\Normal\Right\2.bmp,0,0,6.4519253e-07
C:\Users\sahar\OneDrive\Desktop\EXPLAINABLE_IRIS_PAD\Data\Raw\IIITD_Contact_Lens_Iris_DB\Vista Scanner\43\Normal\Right\3.bmp,0,0,1.3586847e-06
C:\Users\sahar\OneDrive\Desktop\EXPLAINABLE_IRIS_PAD\Data\Raw\IIITD_Contact_Lens_Iris_DB\Vista Scanner\43\Normal\Right\4.bmp,0,0,2.4971257e-06
C:\Users\sahar\OneDrive\Desktop\EXPLAINABLE_IRIS_PAD\Data\Raw\IIITD_Contact_Lens_Iris_DB\Vista Scanner\43\Normal\Right\5.bmp,0,0,8.0076575e-08
C:\Users\sahar\OneDrive\Desktop\EXPLAINABLE_IRIS_PAD\Data\Raw\IIITD_Contact_Lens_Iris_DB\Vista Scanner\46\Colored\Left\1.bmp,1,1,1.0
C:\Users\sahar\OneDrive\Desktop\EXPLAINABLE_IRIS_PAD\Data\Raw\IIITD_Contact_Lens_Iris_DB\Vista Scanner\46\Colored\Left\2.bmp,1,1,1.0
C:\Users\sahar\OneDrive\Desktop\EXPLAINABLE_IRIS_PAD\Data\Raw\IIITD_Contact_Lens_Iris_DB\Vista Scanner\46\Colored\Left\3.bmp,1,1,1.0
C:\Users\sahar\OneDrive\Desktop\EXPLAINABLE_IRIS_PAD\Data\Raw\IIITD_Contact_Lens_Iris_DB\Vista Scanner\46\Colored\Left\4.bmp,1,1,1.0
C:\Users\sahar\OneDrive\Desktop\EXPLAINABLE_IRIS_PAD\Data\Raw\IIITD_Contact_Lens_Iris_DB\Vista Scanner\46\Colored\Left\5.bmp,1,1,1.0
C:\Users\sahar\OneDrive\Desktop\EXPLAINABLE_IRIS_PAD\Data\Raw\IIITD_Contact_Lens_Iris_DB\Vista Scanner\46\Colored\Right\1.bmp,1,1,1.0
C:\Users\sahar\OneDrive\Desktop\EXPLAINABLE_IRIS_PAD\Data\Raw\IIITD_Contact_Lens_Iris_DB\Vista Scanner\46\Colored\Right\2.bmp,1,1,1.0
C:\Users\sahar\OneDrive\Desktop\EXPLAINABLE_IRIS_PAD\Data\Raw\IIITD_Contact_Lens_Iris_DB\Vista Scanner\46\Colored\Right\3.bmp,1,1,1.0
C:\Users\sahar\OneDrive\Desktop\EXPLAINABLE_IRIS_PAD\Data\Raw\IIITD_Contact_Lens_Iris_DB\Vista Scanner\46\Colored\Right\4.bmp,1,1,1.0
C:\Users\sahar\OneDrive\Desktop\EXPLAINABLE_IRIS_PAD\Data\Raw\IIITD_Contact_Lens_Iris_DB\Vista Scanner\46\Colored\Right\5.bmp,1,1,1.0
C:\Users\sahar\OneDrive\Desktop\EXPLAINABLE_IRIS_PAD\Data\Raw\IIITD_Contact_Lens_Iris_DB\Vista Scanner\46\Normal\Left\1.bmp,0,1,0.56574637
C:\Users\sahar\OneDrive\Desktop\EXPLAINABLE_IRIS_PAD\Data\Raw\IIITD_Contact_Lens_Iris_DB\Vista Scanner\46\Normal\Left\2.bmp,0,0,0.06451522
C:\Users\sahar\OneDrive\Desktop\EXPLAINABLE_IRIS_PAD\Data\Raw\IIITD_Contact_Lens_Iris_DB\Vista Scanner\46\Normal\Left\3.bmp,0,0,0.008747694
C:\Users\sahar\OneDrive\Desktop\EXPLAINABLE_IRIS_PAD\Data\Raw\IIITD_Contact_Lens_Iris_DB\Vista Scanner\46\Normal\Left\4.bmp,0,1,0.5079212
C:\Users\sahar\OneDrive\Desktop\EXPLAINABLE_IRIS_PAD\Data\Raw\IIITD_Contact_Lens_Iris_DB\Vista Scanner\46\Normal\Left\5.bmp,0,0,0.010812689
C:\Users\sahar\OneDrive\Desktop\EXPLAINABLE_IRIS_PAD\Data\Raw\IIITD_Contact_Lens_Iris_DB\Vista Scanner\46\Normal\Right\1.bmp,0,0,3.590251e-06
C:\Users\sahar\OneDrive\Desktop\EXPLAINABLE_IRIS_PAD\Data\Raw\IIITD_Contact_Lens_Iris_DB\Vista Scanner\46\Normal\Right\2.bmp,0,0,4.178698e-05
C:\Users\sahar\OneDrive\Desktop\EXPLAINABLE_IRIS_PAD\Data\Raw\IIITD_Contact_Lens_Iris_DB\Vista Scanner\46\Normal\Right\3.bmp,0,0,0.0019675603
C:\Users\sahar\OneDrive\Desktop\EXPLAINABLE_IRIS_PAD\Data\Raw\IIITD_Contact_Lens_Iris_DB\Vista Scanner\46\Normal\Right\4.bmp,0,0,0.022358568
C:\Users\sahar\OneDrive\Desktop\EXPLAINABLE_IRIS_PAD\Data\Raw\IIITD_Contact_Lens_Iris_DB\Vista Scanner\46\Normal\Right\5.bmp,0,0,0.0038469103
C:\Users\sahar\OneDrive\Desktop\EXPLAINABLE_IRIS_PAD\Data\Raw\IIITD_Contact_Lens_Iris_DB\Vista Scanner\48\Colored\Left\1.bmp,1,1,0.6778287
C:\Users\sahar\OneDrive\Desktop\EXPLAINABLE_IRIS_PAD\Data\Raw\IIITD_Contact_Lens_Iris_DB\Vista Scanner\48\Colored\Left\2.bmp,1,0,0.06030158
C:\Users\sahar\OneDrive\Desktop\EXPLAINABLE_IRIS_PAD\Data\Raw\IIITD_Contact_Lens_Iris_DB\Vista Scanner\48\Colored\Left\3.bmp,1,1,0.5236322
C:\Users\sahar\OneDrive\Desktop\EXPLAINABLE_IRIS_PAD\Data\Raw\IIITD_Contact_Lens_Iris_DB\Vista Scanner\48\Colored\Left\4.bmp,1,0,0.10948387
C:\Users\sahar\OneDrive\Desktop\EXPLAINABLE_IRIS_PAD\Data\Raw\IIITD_Contact_Lens_Iris_DB\Vista Scanner\48\Colored\Left\5.bmp,1,0,0.0018789389
C:\Users\sahar\OneDrive\Desktop\EXPLAINABLE_IRIS_PAD\Data\Raw\IIITD_Contact_Lens_Iris_DB\Vista Scanner\48\Colored\Right\1.bmp,1,1,0.9913162
C:\Users\sahar\OneDrive\Desktop\EXPLAINABLE_IRIS_PAD\Data\Raw\IIITD_Contact_Lens_Iris_DB\Vista Scanner\48\Colored\Right\2.bmp,1,0,0.0018903445
C:\Users\sahar\OneDrive\Desktop\EXPLAINABLE_IRIS_PAD\Data\Raw\IIITD_Contact_Lens_Iris_DB\Vista Scanner\48\Colored\Right\3.bmp,1,1,0.9719059
C:\Users\sahar\OneDrive\Desktop\EXPLAINABLE_IRIS_PAD\Data\Raw\IIITD_Contact_Lens_Iris_DB\Vista Scanner\48\Colored\Right\4.bmp,1,1,0.99154073
C:\Users\sahar\OneDrive\Desktop\EXPLAINABLE_IRIS_PAD\Data\Raw\IIITD_Contact_Lens_Iris_DB\Vista Scanner\48\Colored\Right\5.bmp,1,1,0.94673425
C:\Users\sahar\OneDrive\Desktop\EXPLAINABLE_IRIS_PAD\Data\Raw\IIITD_Contact_Lens_Iris_DB\Vista Scanner\48\Normal\Left\1.bmp,0,0,3.0181285e-05
C:\Users\sahar\OneDrive\Desktop\EXPLAINABLE_IRIS_PAD\Data\Raw\IIITD_Contact_Lens_Iris_DB\Vista Scanner\48\Normal\Left\2.bmp,0,0,3.6551453e-05
C:\Users\sahar\OneDrive\Desktop\EXPLAINABLE_IRIS_PAD\Data\Raw\IIITD_Contact_Lens_Iris_DB\Vista Scanner\48\Normal\Left\3.bmp,0,0,3.2334358e-06
C:\Users\sahar\OneDrive\Desktop\EXPLAINABLE_IRIS_PAD\Data\Raw\IIITD_Contact_Lens_Iris_DB\Vista Scanner\48\Normal\Left\4.bmp,0,0,0.00018890316
C:\Users\sahar\OneDrive\Desktop\EXPLAINABLE_IRIS_PAD\Data\Raw\IIITD_Contact_Lens_Iris_DB\Vista Scanner\48\Normal\Left\5.bmp,0,0,6.7632485e-05
C:\Users\sahar\OneDrive\Desktop\EXPLAINABLE_IRIS_PAD\Data\Raw\IIITD_Contact_Lens_Iris_DB\Vista Scanner\48\Normal\Right\1.bmp,0,0,2.4817584e-05
C:\Users\sahar\OneDrive\Desktop\EXPLAINABLE_IRIS_PAD\Data\Raw\IIITD_Contact_Lens_Iris_DB\Vista Scanner\48\Normal\Right\2.bmp,0,0,1.6795402e-05
C:\Users\sahar\OneDrive\Desktop\EXPLAINABLE_IRIS_PAD\Data\Raw\IIITD_Contact_Lens_Iris_DB\Vista Scanner\48\Normal\Right\3.bmp,0,0,1.1636924e-05
C:\Users\sahar\OneDrive\Desktop\EXPLAINABLE_IRIS_PAD\Data\Raw\IIITD_Contact_Lens_Iris_DB\Vista Scanner\48\Normal\Right\4.bmp,0,0,1.4506649e-06
C:\Users\sahar\OneDrive\Desktop\EXPLAINABLE_IRIS_PAD\Data\Raw\IIITD_Contact_Lens_Iris_DB\Vista Scanner\48\Normal\Right\5.bmp,0,0,0.00013778936
C:\Users\sahar\OneDrive\Desktop\EXPLAINABLE_IRIS_PAD\Data\Raw\IIITD_Contact_Lens_Iris_DB\Vista Scanner\49\Colored\Left\1.bmp,1,1,1.0
C:\Users\sahar\OneDrive\Desktop\EXPLAINABLE_IRIS_PAD\Data\Raw\IIITD_Contact_Lens_Iris_DB\Vista Scanner\49\Colored\Left\2.bmp,1,1,1.0
C:\Users\sahar\OneDrive\Desktop\EXPLAINABLE_IRIS_PAD\Data\Raw\IIITD_Contact_Lens_Iris_DB\Vista Scanner\49\Colored\Left\3.bmp,1,1,1.0
C:\Users\sahar\OneDrive\Desktop\EXPLAINABLE_IRIS_PAD\Data\Raw\IIITD_Contact_Lens_Iris_DB\Vista Scanner\49\Colored\Left\4.bmp,1,1,1.0
C:\Users\sahar\OneDrive\Desktop\EXPLAINABLE_IRIS_PAD\Data\Raw\IIITD_Contact_Lens_Iris_DB\Vista Scanner\49\Colored\Left\5.bmp,1,1,1.0
C:\Users\sahar\OneDrive\Desktop\EXPLAINABLE_IRIS_PAD\Data\Raw\IIITD_Contact_Lens_Iris_DB\Vista Scanner\49\Colored\Right\1.bmp,1,1,1.0
C:\Users\sahar\OneDrive\Desktop\EXPLAINABLE_IRIS_PAD\Data\Raw\IIITD_Contact_Lens_Iris_DB\Vista Scanner\49\Colored\Right\2.bmp,1,1,1.0
C:\Users\sahar\OneDrive\Desktop\EXPLAINABLE_IRIS_PAD\Data\Raw\IIITD_Contact_Lens_Iris_DB\Vista Scanner\49\Colored\Right\3.bmp,1,1,1.0
C:\Users\sahar\OneDrive\Desktop\EXPLAINABLE_IRIS_PAD\Data\Raw\IIITD_Contact_Lens_Iris_DB\Vista Scanner\49\Colored\Right\4.bmp,1,1,0.9999994
C:\Users\sahar\OneDrive\Desktop\EXPLAINABLE_IRIS_PAD\Data\Raw\IIITD_Contact_Lens_Iris_DB\Vista Scanner\49\Colored\Right\5.bmp,1,1,0.99999976
C:\Users\sahar\OneDrive\Desktop\EXPLAINABLE_IRIS_PAD\Data\Raw\IIITD_Contact_Lens_Iris_DB\Vista Scanner\49\Normal\Left\1.bmp,0,0,3.56976e-09
C:\Users\sahar\OneDrive\Desktop\EXPLAINABLE_IRIS_PAD\Data\Raw\IIITD_Contact_Lens_Iris_DB\Vista Scanner\49\Normal\Left\2.bmp,0,0,3.615111e-10
C:\Users\sahar\OneDrive\Desktop\EXPLAINABLE_IRIS_PAD\Data\Raw\IIITD_Contact_Lens_Iris_DB\Vista Scanner\49\Normal\Left\3.bmp,0,0,1.6893119e-10
C:\Users\sahar\OneDrive\Desktop\EXPLAINABLE_IRIS_PAD\Data\Raw\IIITD_Contact_Lens_Iris_DB\Vista Scanner\49\Normal\Left\4.bmp,0,0,1.7896543e-10
C:\Users\sahar\OneDrive\Desktop\EXPLAINABLE_IRIS_PAD\Data\Raw\IIITD_Contact_Lens_Iris_DB\Vista Scanner\49\Normal\Left\5.bmp,0,0,1.3161601e-09
C:\Users\sahar\OneDrive\Desktop\EXPLAINABLE_IRIS_PAD\Data\Raw\IIITD_Contact_Lens_Iris_DB\Vista Scanner\49\Normal\Right\1.bmp,0,0,1.872747e-09
C:\Users\sahar\OneDrive\Desktop\EXPLAINABLE_IRIS_PAD\Data\Raw\IIITD_Contact_Lens_Iris_DB\Vista Scanner\49\Normal\Right\2.bmp,0,0,1.3279423e-07
C:\Users\sahar\OneDrive\Desktop\EXPLAINABLE_IRIS_PAD\Data\Raw\IIITD_Contact_Lens_Iris_DB\Vista Scanner\49\Normal\Right\3.bmp,0,0,4.655454e-09
C:\Users\sahar\OneDrive\Desktop\EXPLAINABLE_IRIS_PAD\Data\Raw\IIITD_Contact_Lens_Iris_DB\Vista Scanner\49\Normal\Right\4.bmp,0,0,2.1120052e-09
C:\Users\sahar\OneDrive\Desktop\EXPLAINABLE_IRIS_PAD\Data\Raw\IIITD_Contact_Lens_Iris_DB\Vista Scanner\49\Normal\Right\5.bmp,0,0,3.9508382e-08
C:\Users\sahar\OneDrive\Desktop\EXPLAINABLE_IRIS_PAD\Data\Raw\IIITD_Contact_Lens_Iris_DB\Vista Scanner\73\Colored\Left\1.bmp,1,1,1.0
C:\Users\sahar\OneDrive\Desktop\EXPLAINABLE_IRIS_PAD\Data\Raw\IIITD_Contact_Lens_Iris_DB\Vista Scanner\73\Colored\Left\2.bmp,1,1,1.0
C:\Users\sahar\OneDrive\Desktop\EXPLAINABLE_IRIS_PAD\Data\Raw\IIITD_Contact_Lens_Iris_DB\Vista Scanner\73\Colored\Left\3.bmp,1,1,1.0
C:\Users\sahar\OneDrive\Desktop\EXPLAINABLE_IRIS_PAD\Data\Raw\IIITD_Contact_Lens_Iris_DB\Vista Scanner\73\Colored\Left\4.bmp,1,1,1.0
C:\Users\sahar\OneDrive\Desktop\EXPLAINABLE_IRIS_PAD\Data\Raw\IIITD_Contact_Lens_Iris_DB\Vista Scanner\73\Colored\Left\5.bmp,1,1,1.0
C:\Users\sahar\OneDrive\Desktop\EXPLAINABLE_IRIS_PAD\Data\Raw\IIITD_Contact_Lens_Iris_DB\Vista Scanner\73\Colored\Right\1.bmp,1,1,1.0
C:\Users\sahar\OneDrive\Desktop\EXPLAINABLE_IRIS_PAD\Data\Raw\IIITD_Contact_Lens_Iris_DB\Vista Scanner\73\Colored\Right\2.bmp,1,1,1.0
C:\Users\sahar\OneDrive\Desktop\EXPLAINABLE_IRIS_PAD\Data\Raw\IIITD_Contact_Lens_Iris_DB\Vista Scanner\73\Colored\Right\3.bmp,1,1,1.0
C:\Users\sahar\OneDrive\Desktop\EXPLAINABLE_IRIS_PAD\Data\Raw\IIITD_Contact_Lens_Iris_DB\Vista Scanner\73\Colored\Right\4.bmp,1,1,1.0
C:\Users\sahar\OneDrive\Desktop\EXPLAINABLE_IRIS_PAD\Data\Raw\IIITD_Contact_Lens_Iris_DB\Vista Scanner\73\Colored\Right\5.bmp,1,1,1.0
C:\Users\sahar\OneDrive\Desktop\EXPLAINABLE_IRIS_PAD\Data\Raw\IIITD_Contact_Lens_Iris_DB\Vista Scanner\73\Normal\Left\1.bmp,0,0,0.001858195
C:\Users\sahar\OneDrive\Desktop\EXPLAINABLE_IRIS_PAD\Data\Raw\IIITD_Contact_Lens_Iris_DB\Vista Scanner\73\Normal\Left\2.bmp,0,0,0.00060528057
C:\Users\sahar\OneDrive\Desktop\EXPLAINABLE_IRIS_PAD\Data\Raw\IIITD_Contact_Lens_Iris_DB\Vista Scanner\73\Normal\Left\3.bmp,0,0,0.0003347541
C:\Users\sahar\OneDrive\Desktop\EXPLAINABLE_IRIS_PAD\Data\Raw\IIITD_Contact_Lens_Iris_DB\Vista Scanner\73\Normal\Left\4.bmp,0,0,3.2457197e-06
C:\Users\sahar\OneDrive\Desktop\EXPLAINABLE_IRIS_PAD\Data\Raw\IIITD_Contact_Lens_Iris_DB\Vista Scanner\73\Normal\Left\5.bmp,0,0,9.991686e-06
C:\Users\sahar\OneDrive\Desktop\EXPLAINABLE_IRIS_PAD\Data\Raw\IIITD_Contact_Lens_Iris_DB\Vista Scanner\73\Normal\Right\1.bmp,0,0,1.6105787e-05
C:\Users\sahar\OneDrive\Desktop\EXPLAINABLE_IRIS_PAD\Data\Raw\IIITD_Contact_Lens_Iris_DB\Vista Scanner\73\Normal\Right\2.bmp,0,0,0.00022267883
C:\Users\sahar\OneDrive\Desktop\EXPLAINABLE_IRIS_PAD\Data\Raw\IIITD_Contact_Lens_Iris_DB\Vista Scanner\73\Normal\Right\3.bmp,0,0,1.9991078e-06
C:\Users\sahar\OneDrive\Desktop\EXPLAINABLE_IRIS_PAD\Data\Raw\IIITD_Contact_Lens_Iris_DB\Vista Scanner\73\Normal\Right\4.bmp,0,0,4.5471543e-06
C:\Users\sahar\OneDrive\Desktop\EXPLAINABLE_IRIS_PAD\Data\Raw\IIITD_Contact_Lens_Iris_DB\Vista Scanner\73\Normal\Right\5.bmp,0,0,5.648655e-06
C:\Users\sahar\OneDrive\Desktop\EXPLAINABLE_IRIS_PAD\Data\Raw\IIITD_Contact_Lens_Iris_DB\Vista Scanner\77\Colored\Left\1.bmp,1,1,1.0
C:\Users\sahar\OneDrive\Desktop\EXPLAINABLE_IRIS_PAD\Data\Raw\IIITD_Contact_Lens_Iris_DB\Vista Scanner\77\Colored\Left\2.bmp,1,1,0.9999989
C:\Users\sahar\OneDrive\Desktop\EXPLAINABLE_IRIS_PAD\Data\Raw\IIITD_Contact_Lens_Iris_DB\Vista Scanner\77\Colored\Left\3.bmp,1,1,0.9999999
C:\Users\sahar\OneDrive\Desktop\EXPLAINABLE_IRIS_PAD\Data\Raw\IIITD_Contact_Lens_Iris_DB\Vista Scanner\77\Colored\Left\4.bmp,1,1,0.99999976
C:\Users\sahar\OneDrive\Desktop\EXPLAINABLE_IRIS_PAD\Data\Raw\IIITD_Contact_Lens_Iris_DB\Vista Scanner\77\Colored\Left\5.bmp,1,1,0.9999999
C:\Users\sahar\OneDrive\Desktop\EXPLAINABLE_IRIS_PAD\Data\Raw\IIITD_Contact_Lens_Iris_DB\Vista Scanner\77\Colored\Right\1.bmp,1,1,0.9999976
C:\Users\sahar\OneDrive\Desktop\EXPLAINABLE_IRIS_PAD\Data\Raw\IIITD_Contact_Lens_Iris_DB\Vista Scanner\77\Colored\Right\2.bmp,1,1,1.0
C:\Users\sahar\OneDrive\Desktop\EXPLAINABLE_IRIS_PAD\Data\Raw\IIITD_Contact_Lens_Iris_DB\Vista Scanner\77\Colored\Right\3.bmp,1,1,0.9999999
C:\Users\sahar\OneDrive\Desktop\EXPLAINABLE_IRIS_PAD\Data\Raw\IIITD_Contact_Lens_Iris_DB\Vista Scanner\77\Colored\Right\4.bmp,1,1,1.0
C:\Users\sahar\OneDrive\Desktop\EXPLAINABLE_IRIS_PAD\Data\Raw\IIITD_Contact_Lens_Iris_DB\Vista Scanner\77\Colored\Right\5.bmp,1,1,0.99999917
C:\Users\sahar\OneDrive\Desktop\EXPLAINABLE_IRIS_PAD\Data\Raw\IIITD_Contact_Lens_Iris_DB\Vista Scanner\77\Normal\Left\1.bmp,0,0,2.2241727e-07
C:\Users\sahar\OneDrive\Desktop\EXPLAINABLE_IRIS_PAD\Data\Raw\IIITD_Contact_Lens_Iris_DB\Vista Scanner\77\Normal\Left\2.bmp,0,0,2.0756332e-08
C:\Users\sahar\OneDrive\Desktop\EXPLAINABLE_IRIS_PAD\Data\Raw\IIITD_Contact_Lens_Iris_DB\Vista Scanner\77\Normal\Left\3.bmp,0,0,5.933748e-09
C:\Users\sahar\OneDrive\Desktop\EXPLAINABLE_IRIS_PAD\Data\Raw\IIITD_Contact_Lens_Iris_DB\Vista Scanner\77\Normal\Left\4.bmp,0,0,5.042599e-07
C:\Users\sahar\OneDrive\Desktop\EXPLAINABLE_IRIS_PAD\Data\Raw\IIITD_Contact_Lens_Iris_DB\Vista Scanner\77\Normal\Left\5.bmp,0,0,6.239736e-08
C:\Users\sahar\OneDrive\Desktop\EXPLAINABLE_IRIS_PAD\Data\Raw\IIITD_Contact_Lens_Iris_DB\Vista Scanner\77\Normal\Right\1.bmp,0,0,6.031872e-09
C:\Users\sahar\OneDrive\Desktop\EXPLAINABLE_IRIS_PAD\Data\Raw\IIITD_Contact_Lens_Iris_DB\Vista Scanner\77\Normal\Right\2.bmp,0,0,8.2906605e-11
C:\Users\sahar\OneDrive\Desktop\EXPLAINABLE_IRIS_PAD\Data\Raw\IIITD_Contact_Lens_Iris_DB\Vista Scanner\77\Normal\Right\3.bmp,0,0,3.877727e-08
C:\Users\sahar\OneDrive\Desktop\EXPLAINABLE_IRIS_PAD\Data\Raw\IIITD_Contact_Lens_Iris_DB\Vista Scanner\77\Normal\Right\4.bmp,0,0,1.12114606e-07
C:\Users\sahar\OneDrive\Desktop\EXPLAINABLE_IRIS_PAD\Data\Raw\IIITD_Contact_Lens_Iris_DB\Vista Scanner\77\Normal\Right\5.bmp,0,0,1.0916231e-07
C:\Users\sahar\OneDrive\Desktop\EXPLAINABLE_IRIS_PAD\Data\Raw\IIITD_Contact_Lens_Iris_DB\Vista Scanner\78\Colored\Left\1.bmp,1,1,0.9999877
C:\Users\sahar\OneDrive\Desktop\EXPLAINABLE_IRIS_PAD\Data\Raw\IIITD_Contact_Lens_Iris_DB\Vista Scanner\78\Colored\Left\2.bmp,1,1,1.0
C:\Users\sahar\OneDrive\Desktop\EXPLAINABLE_IRIS_PAD\Data\Raw\IIITD_Contact_Lens_Iris_DB\Vista Scanner\78\Colored\Left\3.bmp,1,1,1.0
C:\Users\sahar\OneDrive\Desktop\EXPLAINABLE_IRIS_PAD\Data\Raw\IIITD_Contact_Lens_Iris_DB\Vista Scanner\78\Colored\Left\4.bmp,1,1,1.0
C:\Users\sahar\OneDrive\Desktop\EXPLAINABLE_IRIS_PAD\Data\Raw\IIITD_Contact_Lens_Iris_DB\Vista Scanner\78\Colored\Left\5.bmp,1,1,1.0
C:\Users\sahar\OneDrive\Desktop\EXPLAINABLE_IRIS_PAD\Data\Raw\IIITD_Contact_Lens_Iris_DB\Vista Scanner\78\Colored\Right\1.bmp,1,1,1.0
C:\Users\sahar\OneDrive\Desktop\EXPLAINABLE_IRIS_PAD\Data\Raw\IIITD_Contact_Lens_Iris_DB\Vista Scanner\78\Colored\Right\2.bmp,1,1,0.9999999
C:\Users\sahar\OneDrive\Desktop\EXPLAINABLE_IRIS_PAD\Data\Raw\IIITD_Contact_Lens_Iris_DB\Vista Scanner\78\Colored\Right\3.bmp,1,1,1.0
C:\Users\sahar\OneDrive\Desktop\EXPLAINABLE_IRIS_PAD\Data\Raw\IIITD_Contact_Lens_Iris_DB\Vista Scanner\78\Colored\Right\4.bmp,1,1,1.0
C:\Users\sahar\OneDrive\Desktop\EXPLAINABLE_IRIS_PAD\Data\Raw\IIITD_Contact_Lens_Iris_DB\Vista Scanner\78\Colored\Right\5.bmp,1,1,1.0
C:\Users\sahar\OneDrive\Desktop\EXPLAINABLE_IRIS_PAD\Data\Raw\IIITD_Contact_Lens_Iris_DB\Vista Scanner\78\Normal\Left\1.bmp,0,0,6.23951e-08
C:\Users\sahar\OneDrive\Desktop\EXPLAINABLE_IRIS_PAD\Data\Raw\IIITD_Contact_Lens_Iris_DB\Vista Scanner\78\Normal\Left\2.bmp,0,0,9.6862166e-08
C:\Users\sahar\OneDrive\Desktop\EXPLAINABLE_IRIS_PAD\Data\Raw\IIITD_Contact_Lens_Iris_DB\Vista Scanner\78\Normal\Left\3.bmp,0,0,2.9089164e-09
C:\Users\sahar\OneDrive\Desktop\EXPLAINABLE_IRIS_PAD\Data\Raw\IIITD_Contact_Lens_Iris_DB\Vista Scanner\78\Normal\Left\4.bmp,0,0,1.4681818e-09
C:\Users\sahar\OneDrive\Desktop\EXPLAINABLE_IRIS_PAD\Data\Raw\IIITD_Contact_Lens_Iris_DB\Vista Scanner\78\Normal\Left\5.bmp,0,0,4.1258805e-09
C:\Users\sahar\OneDrive\Desktop\EXPLAINABLE_IRIS_PAD\Data\Raw\IIITD_Contact_Lens_Iris_DB\Vista Scanner\78\Normal\Right\1.bmp,0,0,2.3246245e-09
C:\Users\sahar\OneDrive\Desktop\EXPLAINABLE_IRIS_PAD\Data\Raw\IIITD_Contact_Lens_Iris_DB\Vista Scanner\78\Normal\Right\2.bmp,0,0,1.011992e-08
C:\Users\sahar\OneDrive\Desktop\EXPLAINABLE_IRIS_PAD\Data\Raw\IIITD_Contact_Lens_Iris_DB\Vista Scanner\78\Normal\Right\3.bmp,0,0,8.9858465e-10
C:\Users\sahar\OneDrive\Desktop\EXPLAINABLE_IRIS_PAD\Data\Raw\IIITD_Contact_Lens_Iris_DB\Vista Scanner\78\Normal\Right\4.bmp,0,0,4.9681597e-09
C:\Users\sahar\OneDrive\Desktop\EXPLAINABLE_IRIS_PAD\Data\Raw\IIITD_Contact_Lens_Iris_DB\Vista Scanner\78\Normal\Right\5.bmp,0,0,6.835133e-10
C:\Users\sahar\OneDrive\Desktop\EXPLAINABLE_IRIS_PAD\Data\Raw\IIITD_Contact_Lens_Iris_DB\Vista Scanner\89\Colored\Left\1.bmp,1,1,1.0
C:\Users\sahar\OneDrive\Desktop\EXPLAINABLE_IRIS_PAD\Data\Raw\IIITD_Contact_Lens_Iris_DB\Vista Scanner\89\Colored\Left\2.bmp,1,1,1.0
C:\Users\sahar\OneDrive\Desktop\EXPLAINABLE_IRIS_PAD\Data\Raw\IIITD_Contact_Lens_Iris_DB\Vista Scanner\89\Colored\Left\3.bmp,1,1,0.9999957
C:\Users\sahar\OneDrive\Desktop\EXPLAINABLE_IRIS_PAD\Data\Raw\IIITD_Contact_Lens_Iris_DB\Vista Scanner\89\Colored\Left\4.bmp,1,1,0.9999999
C:\Users\sahar\OneDrive\Desktop\EXPLAINABLE_IRIS_PAD\Data\Raw\IIITD_Contact_Lens_Iris_DB\Vista Scanner\89\Colored\Left\5.bmp,1,1,1.0
C:\Users\sahar\OneDrive\Desktop\EXPLAINABLE_IRIS_PAD\Data\Raw\IIITD_Contact_Lens_Iris_DB\Vista Scanner\89\Colored\Right\1.bmp,1,1,0.9999999
C:\Users\sahar\OneDrive\Desktop\EXPLAINABLE_IRIS_PAD\Data\Raw\IIITD_Contact_Lens_Iris_DB\Vista Scanner\89\Colored\Right\2.bmp,1,1,1.0
C:\Users\sahar\OneDrive\Desktop\EXPLAINABLE_IRIS_PAD\Data\Raw\IIITD_Contact_Lens_Iris_DB\Vista Scanner\89\Colored\Right\3.bmp,1,1,0.9999999
C:\Users\sahar\OneDrive\Desktop\EXPLAINABLE_IRIS_PAD\Data\Raw\IIITD_Contact_Lens_Iris_DB\Vista Scanner\89\Colored\Right\4.bmp,1,1,1.0
C:\Users\sahar\OneDrive\Desktop\EXPLAINABLE_IRIS_PAD\Data\Raw\IIITD_Contact_Lens_Iris_DB\Vista Scanner\89\Colored\Right\5.bmp,1,1,1.0
C:\Users\sahar\OneDrive\Desktop\EXPLAINABLE_IRIS_PAD\Data\Raw\IIITD_Contact_Lens_Iris_DB\Vista Scanner\89\Normal\Left\1.bmp,0,0,3.1902962e-06
C:\Users\sahar\OneDrive\Desktop\EXPLAINABLE_IRIS_PAD\Data\Raw\IIITD_Contact_Lens_Iris_DB\Vista Scanner\89\Normal\Left\2.bmp,0,0,4.011691e-09
C:\Users\sahar\OneDrive\Desktop\EXPLAINABLE_IRIS_PAD\Data\Raw\IIITD_Contact_Lens_Iris_DB\Vista Scanner\89\Normal\Left\3.bmp,0,0,7.30152e-08
C:\Users\sahar\OneDrive\Desktop\EXPLAINABLE_IRIS_PAD\Data\Raw\IIITD_Contact_Lens_Iris_DB\Vista Scanner\89\Normal\Left\4.bmp,0,0,2.0133626e-07
C:\Users\sahar\OneDrive\Desktop\EXPLAINABLE_IRIS_PAD\Data\Raw\IIITD_Contact_Lens_Iris_DB\Vista Scanner\89\Normal\Left\5.bmp,0,0,3.3739025e-07
C:\Users\sahar\OneDrive\Desktop\EXPLAINABLE_IRIS_PAD\Data\Raw\IIITD_Contact_Lens_Iris_DB\Vista Scanner\89\Normal\Right\1.bmp,0,0,3.9249017e-09
C:\Users\sahar\OneDrive\Desktop\EXPLAINABLE_IRIS_PAD\Data\Raw\IIITD_Contact_Lens_Iris_DB\Vista Scanner\89\Normal\Right\2.bmp,0,0,2.3279622e-08
C:\Users\sahar\OneDrive\Desktop\EXPLAINABLE_IRIS_PAD\Data\Raw\IIITD_Contact_Lens_Iris_DB\Vista Scanner\89\Normal\Right\3.bmp,0,0,1.2871533e-09
C:\Users\sahar\OneDrive\Desktop\EXPLAINABLE_IRIS_PAD\Data\Raw\IIITD_Contact_Lens_Iris_DB\Vista Scanner\89\Normal\Right\4.bmp,0,0,1.2107847e-08
C:\Users\sahar\OneDrive\Desktop\EXPLAINABLE_IRIS_PAD\Data\Raw\IIITD_Contact_Lens_Iris_DB\Vista Scanner\89\Normal\Right\5.bmp,0,0,4.8090615e-10
C:\Users\sahar\OneDrive\Desktop\EXPLAINABLE_IRIS_PAD\Data\Raw\IIITD_Contact_Lens_Iris_DB\Vista Scanner\95\Colored\Left\1.bmp,1,1,1.0
C:\Users\sahar\OneDrive\Desktop\EXPLAINABLE_IRIS_PAD\Data\Raw\IIITD_Contact_Lens_Iris_DB\Vista Scanner\95\Colored\Left\2.bmp,1,1,1.0
C:\Users\sahar\OneDrive\Desktop\EXPLAINABLE_IRIS_PAD\Data\Raw\IIITD_Contact_Lens_Iris_DB\Vista Scanner\95\Colored\Left\3.bmp,1,1,1.0
C:\Users\sahar\OneDrive\Desktop\EXPLAINABLE_IRIS_PAD\Data\Raw\IIITD_Contact_Lens_Iris_DB\Vista Scanner\95\Colored\Left\4.bmp,1,1,1.0
C:\Users\sahar\OneDrive\Desktop\EXPLAINABLE_IRIS_PAD\Data\Raw\IIITD_Contact_Lens_Iris_DB\Vista Scanner\95\Colored\Left\5.bmp,1,1,1.0
C:\Users\sahar\OneDrive\Desktop\EXPLAINABLE_IRIS_PAD\Data\Raw\IIITD_Contact_Lens_Iris_DB\Vista Scanner\95\Colored\Right\1.bmp,1,1,0.99999976
C:\Users\sahar\OneDrive\Desktop\EXPLAINABLE_IRIS_PAD\Data\Raw\IIITD_Contact_Lens_Iris_DB\Vista Scanner\95\Colored\Right\2.bmp,1,1,0.9999999
C:\Users\sahar\OneDrive\Desktop\EXPLAINABLE_IRIS_PAD\Data\Raw\IIITD_Contact_Lens_Iris_DB\Vista Scanner\95\Colored\Right\3.bmp,1,1,1.0
C:\Users\sahar\OneDrive\Desktop\EXPLAINABLE_IRIS_PAD\Data\Raw\IIITD_Contact_Lens_Iris_DB\Vista Scanner\95\Colored\Right\4.bmp,1,1,1.0
C:\Users\sahar\OneDrive\Desktop\EXPLAINABLE_IRIS_PAD\Data\Raw\IIITD_Contact_Lens_Iris_DB\Vista Scanner\95\Colored\Right\5.bmp,1,1,1.0
C:\Users\sahar\OneDrive\Desktop\EXPLAINABLE_IRIS_PAD\Data\Raw\IIITD_Contact_Lens_Iris_DB\Vista Scanner\95\Normal\Left\1.bmp,0,0,2.4540354e-11
C:\Users\sahar\OneDrive\Desktop\EXPLAINABLE_IRIS_PAD\Data\Raw\IIITD_Contact_Lens_Iris_DB\Vista Scanner\95\Normal\Left\2.bmp,0,0,3.9124735e-08
C:\Users\sahar\OneDrive\Desktop\EXPLAINABLE_IRIS_PAD\Data\Raw\IIITD_Contact_Lens_Iris_DB\Vista Scanner\95\Normal\Left\3.bmp,0,0,1.7783783e-07
C:\Users\sahar\OneDrive\Desktop\EXPLAINABLE_IRIS_PAD\Data\Raw\IIITD_Contact_Lens_Iris_DB\Vista Scanner\95\Normal\Left\4.bmp,0,0,5.3054103e-09
C:\Users\sahar\OneDrive\Desktop\EXPLAINABLE_IRIS_PAD\Data\Raw\IIITD_Contact_Lens_Iris_DB\Vista Scanner\95\Normal\Left\5.bmp,0,0,1.8502017e-09
C:\Users\sahar\OneDrive\Desktop\EXPLAINABLE_IRIS_PAD\Data\Raw\IIITD_Contact_Lens_Iris_DB\Vista Scanner\95\Normal\Right\1.bmp,0,0,8.033809e-10
C:\Users\sahar\OneDrive\Desktop\EXPLAINABLE_IRIS_PAD\Data\Raw\IIITD_Contact_Lens_Iris_DB\Vista Scanner\95\Normal\Right\2.bmp,0,0,2.9418894e-07
C:\Users\sahar\OneDrive\Desktop\EXPLAINABLE_IRIS_PAD\Data\Raw\IIITD_Contact_Lens_Iris_DB\Vista Scanner\95\Normal\Right\3.bmp,0,0,1.1497308e-06
C:\Users\sahar\OneDrive\Desktop\EXPLAINABLE_IRIS_PAD\Data\Raw\IIITD_Contact_Lens_Iris_DB\Vista Scanner\95\Normal\Right\4.bmp,0,0,1.5399039e-09
C:\Users\sahar\OneDrive\Desktop\EXPLAINABLE_IRIS_PAD\Data\Raw\IIITD_Contact_Lens_Iris_DB\Vista Scanner\95\Normal\Right\5.bmp,0,0,1.0828384e-08
