path,label,pred,prob
C:\Users\sahar\OneDrive\Desktop\EXPLAINABLE_IRIS_PAD\Data\Raw\IIITD_Contact_Lens_Iris_DB\Cogent Scanner\1\Colored\20120914164317_L.bmp,1,1,0.99999905
C:\Users\sahar\OneDrive\Desktop\EXPLAINABLE_IRIS_PAD\Data\Raw\IIITD_Contact_Lens_Iris_DB\Cogent Scanner\1\Colored\20120914164317_R.bmp,1,1,0.9999994
C:\Users\sahar\OneDrive\Desktop\EXPLAINABLE_IRIS_PAD\Data\Raw\IIITD_Contact_Lens_Iris_DB\Cogent Scanner\1\Colored\20120914164320_L.bmp,1,1,0.9999994
C:\Users\sahar\OneDrive\Desktop\EXPLAINABLE_IRIS_PAD\Data\Raw\IIITD_Contact_Lens_Iris_DB\Cogent Scanner\1\Colored\20120914164320_R.bmp,1,1,0.9999994
C:\Users\sahar\OneDrive\Desktop\EXPLAINABLE_IRIS_PAD\Data\Raw\IIITD_Contact_Lens_Iris_DB\Cogent Scanner\1\Colored\20120914164322_L.bmp,1,1,0.9999999
C:\Users\sahar\OneDrive\Desktop\EXPLAINABLE_IRIS_PAD\Data\Raw\IIITD_Contact_Lens_Iris_DB\Cogent Scanner\1\Colored\20120914164322_R.bmp,1,1,0.9999951
C:\Users\sahar\OneDrive\Desktop\EXPLAINABLE_IRIS_PAD\Data\Raw\IIITD_Contact_Lens_Iris_DB\Cogent Scanner\1\Colored\20120914164325_L.bmp,1,1,0.99999416
C:\Users\sahar\OneDrive\Desktop\EXPLAINABLE_IRIS_PAD\Data\Raw\IIITD_Contact_Lens_Iris_DB\Cogent Scanner\1\Colored\20120914164325_R.bmp,1,1,0.99999976
C:\Users\sahar\OneDrive\Desktop\EXPLAINABLE_IRIS_PAD\Data\Raw\IIITD_Contact_Lens_Iris_DB\Cogent Scanner\1\Colored\20120914164328_L.bmp,1,1,0.99999857
C:\Users\sahar\OneDrive\Desktop\EXPLAINABLE_IRIS_PAD\Data\Raw\IIITD_Contact_Lens_Iris_DB\Cogent Scanner\1\Colored\20120914164328_R.bmp,1,1,0.9999994
C:\Users\sahar\OneDrive\Desktop\EXPLAINABLE_IRIS_PAD\Data\Raw\IIITD_Contact_Lens_Iris_DB\Cogent Scanner\1\Colored\20120914164331_L.bmp,1,1,0.99999976
C:\Users\sahar\OneDrive\Desktop\EXPLAINABLE_IRIS_PAD\Data\Raw\IIITD_Contact_Lens_Iris_DB\Cogent Scanner\1\Colored\20120914164331_R.bmp,1,1,0.9999981
C:\Users\sahar\OneDrive\Desktop\EXPLAINABLE_IRIS_PAD\Data\Raw\IIITD_Contact_Lens_Iris_DB\Cogent Scanner\1\Colored\20120914164333_L.bmp,1,1,0.99999857
C:\Users\sahar\OneDrive\Desktop\EXPLAINABLE_IRIS_PAD\Data\Raw\IIITD_Contact_Lens_Iris_DB\Cogent Scanner\1\Colored\20120914164333_R.bmp,1,1,0.99999666
C:\Users\sahar\OneDrive\Desktop\EXPLAINABLE_IRIS_PAD\Data\Raw\IIITD_Contact_Lens_Iris_DB\Cogent Scanner\1\Normal\20120914163848_L.bmp,0,0,1.4553302e-07
C:\Users\sahar\OneDrive\Desktop\EXPLAINABLE_IRIS_PAD\Data\Raw\IIITD_Contact_Lens_Iris_DB\Cogent Scanner\1\Normal\20120914163848_R.bmp,0,0,8.2388915e-06
C:\Users\sahar\OneDrive\Desktop\EXPLAINABLE_IRIS_PAD\Data\Raw\IIITD_Contact_Lens_Iris_DB\Cogent Scanner\1\Normal\20120914163856_L.bmp,0,0,3.7350176e-08
C:\Users\sahar\OneDrive\Desktop\EXPLAINABLE_IRIS_PAD\Data\Raw\IIITD_Contact_Lens_Iris_DB\Cogent Scanner\1\Normal\20120914163856_R.bmp,0,0,4.9970527e-08
C:\Users\sahar\OneDrive\Desktop\EXPLAINABLE_IRIS_PAD\Data\Raw\IIITD_Contact_Lens_Iris_DB\Cogent Scanner\1\Normal\20120914163901_L.bmp,0,0,2.1803132e-07
C:\Users\sahar\OneDrive\Desktop\EXPLAINABLE_IRIS_PAD\Data\Raw\IIITD_Contact_Lens_Iris_DB\Cogent Scanner\1\Normal\20120914163901_R.bmp,0,0,6.74531e-08
C:\Users\sahar\OneDrive\Desktop\EXPLAINABLE_IRIS_PAD\Data\Raw\IIITD_Contact_Lens_Iris_DB\Cogent Scanner\1\Normal\20120914163905_L.bmp,0,0,1.4676767e-06
C:\Users\sahar\OneDrive\Desktop\EXPLAINABLE_IRIS_PAD\Data\Raw\IIITD_Contact_Lens_Iris_DB\Cogent Scanner\1\Normal\20120914163905_R.bmp,0,0,1.5584043e-08
C:\Users\sahar\OneDrive\Desktop\EXPLAINABLE_IRIS_PAD\Data\Raw\IIITD_Contact_Lens_Iris_DB\Cogent Scanner\1\Normal\20120914163907_L.bmp,0,0,1.7704481e-06
C:\Users\sahar\OneDrive\Desktop\EXPLAINABLE_IRIS_PAD\Data\Raw\IIITD_Contact_Lens_Iris_DB\Cogent Scanner\1\Normal\20120914163907_R.bmp,0,0,2.5657112e-08
C:\Users\sahar\OneDrive\Desktop\EXPLAINABLE_IRIS_PAD\Data\Raw\IIITD_Contact_Lens_Iris_DB\Cogent Scanner\18\Colored\20120919150418_L.bmp,1,1,0.99986494
C:\Users\sahar\OneDrive\Desktop\EXPLAINABLE_IRIS_PAD\Data\Raw\IIITD_Contact_Lens_Iris_DB\Cogent Scanner\18\Colored\20120919150418_R.bmp,1,0,0.00351916
C:\Users\sahar\OneDrive\Desktop\EXPLAINABLE_IRIS_PAD\Data\Raw\IIITD_Contact_Lens_Iris_DB\Cogent Scanner\18\Colored\20120919150420_L.bmp,1,1,0.90826494
C:\Users\sahar\OneDrive\Desktop\EXPLAINABLE_IRIS_PAD\Data\Raw\IIITD_Contact_Lens_Iris_DB\Cogent Scanner\18\Colored\20120919150420_R.bmp,1,1,0.76939857
C:\Users\sahar\OneDrive\Desktop\EXPLAINABLE_IRIS_PAD\Data\Raw\IIITD_Contact_Lens_Iris_DB\Cogent Scanner\18\Colored\20120919150423_L.bmp,1,1,0.99995446
C:\Users\sahar\OneDrive\Desktop\EXPLAINABLE_IRIS_PAD\Data\Raw\IIITD_Contact_Lens_Iris_DB\Cogent Scanner\18\Colored\20120919150423_R.bmp,1,1,0.99997985
C:\Users\sahar\OneDrive\Desktop\EXPLAINABLE_IRIS_PAD\Data\Raw\IIITD_Contact_Lens_Iris_DB\Cogent Scanner\18\Colored\20120919150426_L.bmp,1,1,0.9999926
C:\Users\sahar\OneDrive\Desktop\EXPLAINABLE_IRIS_PAD\Data\Raw\IIITD_Contact_Lens_Iris_DB\Cogent Scanner\18\Colored\20120919150426_R.bmp,1,1,0.9999993
C:\Users\sahar\OneDrive\Desktop\EXPLAINABLE_IRIS_PAD\Data\Raw\IIITD_Contact_Lens_Iris_DB\Cogent Scanner\18\Colored\20120919150434_L.bmp,1,1,0.9998981
C:\Users\sahar\OneDrive\Desktop\EXPLAINABLE_IRIS_PAD\Data\Raw\IIITD_Contact_Lens_Iris_DB\Cogent Scanner\18\Colored\20120919150434_R.bmp,1,1,0.9999137
C:\Users\sahar\OneDrive\Desktop\EXPLAINABLE_IRIS_PAD\Data\Raw\IIITD_Contact_Lens_Iris_DB\Cogent Scanner\18\Colored\20120919150437_L.bmp,1,1,0.9999895
C:\Users\sahar\OneDrive\Desktop\EXPLAINABLE_IRIS_PAD\Data\Raw\IIITD_Contact_Lens_Iris_DB\Cogent Scanner\18\Colored\20120919150437_R.bmp,1,1,0.99996924
C:\Users\sahar\OneDrive\Desktop\EXPLAINABLE_IRIS_PAD\Data\Raw\IIITD_Contact_Lens_Iris_DB\Cogent Scanner\18\Colored\20120919150440_L.bmp,1,1,0.99999857
C:\Users\sahar\OneDrive\Desktop\EXPLAINABLE_IRIS_PAD\Data\Raw\IIITD_Contact_Lens_Iris_DB\Cogent Scanner\18\Colored\20120919150440_R.bmp,1,1,0.9947891
C:\Users\sahar\OneDrive\Desktop\EXPLAINABLE_IRIS_PAD\Data\Raw\IIITD_Contact_Lens_Iris_DB\Cogent Scanner\18\Colored\20120919150443_L.bmp,1,1,0.9998996
C:\Users\sahar\OneDrive\Desktop\EXPLAINABLE_IRIS_PAD\Data\Raw\IIITD_Contact_Lens_Iris_DB\Cogent Scanner\18\Colored\20120919150443_R.bmp,1,1,0.9999974
C:\Users\sahar\OneDrive\Desktop\EXPLAINABLE_IRIS_PAD\Data\Raw\IIITD_Contact_Lens_Iris_DB\Cogent Scanner\18\Normal\20120919145006_L.bmp,0,0,1.4356222e-06
C:\Users\sahar\OneDrive\Desktop\EXPLAINABLE_IRIS_PAD\Data\Raw\IIITD_Contact_Lens_Iris_DB\Cogent Scanner\18\Normal\20120919145006_R.bmp,0,0,1.6506267e-09
C:\Users\sahar\OneDrive\Desktop\EXPLAINABLE_IRIS_PAD\Data\Raw\IIITD_Contact_Lens_Iris_DB\Cogent Scanner\18\Normal\20120919145009_L.bmp,0,0,6.1756914e-06
C:\Users\sahar\OneDrive\Desktop\EXPLAINABLE_IRIS_PAD\Data\Raw\IIITD_Contact_Lens_Iris_DB\Cogent Scanner\18\Normal\20120919145009_R.bmp,0,0,1.7371898e-08
C:\Users\sahar\OneDrive\Desktop\EXPLAINABLE_IRIS_PAD\Data\Raw\IIITD_Contact_Lens_Iris_DB\Cogent Scanner\18\Normal\20120919145013_L.bmp,0,0,2.5768848e-05
C:\Users\sahar\OneDrive\Desktop\EXPLAINABLE_IRIS_PAD\Data\Raw\IIITD_Contact_Lens_Iris_DB\Cogent Scanner\18\Normal\20120919145013_R.bmp,0,0,4.535001e-08
C:\Users\sahar\OneDrive\Desktop\EXPLAINABLE_IRIS_PAD\Data\Raw\IIITD_Contact_Lens_Iris_DB\Cogent Scanner\18\Normal\20120919145016_L.bmp,0,0,5.1870006e-06
C:\Users\sahar\OneDrive\Desktop\EXPLAINABLE_IRIS_PAD\Data\Raw\IIITD_Contact_Lens_Iris_DB\Cogent Scanner\18\Normal\20120919145016_R.bmp,0,0,3.147949e-08
C:\Users\sahar\OneDrive\Desktop\EXPLAINABLE_IRIS_PAD\Data\Raw\IIITD_Contact_Lens_Iris_DB\Cogent Scanner\18\Normal\20120919145019_L.bmp,0,0,5.7112782e-08
C:\Users\sahar\OneDrive\Desktop\EXPLAINABLE_IRIS_PAD\Data\Raw\IIITD_Contact_Lens_Iris_DB\Cogent Scanner\18\Normal\20120919145019_R.bmp,0,0,1.07276135e-08
C:\Users\sahar\OneDrive\Desktop\EXPLAINABLE_IRIS_PAD\Data\Raw\IIITD_Contact_Lens_Iris_DB\Cogent Scanner\18\Normal\20120919145023_L.bmp,0,0,3.8635523e-08
C:\Users\sahar\OneDrive\Desktop\EXPLAINABLE_IRIS_PAD\Data\Raw\IIITD_Contact_Lens_Iris_DB\Cogent Scanner\18\Normal\20120919145023_R.bmp,0,0,2.3516559e-07
C:\Users\sahar\OneDrive\Desktop\EXPLAINABLE_IRIS_PAD\Data\Raw\IIITD_Contact_Lens_Iris_DB\Cogent Scanner\18\Normal\20120919145027_L.bmp,0,0,9.705686e-07
C:\Users\sahar\OneDrive\Desktop\EXPLAINABLE_IRIS_PAD\Data\Raw\IIITD_Contact_Lens_Iris_DB\Cogent Scanner\18\Normal\20120919145027_R.bmp,0,0,9.2017706e-07
C:\Users\sahar\OneDrive\Desktop\EXPLAINABLE_IRIS_PAD\Data\Raw\IIITD_Contact_Lens_Iris_DB\Cogent Scanner\19\Colored\20120920165809_L.bmp,1,1,0.9999968
C:\Users\sahar\OneDrive\Desktop\EXPLAINABLE_IRIS_PAD\Data\Raw\IIITD_Contact_Lens_Iris_DB\Cogent Scanner\19\Colored\20120920165809_R.bmp,1,1,0.99999976
C:\Users\sahar\OneDrive\Desktop\EXPLAINABLE_IRIS_PAD\Data\Raw\IIITD_Contact_Lens_Iris_DB\Cogent Scanner\19\Colored\20120920170213_L.bmp,1,1,0.9981463
C:\Users\sahar\OneDrive\Desktop\EXPLAINABLE_IRIS_PAD\Data\Raw\IIITD_Contact_Lens_Iris_DB\Cogent Scanner\19\Colored\20120920170213_R.bmp,1,1,0.9999887
C:\Users\sahar\OneDrive\Desktop\EXPLAINABLE_IRIS_PAD\Data\Raw\IIITD_Contact_Lens_Iris_DB\Cogent Scanner\19\Colored\20120920170217_L.bmp,1,1,0.9999325
C:\Users\sahar\OneDrive\Desktop\EXPLAINABLE_IRIS_PAD\Data\Raw\IIITD_Contact_Lens_Iris_DB\Cogent Scanner\19\Colored\20120920170217_R.bmp,1,1,0.99999344
C:\Users\sahar\OneDrive\Desktop\EXPLAINABLE_IRIS_PAD\Data\Raw\IIITD_Contact_Lens_Iris_DB\Cogent Scanner\19\Colored\20120920170221_L.bmp,1,1,0.9997564
C:\Users\sahar\OneDrive\Desktop\EXPLAINABLE_IRIS_PAD\Data\Raw\IIITD_Contact_Lens_Iris_DB\Cogent Scanner\19\Colored\20120920170221_R.bmp,1,1,0.9998647
C:\Users\sahar\OneDrive\Desktop\EXPLAINABLE_IRIS_PAD\Data\Raw\IIITD_Contact_Lens_Iris_DB\Cogent Scanner\19\Colored\20120920170225_L.bmp,1,1,0.9996383
C:\Users\sahar\OneDrive\Desktop\EXPLAINABLE_IRIS_PAD\Data\Raw\IIITD_Contact_Lens_Iris_DB\Cogent Scanner\19\Colored\20120920170225_R.bmp,1,1,0.9999846
C:\Users\sahar\OneDrive\Desktop\EXPLAINABLE_IRIS_PAD\Data\Raw\IIITD_Contact_Lens_Iris_DB\Cogent Scanner\19\Colored\20120920170229_L.bmp,1,1,0.999985
C:\Users\sahar\OneDrive\Desktop\EXPLAINABLE_IRIS_PAD\Data\Raw\IIITD_Contact_Lens_Iris_DB\Cogent Scanner\19\Colored\20120920170229_R.bmp,1,1,0.999899
C:\Users\sahar\OneDrive\Desktop\EXPLAINABLE_IRIS_PAD\Data\Raw\IIITD_Contact_Lens_Iris_DB\Cogent Scanner\19\Normal\20120920134437_L.bmp,0,0,3.83971e-06
C:\Users\sahar\OneDrive\Desktop\EXPLAINABLE_IRIS_PAD\Data\Raw\IIITD_Contact_Lens_Iris_DB\Cogent Scanner\19\Normal\20120920134438_R.bmp,0,0,2.9144137e-05
C:\Users\sahar\OneDrive\Desktop\EXPLAINABLE_IRIS_PAD\Data\Raw\IIITD_Contact_Lens_Iris_DB\Cogent Scanner\19\Normal\20120920134440_L.bmp,0,0,1.5810619e-07
C:\Users\sahar\OneDrive\Desktop\EXPLAINABLE_IRIS_PAD\Data\Raw\IIITD_Contact_Lens_Iris_DB\Cogent Scanner\19\Normal\20120920134440_R.bmp,0,0,7.148341e-07
C:\Users\sahar\OneDrive\Desktop\EXPLAINABLE_IRIS_PAD\Data\Raw\IIITD_Contact_Lens_Iris_DB\Cogent Scanner\19\Normal\20120920134443_L.bmp,0,0,2.7025297e-07
C:\Users\sahar\OneDrive\Desktop\EXPLAINABLE_IRIS_PAD\Data\Raw\IIITD_Contact_Lens_Iris_DB\Cogent Scanner\19\Normal\20120920134443_R.bmp,0,0,5.309763e-06
C:\Users\sahar\OneDrive\Desktop\EXPLAINABLE_IRIS_PAD\Data\Raw\IIITD_Contact_Lens_Iris_DB\Cogent Scanner\19\Normal\20120920134446_L.bmp,0,0,2.4021406e-06
C:\Users\sahar\OneDrive\Desktop\EXPLAINABLE_IRIS_PAD\Data\Raw\IIITD_Contact_Lens_Iris_DB\Cogent Scanner\19\Normal\20120920134446_R.bmp,0,0,1.0909483e-06
C:\Users\sahar\OneDrive\Desktop\EXPLAINABLE_IRIS_PAD\Data\Raw\IIITD_Contact_Lens_Iris_DB\Cogent Scanner\19\Normal\20120920134449_L.bmp,0,0,6.536008e-07
C:\Users\sahar\OneDrive\Desktop\EXPLAINABLE_IRIS_PAD\Data\Raw\IIITD_Contact_Lens_Iris_DB\Cogent Scanner\19\Normal\20120920134449_R.bmp,0,0,1.1440758e-05
C:\Users\sahar\OneDrive\Desktop\EXPLAINABLE_IRIS_PAD\Data\Raw\IIITD_Contact_Lens_Iris_DB\Cogent Scanner\28\Colored\20120914141902_L.bmp,1,1,0.99999976
C:\Users\sahar\OneDrive\Desktop\EXPLAINABLE_IRIS_PAD\Data\Raw\IIITD_Contact_Lens_Iris_DB\Cogent Scanner\28\Colored\20120914141902_R.bmp,1,1,0.9999999
C:\Users\sahar\OneDrive\Desktop\EXPLAINABLE_IRIS_PAD\Data\Raw\IIITD_Contact_Lens_Iris_DB\Cogent Scanner\28\Colored\20120914141905_L.bmp,1,1,1.0
C:\Users\sahar\OneDrive\Desktop\EXPLAINABLE_IRIS_PAD\Data\Raw\IIITD_Contact_Lens_Iris_DB\Cogent Scanner\28\Colored\20120914141905_R.bmp,1,1,0.99999905
C:\Users\sahar\OneDrive\Desktop\EXPLAINABLE_IRIS_PAD\Data\Raw\IIITD_Contact_Lens_Iris_DB\Cogent Scanner\28\Colored\20120914141910_L.bmp,1,1,1.0
C:\Users\sahar\OneDrive\Desktop\EXPLAINABLE_IRIS_PAD\Data\Raw\IIITD_Contact_Lens_Iris_DB\Cogent Scanner\28\Colored\20120914141910_R.bmp,1,1,0.99999607
C:\Users\sahar\OneDrive\Desktop\EXPLAINABLE_IRIS_PAD\Data\Raw\IIITD_Contact_Lens_Iris_DB\Cogent Scanner\28\Colored\20120914141923_L.bmp,1,1,0.99999976
C:\Users\sahar\OneDrive\Desktop\EXPLAINABLE_IRIS_PAD\Data\Raw\IIITD_Contact_Lens_Iris_DB\Cogent Scanner\28\Colored\20120914141923_R.bmp,1,1,0.9999999
C:\Users\sahar\OneDrive\Desktop\EXPLAINABLE_IRIS_PAD\Data\Raw\IIITD_Contact_Lens_Iris_DB\Cogent Scanner\28\Colored\20120914141926_L.bmp,1,1,0.9999993
C:\Users\sahar\OneDrive\Desktop\EXPLAINABLE_IRIS_PAD\Data\Raw\IIITD_Contact_Lens_Iris_DB\Cogent Scanner\28\Colored\20120914141926_R.bmp,1,1,1.0
C:\Users\sahar\OneDrive\Desktop\EXPLAINABLE_IRIS_PAD\Data\Raw\IIITD_Contact_Lens_Iris_DB\Cogent Scanner\28\Colored\20120914141930_L.bmp,1,1,0.99999964
C:\Users\sahar\OneDrive\Desktop\EXPLAINABLE_IRIS_PAD\Data\Raw\IIITD_Contact_Lens_Iris_DB\Cogent Scanner\28\Colored\20120914141930_R.bmp,1,1,1.0
C:\Users\sahar\OneDrive\Desktop\EXPLAINABLE_IRIS_PAD\Data\Raw\IIITD_Contact_Lens_Iris_DB\Cogent Scanner\28\Normal\20120912125701_L.bmp,0,0,1.0091355e-06
C:\Users\sahar\OneDrive\Desktop\EXPLAINABLE_IRIS_PAD\Data\Raw\IIITD_Contact_Lens_Iris_DB\Cogent Scanner\28\Normal\20120912125701_R.bmp,0,0,6.501197e-06
C:\Users\sahar\OneDrive\Desktop\EXPLAINABLE_IRIS_PAD\Data\Raw\IIITD_Contact_Lens_Iris_DB\Cogent Scanner\28\Normal\20120912125705_L.bmp,0,0,9.4904624e-07
C:\Users\sahar\OneDrive\Desktop\EXPLAINABLE_IRIS_PAD\Data\Raw\IIITD_Contact_Lens_Iris_DB\Cogent Scanner\28\Normal\20120912125705_R.bmp,0,0,6.793742e-06
C:\Users\sahar\OneDrive\Desktop\EXPLAINABLE_IRIS_PAD\Data\Raw\IIITD_Contact_Lens_Iris_DB\Cogent Scanner\28\Normal\20120912125716_L.bmp,0,0,1.31655495e-08
C:\Users\sahar\OneDrive\Desktop\EXPLAINABLE_IRIS_PAD\Data\Raw\IIITD_Contact_Lens_Iris_DB\Cogent Scanner\28\Normal\20120912125716_R.bmp,0,0,2.6527712e-08
C:\Users\sahar\OneDrive\Desktop\EXPLAINABLE_IRIS_PAD\Data\Raw\IIITD_Contact_Lens_Iris_DB\Cogent Scanner\28\Normal\20120912125721_L.bmp,0,0,5.033811e-07
C:\Users\sahar\OneDrive\Desktop\EXPLAINABLE_IRIS_PAD\Data\Raw\IIITD_Contact_Lens_Iris_DB\Cogent Scanner\28\Normal\20120912125721_R.bmp,0,0,4.40463e-08
C:\Users\sahar\OneDrive\Desktop\EXPLAINABLE_IRIS_PAD\Data\Raw\IIITD_Contact_Lens_Iris_DB\Cogent Scanner\28\Normal\20120912125736_L.bmp,0,0,2.940643e-08
C:\Users\sahar\OneDrive\Desktop\EXPLAINABLE_IRIS_PAD\Data\Raw\IIITD_Contact_Lens_Iris_DB\Cogent Scanner\28\Normal\20120912125736_R.bmp,0,0,1.791507e-08
C:\Users\sahar\OneDrive\Desktop\EXPLAINABLE_IRIS_PAD\Data\Raw\IIITD_Contact_Lens_Iris_DB\Cogent Scanner\31\Colored\20120912123709_L.bmp,1,1,0.99990237
C:\Users\sahar\OneDrive\Desktop\EXPLAINABLE_IRIS_PAD\Data\Raw\IIITD_Contact_Lens_Iris_DB\Cogent Scanner\31\Colored\20120912123709_R.bmp,1,1,0.99685943
C:\Users\sahar\OneDrive\Desktop\EXPLAINABLE_IRIS_PAD\Data\Raw\IIITD_Contact_Lens_Iris_DB\Cogent Scanner\31\Colored\20120912123713_L.bmp,1,1,0.9999473
C:\Users\sahar\OneDrive\Desktop\EXPLAINABLE_IRIS_PAD\Data\Raw\IIITD_Contact_Lens_Iris_DB\Cogent Scanner\31\Colored\20120912123713_R.bmp,1,1,0.99924785
C:\Users\sahar\OneDrive\Desktop\EXPLAINABLE_IRIS_PAD\Data\Raw\IIITD_Contact_Lens_Iris_DB\Cogent Scanner\31\Colored\20120912123719_L.bmp,1,1,0.9999317
C:\Users\sahar\OneDrive\Desktop\EXPLAINABLE_IRIS_PAD\Data\Raw\IIITD_Contact_Lens_Iris_DB\Cogent Scanner\31\Colored\20120912123719_R.bmp,1,1,0.9997186
C:\Users\sahar\OneDrive\Desktop\EXPLAINABLE_IRIS_PAD\Data\Raw\IIITD_Contact_Lens_Iris_DB\Cogent Scanner\31\Colored\20120912123731_L.bmp,1,1,0.99993956
C:\Users\sahar\OneDrive\Desktop\EXPLAINABLE_IRIS_PAD\Data\Raw\IIITD_Contact_Lens_Iris_DB\Cogent Scanner\31\Colored\20120912123731_R.bmp,1,1,0.99874085
C:\Users\sahar\OneDrive\Desktop\EXPLAINABLE_IRIS_PAD\Data\Raw\IIITD_Contact_Lens_Iris_DB\Cogent Scanner\31\Colored\20120912123737_L.bmp,1,1,0.9999907
C:\Users\sahar\OneDrive\Desktop\EXPLAINABLE_IRIS_PAD\Data\Raw\IIITD_Contact_Lens_Iris_DB\Cogent Scanner\31\Colored\20120912123737_R.bmp,1,1,0.99960405
C:\Users\sahar\OneDrive\Desktop\EXPLAINABLE_IRIS_PAD\Data\Raw\IIITD_Contact_Lens_Iris_DB\Cogent Scanner\31\Normal\20120912122205_L.bmp,0,0,3.2187188e-07
C:\Users\sahar\OneDrive\Desktop\EXPLAINABLE_IRIS_PAD\Data\Raw\IIITD_Contact_Lens_Iris_DB\Cogent Scanner\31\Normal\20120912122206_R.bmp,0,0,3.0330224e-05
C:\Users\sahar\OneDrive\Desktop\EXPLAINABLE_IRIS_PAD\Data\Raw\IIITD_Contact_Lens_Iris_DB\Cogent Scanner\31\Normal\20120912122213_L.bmp,0,0,1.2725202e-07
C:\Users\sahar\OneDrive\Desktop\EXPLAINABLE_IRIS_PAD\Data\Raw\IIITD_Contact_Lens_Iris_DB\Cogent Scanner\31\Normal\20120912122213_R.bmp,0,0,2.0344312e-06
C:\Users\sahar\OneDrive\Desktop\EXPLAINABLE_IRIS_PAD\Data\Raw\IIITD_Contact_Lens_Iris_DB\Cogent Scanner\31\Normal\20120912122220_L.bmp,0,0,1.5522981e-07
C:\Users\sahar\OneDrive\Desktop\EXPLAINABLE_IRIS_PAD\Data\Raw\IIITD_Contact_Lens_Iris_DB\Cogent Scanner\31\Normal\20120912122220_R.bmp,0,0,1.6420618e-06
C:\Users\sahar\OneDrive\Desktop\EXPLAINABLE_IRIS_PAD\Data\Raw\IIITD_Contact_Lens_Iris_DB\Cogent Scanner\31\Normal\20120912122223_L.bmp,0,0,9.878311e-09
C:\Users\sahar\OneDrive\Desktop\EXPLAINABLE_IRIS_PAD\Data\Raw\IIITD_Contact_Lens_Iris_DB\Cogent Scanner\31\Normal\20120912122223_R.bmp,0,0,4.862284e-06
C:\Users\sahar\OneDrive\Desktop\EXPLAINABLE_IRIS_PAD\Data\Raw\IIITD_Contact_Lens_Iris_DB\Cogent Scanner\31\Normal\20120912122231_L.bmp,0,0,9.919663e-08
C:\Users\sahar\OneDrive\Desktop\EXPLAINABLE_IRIS_PAD\Data\Raw\IIITD_Contact_Lens_Iris_DB\Cogent Scanner\31\Normal\20120912122231_R.bmp,0,0,7.690826e-06
C:\Users\sahar\OneDrive\Desktop\EXPLAINABLE_IRIS_PAD\Data\Raw\IIITD_Contact_Lens_Iris_DB\Cogent Scanner\36\Colored\20120919165135_L.bmp,1,1,0.99999976
C:\Users\sahar\OneDrive\Desktop\EXPLAINABLE_IRIS_PAD\Data\Raw\IIITD_Contact_Lens_Iris_DB\Cogent Scanner\36\Colored\20120919165135_R.bmp,1,1,0.9999989
C:\Users\sahar\OneDrive\Desktop\EXPLAINABLE_IRIS_PAD\Data\Raw\IIITD_Contact_Lens_Iris_DB\Cogent Scanner\36\Colored\20120919165138_L.bmp,1,1,0.9999919
C:\Users\sahar\OneDrive\Desktop\EXPLAINABLE_IRIS_PAD\Data\Raw\IIITD_Contact_Lens_Iris_DB\Cogent Scanner\36\Colored\20120919165138_R.bmp,1,1,0.99999857
C:\Users\sahar\OneDrive\Desktop\EXPLAINABLE_IRIS_PAD\Data\Raw\IIITD_Contact_Lens_Iris_DB\Cogent Scanner\36\Colored\20120919165142_L.bmp,1,1,1.0
C:\Users\sahar\OneDrive\Desktop\EXPLAINABLE_IRIS_PAD\Data\Raw\IIITD_Contact_Lens_Iris_DB\Cogent Scanner\36\Colored\20120919165142_R.bmp,1,1,0.99999964
C:\Users\sahar\OneDrive\Desktop\EXPLAINABLE_IRIS_PAD\Data\Raw\IIITD_Contact_Lens_Iris_DB\Cogent Scanner\36\Colored\20120919165145_L.bmp,1,1,1.0
C:\Users\sahar\OneDrive\Desktop\EXPLAINABLE_IRIS_PAD\Data\Raw\IIITD_Contact_Lens_Iris_DB\Cogent Scanner\36\Colored\20120919165145_R.bmp,1,1,0.9999999
C:\Users\sahar\OneDrive\Desktop\EXPLAINABLE_IRIS_PAD\Data\Raw\IIITD_Contact_Lens_Iris_DB\Cogent Scanner\36\Colored\20120919165151_L.bmp,1,1,1.0
C:\Users\sahar\OneDrive\Desktop\EXPLAINABLE_IRIS_PAD\Data\Raw\IIITD_Contact_Lens_Iris_DB\Cogent Scanner\36\Colored\20120919165151_R.bmp,1,1,1.0
C:\Users\sahar\OneDrive\Desktop\EXPLAINABLE_IRIS_PAD\Data\Raw\IIITD_Contact_Lens_Iris_DB\Cogent Scanner\36\Colored\20120919165155_L.bmp,1,1,1.0
C:\Users\sahar\OneDrive\Desktop\EXPLAINABLE_IRIS_PAD\Data\Raw\IIITD_Contact_Lens_Iris_DB\Cogent Scanner\36\Colored\20120919165155_R.bmp,1,1,1.0
C:\Users\sahar\OneDrive\Desktop\EXPLAINABLE_IRIS_PAD\Data\Raw\IIITD_Contact_Lens_Iris_DB\Cogent Scanner\36\Normal\20120912115940_L.bmp,0,0,4.4561377e-10
C:\Users\sahar\OneDrive\Desktop\EXPLAINABLE_IRIS_PAD\Data\Raw\IIITD_Contact_Lens_Iris_DB\Cogent Scanner\36\Normal\20120912115940_R.bmp,0,0,4.865773e-08
C:\Users\sahar\OneDrive\Desktop\EXPLAINABLE_IRIS_PAD\Data\Raw\IIITD_Contact_Lens_Iris_DB\Cogent Scanner\36\Normal\20120912115943_L.bmp,0,0,1.5289823e-08
C:\Users\sahar\OneDrive\Desktop\EXPLAINABLE_IRIS_PAD\Data\Raw\IIITD_Contact_Lens_Iris_DB\Cogent Scanner\36\Normal\20120912115943_R.bmp,0,0,1.1786342e-07
C:\Users\sahar\OneDrive\Desktop\EXPLAINABLE_IRIS_PAD\Data\Raw\IIITD_Contact_Lens_Iris_DB\Cogent Scanner\36\Normal\20120912115946_L.bmp,0,0,5.624189e-09
C:\Users\sahar\OneDrive\Desktop\EXPLAINABLE_IRIS_PAD\Data\Raw\IIITD_Contact_Lens_Iris_DB\Cogent Scanner\36\Normal\20120912115946_R.bmp,0,0,1.7996551e-07
C:\Users\sahar\OneDrive\Desktop\EXPLAINABLE_IRIS_PAD\Data\Raw\IIITD_Contact_Lens_Iris_DB\Cogent Scanner\36\Normal\20120912115949_L.bmp,0,0,1.2658401e-09
C:\Users\sahar\OneDrive\Desktop\EXPLAINABLE_IRIS_PAD\Data\Raw\IIITD_Contact_Lens_Iris_DB\Cogent Scanner\36\Normal\20120912115949_R.bmp,0,0,4.9187525e-09
C:\Users\sahar\OneDrive\Desktop\EXPLAINABLE_IRIS_PAD\Data\Raw\IIITD_Contact_Lens_Iris_DB\Cogent Scanner\36\Normal\20120912115952_L.bmp,0,0,2.5671587e-09
C:\Users\sahar\OneDrive\Desktop\EXPLAINABLE_IRIS_PAD\Data\Raw\IIITD_Contact_Lens_Iris_DB\Cogent Scanner\36\Normal\20120912115952_R.bmp,0,0,1.1886752e-09
C:\Users\sahar\OneDrive\Desktop\EXPLAINABLE_IRIS_PAD\Data\Raw\IIITD_Contact_Lens_Iris_DB\Cogent Scanner\38\Colored\20120914140756_L.bmp,1,1,0.99999976
C:\Users\sahar\OneDrive\Desktop\EXPLAINABLE_IRIS_PAD\Data\Raw\IIITD_Contact_Lens_Iris_DB\Cogent Scanner\38\Colored\20120914140756_R.bmp,1,1,0.99993956
C:\Users\sahar\OneDrive\Desktop\EXPLAINABLE_IRIS_PAD\Data\Raw\IIITD_Contact_Lens_Iris_DB\Cogent Scanner\38\Colored\20120914140759_L.bmp,1,1,0.99999297
C:\Users\sahar\OneDrive\Desktop\EXPLAINABLE_IRIS_PAD\Data\Raw\IIITD_Contact_Lens_Iris_DB\Cogent Scanner\38\Colored\20120914140759_R.bmp,1,1,0.9999908
C:\Users\sahar\OneDrive\Desktop\EXPLAINABLE_IRIS_PAD\Data\Raw\IIITD_Contact_Lens_Iris_DB\Cogent Scanner\38\Colored\20120914140830_L.bmp,1,1,0.99999714
C:\Users\sahar\OneDrive\Desktop\EXPLAINABLE_IRIS_PAD\Data\Raw\IIITD_Contact_Lens_Iris_DB\Cogent Scanner\38\Colored\20120914140830_R.bmp,1,1,0.9999987
C:\Users\sahar\OneDrive\Desktop\EXPLAINABLE_IRIS_PAD\Data\Raw\IIITD_Contact_Lens_Iris_DB\Cogent Scanner\38\Colored\20120914140833_L.bmp,1,1,0.999997
C:\Users\sahar\OneDrive\Desktop\EXPLAINABLE_IRIS_PAD\Data\Raw\IIITD_Contact_Lens_Iris_DB\Cogent Scanner\38\Colored\20120914140833_R.bmp,1,1,1.0
C:\Users\sahar\OneDrive\Desktop\EXPLAINABLE_IRIS_PAD\Data\Raw\IIITD_Contact_Lens_Iris_DB\Cogent Scanner\38\Colored\20120914140837_L.bmp,1,1,0.9999844
C:\Users\sahar\OneDrive\Desktop\EXPLAINABLE_IRIS_PAD\Data\Raw\IIITD_Contact_Lens_Iris_DB\Cogent Scanner\38\Colored\20120914140837_R.bmp,1,1,0.99999547
C:\Users\sahar\OneDrive\Desktop\EXPLAINABLE_IRIS_PAD\Data\Raw\IIITD_Contact_Lens_Iris_DB\Cogent Scanner\38\Colored\20120914140842_L.bmp,1,1,0.9991873
C:\Users\sahar\OneDrive\Desktop\EXPLAINABLE_IRIS_PAD\Data\Raw\IIITD_Contact_Lens_Iris_DB\Cogent Scanner\38\Colored\20120914140842_R.bmp,1,1,0.9999999
C:\Users\sahar\OneDrive\Desktop\EXPLAINABLE_IRIS_PAD\Data\Raw\IIITD_Contact_Lens_Iris_DB\Cogent Scanner\38\Normal\20120912130445_L.bmp,0,0,0.083418645
C:\Users\sahar\OneDrive\Desktop\EXPLAINABLE_IRIS_PAD\Data\Raw\IIITD_Contact_Lens_Iris_DB\Cogent Scanner\38\Normal\20120912130445_R.bmp,0,0,0.0050659147
C:\Users\sahar\OneDrive\Desktop\EXPLAINABLE_IRIS_PAD\Data\Raw\IIITD_Contact_Lens_Iris_DB\Cogent Scanner\38\Normal\20120912130451_L.bmp,0,0,7.8999165e-08
C:\Users\sahar\OneDrive\Desktop\EXPLAINABLE_IRIS_PAD\Data\Raw\IIITD_Contact_Lens_Iris_DB\Cogent Scanner\38\Normal\20120912130451_R.bmp,0,0,7.543724e-05
C:\Users\sahar\OneDrive\Desktop\EXPLAINABLE_IRIS_PAD\Data\Raw\IIITD_Contact_Lens_Iris_DB\Cogent Scanner\38\Normal\20120912130455_L.bmp,0,0,5.3786505e-07
C:\Users\sahar\OneDrive\Desktop\EXPLAINABLE_IRIS_PAD\Data\Raw\IIITD_Contact_Lens_Iris_DB\Cogent Scanner\38\Normal\20120912130455_R.bmp,0,0,0.00010196308
C:\Users\sahar\OneDrive\Desktop\EXPLAINABLE_IRIS_PAD\Data\Raw\IIITD_Contact_Lens_Iris_DB\Cogent Scanner\38\Normal\20120912130457_L.bmp,0,0,1.846866e-07
C:\Users\sahar\OneDrive\Desktop\EXPLAINABLE_IRIS_PAD\Data\Raw\IIITD_Contact_Lens_Iris_DB\Cogent Scanner\38\Normal\20120912130457_R.bmp,0,0,8.8217836e-05
C:\Users\sahar\OneDrive\Desktop\EXPLAINABLE_IRIS_PAD\Data\Raw\IIITD_Contact_Lens_Iris_DB\Cogent Scanner\38\Normal\20120912130501_L.bmp,0,0,6.117497e-08
C:\Users\sahar\OneDrive\Desktop\EXPLAINABLE_IRIS_PAD\Data\Raw\IIITD_Contact_Lens_Iris_DB\Cogent Scanner\38\Normal\20120912130501_R.bmp,0,0,0.00021701986
C:\Users\sahar\OneDrive\Desktop\EXPLAINABLE_IRIS_PAD\Data\Raw\IIITD_Contact_Lens_Iris_DB\Cogent Scanner\38\Normal\20120912130503_L.bmp,0,0,1.5254552e-07
C:\Users\sahar\OneDrive\Desktop\EXPLAINABLE_IRIS_PAD\Data\Raw\IIITD_Contact_Lens_Iris_DB\Cogent Scanner\38\Normal\20120912130503_R.bmp,0,0,3.1348893e-05
C:\Users\sahar\OneDrive\Desktop\EXPLAINABLE_IRIS_PAD\Data\Raw\IIITD_Contact_Lens_Iris_DB\Cogent Scanner\43\Colored\20120919172819_L.bmp,1,1,0.5272195
C:\Users\sahar\OneDrive\Desktop\EXPLAINABLE_IRIS_PAD\Data\Raw\IIITD_Contact_Lens_Iris_DB\Cogent Scanner\43\Colored\20120919172819_R.bmp,1,1,0.9898317
C:\Users\sahar\OneDrive\Desktop\EXPLAINABLE_IRIS_PAD\Data\Raw\IIITD_Contact_Lens_Iris_DB\Cogent Scanner\43\Colored\20120919172822_L.bmp,1,1,0.999964
C:\Users\sahar\OneDrive\Desktop\EXPLAINABLE_IRIS_PAD\Data\Raw\IIITD_Contact_Lens_Iris_DB\Cogent Scanner\43\Colored\20120919172822_R.bmp,1,1,0.9998759
C:\Users\sahar\OneDrive\Desktop\EXPLAINABLE_IRIS_PAD\Data\Raw\IIITD_Contact_Lens_Iris_DB\Cogent Scanner\43\Colored\20120919172827_L.bmp,1,1,0.9999993
C:\Users\sahar\OneDrive\Desktop\EXPLAINABLE_IRIS_PAD\Data\Raw\IIITD_Contact_Lens_Iris_DB\Cogent Scanner\43\Colored\20120919172827_R.bmp,1,1,0.9999994
C:\Users\sahar\OneDrive\Desktop\EXPLAINABLE_IRIS_PAD\Data\Raw\IIITD_Contact_Lens_Iris_DB\Cogent Scanner\43\Colored\20120919172831_L.bmp,1,1,0.9999999
C:\Users\sahar\OneDrive\Desktop\EXPLAINABLE_IRIS_PAD\Data\Raw\IIITD_Contact_Lens_Iris_DB\Cogent Scanner\43\Colored\20120919172831_R.bmp,1,1,0.99999464
C:\Users\sahar\OneDrive\Desktop\EXPLAINABLE_IRIS_PAD\Data\Raw\IIITD_Contact_Lens_Iris_DB\Cogent Scanner\43\Colored\20120919172834_L.bmp,1,1,0.9999993
C:\Users\sahar\OneDrive\Desktop\EXPLAINABLE_IRIS_PAD\Data\Raw\IIITD_Contact_Lens_Iris_DB\Cogent Scanner\43\Colored\20120919172834_R.bmp,1,1,0.9999796
C:\Users\sahar\OneDrive\Desktop\EXPLAINABLE_IRIS_PAD\Data\Raw\IIITD_Contact_Lens_Iris_DB\Cogent Scanner\43\Colored\20120919172840_L.bmp,1,1,1.0
C:\Users\sahar\OneDrive\Desktop\EXPLAINABLE_IRIS_PAD\Data\Raw\IIITD_Contact_Lens_Iris_DB\Cogent Scanner\43\Colored\20120919172840_R.bmp,1,1,0.9999993
C:\Users\sahar\OneDrive\Desktop\EXPLAINABLE_IRIS_PAD\Data\Raw\IIITD_Contact_Lens_Iris_DB\Cogent Scanner\43\Colored\20120919172845_L.bmp,1,1,1.0
C:\Users\sahar\OneDrive\Desktop\EXPLAINABLE_IRIS_PAD\Data\Raw\IIITD_Contact_Lens_Iris_DB\Cogent Scanner\43\Colored\20120919172845_R.bmp,1,1,0.9999981
C:\Users\sahar\OneDrive\Desktop\EXPLAINABLE_IRIS_PAD\Data\Raw\IIITD_Contact_Lens_Iris_DB\Cogent Scanner\43\Colored\20120919172848_L.bmp,1,1,1.0
C:\Users\sahar\OneDrive\Desktop\EXPLAINABLE_IRIS_PAD\Data\Raw\IIITD_Contact_Lens_Iris_DB\Cogent Scanner\43\Colored\20120919172848_R.bmp,1,1,0.9999993
C:\Users\sahar\OneDrive\Desktop\EXPLAINABLE_IRIS_PAD\Data\Raw\IIITD_Contact_Lens_Iris_DB\Cogent Scanner\43\Normal\20120919165733_L.bmp,0,0,6.547994e-05
C:\Users\sahar\OneDrive\Desktop\EXPLAINABLE_IRIS_PAD\Data\Raw\IIITD_Contact_Lens_Iris_DB\Cogent Scanner\43\Normal\20120919165733_R.bmp,0,0,1.0642729e-06
C:\Users\sahar\OneDrive\Desktop\EXPLAINABLE_IRIS_PAD\Data\Raw\IIITD_Contact_Lens_Iris_DB\Cogent Scanner\43\Normal\20120919165736_L.bmp,0,0,1.5499432e-06
C:\Users\sahar\OneDrive\Desktop\EXPLAINABLE_IRIS_PAD\Data\Raw\IIITD_Contact_Lens_Iris_DB\Cogent Scanner\43\Normal\20120919165736_R.bmp,0,0,3.4999124e-07
C:\Users\sahar\OneDrive\Desktop\EXPLAINABLE_IRIS_PAD\Data\Raw\IIITD_Contact_Lens_Iris_DB\Cogent Scanner\43\Normal\20120919165739_L.bmp,0,0,6.296703e-05
C:\Users\sahar\OneDrive\Desktop\EXPLAINABLE_IRIS_PAD\Data\Raw\IIITD_Contact_Lens_Iris_DB\Cogent Scanner\43\Normal\20120919165739_R.bmp,0,0,2.9223174e-06
C:\Users\sahar\OneDrive\Desktop\EXPLAINABLE_IRIS_PAD\Data\Raw\IIITD_Contact_Lens_Iris_DB\Cogent Scanner\43\Normal\20120919165743_L.bmp,0,0,1.4285204e-06
C:\Users\sahar\OneDrive\Desktop\EXPLAINABLE_IRIS_PAD\Data\Raw\IIITD_Contact_Lens_Iris_DB\Cogent Scanner\43\Normal\20120919165743_R.bmp,0,0,1.9111974e-07
C:\Users\sahar\OneDrive\Desktop\EXPLAINABLE_IRIS_PAD\Data\Raw\IIITD_Contact_Lens_Iris_DB\Cogent Scanner\43\Normal\20120919165747_L.bmp,0,0,7.734265e-07
C:\Users\sahar\OneDrive\Desktop\EXPLAINABLE_IRIS_PAD\Data\Raw\IIITD_Contact_Lens_Iris_DB\Cogent Scanner\43\Normal\20120919165747_R.bmp,0,0,2.811878e-07
C:\Users\sahar\OneDrive\Desktop\EXPLAINABLE_IRIS_PAD\Data\Raw\IIITD_Contact_Lens_Iris_DB\Cogent Scanner\46\Colored\20120919140649_L.bmp,1,1,0.99999976
C:\Users\sahar\OneDrive\Desktop\EXPLAINABLE_IRIS_PAD\Data\Raw\IIITD_Contact_Lens_Iris_DB\Cogent Scanner\46\Colored\20120919140649_R.bmp,1,1,1.0
C:\Users\sahar\OneDrive\Desktop\EXPLAINABLE_IRIS_PAD\Data\Raw\IIITD_Contact_Lens_Iris_DB\Cogent Scanner\46\Colored\20120919140653_L.bmp,1,1,0.9999988
C:\Users\sahar\OneDrive\Desktop\EXPLAINABLE_IRIS_PAD\Data\Raw\IIITD_Contact_Lens_Iris_DB\Cogent Scanner\46\Colored\20120919140653_R.bmp,1,1,1.0
C:\Users\sahar\OneDrive\Desktop\EXPLAINABLE_IRIS_PAD\Data\Raw\IIITD_Contact_Lens_Iris_DB\Cogent Scanner\46\Colored\20120919140657_L.bmp,1,1,1.0
C:\Users\sahar\OneDrive\Desktop\EXPLAINABLE_IRIS_PAD\Data\Raw\IIITD_Contact_Lens_Iris_DB\Cogent Scanner\46\Colored\20120919140657_R.bmp,1,1,0.9999999
C:\Users\sahar\OneDrive\Desktop\EXPLAINABLE_IRIS_PAD\Data\Raw\IIITD_Contact_Lens_Iris_DB\Cogent Scanner\46\Colored\20120919140702_L.bmp,1,1,0.99999845
C:\Users\sahar\OneDrive\Desktop\EXPLAINABLE_IRIS_PAD\Data\Raw\IIITD_Contact_Lens_Iris_DB\Cogent Scanner\46\Colored\20120919140708_R.bmp,1,1,0.9999999
C:\Users\sahar\OneDrive\Desktop\EXPLAINABLE_IRIS_PAD\Data\Raw\IIITD_Contact_Lens_Iris_DB\Cogent Scanner\46\Colored\20120919140715_L.bmp,1,1,0.99999964
C:\Users\sahar\OneDrive\Desktop\EXPLAINABLE_IRIS_PAD\Data\Raw\IIITD_Contact_Lens_Iris_DB\Cogent Scanner\46\Colored\20120919140715_R.bmp,1,1,0.99999845
C:\Users\sahar\OneDrive\Desktop\EXPLAINABLE_IRIS_PAD\Data\Raw\IIITD_Contact_Lens_Iris_DB\Cogent Scanner\46\Normal\20120919130959_L.bmp,0,0,0.002931578
C:\Users\sahar\OneDrive\Desktop\EXPLAINABLE_IRIS_PAD\Data\Raw\IIITD_Contact_Lens_Iris_DB\Cogent Scanner\46\Normal\20120919130959_R.bmp,0,0,1.0194311e-06
C:\Users\sahar\OneDrive\Desktop\EXPLAINABLE_IRIS_PAD\Data\Raw\IIITD_Contact_Lens_Iris_DB\Cogent Scanner\46\Normal\20120919131002_L.bmp,0,0,0.1933517
C:\Users\sahar\OneDrive\Desktop\EXPLAINABLE_IRIS_PAD\Data\Raw\IIITD_Contact_Lens_Iris_DB\Cogent Scanner\46\Normal\20120919131002_R.bmp,0,0,4.6376383e-05
C:\Users\sahar\OneDrive\Desktop\EXPLAINABLE_IRIS_PAD\Data\Raw\IIITD_Contact_Lens_Iris_DB\Cogent Scanner\46\Normal\20120919131005_L.bmp,0,0,0.0014472315
C:\Users\sahar\OneDrive\Desktop\EXPLAINABLE_IRIS_PAD\Data\Raw\IIITD_Contact_Lens_Iris_DB\Cogent Scanner\46\Normal\20120919131005_R.bmp,0,0,1.8719817e-05
C:\Users\sahar\OneDrive\Desktop\EXPLAINABLE_IRIS_PAD\Data\Raw\IIITD_Contact_Lens_Iris_DB\Cogent Scanner\46\Normal\20120919131009_L.bmp,0,1,0.61265194
C:\Users\sahar\OneDrive\Desktop\EXPLAINABLE_IRIS_PAD\Data\Raw\IIITD_Contact_Lens_Iris_DB\Cogent Scanner\46\Normal\20120919131009_R.bmp,0,0,0.00059008074
C:\Users\sahar\OneDrive\Desktop\EXPLAINABLE_IRIS_PAD\Data\Raw\IIITD_Contact_Lens_Iris_DB\Cogent Scanner\46\Normal\20120919131013_L.bmp,0,0,0.00032349446
C:\Users\sahar\OneDrive\Desktop\EXPLAINABLE_IRIS_PAD\Data\Raw\IIITD_Contact_Lens_Iris_DB\Cogent Scanner\46\Normal\20120919131013_R.bmp,0,0,0.0002500389
C:\Users\sahar\OneDrive\Desktop\EXPLAINABLE_IRIS_PAD\Data\Raw\IIITD_Contact_Lens_Iris_DB\Cogent Scanner\48\Colored\20120912131439_L.bmp,1,1,0.99683064
C:\Users\sahar\OneDrive\Desktop\EXPLAINABLE_IRIS_PAD\Data\Raw\IIITD_Contact_Lens_Iris_DB\Cogent Scanner\48\Colored\20120912131439_R.bmp,1,0,0.00014722429
C:\Users\sahar\OneDrive\Desktop\EXPLAINABLE_IRIS_PAD\Data\Raw\IIITD_Contact_Lens_Iris_DB\Cogent Scanner\48\Colored\20120912131448_L.bmp,1,0,0.0040648337
C:\Users\sahar\OneDrive\Desktop\EXPLAINABLE_IRIS_PAD\Data\Raw\IIITD_Contact_Lens_Iris_DB\Cogent Scanner\48\Colored\20120912131448_R.bmp,1,0,0.00026354095
C:\Users\sahar\OneDrive\Desktop\EXPLAINABLE_IRIS_PAD\Data\Raw\IIITD_Contact_Lens_Iris_DB\Cogent Scanner\48\Colored\20120912131454_L.bmp,1,0,0.006047393
C:\Users\sahar\OneDrive\Desktop\EXPLAINABLE_IRIS_PAD\Data\Raw\IIITD_Contact_Lens_Iris_DB\Cogent Scanner\48\Colored\20120912131454_R.bmp,1,0,0.00036535377
C:\Users\sahar\OneDrive\Desktop\EXPLAINABLE_IRIS_PAD\Data\Raw\IIITD_Contact_Lens_Iris_DB\Cogent Scanner\48\Colored\20120912131505_L.bmp,1,0,0.0013557548
C:\Users\sahar\OneDrive\Desktop\EXPLAINABLE_IRIS_PAD\Data\Raw\IIITD_Contact_Lens_Iris_DB\Cogent Scanner\48\Colored\20120912131505_R.bmp,1,0,0.23463978
C:\Users\sahar\OneDrive\Desktop\EXPLAINABLE_IRIS_PAD\Data\Raw\IIITD_Contact_Lens_Iris_DB\Cogent Scanner\48\Colored\20120912131509_L.bmp,1,0,0.0023343328
C:\Users\sahar\OneDrive\Desktop\EXPLAINABLE_IRIS_PAD\Data\Raw\IIITD_Contact_Lens_Iris_DB\Cogent Scanner\48\Colored\20120912131509_R.bmp,1,0,0.0025198131
C:\Users\sahar\OneDrive\Desktop\EXPLAINABLE_IRIS_PAD\Data\Raw\IIITD_Contact_Lens_Iris_DB\Cogent Scanner\48\Normal\20120921164426_L.bmp,0,0,6.616222e-05
C:\Users\sahar\OneDrive\Desktop\EXPLAINABLE_IRIS_PAD\Data\Raw\IIITD_Contact_Lens_Iris_DB\Cogent Scanner\48\Normal\20120921164426_R.bmp,0,0,1.6148526e-05
C:\Users\sahar\OneDrive\Desktop\EXPLAINABLE_IRIS_PAD\Data\Raw\IIITD_Contact_Lens_Iris_DB\Cogent Scanner\48\Normal\20120921164430_L.bmp,0,0,1.2581099e-05
C:\Users\sahar\OneDrive\Desktop\EXPLAINABLE_IRIS_PAD\Data\Raw\IIITD_Contact_Lens_Iris_DB\Cogent Scanner\48\Normal\20120921164430_R.bmp,0,0,1.1041365e-05
C:\Users\sahar\OneDrive\Desktop\EXPLAINABLE_IRIS_PAD\Data\Raw\IIITD_Contact_Lens_Iris_DB\Cogent Scanner\48\Normal\20120921164434_L.bmp,0,0,4.450746e-06
C:\Users\sahar\OneDrive\Desktop\EXPLAINABLE_IRIS_PAD\Data\Raw\IIITD_Contact_Lens_Iris_DB\Cogent Scanner\48\Normal\20120921164434_R.bmp,0,0,5.9345457e-05
C:\Users\sahar\OneDrive\Desktop\EXPLAINABLE_IRIS_PAD\Data\Raw\IIITD_Contact_Lens_Iris_DB\Cogent Scanner\48\Normal\20120921164437_L.bmp,0,0,2.3548882e-06
C:\Users\sahar\OneDrive\Desktop\EXPLAINABLE_IRIS_PAD\Data\Raw\IIITD_Contact_Lens_Iris_DB\Cogent Scanner\48\Normal\20120921164437_R.bmp,0,0,2.4612946e-06
C:\Users\sahar\OneDrive\Desktop\EXPLAINABLE_IRIS_PAD\Data\Raw\IIITD_Contact_Lens_Iris_DB\Cogent Scanner\48\Normal\20120921164441_L.bmp,0,0,1.6494576e-05
C:\Users\sahar\OneDrive\Desktop\EXPLAINABLE_IRIS_PAD\Data\Raw\IIITD_Contact_Lens_Iris_DB\Cogent Scanner\48\Normal\20120921164441_R.bmp,0,0,1.5634972e-05
C:\Users\sahar\OneDrive\Desktop\EXPLAINABLE_IRIS_PAD\Data\Raw\IIITD_Contact_Lens_Iris_DB\Cogent Scanner\48\Normal\20120921164444_L.bmp,0,0,8.186928e-08
C:\Users\sahar\OneDrive\Desktop\EXPLAINABLE_IRIS_PAD\Data\Raw\IIITD_Contact_Lens_Iris_DB\Cogent Scanner\48\Normal\20120921164444_R.bmp,0,0,3.2537922e-05
C:\Users\sahar\OneDrive\Desktop\EXPLAINABLE_IRIS_PAD\Data\Raw\IIITD_Contact_Lens_Iris_DB\Cogent Scanner\49\Colored\20120914142848_L.bmp,1,1,0.9999999
C:\Users\sahar\OneDrive\Desktop\EXPLAINABLE_IRIS_PAD\Data\Raw\IIITD_Contact_Lens_Iris_DB\Cogent Scanner\49\Colored\20120914142848_R.bmp,1,1,0.9998344
C:\Users\sahar\OneDrive\Desktop\EXPLAINABLE_IRIS_PAD\Data\Raw\IIITD_Contact_Lens_Iris_DB\Cogent Scanner\49\Colored\20120914142852_L.bmp,1,1,0.9999999
C:\Users\sahar\OneDrive\Desktop\EXPLAINABLE_IRIS_PAD\Data\Raw\IIITD_Contact_Lens_Iris_DB\Cogent Scanner\49\Colored\20120914142852_R.bmp,1,1,0.9999876
C:\Users\sahar\OneDrive\Desktop\EXPLAINABLE_IRIS_PAD\Data\Raw\IIITD_Contact_Lens_Iris_DB\Cogent Scanner\49\Colored\20120914142856_L.bmp,1,1,1.0
C:\Users\sahar\OneDrive\Desktop\EXPLAINABLE_IRIS_PAD\Data\Raw\IIITD_Contact_Lens_Iris_DB\Cogent Scanner\49\Colored\20120914142856_R.bmp,1,1,0.9999981
C:\Users\sahar\OneDrive\Desktop\EXPLAINABLE_IRIS_PAD\Data\Raw\IIITD_Contact_Lens_Iris_DB\Cogent Scanner\49\Colored\20120914142859_L.bmp,1,1,0.9999999
C:\Users\sahar\OneDrive\Desktop\EXPLAINABLE_IRIS_PAD\Data\Raw\IIITD_Contact_Lens_Iris_DB\Cogent Scanner\49\Colored\20120914142859_R.bmp,1,1,0.9999876
C:\Users\sahar\OneDrive\Desktop\EXPLAINABLE_IRIS_PAD\Data\Raw\IIITD_Contact_Lens_Iris_DB\Cogent Scanner\49\Colored\20120914142905_L.bmp,1,1,1.0
C:\Users\sahar\OneDrive\Desktop\EXPLAINABLE_IRIS_PAD\Data\Raw\IIITD_Contact_Lens_Iris_DB\Cogent Scanner\49\Colored\20120914142905_R.bmp,1,1,0.9999908
C:\Users\sahar\OneDrive\Desktop\EXPLAINABLE_IRIS_PAD\Data\Raw\IIITD_Contact_Lens_Iris_DB\Cogent Scanner\49\Normal\20120912123230_L.bmp,0,0,3.902963e-08
C:\Users\sahar\OneDrive\Desktop\EXPLAINABLE_IRIS_PAD\Data\Raw\IIITD_Contact_Lens_Iris_DB\Cogent Scanner\49\Normal\20120912123230_R.bmp,0,0,1.7206972e-07
C:\Users\sahar\OneDrive\Desktop\EXPLAINABLE_IRIS_PAD\Data\Raw\IIITD_Contact_Lens_Iris_DB\Cogent Scanner\49\Normal\20120912123233_L.bmp,0,0,6.5504037e-07
C:\Users\sahar\OneDrive\Desktop\EXPLAINABLE_IRIS_PAD\Data\Raw\IIITD_Contact_Lens_Iris_DB\Cogent Scanner\49\Normal\20120912123233_R.bmp,0,0,4.665643e-08
C:\Users\sahar\OneDrive\Desktop\EXPLAINABLE_IRIS_PAD\Data\Raw\IIITD_Contact_Lens_Iris_DB\Cogent Scanner\49\Normal\20120912123237_L.bmp,0,0,2.3779194e-08
C:\Users\sahar\OneDrive\Desktop\EXPLAINABLE_IRIS_PAD\Data\Raw\IIITD_Contact_Lens_Iris_DB\Cogent Scanner\49\Normal\20120912123237_R.bmp,0,0,6.356945e-08
C:\Users\sahar\OneDrive\Desktop\EXPLAINABLE_IRIS_PAD\Data\Raw\IIITD_Contact_Lens_Iris_DB\Cogent Scanner\49\Normal\20120912123240_L.bmp,0,0,1.7268816e-06
C:\Users\sahar\OneDrive\Desktop\EXPLAINABLE_IRIS_PAD\Data\Raw\IIITD_Contact_Lens_Iris_DB\Cogent Scanner\49\Normal\20120912123240_R.bmp,0,0,2.1620093e-07
C:\Users\sahar\OneDrive\Desktop\EXPLAINABLE_IRIS_PAD\Data\Raw\IIITD_Contact_Lens_Iris_DB\Cogent Scanner\49\Normal\20120912123242_L.bmp,0,0,1.4631544e-06
C:\Users\sahar\OneDrive\Desktop\EXPLAINABLE_IRIS_PAD\Data\Raw\IIITD_Contact_Lens_Iris_DB\Cogent Scanner\49\Normal\20120912123242_R.bmp,0,0,4.184777e-08
C:\Users\sahar\OneDrive\Desktop\EXPLAINABLE_IRIS_PAD\Data\Raw\IIITD_Contact_Lens_Iris_DB\Cogent Scanner\49\Normal\20120912123244_L.bmp,0,0,2.7836094e-07
C:\Users\sahar\OneDrive\Desktop\EXPLAINABLE_IRIS_PAD\Data\Raw\IIITD_Contact_Lens_Iris_DB\Cogent Scanner\49\Normal\20120912123244_R.bmp,0,0,3.6057426e-07
C:\Users\sahar\OneDrive\Desktop\EXPLAINABLE_IRIS_PAD\Data\Raw\IIITD_Contact_Lens_Iris_DB\Cogent Scanner\73\Colored\20120920130157_L.bmp,1,1,1.0
C:\Users\sahar\OneDrive\Desktop\EXPLAINABLE_IRIS_PAD\Data\Raw\IIITD_Contact_Lens_Iris_DB\Cogent Scanner\73\Colored\20120920130157_R.bmp,1,1,1.0
C:\Users\sahar\OneDrive\Desktop\EXPLAINABLE_IRIS_PAD\Data\Raw\IIITD_Contact_Lens_Iris_DB\Cogent Scanner\73\Colored\20120920130201_L.bmp,1,1,1.0
C:\Users\sahar\OneDrive\Desktop\EXPLAINABLE_IRIS_PAD\Data\Raw\IIITD_Contact_Lens_Iris_DB\Cogent Scanner\73\Colored\20120920130201_R.bmp,1,1,1.0
C:\Users\sahar\OneDrive\Desktop\EXPLAINABLE_IRIS_PAD\Data\Raw\IIITD_Contact_Lens_Iris_DB\Cogent Scanner\73\Colored\20120920130204_L.bmp,1,1,1.0
C:\Users\sahar\OneDrive\Desktop\EXPLAINABLE_IRIS_PAD\Data\Raw\IIITD_Contact_Lens_Iris_DB\Cogent Scanner\73\Colored\20120920130204_R.bmp,1,1,1.0
C:\Users\sahar\OneDrive\Desktop\EXPLAINABLE_IRIS_PAD\Data\Raw\IIITD_Contact_Lens_Iris_DB\Cogent Scanner\73\Colored\20120920130208_L.bmp,1,1,1.0
C:\Users\sahar\OneDrive\Desktop\EXPLAINABLE_IRIS_PAD\Data\Raw\IIITD_Contact_Lens_Iris_DB\Cogent Scanner\73\Colored\20120920130208_R.bmp,1,1,1.0
C:\Users\sahar\OneDrive\Desktop\EXPLAINABLE_IRIS_PAD\Data\Raw\IIITD_Contact_Lens_Iris_DB\Cogent Scanner\73\Colored\20120920130212_L.bmp,1,1,1.0
C:\Users\sahar\OneDrive\Desktop\EXPLAINABLE_IRIS_PAD\Data\Raw\IIITD_Contact_Lens_Iris_DB\Cogent Scanner\73\Colored\20120920130212_R.bmp,1,1,1.0
C:\Users\sahar\OneDrive\Desktop\EXPLAINABLE_IRIS_PAD\Data\Raw\IIITD_Contact_Lens_Iris_DB\Cogent Scanner\73\Normal\20120920123153_L.bmp,0,0,2.1554495e-05
C:\Users\sahar\OneDrive\Desktop\EXPLAINABLE_IRIS_PAD\Data\Raw\IIITD_Contact_Lens_Iris_DB\Cogent Scanner\73\Normal\20120920123153_R.bmp,0,0,2.520991e-07
C:\Users\sahar\OneDrive\Desktop\EXPLAINABLE_IRIS_PAD\Data\Raw\IIITD_Contact_Lens_Iris_DB\Cogent Scanner\73\Normal\20120920123156_L.bmp,0,0,1.1789765e-06
C:\Users\sahar\OneDrive\Desktop\EXPLAINABLE_IRIS_PAD\Data\Raw\IIITD_Contact_Lens_Iris_DB\Cogent Scanner\73\Normal\20120920123156_R.bmp,0,0,7.338561e-08
C:\Users\sahar\OneDrive\Desktop\EXPLAINABLE_IRIS_PAD\Data\Raw\IIITD_Contact_Lens_Iris_DB\Cogent Scanner\73\Normal\20120920123159_L.bmp,0,0,8.53432e-07
C:\Users\sahar\OneDrive\Desktop\EXPLAINABLE_IRIS_PAD\Data\Raw\IIITD_Contact_Lens_Iris_DB\Cogent Scanner\73\Normal\20120920123159_R.bmp,0,0,3.0059947e-08
C:\Users\sahar\OneDrive\Desktop\EXPLAINABLE_IRIS_PAD\Data\Raw\IIITD_Contact_Lens_Iris_DB\Cogent Scanner\73\Normal\20120920123202_L.bmp,0,0,1.18010085e-07
C:\Users\sahar\OneDrive\Desktop\EXPLAINABLE_IRIS_PAD\Data\Raw\IIITD_Contact_Lens_Iris_DB\Cogent Scanner\73\Normal\20120920123202_R.bmp,0,0,2.1573176e-07
C:\Users\sahar\OneDrive\Desktop\EXPLAINABLE_IRIS_PAD\Data\Raw\IIITD_Contact_Lens_Iris_DB\Cogent Scanner\73\Normal\20120920123205_L.bmp,0,0,0.00020287454
C:\Users\sahar\OneDrive\Desktop\EXPLAINABLE_IRIS_PAD\Data\Raw\IIITD_Contact_Lens_Iris_DB\Cogent Scanner\73\Normal\20120920123205_R.bmp,0,0,8.9633e-06
C:\Users\sahar\OneDrive\Desktop\EXPLAINABLE_IRIS_PAD\Data\Raw\IIITD_Contact_Lens_Iris_DB\Cogent Scanner\77\Colored\20120913150209_L.bmp,1,1,0.9999976
C:\Users\sahar\OneDrive\Desktop\EXPLAINABLE_IRIS_PAD\Data\Raw\IIITD_Contact_Lens_Iris_DB\Cogent Scanner\77\Colored\20120913150209_R.bmp,1,1,1.0
C:\Users\sahar\OneDrive\Desktop\EXPLAINABLE_IRIS_PAD\Data\Raw\IIITD_Contact_Lens_Iris_DB\Cogent Scanner\77\Colored\20120913150213_L.bmp,1,1,0.99999464
C:\Users\sahar\OneDrive\Desktop\EXPLAINABLE_IRIS_PAD\Data\Raw\IIITD_Contact_Lens_Iris_DB\Cogent Scanner\77\Colored\20120913150213_R.bmp,1,1,1.0
C:\Users\sahar\OneDrive\Desktop\EXPLAINABLE_IRIS_PAD\Data\Raw\IIITD_Contact_Lens_Iris_DB\Cogent Scanner\77\Colored\20120913150219_L.bmp,1,1,0.99999535
C:\Users\sahar\OneDrive\Desktop\EXPLAINABLE_IRIS_PAD\Data\Raw\IIITD_Contact_Lens_Iris_DB\Cogent Scanner\77\Colored\20120913150219_R.bmp,1,1,0.9999999
C:\Users\sahar\OneDrive\Desktop\EXPLAINABLE_IRIS_PAD\Data\Raw\IIITD_Contact_Lens_Iris_DB\Cogent Scanner\77\Colored\20120913150222_L.bmp,1,1,1.0
C:\Users\sahar\OneDrive\Desktop\EXPLAINABLE_IRIS_PAD\Data\Raw\IIITD_Contact_Lens_Iris_DB\Cogent Scanner\77\Colored\20120913150222_R.bmp,1,1,0.99999845
C:\Users\sahar\OneDrive\Desktop\EXPLAINABLE_IRIS_PAD\Data\Raw\IIITD_Contact_Lens_Iris_DB\Cogent Scanner\77\Colored\20120913150226_L.bmp,1,1,1.0
C:\Users\sahar\OneDrive\Desktop\EXPLAINABLE_IRIS_PAD\Data\Raw\IIITD_Contact_Lens_Iris_DB\Cogent Scanner\77\Colored\20120913150226_R.bmp,1,1,0.999987
C:\Users\sahar\OneDrive\Desktop\EXPLAINABLE_IRIS_PAD\Data\Raw\IIITD_Contact_Lens_Iris_DB\Cogent Scanner\77\Normal\20120913122722_L.bmp,0,0,3.9590895e-09
C:\Users\sahar\OneDrive\Desktop\EXPLAINABLE_IRIS_PAD\Data\Raw\IIITD_Contact_Lens_Iris_DB\Cogent Scanner\77\Normal\20120913122722_R.bmp,0,0,3.0055807e-09
C:\Users\sahar\OneDrive\Desktop\EXPLAINABLE_IRIS_PAD\Data\Raw\IIITD_Contact_Lens_Iris_DB\Cogent Scanner\77\Normal\20120913122753_L.bmp,0,0,2.3679203e-09
C:\Users\sahar\OneDrive\Desktop\EXPLAINABLE_IRIS_PAD\Data\Raw\IIITD_Contact_Lens_Iris_DB\Cogent Scanner\77\Normal\20120913122753_R.bmp,0,0,2.4982663e-07
C:\Users\sahar\OneDrive\Desktop\EXPLAINABLE_IRIS_PAD\Data\Raw\IIITD_Contact_Lens_Iris_DB\Cogent Scanner\77\Normal\20120913122832_L.bmp,0,0,8.2627295e-08
C:\Users\sahar\OneDrive\Desktop\EXPLAINABLE_IRIS_PAD\Data\Raw\IIITD_Contact_Lens_Iris_DB\Cogent Scanner\77\Normal\20120913122832_R.bmp,0,0,5.3256343e-07
C:\Users\sahar\OneDrive\Desktop\EXPLAINABLE_IRIS_PAD\Data\Raw\IIITD_Contact_Lens_Iris_DB\Cogent Scanner\77\Normal\20120913122839_L.bmp,0,0,3.6665118e-10
C:\Users\sahar\OneDrive\Desktop\EXPLAINABLE_IRIS_PAD\Data\Raw\IIITD_Contact_Lens_Iris_DB\Cogent Scanner\77\Normal\20120913122839_R.bmp,0,0,1.0622473e-07
C:\Users\sahar\OneDrive\Desktop\EXPLAINABLE_IRIS_PAD\Data\Raw\IIITD_Contact_Lens_Iris_DB\Cogent Scanner\77\Normal\20120913122849_L.bmp,0,0,3.842657e-09
C:\Users\sahar\OneDrive\Desktop\EXPLAINABLE_IRIS_PAD\Data\Raw\IIITD_Contact_Lens_Iris_DB\Cogent Scanner\77\Normal\20120913122849_R.bmp,0,0,1.3053211e-07
C:\Users\sahar\OneDrive\Desktop\EXPLAINABLE_IRIS_PAD\Data\Raw\IIITD_Contact_Lens_Iris_DB\Cogent Scanner\77\Normal\20120913122854_L.bmp,0,0,2.8373126e-09
C:\Users\sahar\OneDrive\Desktop\EXPLAINABLE_IRIS_PAD\Data\Raw\IIITD_Contact_Lens_Iris_DB\Cogent Scanner\77\Normal\20120913122854_R.bmp,0,0,7.4740434e-08
C:\Users\sahar\OneDrive\Desktop\EXPLAINABLE_IRIS_PAD\Data\Raw\IIITD_Contact_Lens_Iris_DB\Cogent Scanner\77\Normal\20120913122859_L.bmp,0,0,5.8720865e-08
C:\Users\sahar\OneDrive\Desktop\EXPLAINABLE_IRIS_PAD\Data\Raw\IIITD_Contact_Lens_Iris_DB\Cogent Scanner\77\Normal\20120913122859_R.bmp,0,0,2.1975765e-08
C:\Users\sahar\OneDrive\Desktop\EXPLAINABLE_IRIS_PAD\Data\Raw\IIITD_Contact_Lens_Iris_DB\Cogent Scanner\77\Normal\20120913122901_L.bmp,0,0,1.8950582e-08
C:\Users\sahar\OneDrive\Desktop\EXPLAINABLE_IRIS_PAD\Data\Raw\IIITD_Contact_Lens_Iris_DB\Cogent Scanner\77\Normal\20120913122901_R.bmp,0,0,2.7216844e-08
C:\Users\sahar\OneDrive\Desktop\EXPLAINABLE_IRIS_PAD\Data\Raw\IIITD_Contact_Lens_Iris_DB\Cogent Scanner\78\Colored\20120920142445_L.bmp,1,0,0.00628964
C:\Users\sahar\OneDrive\Desktop\EXPLAINABLE_IRIS_PAD\Data\Raw\IIITD_Contact_Lens_Iris_DB\Cogent Scanner\78\Colored\20120920142446_R.bmp,1,0,0.0005865801
C:\Users\sahar\OneDrive\Desktop\EXPLAINABLE_IRIS_PAD\Data\Raw\IIITD_Contact_Lens_Iris_DB\Cogent Scanner\78\Colored\20120920142454_L.bmp,1,1,0.9999988
C:\Users\sahar\OneDrive\Desktop\EXPLAINABLE_IRIS_PAD\Data\Raw\IIITD_Contact_Lens_Iris_DB\Cogent Scanner\78\Colored\20120920142454_R.bmp,1,1,0.9999887
C:\Users\sahar\OneDrive\Desktop\EXPLAINABLE_IRIS_PAD\Data\Raw\IIITD_Contact_Lens_Iris_DB\Cogent Scanner\78\Colored\20120920142502_L.bmp,1,1,0.9999982
C:\Users\sahar\OneDrive\Desktop\EXPLAINABLE_IRIS_PAD\Data\Raw\IIITD_Contact_Lens_Iris_DB\Cogent Scanner\78\Colored\20120920142502_R.bmp,1,1,0.9999999
C:\Users\sahar\OneDrive\Desktop\EXPLAINABLE_IRIS_PAD\Data\Raw\IIITD_Contact_Lens_Iris_DB\Cogent Scanner\78\Colored\20120920142505_L.bmp,1,1,0.9999999
C:\Users\sahar\OneDrive\Desktop\EXPLAINABLE_IRIS_PAD\Data\Raw\IIITD_Contact_Lens_Iris_DB\Cogent Scanner\78\Colored\20120920142505_R.bmp,1,1,0.9999974
C:\Users\sahar\OneDrive\Desktop\EXPLAINABLE_IRIS_PAD\Data\Raw\IIITD_Contact_Lens_Iris_DB\Cogent Scanner\78\Colored\20120920142512_L.bmp,1,1,0.9999999
C:\Users\sahar\OneDrive\Desktop\EXPLAINABLE_IRIS_PAD\Data\Raw\IIITD_Contact_Lens_Iris_DB\Cogent Scanner\78\Colored\20120920142512_R.bmp,1,1,1.0
C:\Users\sahar\OneDrive\Desktop\EXPLAINABLE_IRIS_PAD\Data\Raw\IIITD_Contact_Lens_Iris_DB\Cogent Scanner\78\Colored\20120920142519_L.bmp,1,1,0.9999405
C:\Users\sahar\OneDrive\Desktop\EXPLAINABLE_IRIS_PAD\Data\Raw\IIITD_Contact_Lens_Iris_DB\Cogent Scanner\78\Colored\20120920142519_R.bmp,1,1,1.0
C:\Users\sahar\OneDrive\Desktop\EXPLAINABLE_IRIS_PAD\Data\Raw\IIITD_Contact_Lens_Iris_DB\Cogent Scanner\78\Normal\20120920135228_L.bmp,0,0,0.00011749426
C:\Users\sahar\OneDrive\Desktop\EXPLAINABLE_IRIS_PAD\Data\Raw\IIITD_Contact_Lens_Iris_DB\Cogent Scanner\78\Normal\20120920135228_R.bmp,0,0,0.16726038
C:\Users\sahar\OneDrive\Desktop\EXPLAINABLE_IRIS_PAD\Data\Raw\IIITD_Contact_Lens_Iris_DB\Cogent Scanner\78\Normal\20120920135231_L.bmp,0,0,4.234652e-05
C:\Users\sahar\OneDrive\Desktop\EXPLAINABLE_IRIS_PAD\Data\Raw\IIITD_Contact_Lens_Iris_DB\Cogent Scanner\78\Normal\20120920135231_R.bmp,0,1,0.5766346
C:\Users\sahar\OneDrive\Desktop\EXPLAINABLE_IRIS_PAD\Data\Raw\IIITD_Contact_Lens_Iris_DB\Cogent Scanner\78\Normal\20120920135234_L.bmp,0,0,1.9373327e-07
C:\Users\sahar\OneDrive\Desktop\EXPLAINABLE_IRIS_PAD\Data\Raw\IIITD_Contact_Lens_Iris_DB\Cogent Scanner\78\Normal\20120920135234_R.bmp,0,0,0.00018696074
C:\Users\sahar\OneDrive\Desktop\EXPLAINABLE_IRIS_PAD\Data\Raw\IIITD_Contact_Lens_Iris_DB\Cogent Scanner\78\Normal\20120920135236_L.bmp,0,0,1.0981278e-06
C:\Users\sahar\OneDrive\Desktop\EXPLAINABLE_IRIS_PAD\Data\Raw\IIITD_Contact_Lens_Iris_DB\Cogent Scanner\78\Normal\20120920135236_R.bmp,0,0,1.0815599e-05
C:\Users\sahar\OneDrive\Desktop\EXPLAINABLE_IRIS_PAD\Data\Raw\IIITD_Contact_Lens_Iris_DB\Cogent Scanner\78\Normal\20120920135239_L.bmp,0,0,2.2435763e-07
C:\Users\sahar\OneDrive\Desktop\EXPLAINABLE_IRIS_PAD\Data\Raw\IIITD_Contact_Lens_Iris_DB\Cogent Scanner\78\Normal\20120920135239_R.bmp,0,0,2.194709e-06
C:\Users\sahar\OneDrive\Desktop\EXPLAINABLE_IRIS_PAD\Data\Raw\IIITD_Contact_Lens_Iris_DB\Cogent Scanner\78\Normal\20120920135241_L.bmp,0,0,1.6890805e-06
C:\Users\sahar\OneDrive\Desktop\EXPLAINABLE_IRIS_PAD\Data\Raw\IIITD_Contact_Lens_Iris_DB\Cogent Scanner\78\Normal\20120920135241_R.bmp,0,0,1.4083529e-06
C:\Users\sahar\OneDrive\Desktop\EXPLAINABLE_IRIS_PAD\Data\Raw\IIITD_Contact_Lens_Iris_DB\Cogent Scanner\78\Normal\20120920135244_L.bmp,0,0,1.1044525e-06
C:\Users\sahar\OneDrive\Desktop\EXPLAINABLE_IRIS_PAD\Data\Raw\IIITD_Contact_Lens_Iris_DB\Cogent Scanner\78\Normal\20120920135244_R.bmp,0,0,8.061314e-06
C:\Users\sahar\OneDrive\Desktop\EXPLAINABLE_IRIS_PAD\Data\Raw\IIITD_Contact_Lens_Iris_DB\Cogent Scanner\89\Colored\20120913154824_L.bmp,1,1,1.0
C:\Users\sahar\OneDrive\Desktop\EXPLAINABLE_IRIS_PAD\Data\Raw\IIITD_Contact_Lens_Iris_DB\Cogent Scanner\89\Colored\20120913154824_R.bmp,1,1,1.0
C:\Users\sahar\OneDrive\Desktop\EXPLAINABLE_IRIS_PAD\Data\Raw\IIITD_Contact_Lens_Iris_DB\Cogent Scanner\89\Colored\20120913154828_L.bmp,1,1,1.0
C:\Users\sahar\OneDrive\Desktop\EXPLAINABLE_IRIS_PAD\Data\Raw\IIITD_Contact_Lens_Iris_DB\Cogent Scanner\89\Colored\20120913154828_R.bmp,1,1,1.0
C:\Users\sahar\OneDrive\Desktop\EXPLAINABLE_IRIS_PAD\Data\Raw\IIITD_Contact_Lens_Iris_DB\Cogent Scanner\89\Colored\20120913154831_L.bmp,1,1,1.0
C:\Users\sahar\OneDrive\Desktop\EXPLAINABLE_IRIS_PAD\Data\Raw\IIITD_Contact_Lens_Iris_DB\Cogent Scanner\89\Colored\20120913154831_R.bmp,1,1,1.0
C:\Users\sahar\OneDrive\Desktop\EXPLAINABLE_IRIS_PAD\Data\Raw\IIITD_Contact_Lens_Iris_DB\Cogent Scanner\89\Colored\20120913154841_L.bmp,1,1,1.0
C:\Users\sahar\OneDrive\Desktop\EXPLAINABLE_IRIS_PAD\Data\Raw\IIITD_Contact_Lens_Iris_DB\Cogent Scanner\89\Colored\20120913154841_R.bmp,1,1,0.99999976
C:\Users\sahar\OneDrive\Desktop\EXPLAINABLE_IRIS_PAD\Data\Raw\IIITD_Contact_Lens_Iris_DB\Cogent Scanner\89\Colored\20120913154846_L.bmp,1,1,1.0
C:\Users\sahar\OneDrive\Desktop\EXPLAINABLE_IRIS_PAD\Data\Raw\IIITD_Contact_Lens_Iris_DB\Cogent Scanner\89\Colored\20120913154846_R.bmp,1,1,0.99999976
C:\Users\sahar\OneDrive\Desktop\EXPLAINABLE_IRIS_PAD\Data\Raw\IIITD_Contact_Lens_Iris_DB\Cogent Scanner\89\Normal\20120913141528_L.bmp,0,0,8.880285e-06
C:\Users\sahar\OneDrive\Desktop\EXPLAINABLE_IRIS_PAD\Data\Raw\IIITD_Contact_Lens_Iris_DB\Cogent Scanner\89\Normal\20120913141529_R.bmp,0,0,1.2002926e-05
C:\Users\sahar\OneDrive\Desktop\EXPLAINABLE_IRIS_PAD\Data\Raw\IIITD_Contact_Lens_Iris_DB\Cogent Scanner\89\Normal\20120913141532_L.bmp,0,0,2.3413193e-05
C:\Users\sahar\OneDrive\Desktop\EXPLAINABLE_IRIS_PAD\Data\Raw\IIITD_Contact_Lens_Iris_DB\Cogent Scanner\89\Normal\20120913141532_R.bmp,0,0,1.8551162e-06
C:\Users\sahar\OneDrive\Desktop\EXPLAINABLE_IRIS_PAD\Data\Raw\IIITD_Contact_Lens_Iris_DB\Cogent Scanner\89\Normal\20120913141537_L.bmp,0,0,1.6652548e-05
C:\Users\sahar\OneDrive\Desktop\EXPLAINABLE_IRIS_PAD\Data\Raw\IIITD_Contact_Lens_Iris_DB\Cogent Scanner\89\Normal\20120913141537_R.bmp,0,0,2.7802484e-05
C:\Users\sahar\OneDrive\Desktop\EXPLAINABLE_IRIS_PAD\Data\Raw\IIITD_Contact_Lens_Iris_DB\Cogent Scanner\89\Normal\20120913141542_L.bmp,0,0,8.7995104e-05
C:\Users\sahar\OneDrive\Desktop\EXPLAINABLE_IRIS_PAD\Data\Raw\IIITD_Contact_Lens_Iris_DB\Cogent Scanner\89\Normal\20120913141542_R.bmp,0,0,0.0008540709
C:\Users\sahar\OneDrive\Desktop\EXPLAINABLE_IRIS_PAD\Data\Raw\IIITD_Contact_Lens_Iris_DB\Cogent Scanner\89\Normal\20120913141547_L.bmp,0,0,6.0232046e-06
C:\Users\sahar\OneDrive\Desktop\EXPLAINABLE_IRIS_PAD\Data\Raw\IIITD_Contact_Lens_Iris_DB\Cogent Scanner\89\Normal\20120913141547_R.bmp,0,0,6.519001e-07
C:\Users\sahar\OneDrive\Desktop\EXPLAINABLE_IRIS_PAD\Data\Raw\IIITD_Contact_Lens_Iris_DB\Cogent Scanner\95\Colored\20120914142036_L.bmp,1,1,1.0
C:\Users\sahar\OneDrive\Desktop\EXPLAINABLE_IRIS_PAD\Data\Raw\IIITD_Contact_Lens_Iris_DB\Cogent Scanner\95\Colored\20120914142036_R.bmp,1,1,1.0
C:\Users\sahar\OneDrive\Desktop\EXPLAINABLE_IRIS_PAD\Data\Raw\IIITD_Contact_Lens_Iris_DB\Cogent Scanner\95\Colored\20120914142039_L.bmp,1,1,1.0
C:\Users\sahar\OneDrive\Desktop\EXPLAINABLE_IRIS_PAD\Data\Raw\IIITD_Contact_Lens_Iris_DB\Cogent Scanner\95\Colored\20120914142039_R.bmp,1,1,1.0
C:\Users\sahar\OneDrive\Desktop\EXPLAINABLE_IRIS_PAD\Data\Raw\IIITD_Contact_Lens_Iris_DB\Cogent Scanner\95\Colored\20120914142042_L.bmp,1,1,1.0
C:\Users\sahar\OneDrive\Desktop\EXPLAINABLE_IRIS_PAD\Data\Raw\IIITD_Contact_Lens_Iris_DB\Cogent Scanner\95\Colored\20120914142042_R.bmp,1,1,1.0
C:\Users\sahar\OneDrive\Desktop\EXPLAINABLE_IRIS_PAD\Data\Raw\IIITD_Contact_Lens_Iris_DB\Cogent Scanner\95\Colored\20120914142047_L.bmp,1,1,1.0
C:\Users\sahar\OneDrive\Desktop\EXPLAINABLE_IRIS_PAD\Data\Raw\IIITD_Contact_Lens_Iris_DB\Cogent Scanner\95\Colored\20120914142047_R.bmp,1,1,1.0
C:\Users\sahar\OneDrive\Desktop\EXPLAINABLE_IRIS_PAD\Data\Raw\IIITD_Contact_Lens_Iris_DB\Cogent Scanner\95\Colored\20120914142050_L.bmp,1,1,1.0
C:\Users\sahar\OneDrive\Desktop\EXPLAINABLE_IRIS_PAD\Data\Raw\IIITD_Contact_Lens_Iris_DB\Cogent Scanner\95\Colored\20120914142050_R.bmp,1,1,1.0
C:\Users\sahar\OneDrive\Desktop\EXPLAINABLE_IRIS_PAD\Data\Raw\IIITD_Contact_Lens_Iris_DB\Cogent Scanner\95\Normal\20120913123619_L.bmp,0,0,1.4744436e-05
C:\Users\sahar\OneDrive\Desktop\EXPLAINABLE_IRIS_PAD\Data\Raw\IIITD_Contact_Lens_Iris_DB\Cogent Scanner\95\Normal\20120913123619_R.bmp,0,0,2.2796385e-06
C:\Users\sahar\OneDrive\Desktop\EXPLAINABLE_IRIS_PAD\Data\Raw\IIITD_Contact_Lens_Iris_DB\Cogent Scanner\95\Normal\20120913123624_L.bmp,0,0,0.002053935
C:\Users\sahar\OneDrive\Desktop\EXPLAINABLE_IRIS_PAD\Data\Raw\IIITD_Contact_Lens_Iris_DB\Cogent Scanner\95\Normal\20120913123624_R.bmp,0,0,0.00022972476
C:\Users\sahar\OneDrive\Desktop\EXPLAINABLE_IRIS_PAD\Data\Raw\IIITD_Contact_Lens_Iris_DB\Cogent Scanner\95\Normal\20120913123627_L.bmp,0,0,5.3052005e-05
C:\Users\sahar\OneDrive\Desktop\EXPLAINABLE_IRIS_PAD\Data\Raw\IIITD_Contact_Lens_Iris_DB\Cogent Scanner\95\Normal\20120913123627_R.bmp,0,0,9.784678e-05
C:\Users\sahar\OneDrive\Desktop\EXPLAINABLE_IRIS_PAD\Data\Raw\IIITD_Contact_Lens_Iris_DB\Cogent Scanner\95\Normal\20120913123629_L.bmp,0,0,3.9579358e-05
C:\Users\sahar\OneDrive\Desktop\EXPLAINABLE_IRIS_PAD\Data\Raw\IIITD_Contact_Lens_Iris_DB\Cogent Scanner\95\Normal\20120913123629_R.bmp,0,0,1.999561e-05
C:\Users\sahar\OneDrive\Desktop\EXPLAINABLE_IRIS_PAD\Data\Raw\IIITD_Contact_Lens_Iris_DB\Cogent Scanner\95\Normal\20120913123632_L.bmp,0,0,4.5262126e-07
C:\Users\sahar\OneDrive\Desktop\EXPLAINABLE_IRIS_PAD\Data\Raw\IIITD_Contact_Lens_Iris_DB\Cogent Scanner\95\Normal\20120913123632_R.bmp,0,0,0.000119229655
C:\Users\sahar\OneDrive\Desktop\EXPLAINABLE_IRIS_PAD\Data\Raw\IIITD_Contact_Lens_Iris_DB\Cogent Scanner\95\Normal\20120913123634_L.bmp,0,0,3.45588e-05
C:\Users\sahar\OneDrive\Desktop\EXPLAINABLE_IRIS_PAD\Data\Raw\IIITD_Contact_Lens_Iris_DB\Cogent Scanner\95\Normal\20120913123634_R.bmp,0,0,4.1225645e-05
C:\Users\sahar\OneDrive\Desktop\EXPLAINABLE_IRIS_PAD\Data\Raw\IIITD_Contact_Lens_Iris_DB\Cogent Scanner\95\Normal\20120913123637_L.bmp,0,0,1.5436795e-05
C:\Users\sahar\OneDrive\Desktop\EXPLAINABLE_IRIS_PAD\Data\Raw\IIITD_Contact_Lens_Iris_DB\Cogent Scanner\95\Normal\20120913123637_R.bmp,0,0,0.0001440883
C:\Users\sahar\OneDrive\Desktop\EXPLAINABLE_IRIS_PAD\Data\Raw\IIITD_Contact_Lens_Iris_DB\Vista Scanner\1\Colored\Left\1.bmp,1,1,0.9999993
C:\Users\sahar\OneDrive\Desktop\EXPLAINABLE_IRIS_PAD\Data\Raw\IIITD_Contact_Lens_Iris_DB\Vista Scanner\1\Colored\Left\2.bmp,1,1,0.9999981
C:\Users\sahar\OneDrive\Desktop\EXPLAINABLE_IRIS_PAD\Data\Raw\IIITD_Contact_Lens_Iris_DB\Vista Scanner\1\Colored\Left\3.bmp,1,1,0.99999666
C:\Users\sahar\OneDrive\Desktop\EXPLAINABLE_IRIS_PAD\Data\Raw\IIITD_Contact_Lens_Iris_DB\Vista Scanner\1\Colored\Left\4.bmp,1,1,0.99999547
C:\Users\sahar\OneDrive\Desktop\EXPLAINABLE_IRIS_PAD\Data\Raw\IIITD_Contact_Lens_Iris_DB\Vista Scanner\1\Colored\Left\5.bmp,1,1,0.99998677
C:\Users\sahar\OneDrive\Desktop\EXPLAINABLE_IRIS_PAD\Data\Raw\IIITD_Contact_Lens_Iris_DB\Vista Scanner\1\Colored\Right\1.bmp,1,1,0.9999888
C:\Users\sahar\OneDrive\Desktop\EXPLAINABLE_IRIS_PAD\Data\Raw\IIITD_Contact_Lens_Iris_DB\Vista Scanner\1\Colored\Right\2.bmp,1,1,0.99999666
C:\Users\sahar\OneDrive\Desktop\EXPLAINABLE_IRIS_PAD\Data\Raw\IIITD_Contact_Lens_Iris_DB\Vista Scanner\1\Colored\Right\3.bmp,1,1,0.9999981
C:\Users\sahar\OneDrive\Desktop\EXPLAINABLE_IRIS_PAD\Data\Raw\IIITD_Contact_Lens_Iris_DB\Vista Scanner\1\Colored\Right\4.bmp,1,1,0.9999925
C:\Users\sahar\OneDrive\Desktop\EXPLAINABLE_IRIS_PAD\Data\Raw\IIITD_Contact_Lens_Iris_DB\Vista Scanner\1\Colored\Right\5.bmp,1,1,0.99998724
C:\Users\sahar\OneDrive\Desktop\EXPLAINABLE_IRIS_PAD\Data\Raw\IIITD_Contact_Lens_Iris_DB\Vista Scanner\1\Normal\Left\1.bmp,0,0,3.1969674e-05
C:\Users\sahar\OneDrive\Desktop\EXPLAINABLE_IRIS_PAD\Data\Raw\IIITD_Contact_Lens_Iris_DB\Vista Scanner\1\Normal\Left\2.bmp,0,0,2.1855918e-05
C:\Users\sahar\OneDrive\Desktop\EXPLAINABLE_IRIS_PAD\Data\Raw\IIITD_Contact_Lens_Iris_DB\Vista Scanner\1\Normal\Left\3.bmp,0,0,2.7639126e-06
C:\Users\sahar\OneDrive\Desktop\EXPLAINABLE_IRIS_PAD\Data\Raw\IIITD_Contact_Lens_Iris_DB\Vista Scanner\1\Normal\Left\4.bmp,0,0,3.6658835e-06
C:\Users\sahar\OneDrive\Desktop\EXPLAINABLE_IRIS_PAD\Data\Raw\IIITD_Contact_Lens_Iris_DB\Vista Scanner\1\Normal\Left\5.bmp,0,0,5.0032046e-05
C:\Users\sahar\OneDrive\Desktop\EXPLAINABLE_IRIS_PAD\Data\Raw\IIITD_Contact_Lens_Iris_DB\Vista Scanner\1\Normal\Right\1.bmp,0,0,7.647848e-07
C:\Users\sahar\OneDrive\Desktop\EXPLAINABLE_IRIS_PAD\Data\Raw\IIITD_Contact_Lens_Iris_DB\Vista Scanner\1\Normal\Right\2.bmp,0,0,5.64144e-07
C:\Users\sahar\OneDrive\Desktop\EXPLAINABLE_IRIS_PAD\Data\Raw\IIITD_Contact_Lens_Iris_DB\Vista Scanner\1\Normal\Right\3.bmp,0,0,7.463173e-07
C:\Users\sahar\OneDrive\Desktop\EXPLAINABLE_IRIS_PAD\Data\Raw\IIITD_Contact_Lens_Iris_DB\Vista Scanner\1\Normal\Right\4.bmp,0,0,1.9097374e-06
C:\Users\sahar\OneDrive\Desktop\EXPLAINABLE_IRIS_PAD\Data\Raw\IIITD_Contact_Lens_Iris_DB\Vista Scanner\1\Normal\Right\5.bmp,0,0,1.7481606e-06
C:\Users\sahar\OneDrive\Desktop\EXPLAINABLE_IRIS_PAD\Data\Raw\IIITD_Contact_Lens_Iris_DB\Vista Scanner\18\Colored\Left\1.bmp,1,1,0.99998415
C:\Users\sahar\OneDrive\Desktop\EXPLAINABLE_IRIS_PAD\Data\Raw\IIITD_Contact_Lens_Iris_DB\Vista Scanner\18\Colored\Left\2.bmp,1,1,0.9999845
C:\Users\sahar\OneDrive\Desktop\EXPLAINABLE_IRIS_PAD\Data\Raw\IIITD_Contact_Lens_Iris_DB\Vista Scanner\18\Colored\Left\3.bmp,1,1,0.99993813
C:\Users\sahar\OneDrive\Desktop\EXPLAINABLE_IRIS_PAD\Data\Raw\IIITD_Contact_Lens_Iris_DB\Vista Scanner\18\Colored\Left\4.bmp,1,1,0.99999285
C:\Users\sahar\OneDrive\Desktop\EXPLAINABLE_IRIS_PAD\Data\Raw\IIITD_Contact_Lens_Iris_DB\Vista Scanner\18\Colored\Left\5.bmp,1,1,0.99999857
C:\Users\sahar\OneDrive\Desktop\EXPLAINABLE_IRIS_PAD\Data\Raw\IIITD_Contact_Lens_Iris_DB\Vista Scanner\18\Colored\Right\1.bmp,1,1,0.99999714
C:\Users\sahar\OneDrive\Desktop\EXPLAINABLE_IRIS_PAD\Data\Raw\IIITD_Contact_Lens_Iris_DB\Vista Scanner\18\Colored\Right\2.bmp,1,1,0.9999887
C:\Users\sahar\OneDrive\Desktop\EXPLAINABLE_IRIS_PAD\Data\Raw\IIITD_Contact_Lens_Iris_DB\Vista Scanner\18\Colored\Right\3.bmp,1,1,0.9999968
C:\Users\sahar\OneDrive\Desktop\EXPLAINABLE_IRIS_PAD\Data\Raw\IIITD_Contact_Lens_Iris_DB\Vista Scanner\18\Colored\Right\4.bmp,1,1,0.99987304
C:\Users\sahar\OneDrive\Desktop\EXPLAINABLE_IRIS_PAD\Data\Raw\IIITD_Contact_Lens_Iris_DB\Vista Scanner\18\Colored\Right\5.bmp,1,1,0.99996865
C:\Users\sahar\OneDrive\Desktop\EXPLAINABLE_IRIS_PAD\Data\Raw\IIITD_Contact_Lens_Iris_DB\Vista Scanner\18\Normal\Left\1.bmp,0,0,5.6506557e-05
C:\Users\sahar\OneDrive\Desktop\EXPLAINABLE_IRIS_PAD\Data\Raw\IIITD_Contact_Lens_Iris_DB\Vista Scanner\18\Normal\Left\2.bmp,0,0,6.630052e-08
C:\Users\sahar\OneDrive\Desktop\EXPLAINABLE_IRIS_PAD\Data\Raw\IIITD_Contact_Lens_Iris_DB\Vista Scanner\18\Normal\Left\3.bmp,0,0,1.4662198e-05
C:\Users\sahar\OneDrive\Desktop\EXPLAINABLE_IRIS_PAD\Data\Raw\IIITD_Contact_Lens_Iris_DB\Vista Scanner\18\Normal\Left\4.bmp,0,0,3.988533e-06
C:\Users\sahar\OneDrive\Desktop\EXPLAINABLE_IRIS_PAD\Data\Raw\IIITD_Contact_Lens_Iris_DB\Vista Scanner\18\Normal\Left\5.bmp,0,0,3.960318e-06
C:\Users\sahar\OneDrive\Desktop\EXPLAINABLE_IRIS_PAD\Data\Raw\IIITD_Contact_Lens_Iris_DB\Vista Scanner\18\Normal\Right\1.bmp,0,0,1.7729391e-07
C:\Users\sahar\OneDrive\Desktop\EXPLAINABLE_IRIS_PAD\Data\Raw\IIITD_Contact_Lens_Iris_DB\Vista Scanner\18\Normal\Right\2.bmp,0,0,8.045738e-07
C:\Users\sahar\OneDrive\Desktop\EXPLAINABLE_IRIS_PAD\Data\Raw\IIITD_Contact_Lens_Iris_DB\Vista Scanner\18\Normal\Right\3.bmp,0,0,4.977162e-06
C:\Users\sahar\OneDrive\Desktop\EXPLAINABLE_IRIS_PAD\Data\Raw\IIITD_Contact_Lens_Iris_DB\Vista Scanner\18\Normal\Right\4.bmp,0,0,3.811141e-07
C:\Users\sahar\OneDrive\Desktop\EXPLAINABLE_IRIS_PAD\Data\Raw\IIITD_Contact_Lens_Iris_DB\Vista Scanner\18\Normal\Right\5.bmp,0,0,1.3833632e-06
C:\Users\sahar\OneDrive\Desktop\EXPLAINABLE_IRIS_PAD\Data\Raw\IIITD_Contact_Lens_Iris_DB\Vista Scanner\19\Colored\Left\1.bmp,1,1,0.9999924
C:\Users\sahar\OneDrive\Desktop\EXPLAINABLE_IRIS_PAD\Data\Raw\IIITD_Contact_Lens_Iris_DB\Vista Scanner\19\Colored\Left\2.bmp,1,1,0.9999951
C:\Users\sahar\OneDrive\Desktop\EXPLAINABLE_IRIS_PAD\Data\Raw\IIITD_Contact_Lens_Iris_DB\Vista Scanner\19\Colored\Left\3.bmp,1,1,0.99998355
C:\Users\sahar\OneDrive\Desktop\EXPLAINABLE_IRIS_PAD\Data\Raw\IIITD_Contact_Lens_Iris_DB\Vista Scanner\19\Colored\Left\4.bmp,1,1,0.99998665
C:\Users\sahar\OneDrive\Desktop\EXPLAINABLE_IRIS_PAD\Data\Raw\IIITD_Contact_Lens_Iris_DB\Vista Scanner\19\Colored\Left\5.bmp,1,1,0.9999504
C:\Users\sahar\OneDrive\Desktop\EXPLAINABLE_IRIS_PAD\Data\Raw\IIITD_Contact_Lens_Iris_DB\Vista Scanner\19\Colored\Right\1.bmp,1,1,0.9999989
C:\Users\sahar\OneDrive\Desktop\EXPLAINABLE_IRIS_PAD\Data\Raw\IIITD_Contact_Lens_Iris_DB\Vista Scanner\19\Colored\Right\2.bmp,1,1,0.9999467
C:\Users\sahar\OneDrive\Desktop\EXPLAINABLE_IRIS_PAD\Data\Raw\IIITD_Contact_Lens_Iris_DB\Vista Scanner\19\Colored\Right\3.bmp,1,1,0.9999882
C:\Users\sahar\OneDrive\Desktop\EXPLAINABLE_IRIS_PAD\Data\Raw\IIITD_Contact_Lens_Iris_DB\Vista Scanner\19\Colored\Right\4.bmp,1,1,0.99991465
C:\Users\sahar\OneDrive\Desktop\EXPLAINABLE_IRIS_PAD\Data\Raw\IIITD_Contact_Lens_Iris_DB\Vista Scanner\19\Colored\Right\5.bmp,1,1,0.9999695
C:\Users\sahar\OneDrive\Desktop\EXPLAINABLE_IRIS_PAD\Data\Raw\IIITD_Contact_Lens_Iris_DB\Vista Scanner\19\Normal\Left\1.bmp,0,0,5.0827786e-08
C:\Users\sahar\OneDrive\Desktop\EXPLAINABLE_IRIS_PAD\Data\Raw\IIITD_Contact_Lens_Iris_DB\Vista Scanner\19\Normal\Left\2.bmp,0,0,1.8100957e-08
C:\Users\sahar\OneDrive\Desktop\EXPLAINABLE_IRIS_PAD\Data\Raw\IIITD_Contact_Lens_Iris_DB\Vista Scanner\19\Normal\Left\3.bmp,0,0,7.701149e-09
C:\Users\sahar\OneDrive\Desktop\EXPLAINABLE_IRIS_PAD\Data\Raw\IIITD_Contact_Lens_Iris_DB\Vista Scanner\19\Normal\Left\4.bmp,0,0,1.3566898e-08
C:\Users\sahar\OneDrive\Desktop\EXPLAINABLE_IRIS_PAD\Data\Raw\IIITD_Contact_Lens_Iris_DB\Vista Scanner\19\Normal\Left\5.bmp,0,0,4.968482e-09
C:\Users\sahar\OneDrive\Desktop\EXPLAINABLE_IRIS_PAD\Data\Raw\IIITD_Contact_Lens_Iris_DB\Vista Scanner\19\Normal\Right\1.bmp,0,0,1.311903e-07
C:\Users\sahar\OneDrive\Desktop\EXPLAINABLE_IRIS_PAD\Data\Raw\IIITD_Contact_Lens_Iris_DB\Vista Scanner\19\Normal\Right\2.bmp,0,0,5.284354e-09
C:\Users\sahar\OneDrive\Desktop\EXPLAINABLE_IRIS_PAD\Data\Raw\IIITD_Contact_Lens_Iris_DB\Vista Scanner\19\Normal\Right\3.bmp,0,0,9.540618e-07
C:\Users\sahar\OneDrive\Desktop\EXPLAINABLE_IRIS_PAD\Data\Raw\IIITD_Contact_Lens_Iris_DB\Vista Scanner\19\Normal\Right\4.bmp,0,0,4.9612307e-08
C:\Users\sahar\OneDrive\Desktop\EXPLAINABLE_IRIS_PAD\Data\Raw\IIITD_Contact_Lens_Iris_DB\Vista Scanner\19\Normal\Right\5.bmp,0,0,5.016487e-07
C:\Users\sahar\OneDrive\Desktop\EXPLAINABLE_IRIS_PAD\Data\Raw\IIITD_Contact_Lens_Iris_DB\Vista Scanner\28\Colored\Left\1.bmp,1,1,1.0
C:\Users\sahar\OneDrive\Desktop\EXPLAINABLE_IRIS_PAD\Data\Raw\IIITD_Contact_Lens_Iris_DB\Vista Scanner\28\Colored\Left\2.bmp,1,1,1.0
C:\Users\sahar\OneDrive\Desktop\EXPLAINABLE_IRIS_PAD\Data\Raw\IIITD_Contact_Lens_Iris_DB\Vista Scanner\28\Colored\Left\3.bmp,1,1,1.0
C:\Users\sahar\OneDrive\Desktop\EXPLAINABLE_IRIS_PAD\Data\Raw\IIITD_Contact_Lens_Iris_DB\Vista Scanner\28\Colored\Left\4.bmp,1,1,1.0
C:\Users\sahar\OneDrive\Desktop\EXPLAINABLE_IRIS_PAD\Data\Raw\IIITD_Contact_Lens_Iris_DB\Vista Scanner\28\Colored\Left\5.bmp,1,1,1.0
C:\Users\sahar\OneDrive\Desktop\EXPLAINABLE_IRIS_PAD\Data\Raw\IIITD_Contact_Lens_Iris_DB\Vista Scanner\28\Colored\Right\1.bmp,1,1,0.9999994
C:\Users\sahar\OneDrive\Desktop\EXPLAINABLE_IRIS_PAD\Data\Raw\IIITD_Contact_Lens_Iris_DB\Vista Scanner\28\Colored\Right\2.bmp,1,1,0.9999999
C:\Users\sahar\OneDrive\Desktop\EXPLAINABLE_IRIS_PAD\Data\Raw\IIITD_Contact_Lens_Iris_DB\Vista Scanner\28\Colored\Right\3.bmp,1,1,1.0
C:\Users\sahar\OneDrive\Desktop\EXPLAINABLE_IRIS_PAD\Data\Raw\IIITD_Contact_Lens_Iris_DB\Vista Scanner\28\Colored\Right\4.bmp,1,1,0.9999999
C:\Users\sahar\OneDrive\Desktop\EXPLAINABLE_IRIS_PAD\Data\Raw\IIITD_Contact_Lens_Iris_DB\Vista Scanner\28\Colored\Right\5.bmp,1,1,1.0
C:\Users\sahar\OneDrive\Desktop\EXPLAINABLE_IRIS_PAD\Data\Raw\IIITD_Contact_Lens_Iris_DB\Vista Scanner\28\Normal\Left\1.bmp,0,0,4.297186e-06
C:\Users\sahar\OneDrive\Desktop\EXPLAINABLE_IRIS_PAD\Data\Raw\IIITD_Contact_Lens_Iris_DB\Vista Scanner\28\Normal\Left\2.bmp,0,0,4.6478663e-06
C:\Users\sahar\OneDrive\Desktop\EXPLAINABLE_IRIS_PAD\Data\Raw\IIITD_Contact_Lens_Iris_DB\Vista Scanner\28\Normal\Left\3.bmp,0,0,1.6950786e-06
C:\Users\sahar\OneDrive\Desktop\EXPLAINABLE_IRIS_PAD\Data\Raw\IIITD_Contact_Lens_Iris_DB\Vista Scanner\28\Normal\Left\4.bmp,0,0,2.452627e-06
C:\Users\sahar\OneDrive\Desktop\EXPLAINABLE_IRIS_PAD\Data\Raw\IIITD_Contact_Lens_Iris_DB\Vista Scanner\28\Normal\Left\5.bmp,0,0,2.4770213e-07
C:\Users\sahar\OneDrive\Desktop\EXPLAINABLE_IRIS_PAD\Data\Raw\IIITD_Contact_Lens_Iris_DB\Vista Scanner\28\Normal\Right\1.bmp,0,0,1.7053326e-06
C:\Users\sahar\OneDrive\Desktop\EXPLAINABLE_IRIS_PAD\Data\Raw\IIITD_Contact_Lens_Iris_DB\Vista Scanner\28\Normal\Right\2.bmp,0,0,1.0465315e-06
C:\Users\sahar\OneDrive\Desktop\EXPLAINABLE_IRIS_PAD\Data\Raw\IIITD_Contact_Lens_Iris_DB\Vista Scanner\28\Normal\Right\3.bmp,0,0,1.0604538e-07
C:\Users\sahar\OneDrive\Desktop\EXPLAINABLE_IRIS_PAD\Data\Raw\IIITD_Contact_Lens_Iris_DB\Vista Scanner\28\Normal\Right\4.bmp,0,0,3.144688e-07
C:\Users\sahar\OneDrive\Desktop\EXPLAINABLE_IRIS_PAD\Data\Raw\IIITD_Contact_Lens_Iris_DB\Vista Scanner\28\Normal\Right\5.bmp,0,0,1.4849995e-07
C:\Users\sahar\OneDrive\Desktop\EXPLAINABLE_IRIS_PAD\Data\Raw\IIITD_Contact_Lens_Iris_DB\Vista Scanner\31\Colored\Left\1.bmp,1,1,0.99834013
C:\Users\sahar\OneDrive\Desktop\EXPLAINABLE_IRIS_PAD\Data\Raw\IIITD_Contact_Lens_Iris_DB\Vista Scanner\31\Colored\Left\2.bmp,1,1,0.9997726
C:\Users\sahar\OneDrive\Desktop\EXPLAINABLE_IRIS_PAD\Data\Raw\IIITD_Contact_Lens_Iris_DB\Vista Scanner\31\Colored\Left\3.bmp,1,1,0.9997775
C:\Users\sahar\OneDrive\Desktop\EXPLAINABLE_IRIS_PAD\Data\Raw\IIITD_Contact_Lens_Iris_DB\Vista Scanner\31\Colored\Left\4.bmp,1,1,0.99982184
C:\Users\sahar\OneDrive\Desktop\EXPLAINABLE_IRIS_PAD\Data\Raw\IIITD_Contact_Lens_Iris_DB\Vista Scanner\31\Colored\Left\5.bmp,1,1,0.9998566
C:\Users\sahar\OneDrive\Desktop\EXPLAINABLE_IRIS_PAD\Data\Raw\IIITD_Contact_Lens_Iris_DB\Vista Scanner\31\Colored\Right\1.bmp,1,1,0.9999572
C:\Users\sahar\OneDrive\Desktop\EXPLAINABLE_IRIS_PAD\Data\Raw\IIITD_Contact_Lens_Iris_DB\Vista Scanner\31\Colored\Right\2.bmp,1,1,0.99996805
C:\Users\sahar\OneDrive\Desktop\EXPLAINABLE_IRIS_PAD\Data\Raw\IIITD_Contact_Lens_Iris_DB\Vista Scanner\31\Colored\Right\3.bmp,1,1,0.9998903
C:\Users\sahar\OneDrive\Desktop\EXPLAINABLE_IRIS_PAD\Data\Raw\IIITD_Contact_Lens_Iris_DB\Vista Scanner\31\Colored\Right\4.bmp,1,1,0.99996483
C:\Users\sahar\OneDrive\Desktop\EXPLAINABLE_IRIS_PAD\Data\Raw\IIITD_Contact_Lens_Iris_DB\Vista Scanner\31\Colored\Right\5.bmp,1,1,0.999835
C:\Users\sahar\OneDrive\Desktop\EXPLAINABLE_IRIS_PAD\Data\Raw\IIITD_Contact_Lens_Iris_DB\Vista Scanner\31\Normal\Left\1.bmp,0,0,1.039732e-08
C:\Users\sahar\OneDrive\Desktop\EXPLAINABLE_IRIS_PAD\Data\Raw\IIITD_Contact_Lens_Iris_DB\Vista Scanner\31\Normal\Left\2.bmp,0,0,4.043265e-08
C:\Users\sahar\OneDrive\Desktop\EXPLAINABLE_IRIS_PAD\Data\Raw\IIITD_Contact_Lens_Iris_DB\Vista Scanner\31\Normal\Left\3.bmp,0,0,3.2007423e-09
C:\Users\sahar\OneDrive\Desktop\EXPLAINABLE_IRIS_PAD\Data\Raw\IIITD_Contact_Lens_Iris_DB\Vista Scanner\31\Normal\Left\4.bmp,0,0,6.224818e-08
C:\Users\sahar\OneDrive\Desktop\EXPLAINABLE_IRIS_PAD\Data\Raw\IIITD_Contact_Lens_Iris_DB\Vista Scanner\31\Normal\Left\5.bmp,0,0,9.4585694e-08
C:\Users\sahar\OneDrive\Desktop\EXPLAINABLE_IRIS_PAD\Data\Raw\IIITD_Contact_Lens_Iris_DB\Vista Scanner\31\Normal\Right\1.bmp,0,0,2.6444456e-08
C:\Users\sahar\OneDrive\Desktop\EXPLAINABLE_IRIS_PAD\Data\Raw\IIITD_Contact_Lens_Iris_DB\Vista Scanner\31\Normal\Right\2.bmp,0,0,9.24729e-08
C:\Users\sahar\OneDrive\Desktop\EXPLAINABLE_IRIS_PAD\Data\Raw\IIITD_Contact_Lens_Iris_DB\Vista Scanner\31\Normal\Right\3.bmp,0,0,1.9206605e-05
C:\Users\sahar\OneDrive\Desktop\EXPLAINABLE_IRIS_PAD\Data\Raw\IIITD_Contact_Lens_Iris_DB\Vista Scanner\31\Normal\Right\4.bmp,0,0,3.8155343e-07
C:\Users\sahar\OneDrive\Desktop\EXPLAINABLE_IRIS_PAD\Data\Raw\IIITD_Contact_Lens_Iris_DB\Vista Scanner\31\Normal\Right\5.bmp,0,0,8.72663e-07
C:\Users\sahar\OneDrive\Desktop\EXPLAINABLE_IRIS_PAD\Data\Raw\IIITD_Contact_Lens_Iris_DB\Vista Scanner\36\Colored\Left\1.bmp,1,1,0.9999993
C:\Users\sahar\OneDrive\Desktop\EXPLAINABLE_IRIS_PAD\Data\Raw\IIITD_Contact_Lens_Iris_DB\Vista Scanner\36\Colored\Left\2.bmp,1,1,0.99999917
C:\Users\sahar\OneDrive\Desktop\EXPLAINABLE_IRIS_PAD\Data\Raw\IIITD_Contact_Lens_Iris_DB\Vista Scanner\36\Colored\Left\3.bmp,1,1,1.0
C:\Users\sahar\OneDrive\Desktop\EXPLAINABLE_IRIS_PAD\Data\Raw\IIITD_Contact_Lens_Iris_DB\Vista Scanner\36\Colored\Left\4.bmp,1,1,1.0
C:\Users\sahar\OneDrive\Desktop\EXPLAINABLE_IRIS_PAD\Data\Raw\IIITD_Contact_Lens_Iris_DB\Vista Scanner\36\Colored\Left\5.bmp,1,1,1.0
C:\Users\sahar\OneDrive\Desktop\EXPLAINABLE_IRIS_PAD\Data\Raw\IIITD_Contact_Lens_Iris_DB\Vista Scanner\36\Colored\Right\1.bmp,1,1,1.0
C:\Users\sahar\OneDrive\Desktop\EXPLAINABLE_IRIS_PAD\Data\Raw\IIITD_Contact_Lens_Iris_DB\Vista Scanner\36\Colored\Right\2.bmp,1,1,0.9999999
C:\Users\sahar\OneDrive\Desktop\EXPLAINABLE_IRIS_PAD\Data\Raw\IIITD_Contact_Lens_Iris_DB\Vista Scanner\36\Colored\Right\3.bmp,1,1,0.9999999
C:\Users\sahar\OneDrive\Desktop\EXPLAINABLE_IRIS_PAD\Data\Raw\IIITD_Contact_Lens_Iris_DB\Vista Scanner\36\Colored\Right\4.bmp,1,1,1.0
C:\Users\sahar\OneDrive\Desktop\EXPLAINABLE_IRIS_PAD\Data\Raw\IIITD_Contact_Lens_Iris_DB\Vista Scanner\36\Colored\Right\5.bmp,1,1,1.0
C:\Users\sahar\OneDrive\Desktop\EXPLAINABLE_IRIS_PAD\Data\Raw\IIITD_Contact_Lens_Iris_DB\Vista Scanner\36\Normal\Left\1.bmp,0,0,4.841689e-07
C:\Users\sahar\OneDrive\Desktop\EXPLAINABLE_IRIS_PAD\Data\Raw\IIITD_Contact_Lens_Iris_DB\Vista Scanner\36\Normal\Left\2.bmp,0,0,5.8116775e-06
C:\Users\sahar\OneDrive\Desktop\EXPLAINABLE_IRIS_PAD\Data\Raw\IIITD_Contact_Lens_Iris_DB\Vista Scanner\36\Normal\Left\3.bmp,0,0,4.295832e-07
C:\Users\sahar\OneDrive\Desktop\EXPLAINABLE_IRIS_PAD\Data\Raw\IIITD_Contact_Lens_Iris_DB\Vista Scanner\36\Normal\Left\4.bmp,0,0,1.2879025e-06
C:\Users\sahar\OneDrive\Desktop\EXPLAINABLE_IRIS_PAD\Data\Raw\IIITD_Contact_Lens_Iris_DB\Vista Scanner\36\Normal\Left\5.bmp,0,0,1.9133142e-06
C:\Users\sahar\OneDrive\Desktop\EXPLAINABLE_IRIS_PAD\Data\Raw\IIITD_Contact_Lens_Iris_DB\Vista Scanner\36\Normal\Right\1.bmp,0,0,1.19934175e-05
C:\Users\sahar\OneDrive\Desktop\EXPLAINABLE_IRIS_PAD\Data\Raw\IIITD_Contact_Lens_Iris_DB\Vista Scanner\36\Normal\Right\2.bmp,0,0,1.1839639e-05
C:\Users\sahar\OneDrive\Desktop\EXPLAINABLE_IRIS_PAD\Data\Raw\IIITD_Contact_Lens_Iris_DB\Vista Scanner\36\Normal\Right\3.bmp,0,0,8.4526334e-07
C:\Users\sahar\OneDrive\Desktop\EXPLAINABLE_IRIS_PAD\Data\Raw\IIITD_Contact_Lens_Iris_DB\Vista Scanner\36\Normal\Right\4.bmp,0,0,8.6350855e-07
C:\Users\sahar\OneDrive\Desktop\EXPLAINABLE_IRIS_PAD\Data\Raw\IIITD_Contact_Lens_Iris_DB\Vista Scanner\36\Normal\Right\5.bmp,0,0,1.2865294e-05
C:\Users\sahar\OneDrive\Desktop\EXPLAINABLE_IRIS_PAD\Data\Raw\IIITD_Contact_Lens_Iris_DB\Vista Scanner\38\Colored\Left\1.bmp,1,1,0.99998796
C:\Users\sahar\OneDrive\Desktop\EXPLAINABLE_IRIS_PAD\Data\Raw\IIITD_Contact_Lens_Iris_DB\Vista Scanner\38\Colored\Left\2.bmp,1,1,0.99999845
C:\Users\sahar\OneDrive\Desktop\EXPLAINABLE_IRIS_PAD\Data\Raw\IIITD_Contact_Lens_Iris_DB\Vista Scanner\38\Colored\Left\3.bmp,1,1,0.9999956
C:\Users\sahar\OneDrive\Desktop\EXPLAINABLE_IRIS_PAD\Data\Raw\IIITD_Contact_Lens_Iris_DB\Vista Scanner\38\Colored\Left\4.bmp,1,1,0.9999906
C:\Users\sahar\OneDrive\Desktop\EXPLAINABLE_IRIS_PAD\Data\Raw\IIITD_Contact_Lens_Iris_DB\Vista Scanner\38\Colored\Left\5.bmp,1,1,0.9999902
C:\Users\sahar\OneDrive\Desktop\EXPLAINABLE_IRIS_PAD\Data\Raw\IIITD_Contact_Lens_Iris_DB\Vista Scanner\38\Colored\Right\1.bmp,1,1,0.9999994
C:\Users\sahar\OneDrive\Desktop\EXPLAINABLE_IRIS_PAD\Data\Raw\IIITD_Contact_Lens_Iris_DB\Vista Scanner\38\Colored\Right\2.bmp,1,1,0.9999931
C:\Users\sahar\OneDrive\Desktop\EXPLAINABLE_IRIS_PAD\Data\Raw\IIITD_Contact_Lens_Iris_DB\Vista Scanner\38\Colored\Right\3.bmp,1,1,0.99999404
C:\Users\sahar\OneDrive\Desktop\EXPLAINABLE_IRIS_PAD\Data\Raw\IIITD_Contact_Lens_Iris_DB\Vista Scanner\38\Colored\Right\4.bmp,1,1,0.9999751
C:\Users\sahar\OneDrive\Desktop\EXPLAINABLE_IRIS_PAD\Data\Raw\IIITD_Contact_Lens_Iris_DB\Vista Scanner\38\Colored\Right\5.bmp,1,1,0.9999902
C:\Users\sahar\OneDrive\Desktop\EXPLAINABLE_IRIS_PAD\Data\Raw\IIITD_Contact_Lens_Iris_DB\Vista Scanner\38\Normal\Left\1.bmp,0,0,1.4295122e-07
C:\Users\sahar\OneDrive\Desktop\EXPLAINABLE_IRIS_PAD\Data\Raw\IIITD_Contact_Lens_Iris_DB\Vista Scanner\38\Normal\Left\2.bmp,0,0,4.2936367e-08
C:\Users\sahar\OneDrive\Desktop\EXPLAINABLE_IRIS_PAD\Data\Raw\IIITD_Contact_Lens_Iris_DB\Vista Scanner\38\Normal\Left\3.bmp,0,0,1.1571697e-07
C:\Users\sahar\OneDrive\Desktop\EXPLAINABLE_IRIS_PAD\Data\Raw\IIITD_Contact_Lens_Iris_DB\Vista Scanner\38\Normal\Left\4.bmp,0,0,0.000824166
C:\Users\sahar\OneDrive\Desktop\EXPLAINABLE_IRIS_PAD\Data\Raw\IIITD_Contact_Lens_Iris_DB\Vista Scanner\38\Normal\Left\5.bmp,0,0,0.00012643634
C:\Users\sahar\OneDrive\Desktop\EXPLAINABLE_IRIS_PAD\Data\Raw\IIITD_Contact_Lens_Iris_DB\Vista Scanner\38\Normal\Right\1.bmp,0,0,0.00039425638
C:\Users\sahar\OneDrive\Desktop\EXPLAINABLE_IRIS_PAD\Data\Raw\IIITD_Contact_Lens_Iris_DB\Vista Scanner\38\Normal\Right\2.bmp,0,0,7.899141e-06
C:\Users\sahar\OneDrive\Desktop\EXPLAINABLE_IRIS_PAD\Data\Raw\IIITD_Contact_Lens_Iris_DB\Vista Scanner\38\Normal\Right\3.bmp,0,0,2.8222878e-06
C:\Users\sahar\OneDrive\Desktop\EXPLAINABLE_IRIS_PAD\Data\Raw\IIITD_Contact_Lens_Iris_DB\Vista Scanner\38\Normal\Right\4.bmp,0,0,1.2537191e-05
C:\Users\sahar\OneDrive\Desktop\EXPLAINABLE_IRIS_PAD\Data\Raw\IIITD_Contact_Lens_Iris_DB\Vista Scanner\38\Normal\Right\5.bmp,0,0,7.3346805e-06
C:\Users\sahar\OneDrive\Desktop\EXPLAINABLE_IRIS_PAD\Data\Raw\IIITD_Contact_Lens_Iris_DB\Vista Scanner\43\Colored\Left\1.bmp,1,1,1.0
C:\Users\sahar\OneDrive\Desktop\EXPLAINABLE_IRIS_PAD\Data\Raw\IIITD_Contact_Lens_Iris_DB\Vista Scanner\43\Colored\Left\2.bmp,1,1,1.0
C:\Users\sahar\OneDrive\Desktop\EXPLAINABLE_IRIS_PAD\Data\Raw\IIITD_Contact_Lens_Iris_DB\Vista Scanner\43\Colored\Left\3.bmp,1,1,0.9999999
C:\Users\sahar\OneDrive\Desktop\EXPLAINABLE_IRIS_PAD\Data\Raw\IIITD_Contact_Lens_Iris_DB\Vista Scanner\43\Colored\Left\4.bmp,1,1,0.99999976
C:\Users\sahar\OneDrive\Desktop\EXPLAINABLE_IRIS_PAD\Data\Raw\IIITD_Contact_Lens_Iris_DB\Vista Scanner\43\Colored\Left\5.bmp,1,1,0.9999999
C:\Users\sahar\OneDrive\Desktop\EXPLAINABLE_IRIS_PAD\Data\Raw\IIITD_Contact_Lens_Iris_DB\Vista Scanner\43\Colored\Right\1.bmp,1,1,0.99999917
C:\Users\sahar\OneDrive\Desktop\EXPLAINABLE_IRIS_PAD\Data\Raw\IIITD_Contact_Lens_Iris_DB\Vista Scanner\43\Colored\Right\2.bmp,1,1,0.9999963
C:\Users\sahar\OneDrive\Desktop\EXPLAINABLE_IRIS_PAD\Data\Raw\IIITD_Contact_Lens_Iris_DB\Vista Scanner\43\Colored\Right\3.bmp,1,1,0.99996746
C:\Users\sahar\OneDrive\Desktop\EXPLAINABLE_IRIS_PAD\Data\Raw\IIITD_Contact_Lens_Iris_DB\Vista Scanner\43\Colored\Right\4.bmp,1,1,0.9999751
C:\Users\sahar\OneDrive\Desktop\EXPLAINABLE_IRIS_PAD\Data\Raw\IIITD_Contact_Lens_Iris_DB\Vista Scanner\43\Colored\Right\5.bmp,1,1,0.9999968
C:\Users\sahar\OneDrive\Desktop\EXPLAINABLE_IRIS_PAD\Data\Raw\IIITD_Contact_Lens_Iris_DB\Vista Scanner\43\Normal\Left\1.bmp,0,0,6.8608424e-05
C:\Users\sahar\OneDrive\Desktop\EXPLAINABLE_IRIS_PAD\Data\Raw\IIITD_Contact_Lens_Iris_DB\Vista Scanner\43\Normal\Left\2.bmp,0,0,0.0004488208
C:\Users\sahar\OneDrive\Desktop\EXPLAINABLE_IRIS_PAD\Data\Raw\IIITD_Contact_Lens_Iris_DB\Vista Scanner\43\Normal\Left\3.bmp,0,0,8.2599654e-05
C:\Users\sahar\OneDrive\Desktop\EXPLAINABLE_IRIS_PAD\Data\Raw\IIITD_Contact_Lens_Iris_DB\Vista Scanner\43\Normal\Left\4.bmp,0,0,1.5656728e-05
C:\Users\sahar\OneDrive\Desktop\EXPLAINABLE_IRIS_PAD\Data\Raw\IIITD_Contact_Lens_Iris_DB\Vista Scanner\43\Normal\Left\5.bmp,0,0,4.543304e-05
C:\Users\sahar\OneDrive\Desktop\EXPLAINABLE_IRIS_PAD\Data\Raw\IIITD_Contact_Lens_Iris_DB\Vista Scanner\43\Normal\Right\1.bmp,0,0,0.00010121715
C:\Users\sahar\OneDrive\Desktop\EXPLAINABLE_IRIS_PAD\Data\Raw\IIITD_Contact_Lens_Iris_DB\Vista Scanner\43\Normal\Right\2.bmp,0,0,7.065672e-05
C:\Users\sahar\OneDrive\Desktop\EXPLAINABLE_IRIS_PAD\Data\Raw\IIITD_Contact_Lens_Iris_DB\Vista Scanner\43\Normal\Right\3.bmp,0,0,6.3020793e-06
C:\Users\sahar\OneDrive\Desktop\EXPLAINABLE_IRIS_PAD\Data\Raw\IIITD_Contact_Lens_Iris_DB\Vista Scanner\43\Normal\Right\4.bmp,0,0,1.4577277e-05
C:\Users\sahar\OneDrive\Desktop\EXPLAINABLE_IRIS_PAD\Data\Raw\IIITD_Contact_Lens_Iris_DB\Vista Scanner\43\Normal\Right\5.bmp,0,0,5.457491e-05
C:\Users\sahar\OneDrive\Desktop\EXPLAINABLE_IRIS_PAD\Data\Raw\IIITD_Contact_Lens_Iris_DB\Vista Scanner\46\Colored\Left\1.bmp,1,1,0.99998534
C:\Users\sahar\OneDrive\Desktop\EXPLAINABLE_IRIS_PAD\Data\Raw\IIITD_Contact_Lens_Iris_DB\Vista Scanner\46\Colored\Left\2.bmp,1,1,0.9999981
C:\Users\sahar\OneDrive\Desktop\EXPLAINABLE_IRIS_PAD\Data\Raw\IIITD_Contact_Lens_Iris_DB\Vista Scanner\46\Colored\Left\3.bmp,1,1,0.9999994
C:\Users\sahar\OneDrive\Desktop\EXPLAINABLE_IRIS_PAD\Data\Raw\IIITD_Contact_Lens_Iris_DB\Vista Scanner\46\Colored\Left\4.bmp,1,1,0.99998796
C:\Users\sahar\OneDrive\Desktop\EXPLAINABLE_IRIS_PAD\Data\Raw\IIITD_Contact_Lens_Iris_DB\Vista Scanner\46\Colored\Left\5.bmp,1,1,0.99999404
C:\Users\sahar\OneDrive\Desktop\EXPLAINABLE_IRIS_PAD\Data\Raw\IIITD_Contact_Lens_Iris_DB\Vista Scanner\46\Colored\Right\1.bmp,1,1,0.99999833
C:\Users\sahar\OneDrive\Desktop\EXPLAINABLE_IRIS_PAD\Data\Raw\IIITD_Contact_Lens_Iris_DB\Vista Scanner\46\Colored\Right\2.bmp,1,1,0.999998
C:\Users\sahar\OneDrive\Desktop\EXPLAINABLE_IRIS_PAD\Data\Raw\IIITD_Contact_Lens_Iris_DB\Vista Scanner\46\Colored\Right\3.bmp,1,1,0.9999993
C:\Users\sahar\OneDrive\Desktop\EXPLAINABLE_IRIS_PAD\Data\Raw\IIITD_Contact_Lens_Iris_DB\Vista Scanner\46\Colored\Right\4.bmp,1,1,0.99998975
C:\Users\sahar\OneDrive\Desktop\EXPLAINABLE_IRIS_PAD\Data\Raw\IIITD_Contact_Lens_Iris_DB\Vista Scanner\46\Colored\Right\5.bmp,1,1,0.99995697
C:\Users\sahar\OneDrive\Desktop\EXPLAINABLE_IRIS_PAD\Data\Raw\IIITD_Contact_Lens_Iris_DB\Vista Scanner\46\Normal\Left\1.bmp,0,0,2.6218906e-05
C:\Users\sahar\OneDrive\Desktop\EXPLAINABLE_IRIS_PAD\Data\Raw\IIITD_Contact_Lens_Iris_DB\Vista Scanner\46\Normal\Left\2.bmp,0,0,4.557116e-05
C:\Users\sahar\OneDrive\Desktop\EXPLAINABLE_IRIS_PAD\Data\Raw\IIITD_Contact_Lens_Iris_DB\Vista Scanner\46\Normal\Left\3.bmp,0,0,0.00029162323
C:\Users\sahar\OneDrive\Desktop\EXPLAINABLE_IRIS_PAD\Data\Raw\IIITD_Contact_Lens_Iris_DB\Vista Scanner\46\Normal\Left\4.bmp,0,0,0.00065169414
C:\Users\sahar\OneDrive\Desktop\EXPLAINABLE_IRIS_PAD\Data\Raw\IIITD_Contact_Lens_Iris_DB\Vista Scanner\46\Normal\Left\5.bmp,0,0,0.0009872462
C:\Users\sahar\OneDrive\Desktop\EXPLAINABLE_IRIS_PAD\Data\Raw\IIITD_Contact_Lens_Iris_DB\Vista Scanner\46\Normal\Right\1.bmp,0,0,0.00028546707
C:\Users\sahar\OneDrive\Desktop\EXPLAINABLE_IRIS_PAD\Data\Raw\IIITD_Contact_Lens_Iris_DB\Vista Scanner\46\Normal\Right\2.bmp,0,0,4.274759e-06
C:\Users\sahar\OneDrive\Desktop\EXPLAINABLE_IRIS_PAD\Data\Raw\IIITD_Contact_Lens_Iris_DB\Vista Scanner\46\Normal\Right\3.bmp,0,0,0.00013566158
C:\Users\sahar\OneDrive\Desktop\EXPLAINABLE_IRIS_PAD\Data\Raw\IIITD_Contact_Lens_Iris_DB\Vista Scanner\46\Normal\Right\4.bmp,0,0,0.00010070852
C:\Users\sahar\OneDrive\Desktop\EXPLAINABLE_IRIS_PAD\Data\Raw\IIITD_Contact_Lens_Iris_DB\Vista Scanner\46\Normal\Right\5.bmp,0,0,3.5318073e-05
C:\Users\sahar\OneDrive\Desktop\EXPLAINABLE_IRIS_PAD\Data\Raw\IIITD_Contact_Lens_Iris_DB\Vista Scanner\48\Colored\Left\1.bmp,1,0,0.0019805885
C:\Users\sahar\OneDrive\Desktop\EXPLAINABLE_IRIS_PAD\Data\Raw\IIITD_Contact_Lens_Iris_DB\Vista Scanner\48\Colored\Left\2.bmp,1,0,0.00027259346
C:\Users\sahar\OneDrive\Desktop\EXPLAINABLE_IRIS_PAD\Data\Raw\IIITD_Contact_Lens_Iris_DB\Vista Scanner\48\Colored\Left\3.bmp,1,0,0.00024664355
C:\Users\sahar\OneDrive\Desktop\EXPLAINABLE_IRIS_PAD\Data\Raw\IIITD_Contact_Lens_Iris_DB\Vista Scanner\48\Colored\Left\4.bmp,1,0,0.00047438536
C:\Users\sahar\OneDrive\Desktop\EXPLAINABLE_IRIS_PAD\Data\Raw\IIITD_Contact_Lens_Iris_DB\Vista Scanner\48\Colored\Left\5.bmp,1,0,0.00055922085
C:\Users\sahar\OneDrive\Desktop\EXPLAINABLE_IRIS_PAD\Data\Raw\IIITD_Contact_Lens_Iris_DB\Vista Scanner\48\Colored\Right\1.bmp,1,0,0.35710943
C:\Users\sahar\OneDrive\Desktop\EXPLAINABLE_IRIS_PAD\Data\Raw\IIITD_Contact_Lens_Iris_DB\Vista Scanner\48\Colored\Right\2.bmp,1,0,0.00031883136
C:\Users\sahar\OneDrive\Desktop\EXPLAINABLE_IRIS_PAD\Data\Raw\IIITD_Contact_Lens_Iris_DB\Vista Scanner\48\Colored\Right\3.bmp,1,0,0.0013542881
C:\Users\sahar\OneDrive\Desktop\EXPLAINABLE_IRIS_PAD\Data\Raw\IIITD_Contact_Lens_Iris_DB\Vista Scanner\48\Colored\Right\4.bmp,1,0,0.4331639
C:\Users\sahar\OneDrive\Desktop\EXPLAINABLE_IRIS_PAD\Data\Raw\IIITD_Contact_Lens_Iris_DB\Vista Scanner\48\Colored\Right\5.bmp,1,0,0.0084433835
C:\Users\sahar\OneDrive\Desktop\EXPLAINABLE_IRIS_PAD\Data\Raw\IIITD_Contact_Lens_Iris_DB\Vista Scanner\48\Normal\Left\1.bmp,0,0,1.9839688e-06
C:\Users\sahar\OneDrive\Desktop\EXPLAINABLE_IRIS_PAD\Data\Raw\IIITD_Contact_Lens_Iris_DB\Vista Scanner\48\Normal\Left\2.bmp,0,0,2.4801551e-08
C:\Users\sahar\OneDrive\Desktop\EXPLAINABLE_IRIS_PAD\Data\Raw\IIITD_Contact_Lens_Iris_DB\Vista Scanner\48\Normal\Left\3.bmp,0,0,2.1748163e-07
C:\Users\sahar\OneDrive\Desktop\EXPLAINABLE_IRIS_PAD\Data\Raw\IIITD_Contact_Lens_Iris_DB\Vista Scanner\48\Normal\Left\4.bmp,0,0,4.489662e-07
C:\Users\sahar\OneDrive\Desktop\EXPLAINABLE_IRIS_PAD\Data\Raw\IIITD_Contact_Lens_Iris_DB\Vista Scanner\48\Normal\Left\5.bmp,0,0,1.8774676e-07
C:\Users\sahar\OneDrive\Desktop\EXPLAINABLE_IRIS_PAD\Data\Raw\IIITD_Contact_Lens_Iris_DB\Vista Scanner\48\Normal\Right\1.bmp,0,0,9.344482e-06
C:\Users\sahar\OneDrive\Desktop\EXPLAINABLE_IRIS_PAD\Data\Raw\IIITD_Contact_Lens_Iris_DB\Vista Scanner\48\Normal\Right\2.bmp,0,0,5.808929e-06
C:\Users\sahar\OneDrive\Desktop\EXPLAINABLE_IRIS_PAD\Data\Raw\IIITD_Contact_Lens_Iris_DB\Vista Scanner\48\Normal\Right\3.bmp,0,0,2.4100686e-06
C:\Users\sahar\OneDrive\Desktop\EXPLAINABLE_IRIS_PAD\Data\Raw\IIITD_Contact_Lens_Iris_DB\Vista Scanner\48\Normal\Right\4.bmp,0,0,1.9803922e-05
C:\Users\sahar\OneDrive\Desktop\EXPLAINABLE_IRIS_PAD\Data\Raw\IIITD_Contact_Lens_Iris_DB\Vista Scanner\48\Normal\Right\5.bmp,0,0,4.4701972e-07
C:\Users\sahar\OneDrive\Desktop\EXPLAINABLE_IRIS_PAD\Data\Raw\IIITD_Contact_Lens_Iris_DB\Vista Scanner\49\Colored\Left\1.bmp,1,1,1.0
C:\Users\sahar\OneDrive\Desktop\EXPLAINABLE_IRIS_PAD\Data\Raw\IIITD_Contact_Lens_Iris_DB\Vista Scanner\49\Colored\Left\2.bmp,1,1,0.9999994
C:\Users\sahar\OneDrive\Desktop\EXPLAINABLE_IRIS_PAD\Data\Raw\IIITD_Contact_Lens_Iris_DB\Vista Scanner\49\Colored\Left\3.bmp,1,1,0.9999999
C:\Users\sahar\OneDrive\Desktop\EXPLAINABLE_IRIS_PAD\Data\Raw\IIITD_Contact_Lens_Iris_DB\Vista Scanner\49\Colored\Left\4.bmp,1,1,0.9999999
C:\Users\sahar\OneDrive\Desktop\EXPLAINABLE_IRIS_PAD\Data\Raw\IIITD_Contact_Lens_Iris_DB\Vista Scanner\49\Colored\Left\5.bmp,1,1,0.9999995
C:\Users\sahar\OneDrive\Desktop\EXPLAINABLE_IRIS_PAD\Data\Raw\IIITD_Contact_Lens_Iris_DB\Vista Scanner\49\Colored\Right\1.bmp,1,1,0.9999174
C:\Users\sahar\OneDrive\Desktop\EXPLAINABLE_IRIS_PAD\Data\Raw\IIITD_Contact_Lens_Iris_DB\Vista Scanner\49\Colored\Right\2.bmp,1,1,0.99999857
C:\Users\sahar\OneDrive\Desktop\EXPLAINABLE_IRIS_PAD\Data\Raw\IIITD_Contact_Lens_Iris_DB\Vista Scanner\49\Colored\Right\3.bmp,1,1,0.9996246
C:\Users\sahar\OneDrive\Desktop\EXPLAINABLE_IRIS_PAD\Data\Raw\IIITD_Contact_Lens_Iris_DB\Vista Scanner\49\Colored\Right\4.bmp,1,1,0.9997993
C:\Users\sahar\OneDrive\Desktop\EXPLAINABLE_IRIS_PAD\Data\Raw\IIITD_Contact_Lens_Iris_DB\Vista Scanner\49\Colored\Right\5.bmp,1,1,0.9972211
C:\Users\sahar\OneDrive\Desktop\EXPLAINABLE_IRIS_PAD\Data\Raw\IIITD_Contact_Lens_Iris_DB\Vista Scanner\49\Normal\Left\1.bmp,0,0,1.4942934e-07
C:\Users\sahar\OneDrive\Desktop\EXPLAINABLE_IRIS_PAD\Data\Raw\IIITD_Contact_Lens_Iris_DB\Vista Scanner\49\Normal\Left\2.bmp,0,0,2.4583406e-07
C:\Users\sahar\OneDrive\Desktop\EXPLAINABLE_IRIS_PAD\Data\Raw\IIITD_Contact_Lens_Iris_DB\Vista Scanner\49\Normal\Left\3.bmp,0,0,4.3161155e-09
C:\Users\sahar\OneDrive\Desktop\EXPLAINABLE_IRIS_PAD\Data\Raw\IIITD_Contact_Lens_Iris_DB\Vista Scanner\49\Normal\Left\4.bmp,0,0,6.4988743e-09
C:\Users\sahar\OneDrive\Desktop\EXPLAINABLE_IRIS_PAD\Data\Raw\IIITD_Contact_Lens_Iris_DB\Vista Scanner\49\Normal\Left\5.bmp,0,0,9.453156e-09
C:\Users\sahar\OneDrive\Desktop\EXPLAINABLE_IRIS_PAD\Data\Raw\IIITD_Contact_Lens_Iris_DB\Vista Scanner\49\Normal\Right\1.bmp,0,0,1.3328181e-09
C:\Users\sahar\OneDrive\Desktop\EXPLAINABLE_IRIS_PAD\Data\Raw\IIITD_Contact_Lens_Iris_DB\Vista Scanner\49\Normal\Right\2.bmp,0,0,6.5380284e-08
C:\Users\sahar\OneDrive\Desktop\EXPLAINABLE_IRIS_PAD\Data\Raw\IIITD_Contact_Lens_Iris_DB\Vista Scanner\49\Normal\Right\3.bmp,0,0,2.5415478e-08
C:\Users\sahar\OneDrive\Desktop\EXPLAINABLE_IRIS_PAD\Data\Raw\IIITD_Contact_Lens_Iris_DB\Vista Scanner\49\Normal\Right\4.bmp,0,0,1.1297987e-08
C:\Users\sahar\OneDrive\Desktop\EXPLAINABLE_IRIS_PAD\Data\Raw\IIITD_Contact_Lens_Iris_DB\Vista Scanner\49\Normal\Right\5.bmp,0,0,9.992042e-10
C:\Users\sahar\OneDrive\Desktop\EXPLAINABLE_IRIS_PAD\Data\Raw\IIITD_Contact_Lens_Iris_DB\Vista Scanner\73\Colored\Left\1.bmp,1,1,0.9999999
C:\Users\sahar\OneDrive\Desktop\EXPLAINABLE_IRIS_PAD\Data\Raw\IIITD_Contact_Lens_Iris_DB\Vista Scanner\73\Colored\Left\2.bmp,1,1,0.9999999
C:\Users\sahar\OneDrive\Desktop\EXPLAINABLE_IRIS_PAD\Data\Raw\IIITD_Contact_Lens_Iris_DB\Vista Scanner\73\Colored\Left\3.bmp,1,1,0.9999989
C:\Users\sahar\OneDrive\Desktop\EXPLAINABLE_IRIS_PAD\Data\Raw\IIITD_Contact_Lens_Iris_DB\Vista Scanner\73\Colored\Left\4.bmp,1,1,0.99998975
C:\Users\sahar\OneDrive\Desktop\EXPLAINABLE_IRIS_PAD\Data\Raw\IIITD_Contact_Lens_Iris_DB\Vista Scanner\73\Colored\Left\5.bmp,1,1,0.99999857
C:\Users\sahar\OneDrive\Desktop\EXPLAINABLE_IRIS_PAD\Data\Raw\IIITD_Contact_Lens_Iris_DB\Vista Scanner\73\Colored\Right\1.bmp,1,1,1.0
C:\Users\sahar\OneDrive\Desktop\EXPLAINABLE_IRIS_PAD\Data\Raw\IIITD_Contact_Lens_Iris_DB\Vista Scanner\73\Colored\Right\2.bmp,1,1,0.9999999
C:\Users\sahar\OneDrive\Desktop\EXPLAINABLE_IRIS_PAD\Data\Raw\IIITD_Contact_Lens_Iris_DB\Vista Scanner\73\Colored\Right\3.bmp,1,1,1.0
C:\Users\sahar\OneDrive\Desktop\EXPLAINABLE_IRIS_PAD\Data\Raw\IIITD_Contact_Lens_Iris_DB\Vista Scanner\73\Colored\Right\4.bmp,1,1,0.9999999
C:\Users\sahar\OneDrive\Desktop\EXPLAINABLE_IRIS_PAD\Data\Raw\IIITD_Contact_Lens_Iris_DB\Vista Scanner\73\Colored\Right\5.bmp,1,1,1.0
C:\Users\sahar\OneDrive\Desktop\EXPLAINABLE_IRIS_PAD\Data\Raw\IIITD_Contact_Lens_Iris_DB\Vista Scanner\73\Normal\Left\1.bmp,0,0,2.0734708e-06
C:\Users\sahar\OneDrive\Desktop\EXPLAINABLE_IRIS_PAD\Data\Raw\IIITD_Contact_Lens_Iris_DB\Vista Scanner\73\Normal\Left\2.bmp,0,0,3.2567655e-07
C:\Users\sahar\OneDrive\Desktop\EXPLAINABLE_IRIS_PAD\Data\Raw\IIITD_Contact_Lens_Iris_DB\Vista Scanner\73\Normal\Left\3.bmp,0,0,7.266287e-07
C:\Users\sahar\OneDrive\Desktop\EXPLAINABLE_IRIS_PAD\Data\Raw\IIITD_Contact_Lens_Iris_DB\Vista Scanner\73\Normal\Left\4.bmp,0,0,2.1025005e-06
C:\Users\sahar\OneDrive\Desktop\EXPLAINABLE_IRIS_PAD\Data\Raw\IIITD_Contact_Lens_Iris_DB\Vista Scanner\73\Normal\Left\5.bmp,0,0,1.5303413e-05
C:\Users\sahar\OneDrive\Desktop\EXPLAINABLE_IRIS_PAD\Data\Raw\IIITD_Contact_Lens_Iris_DB\Vista Scanner\73\Normal\Right\1.bmp,0,0,2.1943892e-08
C:\Users\sahar\OneDrive\Desktop\EXPLAINABLE_IRIS_PAD\Data\Raw\IIITD_Contact_Lens_Iris_DB\Vista Scanner\73\Normal\Right\2.bmp,0,0,4.137459e-08
C:\Users\sahar\OneDrive\Desktop\EXPLAINABLE_IRIS_PAD\Data\Raw\IIITD_Contact_Lens_Iris_DB\Vista Scanner\73\Normal\Right\3.bmp,0,0,0.00086596195
C:\Users\sahar\OneDrive\Desktop\EXPLAINABLE_IRIS_PAD\Data\Raw\IIITD_Contact_Lens_Iris_DB\Vista Scanner\73\Normal\Right\4.bmp,0,0,1.140019e-06
C:\Users\sahar\OneDrive\Desktop\EXPLAINABLE_IRIS_PAD\Data\Raw\IIITD_Contact_Lens_Iris_DB\Vista Scanner\73\Normal\Right\5.bmp,0,0,4.881315e-07
C:\Users\sahar\OneDrive\Desktop\EXPLAINABLE_IRIS_PAD\Data\Raw\IIITD_Contact_Lens_Iris_DB\Vista Scanner\77\Colored\Left\1.bmp,1,1,1.0
C:\Users\sahar\OneDrive\Desktop\EXPLAINABLE_IRIS_PAD\Data\Raw\IIITD_Contact_Lens_Iris_DB\Vista Scanner\77\Colored\Left\2.bmp,1,1,0.99999475
C:\Users\sahar\OneDrive\Desktop\EXPLAINABLE_IRIS_PAD\Data\Raw\IIITD_Contact_Lens_Iris_DB\Vista Scanner\77\Colored\Left\3.bmp,1,1,0.9999875
C:\Users\sahar\OneDrive\Desktop\EXPLAINABLE_IRIS_PAD\Data\Raw\IIITD_Contact_Lens_Iris_DB\Vista Scanner\77\Colored\Left\4.bmp,1,1,0.99999917
C:\Users\sahar\OneDrive\Desktop\EXPLAINABLE_IRIS_PAD\Data\Raw\IIITD_Contact_Lens_Iris_DB\Vista Scanner\77\Colored\Left\5.bmp,1,1,0.9999968
C:\Users\sahar\OneDrive\Desktop\EXPLAINABLE_IRIS_PAD\Data\Raw\IIITD_Contact_Lens_Iris_DB\Vista Scanner\77\Colored\Right\1.bmp,1,1,0.9999858
C:\Users\sahar\OneDrive\Desktop\EXPLAINABLE_IRIS_PAD\Data\Raw\IIITD_Contact_Lens_Iris_DB\Vista Scanner\77\Colored\Right\2.bmp,1,1,0.9999974
C:\Users\sahar\OneDrive\Desktop\EXPLAINABLE_IRIS_PAD\Data\Raw\IIITD_Contact_Lens_Iris_DB\Vista Scanner\77\Colored\Right\3.bmp,1,1,0.9999896
C:\Users\sahar\OneDrive\Desktop\EXPLAINABLE_IRIS_PAD\Data\Raw\IIITD_Contact_Lens_Iris_DB\Vista Scanner\77\Colored\Right\4.bmp,1,1,0.99998283
C:\Users\sahar\OneDrive\Desktop\EXPLAINABLE_IRIS_PAD\Data\Raw\IIITD_Contact_Lens_Iris_DB\Vista Scanner\77\Colored\Right\5.bmp,1,1,0.9999958
C:\Users\sahar\OneDrive\Desktop\EXPLAINABLE_IRIS_PAD\Data\Raw\IIITD_Contact_Lens_Iris_DB\Vista Scanner\77\Normal\Left\1.bmp,0,0,1.48689505e-08
C:\Users\sahar\OneDrive\Desktop\EXPLAINABLE_IRIS_PAD\Data\Raw\IIITD_Contact_Lens_Iris_DB\Vista Scanner\77\Normal\Left\2.bmp,0,0,4.3280217e-08
C:\Users\sahar\OneDrive\Desktop\EXPLAINABLE_IRIS_PAD\Data\Raw\IIITD_Contact_Lens_Iris_DB\Vista Scanner\77\Normal\Left\3.bmp,0,0,1.4750432e-07
C:\Users\sahar\OneDrive\Desktop\EXPLAINABLE_IRIS_PAD\Data\Raw\IIITD_Contact_Lens_Iris_DB\Vista Scanner\77\Normal\Left\4.bmp,0,0,2.1692793e-07
C:\Users\sahar\OneDrive\Desktop\EXPLAINABLE_IRIS_PAD\Data\Raw\IIITD_Contact_Lens_Iris_DB\Vista Scanner\77\Normal\Left\5.bmp,0,0,8.106343e-09
C:\Users\sahar\OneDrive\Desktop\EXPLAINABLE_IRIS_PAD\Data\Raw\IIITD_Contact_Lens_Iris_DB\Vista Scanner\77\Normal\Right\1.bmp,0,0,7.703335e-06
C:\Users\sahar\OneDrive\Desktop\EXPLAINABLE_IRIS_PAD\Data\Raw\IIITD_Contact_Lens_Iris_DB\Vista Scanner\77\Normal\Right\2.bmp,0,0,1.2087219e-08
C:\Users\sahar\OneDrive\Desktop\EXPLAINABLE_IRIS_PAD\Data\Raw\IIITD_Contact_Lens_Iris_DB\Vista Scanner\77\Normal\Right\3.bmp,0,0,4.9184454e-08
C:\Users\sahar\OneDrive\Desktop\EXPLAINABLE_IRIS_PAD\Data\Raw\IIITD_Contact_Lens_Iris_DB\Vista Scanner\77\Normal\Right\4.bmp,0,0,8.500873e-08
C:\Users\sahar\OneDrive\Desktop\EXPLAINABLE_IRIS_PAD\Data\Raw\IIITD_Contact_Lens_Iris_DB\Vista Scanner\77\Normal\Right\5.bmp,0,0,3.137219e-05
C:\Users\sahar\OneDrive\Desktop\EXPLAINABLE_IRIS_PAD\Data\Raw\IIITD_Contact_Lens_Iris_DB\Vista Scanner\78\Colored\Left\1.bmp,1,1,1.0
C:\Users\sahar\OneDrive\Desktop\EXPLAINABLE_IRIS_PAD\Data\Raw\IIITD_Contact_Lens_Iris_DB\Vista Scanner\78\Colored\Left\2.bmp,1,1,1.0
C:\Users\sahar\OneDrive\Desktop\EXPLAINABLE_IRIS_PAD\Data\Raw\IIITD_Contact_Lens_Iris_DB\Vista Scanner\78\Colored\Left\3.bmp,1,1,0.9999927
C:\Users\sahar\OneDrive\Desktop\EXPLAINABLE_IRIS_PAD\Data\Raw\IIITD_Contact_Lens_Iris_DB\Vista Scanner\78\Colored\Left\4.bmp,1,1,1.0
C:\Users\sahar\OneDrive\Desktop\EXPLAINABLE_IRIS_PAD\Data\Raw\IIITD_Contact_Lens_Iris_DB\Vista Scanner\78\Colored\Left\5.bmp,1,1,0.9999999
C:\Users\sahar\OneDrive\Desktop\EXPLAINABLE_IRIS_PAD\Data\Raw\IIITD_Contact_Lens_Iris_DB\Vista Scanner\78\Colored\Right\1.bmp,1,1,1.0
C:\Users\sahar\OneDrive\Desktop\EXPLAINABLE_IRIS_PAD\Data\Raw\IIITD_Contact_Lens_Iris_DB\Vista Scanner\78\Colored\Right\2.bmp,1,1,0.99999964
C:\Users\sahar\OneDrive\Desktop\EXPLAINABLE_IRIS_PAD\Data\Raw\IIITD_Contact_Lens_Iris_DB\Vista Scanner\78\Colored\Right\3.bmp,1,1,0.9999995
C:\Users\sahar\OneDrive\Desktop\EXPLAINABLE_IRIS_PAD\Data\Raw\IIITD_Contact_Lens_Iris_DB\Vista Scanner\78\Colored\Right\4.bmp,1,1,0.9999981
C:\Users\sahar\OneDrive\Desktop\EXPLAINABLE_IRIS_PAD\Data\Raw\IIITD_Contact_Lens_Iris_DB\Vista Scanner\78\Colored\Right\5.bmp,1,1,0.9999989
C:\Users\sahar\OneDrive\Desktop\EXPLAINABLE_IRIS_PAD\Data\Raw\IIITD_Contact_Lens_Iris_DB\Vista Scanner\78\Normal\Left\1.bmp,0,0,3.9718354e-05
C:\Users\sahar\OneDrive\Desktop\EXPLAINABLE_IRIS_PAD\Data\Raw\IIITD_Contact_Lens_Iris_DB\Vista Scanner\78\Normal\Left\2.bmp,0,0,1.2248443e-06
C:\Users\sahar\OneDrive\Desktop\EXPLAINABLE_IRIS_PAD\Data\Raw\IIITD_Contact_Lens_Iris_DB\Vista Scanner\78\Normal\Left\3.bmp,0,0,3.3757307e-05
C:\Users\sahar\OneDrive\Desktop\EXPLAINABLE_IRIS_PAD\Data\Raw\IIITD_Contact_Lens_Iris_DB\Vista Scanner\78\Normal\Left\4.bmp,0,0,1.6577174e-05
C:\Users\sahar\OneDrive\Desktop\EXPLAINABLE_IRIS_PAD\Data\Raw\IIITD_Contact_Lens_Iris_DB\Vista Scanner\78\Normal\Left\5.bmp,0,0,3.5408445e-06
C:\Users\sahar\OneDrive\Desktop\EXPLAINABLE_IRIS_PAD\Data\Raw\IIITD_Contact_Lens_Iris_DB\Vista Scanner\78\Normal\Right\1.bmp,0,0,2.2419945e-06
C:\Users\sahar\OneDrive\Desktop\EXPLAINABLE_IRIS_PAD\Data\Raw\IIITD_Contact_Lens_Iris_DB\Vista Scanner\78\Normal\Right\2.bmp,0,0,1.9690628e-05
C:\Users\sahar\OneDrive\Desktop\EXPLAINABLE_IRIS_PAD\Data\Raw\IIITD_Contact_Lens_Iris_DB\Vista Scanner\78\Normal\Right\3.bmp,0,0,7.47766e-05
C:\Users\sahar\OneDrive\Desktop\EXPLAINABLE_IRIS_PAD\Data\Raw\IIITD_Contact_Lens_Iris_DB\Vista Scanner\78\Normal\Right\4.bmp,0,0,1.1494565e-05
C:\Users\sahar\OneDrive\Desktop\EXPLAINABLE_IRIS_PAD\Data\Raw\IIITD_Contact_Lens_Iris_DB\Vista Scanner\78\Normal\Right\5.bmp,0,0,1.3760784e-05
C:\Users\sahar\OneDrive\Desktop\EXPLAINABLE_IRIS_PAD\Data\Raw\IIITD_Contact_Lens_Iris_DB\Vista Scanner\89\Colored\Left\1.bmp,1,1,0.9999999
C:\Users\sahar\OneDrive\Desktop\EXPLAINABLE_IRIS_PAD\Data\Raw\IIITD_Contact_Lens_Iris_DB\Vista Scanner\89\Colored\Left\2.bmp,1,1,0.9999994
C:\Users\sahar\OneDrive\Desktop\EXPLAINABLE_IRIS_PAD\Data\Raw\IIITD_Contact_Lens_Iris_DB\Vista Scanner\89\Colored\Left\3.bmp,1,1,1.0
C:\Users\sahar\OneDrive\Desktop\EXPLAINABLE_IRIS_PAD\Data\Raw\IIITD_Contact_Lens_Iris_DB\Vista Scanner\89\Colored\Left\4.bmp,1,1,0.9999994
C:\Users\sahar\OneDrive\Desktop\EXPLAINABLE_IRIS_PAD\Data\Raw\IIITD_Contact_Lens_Iris_DB\Vista Scanner\89\Colored\Left\5.bmp,1,1,0.99999976
C:\Users\sahar\OneDrive\Desktop\EXPLAINABLE_IRIS_PAD\Data\Raw\IIITD_Contact_Lens_Iris_DB\Vista Scanner\89\Colored\Right\1.bmp,1,1,0.9999995
C:\Users\sahar\OneDrive\Desktop\EXPLAINABLE_IRIS_PAD\Data\Raw\IIITD_Contact_Lens_Iris_DB\Vista Scanner\89\Colored\Right\2.bmp,1,1,0.9999995
C:\Users\sahar\OneDrive\Desktop\EXPLAINABLE_IRIS_PAD\Data\Raw\IIITD_Contact_Lens_Iris_DB\Vista Scanner\89\Colored\Right\3.bmp,1,1,1.0
C:\Users\sahar\OneDrive\Desktop\EXPLAINABLE_IRIS_PAD\Data\Raw\IIITD_Contact_Lens_Iris_DB\Vista Scanner\89\Colored\Right\4.bmp,1,1,0.9999995
C:\Users\sahar\OneDrive\Desktop\EXPLAINABLE_IRIS_PAD\Data\Raw\IIITD_Contact_Lens_Iris_DB\Vista Scanner\89\Colored\Right\5.bmp,1,1,0.99999917
C:\Users\sahar\OneDrive\Desktop\EXPLAINABLE_IRIS_PAD\Data\Raw\IIITD_Contact_Lens_Iris_DB\Vista Scanner\89\Normal\Left\1.bmp,0,0,4.8104107e-07
C:\Users\sahar\OneDrive\Desktop\EXPLAINABLE_IRIS_PAD\Data\Raw\IIITD_Contact_Lens_Iris_DB\Vista Scanner\89\Normal\Left\2.bmp,0,0,2.6456974e-06
C:\Users\sahar\OneDrive\Desktop\EXPLAINABLE_IRIS_PAD\Data\Raw\IIITD_Contact_Lens_Iris_DB\Vista Scanner\89\Normal\Left\3.bmp,0,0,2.5020456e-06
C:\Users\sahar\OneDrive\Desktop\EXPLAINABLE_IRIS_PAD\Data\Raw\IIITD_Contact_Lens_Iris_DB\Vista Scanner\89\Normal\Left\4.bmp,0,0,1.5804031e-07
C:\Users\sahar\OneDrive\Desktop\EXPLAINABLE_IRIS_PAD\Data\Raw\IIITD_Contact_Lens_Iris_DB\Vista Scanner\89\Normal\Left\5.bmp,0,0,8.346743e-07
C:\Users\sahar\OneDrive\Desktop\EXPLAINABLE_IRIS_PAD\Data\Raw\IIITD_Contact_Lens_Iris_DB\Vista Scanner\89\Normal\Right\1.bmp,0,0,4.878988e-08
C:\Users\sahar\OneDrive\Desktop\EXPLAINABLE_IRIS_PAD\Data\Raw\IIITD_Contact_Lens_Iris_DB\Vista Scanner\89\Normal\Right\2.bmp,0,0,1.7286811e-07
C:\Users\sahar\OneDrive\Desktop\EXPLAINABLE_IRIS_PAD\Data\Raw\IIITD_Contact_Lens_Iris_DB\Vista Scanner\89\Normal\Right\3.bmp,0,0,6.245797e-08
C:\Users\sahar\OneDrive\Desktop\EXPLAINABLE_IRIS_PAD\Data\Raw\IIITD_Contact_Lens_Iris_DB\Vista Scanner\89\Normal\Right\4.bmp,0,0,2.0637812e-07
C:\Users\sahar\OneDrive\Desktop\EXPLAINABLE_IRIS_PAD\Data\Raw\IIITD_Contact_Lens_Iris_DB\Vista Scanner\89\Normal\Right\5.bmp,0,0,1.0821678e-07
C:\Users\sahar\OneDrive\Desktop\EXPLAINABLE_IRIS_PAD\Data\Raw\IIITD_Contact_Lens_Iris_DB\Vista Scanner\95\Colored\Left\1.bmp,1,1,0.99999905
C:\Users\sahar\OneDrive\Desktop\EXPLAINABLE_IRIS_PAD\Data\Raw\IIITD_Contact_Lens_Iris_DB\Vista Scanner\95\Colored\Left\2.bmp,1,1,0.9999999
C:\Users\sahar\OneDrive\Desktop\EXPLAINABLE_IRIS_PAD\Data\Raw\IIITD_Contact_Lens_Iris_DB\Vista Scanner\95\Colored\Left\3.bmp,1,1,0.99999785
C:\Users\sahar\OneDrive\Desktop\EXPLAINABLE_IRIS_PAD\Data\Raw\IIITD_Contact_Lens_Iris_DB\Vista Scanner\95\Colored\Left\4.bmp,1,1,0.99999976
C:\Users\sahar\OneDrive\Desktop\EXPLAINABLE_IRIS_PAD\Data\Raw\IIITD_Contact_Lens_Iris_DB\Vista Scanner\95\Colored\Left\5.bmp,1,1,0.9999995
C:\Users\sahar\OneDrive\Desktop\EXPLAINABLE_IRIS_PAD\Data\Raw\IIITD_Contact_Lens_Iris_DB\Vista Scanner\95\Colored\Right\1.bmp,1,1,0.99999905
C:\Users\sahar\OneDrive\Desktop\EXPLAINABLE_IRIS_PAD\Data\Raw\IIITD_Contact_Lens_Iris_DB\Vista Scanner\95\Colored\Right\2.bmp,1,1,0.9999993
C:\Users\sahar\OneDrive\Desktop\EXPLAINABLE_IRIS_PAD\Data\Raw\IIITD_Contact_Lens_Iris_DB\Vista Scanner\95\Colored\Right\3.bmp,1,1,0.99999857
C:\Users\sahar\OneDrive\Desktop\EXPLAINABLE_IRIS_PAD\Data\Raw\IIITD_Contact_Lens_Iris_DB\Vista Scanner\95\Colored\Right\4.bmp,1,1,0.9999989
C:\Users\sahar\OneDrive\Desktop\EXPLAINABLE_IRIS_PAD\Data\Raw\IIITD_Contact_Lens_Iris_DB\Vista Scanner\95\Colored\Right\5.bmp,1,1,0.9999964
C:\Users\sahar\OneDrive\Desktop\EXPLAINABLE_IRIS_PAD\Data\Raw\IIITD_Contact_Lens_Iris_DB\Vista Scanner\95\Normal\Left\1.bmp,0,0,1.701786e-06
C:\Users\sahar\OneDrive\Desktop\EXPLAINABLE_IRIS_PAD\Data\Raw\IIITD_Contact_Lens_Iris_DB\Vista Scanner\95\Normal\Left\2.bmp,0,0,5.3579242e-06
C:\Users\sahar\OneDrive\Desktop\EXPLAINABLE_IRIS_PAD\Data\Raw\IIITD_Contact_Lens_Iris_DB\Vista Scanner\95\Normal\Left\3.bmp,0,0,2.6518812e-06
C:\Users\sahar\OneDrive\Desktop\EXPLAINABLE_IRIS_PAD\Data\Raw\IIITD_Contact_Lens_Iris_DB\Vista Scanner\95\Normal\Left\4.bmp,0,0,7.853284e-08
C:\Users\sahar\OneDrive\Desktop\EXPLAINABLE_IRIS_PAD\Data\Raw\IIITD_Contact_Lens_Iris_DB\Vista Scanner\95\Normal\Left\5.bmp,0,0,1.3391337e-07
C:\Users\sahar\OneDrive\Desktop\EXPLAINABLE_IRIS_PAD\Data\Raw\IIITD_Contact_Lens_Iris_DB\Vista Scanner\95\Normal\Right\1.bmp,0,0,6.059201e-06
C:\Users\sahar\OneDrive\Desktop\EXPLAINABLE_IRIS_PAD\Data\Raw\IIITD_Contact_Lens_Iris_DB\Vista Scanner\95\Normal\Right\2.bmp,0,0,1.2882004e-05
C:\Users\sahar\OneDrive\Desktop\EXPLAINABLE_IRIS_PAD\Data\Raw\IIITD_Contact_Lens_Iris_DB\Vista Scanner\95\Normal\Right\3.bmp,0,0,1.6788998e-05
C:\Users\sahar\OneDrive\Desktop\EXPLAINABLE_IRIS_PAD\Data\Raw\IIITD_Contact_Lens_Iris_DB\Vista Scanner\95\Normal\Right\4.bmp,0,0,2.0920259e-06
C:\Users\sahar\OneDrive\Desktop\EXPLAINABLE_IRIS_PAD\Data\Raw\IIITD_Contact_Lens_Iris_DB\Vista Scanner\95\Normal\Right\5.bmp,0,0,1.9847124e-05
